{
    "seed": 1000005,
    "theta": [
        0.6175341606140137,
        0.5894424319267273,
        0.6580021381378174,
        0.17410680651664734
    ],
    "x": [
        0.9018896818161011,
        0.8805646300315857,
        0.9456029534339905,
        0.8259313106536865,
        0.7866408228874207,
        0.9081571102142334,
        0.9409800171852112,
        0.794342577457428,
        0.7491330504417419,
        0.6921111941337585,
        0.750457763671875,
        0.7696406245231628,
        0.7086573243141174,
        0.5072792172431946,
        0.6739509701728821,
        0.5159393548965454,
        0.5184243321418762,
        0.3709041476249695,
        0.5975245237350464,
        0.45939457416534424,
        0.6344980597496033,
        0.34750989079475403,
        0.46477559208869934,
        0.572076678276062,
        0.49878132343292236,
        0.14551950991153717,
        0.36538392305374146,
        0.44743525981903076,
        0.4590328335762024,
        0.2975795865058899,
        0.331717312335968,
        0.13894449174404144,
        0.3788243532180786,
        0.4505443572998047,
        0.4617697298526764,
        0.4893325865268707,
        0.42417845129966736,
        0.4792017638683319,
        0.5081697106361389,
        0.5126513242721558,
        0.4167138338088989,
        0.3900216519832611,
        0.4069366455078125,
        0.38273733854293823,
        0.293609619140625,
        0.3661356568336487,
        0.2682768404483795,
        0.33057481050491333,
        0.31651103496551514,
        0.35357779264450073,
        0.40256640315055847,
        0.23374201357364655,
        0.30686771869659424,
        0.4111007750034332,
        0.4096277952194214,
        0.2869463562965393,
        0.39103469252586365,
        0.32145246863365173,
        0.4002620577812195,
        0.3815118074417114,
        0.32158762216567993,
        0.3956775665283203,
        0.41451695561408997,
        0.4062083065509796,
        0.1667841523885727,
        0.4812557101249695,
        0.4548942446708679,
        0.3568473756313324,
        0.402978777885437,
        0.25669124722480774,
        0.31034672260284424,
        0.36842918395996094,
        0.258004367351532,
        0.31944045424461365,
        -0.03305511549115181,
        0.3631267547607422,
        0.37125128507614136,
        0.4375545382499695,
        0.26317545771598816,
        0.4691218137741089,
        0.524037778377533,
        0.01787872239947319,
        0.10241648554801941,
        0.4167739748954773,
        0.45775043964385986,
        0.26204222440719604,
        0.38822633028030396,
        0.3571954071521759,
        0.39952951669692993,
        0.44723713397979736,
        0.4152013063430786,
        0.2102259248495102,
        0.4504939913749695,
        0.48216578364372253,
        0.36474964022636414,
        0.4147453308105469,
        0.49928945302963257,
        0.5647927522659302,
        0.5539761781692505,
        0.6212490200996399,
        0.7277743220329285
    ]
}