{
    "seed": 1000001,
    "theta": [
        0.5608660578727722,
        0.5278273224830627,
        0.5714625716209412,
        0.2197415679693222
    ],
    "x": [
        0.735657274723053,
        0.9459049105644226,
        0.9476433992385864,
        0.7805894017219543,
        0.8055554628372192,
        0.833789587020874,
        0.8627999424934387,
        0.452895849943161,
        0.8184261322021484,
        0.6566608548164368,
        0.7908584475517273,
        0.6529980897903442,
        0.5948370695114136,
        0.6385459899902344,
        0.7202768921852112,
        0.5113245844841003,
        0.604833722114563,
        0.6449956297874451,
        0.4475823640823364,
        0.49795353412628174,
        0.4287620484828949,
        0.4901184141635895,
        0.36165696382522583,
        0.4413478970527649,
        0.35609716176986694,
        0.5603534579277039,
        0.5526409149169922,
        0.4758705198764801,
        0.4841042757034302,
        0.4866890013217926,
        0.4567335844039917,
        0.48200875520706177,
        0.3180561065673828,
        0.41745197772979736,
        0.424713134765625,
        0.38850274682044983,
        0.46901461482048035,
        0.054961394518613815,
        0.4257960021495819,
        0.4996560513973236,
        0.4513086974620819,
        0.4064612090587616,
        0.40299147367477417,
        0.21345697343349457,
        0.3995979428291321,
        0.4172215759754181,
        0.49080759286880493,
        0.3450525999069214,
        0.34684500098228455,
        0.45530498027801514,
        0.3002902865409851,
        0.4735388457775116,
        0.31839674711227417,
        0.36317622661590576,
        0.46401292085647583,
        0.5134571194648743,
        0.4257521331310272,
        0.2877298891544342,
        0.3055129945278168,
        0.47921815514564514,
        0.3396884799003601,
        0.49304693937301636,
        0.3966139554977417,
        0.4996453523635864,
        0.5127942562103271,
        0.21314989030361176,
        0.40385690331459045,
        0.42313703894615173,
        0.2550097107887268,
        0.3786018490791321,
        0.39975547790527344,
        0.5288635492324829,
        0.40488025546073914,
        0.45177486538887024,
        0.5215193629264832,
        0.3389846682548523,
        0.42546743154525757,
        0.42450740933418274,
        0.45705872774124146,
        0.447064071893692,
        0.5021165013313293,
        0.4188931882381439,
        0.41610997915267944,
        0.42232832312583923,
        0.4397902190685272,
        0.35907667875289917,
        0.4402061402797699,
        0.3798496127128601,
        0.3405628204345703,
        0.5020517706871033,
        0.5178643465042114,
        0.5230361819267273,
        0.45725008845329285,
        0.5140968561172485,
        0.48837509751319885,
        0.48850810527801514,
        0.5197250247001648,
        0.5782005190849304,
        0.6429500579833984,
        0.646557629108429,
        0.65008544921875
    ]
}