{
    "seed": 1000010,
    "theta": [
        0.6513988375663757,
        0.5001063942909241,
        0.5334179401397705,
        0.15656337141990662
    ],
    "x": [
        0.9350354671478271,
        0.8161212801933289,
        0.9094754457473755,
        0.9454573392868042,
        0.6520435214042664,
        0.8731263279914856,
        0.8105801939964294,
        0.7857711911201477,
        0.7634938359260559,
        0.8531619906425476,
        0.6638800501823425,
        0.6943405270576477,
        0.47975438833236694,
        0.5353794097900391,
        0.7002689242362976,
        0.4533112943172455,
        0.5809281468391418,
        0.49001821875572205,
        0.5199475884437561,
        0.4088640809059143,
        0.2552233338356018,
        0.42523637413978577,
        0.43424466252326965,
        0.3822872042655945,
        0.4916585385799408,
        0.26321855187416077,
        0.0989176407456398,
        0.39519551396369934,
        0.4773750305175781,
        0.36190173029899597,
        0.5269328951835632,
        0.4858688414096832,
        0.43313711881637573,
        0.3592357635498047,
        0.3678082823753357,
        0.47392576932907104,
        0.20256423950195312,
        0.3998678922653198,
        0.5566018223762512,
        0.43098944425582886,
        0.37260183691978455,
        0.33624088764190674,
        0.4670972228050232,
        0.39613455533981323,
        0.399572491645813,
        0.342401385307312,
        0.38297906517982483,
        0.41680654883384705,
        0.23958270251750946,
        0.28778916597366333,
        0.4223167300224304,
        0.2907775938510895,
        0.3862711489200592,
        0.3606492280960083,
        0.44530588388442993,
        0.3205376863479614,
        0.2790157198905945,
        0.3475438356399536,
        0.3895392119884491,
        0.38630497455596924,
        0.39515063166618347,
        0.4752872586250305,
        0.2907730042934418,
        0.35980796813964844,
        0.37277400493621826,
        0.36750030517578125,
        0.41778564453125,
        0.19765573740005493,
        0.2122645080089569,
        0.3949178159236908,
        0.5301372408866882,
        0.32800063490867615,
        0.30870845913887024,
        0.3028724789619446,
        0.46864330768585205,
        0.4969523251056671,
        0.521891176700592,
        0.4349643588066101,
        0.39541372656822205,
        0.3105139434337616,
        0.4619515836238861,
        0.39332759380340576,
        0.3520820736885071,
        0.36188915371894836,
        0.28084665536880493,
        0.37862318754196167,
        0.4317086637020111,
        0.4320841431617737,
        0.45794740319252014,
        0.43890267610549927,
        0.37724635004997253,
        0.3339332640171051,
        0.5055735111236572,
        0.4228726625442505,
        0.5110697150230408,
        0.48017528653144836,
        0.5452612638473511,
        0.4927692413330078,
        0.5771372318267822,
        0.6181079745292664,
        0.6814366579055786
    ]
}