{
    "seed": 1000012,
    "theta": [
        0.5995371341705322,
        0.611207127571106,
        0.4930826425552368,
        0.22417154908180237
    ],
    "x": [
        0.650628387928009,
        0.911022424697876,
        0.998614490032196,
        0.8827056884765625,
        0.9018370509147644,
        0.9211550354957581,
        0.798570990562439,
        0.8282202482223511,
        0.8805070519447327,
        0.7017412781715393,
        0.5855489373207092,
        0.6582736968994141,
        0.6646184325218201,
        0.5463816523551941,
        0.6500043272972107,
        0.5460708737373352,
        0.6335613131523132,
        0.6920790076255798,
        0.5228703618049622,
        0.504410445690155,
        0.5827407836914062,
        0.468432754278183,
        0.4741925597190857,
        0.45592257380485535,
        0.37779948115348816,
        0.37984898686408997,
        0.5656089782714844,
        0.5255045294761658,
        0.43095335364341736,
        0.24554011225700378,
        0.27448031306266785,
        0.3858706057071686,
        0.29094046354293823,
        0.27374446392059326,
        0.2260231077671051,
        0.48079171776771545,
        0.39507344365119934,
        0.3800160586833954,
        0.4275408387184143,
        0.44243723154067993,
        0.36476579308509827,
        0.3773016631603241,
        0.31441038846969604,
        0.45409634709358215,
        0.39713096618652344,
        0.20683695375919342,
        0.4321189820766449,
        0.18823903799057007,
        0.336639404296875,
        0.29397785663604736,
        0.2876168489456177,
        0.43588486313819885,
        0.38913026452064514,
        0.32094472646713257,
        0.4569442868232727,
        0.2601357698440552,
        0.4385751187801361,
        0.2940090298652649,
        0.2738639712333679,
        0.45076051354408264,
        0.38059869408607483,
        0.26539257168769836,
        0.4815617799758911,
        0.4617582857608795,
        0.390118271112442,
        0.21783943474292755,
        0.3697775602340698,
        0.20417799055576324,
        0.2988278567790985,
        0.3959845304489136,
        0.27720361948013306,
        0.3907618224620819,
        0.36050769686698914,
        0.2169138640165329,
        0.3398396670818329,
        0.3933980166912079,
        0.44856974482536316,
        0.5033379793167114,
        0.32865676283836365,
        0.4121510684490204,
        0.36006495356559753,
        0.3044217526912689,
        0.1480860412120819,
        0.4511338472366333,
        0.49581068754196167,
        0.5278887152671814,
        0.2531084716320038,
        0.3495686948299408,
        0.2932126224040985,
        0.226521298289299,
        0.3729103207588196,
        0.34111735224723816,
        0.485739141702652,
        0.4671323001384735,
        0.4712325930595398,
        0.32744571566581726,
        0.33917173743247986,
        0.44722506403923035,
        0.4676375091075897,
        0.533166766166687,
        0.5358215570449829
    ]
}