{
    "seed": 1000002,
    "theta": [
        0.5814268589019775,
        0.47155922651290894,
        0.5929975509643555,
        0.24419961869716644
    ],
    "x": [
        0.9505603909492493,
        0.816796600818634,
        1.0444260835647583,
        0.8316313624382019,
        0.8604552149772644,
        0.7139686346054077,
        0.5334402918815613,
        0.7473880648612976,
        0.7907957434654236,
        0.5905069708824158,
        0.7764899134635925,
        0.5388826727867126,
        0.630071759223938,
        0.6718247532844543,
        0.6067155003547668,
        0.6039949059486389,
        0.5928000211715698,
        0.6342151761054993,
        0.5307009220123291,
        0.5948792695999146,
        0.568893313407898,
        0.5107266902923584,
        0.4745553433895111,
        0.4451049864292145,
        0.3230232298374176,
        0.45749256014823914,
        0.4065934419631958,
        0.5393449068069458,
        0.27385443449020386,
        0.3415971100330353,
        0.4456852078437805,
        0.5445729494094849,
        0.44916611909866333,
        0.5099471807479858,
        0.25120264291763306,
        0.15784505009651184,
        0.44964599609375,
        0.4496256411075592,
        0.4445083737373352,
        0.35625380277633667,
        0.3126472532749176,
        0.4878869354724884,
        0.40547242760658264,
        0.47684746980667114,
        0.41838303208351135,
        0.47668901085853577,
        0.3146539032459259,
        0.42491352558135986,
        0.5027473568916321,
        0.4504763185977936,
        0.5287715792655945,
        0.4124000668525696,
        0.20624606311321259,
        0.36668407917022705,
        0.3841838836669922,
        0.560437798500061,
        0.4465610384941101,
        0.2524338960647583,
        0.5204703211784363,
        0.5589903593063354,
        0.4608100950717926,
        0.3090810179710388,
        0.40725961327552795,
        0.47000008821487427,
        0.3763374388217926,
        0.4121972322463989,
        0.3919348418712616,
        0.45423266291618347,
        0.4340932071208954,
        0.5193130373954773,
        0.40353748202323914,
        0.4856269955635071,
        0.3409488797187805,
        0.3399771451950073,
        0.4071807861328125,
        0.452352911233902,
        0.4817306399345398,
        0.44409865140914917,
        0.43463388085365295,
        0.4902549684047699,
        0.48775050044059753,
        0.4751623868942261,
        0.524001955986023,
        0.5121988654136658,
        0.47430992126464844,
        0.5190927982330322,
        0.4863363802433014,
        0.44205284118652344,
        0.5561619997024536,
        0.5778414607048035,
        0.5071895718574524,
        0.5587877631187439,
        0.5876151919364929,
        0.4985198974609375,
        0.614776611328125,
        0.643652081489563,
        0.6386156678199768,
        0.6922181248664856,
        0.6779978275299072,
        0.7295487523078918,
        0.7923685908317566
    ]
}