{
    "seed": 1000008,
    "theta": [
        0.6127912402153015,
        0.568244993686676,
        0.5736615657806396,
        0.237431600689888
    ],
    "x": [
        0.9554564356803894,
        0.9964866638183594,
        0.9051246643066406,
        0.7122482061386108,
        0.6901413202285767,
        0.886789858341217,
        0.8478366732597351,
        0.7489901185035706,
        0.5044689178466797,
        0.7523453831672668,
        0.7726797461509705,
        0.7769227623939514,
        0.7132112979888916,
        0.6875684261322021,
        0.6239995360374451,
        0.6211476922035217,
        0.5527600646018982,
        0.47607308626174927,
        0.4610603451728821,
        0.4659437835216522,
        0.5864593386650085,
        0.41287359595298767,
        0.546502411365509,
        0.32870495319366455,
        0.5004449486732483,
        0.440682977437973,
        0.2644307315349579,
        0.43648287653923035,
        0.48999467492103577,
        0.35469067096710205,
        0.3671669065952301,
        0.3493691682815552,
        0.3975110352039337,
        0.505177915096283,
        0.3793206512928009,
        0.19137369096279144,
        0.523242175579071,
        0.42648887634277344,
        0.5610603094100952,
        0.3920477628707886,
        0.38433074951171875,
        0.34361445903778076,
        0.41243425011634827,
        0.40361136198043823,
        0.5202481746673584,
        0.4283589720726013,
        0.4095991849899292,
        0.3045710325241089,
        0.3916768431663513,
        0.2776094973087311,
        0.30728161334991455,
        0.2506922483444214,
        0.3393597900867462,
        0.5191116333007812,
        0.38377317786216736,
        0.4706220030784607,
        0.46465033292770386,
        0.4675865173339844,
        0.4164387881755829,
        0.41771215200424194,
        0.24998079240322113,
        0.48666611313819885,
        0.34260547161102295,
        0.3761886656284332,
        0.4647294282913208,
        0.3526011109352112,
        0.41999828815460205,
        0.2801883816719055,
        0.38214099407196045,
        0.4213905334472656,
        0.36182481050491333,
        0.41362330317497253,
        0.30776989459991455,
        0.3987230956554413,
        0.4921075105667114,
        0.5063748955726624,
        0.48174920678138733,
        0.4843519926071167,
        0.2691918611526489,
        0.49919000267982483,
        0.4248718321323395,
        0.485647588968277,
        0.48552843928337097,
        0.20962320268154144,
        0.4137893617153168,
        0.4293721616268158,
        0.30280545353889465,
        0.4369126558303833,
        0.38130009174346924,
        0.5103159546852112,
        0.4913088381290436,
        0.5034365057945251,
        0.5323893427848816,
        0.5609981417655945,
        0.5701926946640015,
        0.5796012878417969,
        0.5416063666343689,
        0.6428133845329285,
        0.6797975897789001,
        0.7052657008171082,
        0.7713227868080139
    ]
}