{
    "seed": 1000004,
    "theta": [
        0.6792486310005188,
        0.6501806378364563,
        0.632697343826294,
        0.24462872743606567
    ],
    "x": [
        0.7164185643196106,
        1.0090161561965942,
        0.962934136390686,
        0.9256209135055542,
        0.9829117059707642,
        0.8537406921386719,
        0.7292503118515015,
        0.7085890173912048,
        0.48494136333465576,
        0.7273535132408142,
        0.8010503053665161,
        0.8430843353271484,
        0.5975252985954285,
        0.7427884340286255,
        0.6556538939476013,
        0.6132568120956421,
        0.5529854893684387,
        0.4277610778808594,
        0.37248459458351135,
        0.5701372623443604,
        0.5125320553779602,
        0.25083300471305847,
        0.39601007103919983,
        0.5731056332588196,
        0.3997511565685272,
        0.29863038659095764,
        0.40426573157310486,
        0.44436314702033997,
        0.3464547395706177,
        0.40577876567840576,
        0.3077598512172699,
        0.39952850341796875,
        0.3365676999092102,
        0.51759272813797,
        0.4381271302700043,
        0.4358866512775421,
        0.3941602110862732,
        0.38037222623825073,
        0.44162166118621826,
        0.3092435300350189,
        0.356759250164032,
        0.4992561340332031,
        0.39974620938301086,
        0.39966532588005066,
        0.45568975806236267,
        0.43508732318878174,
        0.3316612243652344,
        0.23644624650478363,
        0.4881797730922699,
        0.30657958984375,
        0.3979072570800781,
        0.4351854920387268,
        0.3989097476005554,
        0.31015002727508545,
        0.38288700580596924,
        0.4216480255126953,
        0.3461669981479645,
        0.45839640498161316,
        0.44627076387405396,
        0.40274861454963684,
        0.46209463477134705,
        0.25189998745918274,
        0.36641794443130493,
        0.44009602069854736,
        0.45022886991500854,
        0.5029243230819702,
        0.10329844057559967,
        0.4270845949649811,
        0.4242526888847351,
        0.5153968930244446,
        0.38610637187957764,
        0.39272499084472656,
        0.3879828155040741,
        0.33996328711509705,
        0.41890639066696167,
        0.24479497969150543,
        0.4405255615711212,
        0.41895726323127747,
        0.4082143008708954,
        0.3520547151565552,
        0.5175399780273438,
        0.46399155259132385,
        0.36714234948158264,
        0.4956780672073364,
        0.5121607184410095,
        0.4137156307697296,
        0.40845438838005066,
        0.4150082767009735,
        0.3860717713832855,
        0.4079054594039917,
        0.3433722257614136,
        0.38800838589668274,
        0.26943308115005493,
        0.49230194091796875,
        0.44219958782196045,
        0.5018685460090637,
        0.43121135234832764,
        0.5398151278495789,
        0.33868053555488586,
        0.3747085630893707,
        0.2755416929721832
    ]
}