{
    "seed": 1000003,
    "theta": [
        0.5991519689559937,
        0.4761773645877838,
        0.6435769200325012,
        0.28380393981933594
    ],
    "x": [
        1.012195110321045,
        0.9198516607284546,
        1.0600658655166626,
        0.6917216181755066,
        0.6134811639785767,
        0.8978670835494995,
        0.7548990845680237,
        0.822550356388092,
        0.7338352203369141,
        0.5478285551071167,
        0.7028729915618896,
        0.6177711486816406,
        0.6841896176338196,
        0.5637397766113281,
        0.6069718599319458,
        0.6153302788734436,
        0.3574569821357727,
        0.5209712982177734,
        0.5240401029586792,
        0.5840064883232117,
        0.6125638484954834,
        0.4114810824394226,
        0.4216097593307495,
        0.5003814697265625,
        0.4747220277786255,
        0.43191757798194885,
        0.47491568326950073,
        0.400812029838562,
        0.5561229586601257,
        0.416351318359375,
        0.3623746335506439,
        0.4465562105178833,
        0.32301902770996094,
        0.3472868502140045,
        0.3567778170108795,
        0.49134764075279236,
        0.18780924379825592,
        0.3159169554710388,
        0.4166029691696167,
        0.3953622281551361,
        0.33491021394729614,
        0.5277992486953735,
        0.43416735529899597,
        0.33379045128822327,
        0.26978760957717896,
        0.34812799096107483,
        0.3560740053653717,
        0.2961922883987427,
        0.41381174325942993,
        0.44602063298225403,
        0.415203720331192,
        0.4406719207763672,
        0.2939102053642273,
        0.3441796600818634,
        0.34395790100097656,
        0.2954554259777069,
        0.40524280071258545,
        0.24170126020908356,
        0.2802836000919342,
        0.41546058654785156,
        0.40974071621894836,
        0.4263675808906555,
        0.31510913372039795,
        0.35538455843925476,
        0.4064553678035736,
        0.27962902188301086,
        0.3228902220726013,
        0.34977608919143677,
        0.349786639213562,
        0.383627325296402,
        0.25797221064567566,
        0.4585728943347931,
        0.36813125014305115,
        0.5042152404785156,
        0.4273620545864105,
        0.4929579496383667,
        0.37940242886543274,
        0.38246357440948486,
        0.5340192317962646,
        0.5123544335365295,
        0.33954110741615295,
        0.38420727849006653,
        0.5401050448417664,
        0.3906557857990265,
        0.5068065524101257,
        0.19156138598918915,
        0.47312673926353455,
        0.3984656035900116,
        0.5291722416877747,
        0.4869850277900696,
        0.46868234872817993,
        0.5352943539619446,
        0.4119795560836792,
        0.5031414031982422,
        0.12897592782974243,
        0.5871424078941345,
        0.5330696105957031,
        0.40719884634017944,
        0.5859326720237732,
        0.624250054359436,
        0.7118493318557739
    ]
}