{
    "seed": 1000000,
    "theta": [
        0.6100198030471802,
        0.49154379963874817,
        0.5813754796981812,
        0.24074281752109528
    ],
    "x": [
        0.7787036895751953,
        0.9663124084472656,
        0.9212921261787415,
        0.85905522108078,
        0.8169955015182495,
        0.7948954105377197,
        0.7684096097946167,
        0.6591336727142334,
        0.5051777958869934,
        0.7583208680152893,
        0.663989782333374,
        0.7235432863235474,
        0.6826212406158447,
        0.674505352973938,
        0.4233497679233551,
        0.5099751949310303,
        0.5544635653495789,
        0.27718493342399597,
        0.5891739130020142,
        0.5010785460472107,
        0.492477148771286,
        0.4227437376976013,
        0.47967657446861267,
        0.23990695178508759,
        0.428879052400589,
        0.2631002962589264,
        0.30870741605758667,
        0.5010110139846802,
        0.4734167754650116,
        0.333419531583786,
        0.3148900270462036,
        0.49039700627326965,
        0.3914550840854645,
        0.41715508699417114,
        0.3463174104690552,
        0.5354524254798889,
        0.4296681582927704,
        0.4181877076625824,
        0.3868879973888397,
        0.4505196809768677,
        0.31707409024238586,
        0.3861960172653198,
        0.30808767676353455,
        0.4334583282470703,
        0.43690311908721924,
        0.44874128699302673,
        0.356857031583786,
        0.27271348237991333,
        0.49521535634994507,
        0.4015698730945587,
        0.468154639005661,
        0.3367748260498047,
        0.38224348425865173,
        0.3676961362361908,
        0.41028326749801636,
        0.40415725111961365,
        0.41428402066230774,
        0.3846242129802704,
        0.46809718012809753,
        0.3781239688396454,
        0.4453253448009491,
        0.41985130310058594,
        0.41830000281333923,
        0.2211589813232422,
        0.42548778653144836,
        0.3637189269065857,
        0.3294321596622467,
        0.42666321992874146,
        0.3179733157157898,
        0.3606267273426056,
        0.38839709758758545,
        0.4598120450973511,
        0.29494795203208923,
        0.3574366271495819,
        0.3211321532726288,
        0.35588937997817993,
        0.3114074766635895,
        0.39386165142059326,
        0.40807101130485535,
        0.3983098268508911,
        0.45955684781074524,
        0.3596649169921875,
        0.3106156587600708,
        0.4715985655784607,
        0.08003972470760345,
        0.43987682461738586,
        0.39889857172966003,
        0.313589870929718,
        0.4814549684524536,
        0.2819781005382538,
        0.4492291808128357,
        0.40452513098716736,
        0.511452853679657,
        0.5047932863235474,
        0.48800086975097656,
        0.4244285523891449,
        0.4920330047607422,
        0.5706531405448914,
        0.4636845886707306,
        0.5362674593925476,
        0.6238820552825928
    ]
}