{
    "seed": 1000008,
    "theta": [
        -0.8865278959274292,
        1.0757367610931396,
        0.4806695580482483,
        -0.5949480533599854,
        0.8009645938873291
    ],
    "x": [
        0.13135331869125366,
        0.22824403643608093,
        -0.5609856247901917,
        -0.46136274933815,
        -0.6166329383850098,
        -0.7540755271911621,
        -0.35417312383651733,
        -0.07290062308311462,
        0.1520126909017563,
        0.07492880523204803,
        -0.430564820766449,
        -0.46716779470443726,
        -0.18406566977500916,
        0.0731792226433754,
        0.18928800523281097,
        0.5464974641799927,
        0.018308822065591812,
        -0.04719378054141998,
        -0.09202290326356888,
        -0.1580485850572586,
        -4.17354154586792,
        -0.8271045684814453,
        -0.1516045182943344,
        0.056358784437179565,
        -0.3614351451396942,
        -0.4929763376712799,
        -0.36034539341926575,
        0.8237336874008179,
        0.7220640778541565,
        0.2798781096935272,
        0.9300282597541809,
        -0.047426916658878326,
        -0.0834638848900795,
        0.27926692366600037,
        -0.2155708372592926,
        0.6744164228439331,
        0.2595153748989105,
        0.39276039600372314,
        0.07188446819782257,
        -0.11106839776039124,
        -0.031721584498882294,
        -0.12000118941068649,
        0.24725690484046936,
        0.30359435081481934,
        0.2646614909172058,
        0.3557417094707489,
        0.4421219825744629,
        1.2947224378585815,
        0.35573649406433105,
        0.08086326718330383,
        0.16763043403625488,
        -0.6553724408149719,
        0.5201511383056641,
        7.901585578918457,
        0.10888417810201645,
        -0.2239144742488861,
        -1.2120569944381714,
        1.411111831665039,
        -0.8043253421783447,
        0.7891878485679626,
        0.07278505712747574,
        0.9709073901176453,
        -0.08226864039897919,
        0.22071856260299683,
        0.3951481580734253,
        -0.055164728313684464,
        0.4609910249710083,
        0.29118794202804565,
        -0.7551627159118652,
        0.6507094502449036,
        -0.3085905611515045,
        -0.9737070202827454,
        0.5782607793807983,
        0.971364438533783,
        0.28986772894859314,
        -0.013385027647018433,
        0.13485699892044067,
        0.06461446732282639,
        -0.15443846583366394,
        0.44854074716567993,
        0.7924560308456421,
        -0.10731691122055054,
        0.07903721928596497,
        0.7004590034484863,
        -0.21732424199581146,
        -0.17526459693908691,
        0.5545020699501038,
        0.3315764367580414,
        0.3518518805503845,
        -0.13107845187187195,
        -0.24214394390583038,
        -0.7931070327758789,
        0.1272130012512207,
        1.3030065298080444,
        -0.006822681985795498,
        0.6073422431945801,
        0.24810078740119934,
        -0.28817668557167053
    ]
}