{
    "seed": 1000001,
    "theta": [
        0.6959273815155029,
        -0.11271613836288452,
        0.8467407822608948,
        0.8463121652603149,
        -1.1524006128311157
    ],
    "x": [
        -0.13481396436691284,
        0.236904114484787,
        -0.5326847434043884,
        0.21077245473861694,
        -0.2259727418422699,
        -0.17708003520965576,
        -0.08641977608203888,
        -0.6179805397987366,
        -0.5361128449440002,
        -0.4055022895336151,
        -1.1895763874053955,
        -0.3947902023792267,
        0.32440412044525146,
        -0.07271544635295868,
        0.8688831329345703,
        0.38759875297546387,
        0.4602958858013153,
        0.7196569442749023,
        1.0532469749450684,
        -0.9508671760559082,
        -1.0832606554031372,
        1.350988745689392,
        0.05316223204135895,
        0.7248328328132629,
        0.849216103553772,
        0.14234189689159393,
        -0.3653901517391205,
        -1.1150436401367188,
        -0.11380331218242645,
        -0.3509618937969208,
        0.22546280920505524,
        0.17086462676525116,
        0.6518449187278748,
        -9.685088157653809,
        -0.1963825225830078,
        0.25388211011886597,
        -0.1720782071352005,
        -0.027553997933864594,
        -0.2733497619628906,
        0.061850860714912415,
        -0.08593723177909851,
        -0.28413504362106323,
        -0.758738100528717,
        0.438067764043808,
        -0.14354488253593445,
        0.37959709763526917,
        0.5692654848098755,
        0.47129759192466736,
        0.7519843578338623,
        -0.9953555464744568,
        -0.00031348937773145735,
        0.25477954745292664,
        0.10823798924684525,
        -0.43089327216148376,
        0.016072530299425125,
        0.6125893592834473,
        -0.5515003204345703,
        -0.5567985773086548,
        0.44396474957466125,
        -0.323129802942276,
        0.19046816229820251,
        0.17363344132900238,
        0.3763311803340912,
        -0.6809329986572266,
        -0.44484713673591614,
        -0.5370231866836548,
        -0.4767628014087677,
        0.03382260724902153,
        0.6872490048408508,
        0.539398193359375,
        -0.19201187789440155,
        -0.2888047993183136,
        -0.4006846249103546,
        0.6722562909126282,
        -0.06486715376377106,
        0.7659429311752319,
        0.31487882137298584,
        -1.1532540321350098,
        0.26239949464797974,
        0.05521748214960098,
        0.30043113231658936,
        0.9454992413520813,
        0.630983829498291,
        0.11107772588729858,
        -0.46759411692619324,
        -0.5539828538894653,
        -0.321452796459198,
        -0.1816718876361847,
        -0.4521719217300415,
        1.3370004892349243,
        -8.430216789245605,
        -0.4663802981376648,
        -0.23535986244678497,
        -0.03571731597185135,
        0.10101103782653809,
        0.030843552201986313,
        0.3632388710975647,
        0.469768762588501
    ]
}