{
    "seed": 1000009,
    "theta": [
        0.6433023810386658,
        -0.1531667709350586,
        0.9033560752868652,
        1.4356335401535034,
        -1.1915619373321533
    ],
    "x": [
        0.25745293498039246,
        -0.39869174361228943,
        -0.032434895634651184,
        0.7098537087440491,
        -1.6182987689971924,
        -0.04129306599497795,
        0.016008662059903145,
        -0.31374967098236084,
        -0.6809900999069214,
        0.3588225543498993,
        0.0903104841709137,
        0.06078806519508362,
        -0.447361558675766,
        -0.560761570930481,
        -1.5979175567626953,
        0.40421873331069946,
        0.05526168271899223,
        -0.6980096697807312,
        -1.202681541442871,
        -1.4179408550262451,
        -0.2784125506877899,
        -0.6761288046836853,
        0.4072357416152954,
        -0.2585473954677582,
        -0.17697955667972565,
        0.1713765263557434,
        -0.1621502935886383,
        -0.221579447388649,
        0.4927985370159149,
        -0.09122869372367859,
        -0.4533010721206665,
        0.33876389265060425,
        -0.49876558780670166,
        -0.16644160449504852,
        0.5342406034469604,
        0.7529857158660889,
        -0.2965627908706665,
        0.8144557476043701,
        0.07981254905462265,
        1.5065120458602905,
        -0.23409980535507202,
        -0.3850363790988922,
        0.33980792760849,
        1.176778793334961,
        0.775646984577179,
        0.45583584904670715,
        -0.42735612392425537,
        -0.16917619109153748,
        0.6735256910324097,
        -0.7567050457000732,
        -0.21865160763263702,
        0.10408762097358704,
        -0.35221147537231445,
        0.29258376359939575,
        0.47994837164878845,
        0.6662734746932983,
        -0.347481906414032,
        -0.29294103384017944,
        0.15651121735572815,
        0.20767579972743988,
        0.22430889308452606,
        0.5843982696533203,
        0.43723949790000916,
        0.05671445280313492,
        -0.1640070080757141,
        -0.13632075488567352,
        -0.4751708209514618,
        0.31301572918891907,
        0.2942613363265991,
        -0.32950910925865173,
        -0.740090012550354,
        -0.706085205078125,
        0.5320709347724915,
        -0.03882734104990959,
        0.2127349078655243,
        0.5072218775749207,
        0.3056356906890869,
        -0.5172092914581299,
        -0.5381808280944824,
        -0.263567715883255,
        0.05160830542445183,
        -0.4693542420864105,
        0.569247305393219,
        0.48595309257507324,
        -0.49323850870132446,
        -0.1902139037847519,
        -1.1246130466461182,
        0.13253726065158844,
        -0.07955344021320343,
        0.3046872317790985,
        0.6343586444854736,
        -0.701121985912323,
        -0.7196521759033203,
        -0.1627674698829651,
        -0.5157273411750793,
        0.08351603895425797,
        -0.12014013528823853,
        0.2025929093360901
    ]
}