{
    "seed": 1000000,
    "theta": [
        0.7777486443519592,
        -0.32477355003356934,
        0.7020361423492432,
        1.4034231901168823,
        -1.243390679359436
    ],
    "x": [
        -0.18627619743347168,
        -0.1885165572166443,
        -0.2866973280906677,
        -0.07541503012180328,
        -1.1254750490188599,
        -0.42399224638938904,
        -0.31881242990493774,
        -0.8529077768325806,
        -0.6046426296234131,
        0.35330522060394287,
        0.05337179824709892,
        0.3299691081047058,
        1.3965857028961182,
        0.2766420245170593,
        5.0350565910339355,
        0.5305010080337524,
        -0.3779982328414917,
        -0.7009317874908447,
        -1.2280914783477783,
        -0.24265748262405396,
        0.6239093542098999,
        0.572273313999176,
        -1.2688772678375244,
        0.44294145703315735,
        -0.08060663938522339,
        0.5841645002365112,
        -0.22985531389713287,
        0.29289814829826355,
        0.1608387678861618,
        -0.080776646733284,
        -0.6031214594841003,
        0.10694164782762527,
        -0.3008749783039093,
        -0.6298974752426147,
        0.6428094506263733,
        0.1900658905506134,
        0.08994445949792862,
        0.7567177414894104,
        0.21600376069545746,
        -0.272869348526001,
        -0.02558804862201214,
        -0.4468088150024414,
        -0.6627421379089355,
        -0.025290125980973244,
        1.0874134302139282,
        0.24667984247207642,
        0.26062923669815063,
        0.4539826512336731,
        -1.008353352546692,
        0.25573962926864624,
        -0.2123851776123047,
        -0.1994345337152481,
        0.16416579484939575,
        0.146990567445755,
        0.22442899644374847,
        0.65129154920578,
        -1.1837592124938965,
        -0.37847837805747986,
        -7.671506881713867,
        -0.5794228911399841,
        0.012462487444281578,
        -0.2031400054693222,
        0.7005836963653564,
        -0.35904115438461304,
        -0.32795751094818115,
        -0.6536815762519836,
        0.4856320023536682,
        -0.20259186625480652,
        0.601180911064148,
        0.870780885219574,
        -0.6919422149658203,
        -0.5817897319793701,
        -0.4097959101200104,
        0.20590104162693024,
        0.3485911786556244,
        0.8377913236618042,
        0.8421191573143005,
        -1.0487321615219116,
        0.03549983352422714,
        -0.34891223907470703,
        -0.23380810022354126,
        -0.032960619777441025,
        -0.3398756682872772,
        0.14920352399349213,
        -0.8895149827003479,
        -0.4496377408504486,
        -0.7208364009857178,
        -0.12458966672420502,
        0.389360249042511,
        -0.26822179555892944,
        1.2147897481918335,
        -0.39119186997413635,
        -0.8104333877563477,
        -0.38182520866394043,
        -0.1214161366224289,
        0.10103979706764221,
        -0.07900887727737427,
        0.018371272832155228
    ]
}