{
    "seed": 1000012,
    "theta": [
        0.6692994236946106,
        -0.09930799156427383,
        1.0878682136535645,
        1.0718576908111572,
        -1.2501221895217896
    ],
    "x": [
        0.12550166249275208,
        -0.3302478790283203,
        -0.7179672718048096,
        -1.0315377712249756,
        -0.30775463581085205,
        -0.43753114342689514,
        0.1564161777496338,
        0.45890936255455017,
        0.25175875425338745,
        0.10919538885354996,
        -1.4389702081680298,
        -1.0450962781906128,
        -0.7404800057411194,
        -0.330336332321167,
        0.43557730317115784,
        -0.9191449284553528,
        -0.8914993405342102,
        0.5085263252258301,
        0.35479071736335754,
        0.4368691146373749,
        0.732414960861206,
        0.3195054531097412,
        -1.2858446836471558,
        -0.20329368114471436,
        0.5142467021942139,
        -0.018418733030557632,
        0.1413717269897461,
        -0.7990272045135498,
        -0.43738996982574463,
        0.4807237982749939,
        1.2879207134246826,
        1.8250861167907715,
        0.22358033061027527,
        0.4685482680797577,
        0.36008477210998535,
        1.023585319519043,
        -0.1069888100028038,
        -0.17448842525482178,
        -0.7805340886116028,
        0.07205437868833542,
        0.20833924412727356,
        0.38082075119018555,
        0.12630055844783783,
        0.8742340207099915,
        -0.26898348331451416,
        0.5070745348930359,
        0.5750500559806824,
        -0.09364839643239975,
        0.9187604784965515,
        -0.08858991414308548,
        -0.16601307690143585,
        -0.06318909674882889,
        0.7387839555740356,
        -0.46512314677238464,
        0.7541238069534302,
        1.3348562717437744,
        -1.2451525926589966,
        -0.8009760975837708,
        -0.04603707417845726,
        0.9422674775123596,
        -0.0749119445681572,
        0.43494653701782227,
        0.5861076712608337,
        -0.6648407578468323,
        -0.5420354008674622,
        -0.3887879252433777,
        0.09473448991775513,
        0.19569355249404907,
        0.7616744041442871,
        0.8288764357566833,
        -0.6276516914367676,
        -1.3831522464752197,
        -1.048585295677185,
        0.1610286682844162,
        0.8436956405639648,
        -0.04793529957532883,
        0.9151411056518555,
        -1.21140456199646,
        -0.5597421526908875,
        -0.5100260376930237,
        -1.0875760316848755,
        0.20511236786842346,
        0.7281083464622498,
        0.028373263776302338,
        -0.23233450949192047,
        0.10929445177316666,
        -0.5308066010475159,
        -0.9674464464187622,
        0.14458763599395752,
        -0.5567649602890015,
        0.27574989199638367,
        -0.7817582488059998,
        -0.7529405355453491,
        -0.9799286723136902,
        -0.08419855684041977,
        0.2664402723312378,
        -0.058433644473552704,
        0.9622658491134644
    ]
}