{
    "seed": 1000004,
    "theta": [
        0.36109253764152527,
        0.13445685803890228,
        0.7286234498023987,
        1.0746606588363647,
        -1.4331142902374268
    ],
    "x": [
        0.46973276138305664,
        -0.19590994715690613,
        -1.363258957862854,
        0.3132539391517639,
        -0.6111370325088501,
        0.1903897374868393,
        -1.1899813413619995,
        -0.5040542483329773,
        -0.20359596610069275,
        -0.6050840616226196,
        -1.505893349647522,
        -0.3605852723121643,
        0.5623441338539124,
        0.49451857805252075,
        0.061068736016750336,
        0.8321472406387329,
        2.7771198749542236,
        0.24604272842407227,
        0.7550439238548279,
        -0.24949869513511658,
        0.28929856419563293,
        -0.5121767520904541,
        1.0735275745391846,
        -0.4344320595264435,
        -0.48336392641067505,
        -0.05711358040571213,
        0.29022324085235596,
        0.23829974234104156,
        -0.06264324486255646,
        0.6229751706123352,
        -0.14708054065704346,
        -0.5384172797203064,
        -0.7213534712791443,
        -0.3521295487880707,
        0.008277813903987408,
        0.33300507068634033,
        1.1875932216644287,
        0.02639131247997284,
        0.20948508381843567,
        0.042432837188243866,
        -0.7791478037834167,
        0.37743517756462097,
        0.34326425194740295,
        0.2852243185043335,
        0.5770902633666992,
        0.38261064887046814,
        0.6878474950790405,
        0.5946083068847656,
        0.07923579216003418,
        -0.5389158129692078,
        -0.2944619357585907,
        0.03871381655335426,
        -0.6994606256484985,
        0.22626379132270813,
        -0.008629932999610901,
        0.8355799913406372,
        -0.28696221113204956,
        0.3094181418418884,
        0.6540237665176392,
        -1.032077431678772,
        0.3517504930496216,
        -7.465919494628906,
        0.25009581446647644,
        -0.7605419754981995,
        -0.28307291865348816,
        0.23621505498886108,
        0.6257818937301636,
        -0.23164933919906616,
        0.2194957137107849,
        0.3272426724433899,
        -0.31940335035324097,
        0.05010518059134483,
        0.5690106153488159,
        0.4850786030292511,
        0.4588779807090759,
        -0.31075984239578247,
        0.3435187339782715,
        0.21563950181007385,
        0.07362047582864761,
        0.008593355305492878,
        8.440900802612305,
        -0.6792894601821899,
        0.8698167204856873,
        0.4594462513923645,
        -0.47039321064949036,
        0.10541081428527832,
        -0.4234215319156647,
        0.02353137731552124,
        -0.6200463771820068,
        0.3197139799594879,
        -0.22684317827224731,
        -0.6365174651145935,
        -0.6273050904273987,
        -0.37124210596084595,
        0.523218035697937,
        0.27746349573135376,
        -0.45140591263771057,
        0.15694746375083923
    ]
}