{
    "seed": 1000005,
    "theta": [
        0.4816088378429413,
        0.5981977581977844,
        0.6166451573371887,
        0.34613147377967834
    ],
    "x": [
        0.7414183020591736,
        0.9326253533363342,
        0.8371606469154358,
        0.8791776299476624,
        0.8173454403877258,
        0.5864869356155396,
        0.834106981754303,
        0.8800135254859924,
        0.6430822014808655,
        0.44405999779701233,
        0.4968256652355194,
        0.6318585872650146,
        0.6033233404159546,
        0.6868619322776794,
        0.6826027035713196,
        0.612080991268158,
        0.6312999725341797,
        0.5404496788978577,
        0.41627272963523865,
        0.5303032994270325,
        0.5181045532226562,
        0.4499797821044922,
        0.5893230438232422,
        0.10462595522403717,
        0.5096678137779236,
        0.45784124732017517,
        0.5543015599250793,
        0.5018088221549988,
        0.5626604557037354,
        0.4277338683605194,
        0.366802841424942,
        0.5522936582565308,
        0.27409350872039795,
        0.36504337191581726,
        0.34921011328697205,
        0.33969905972480774,
        0.420947402715683,
        0.3445969820022583,
        0.36683323979377747,
        0.3284141421318054,
        0.369399756193161,
        0.42408764362335205,
        0.4256860017776489,
        0.438253790140152,
        0.2860270142555237,
        0.34907469153404236,
        0.4426722228527069,
        0.4326838254928589,
        0.4924672544002533,
        0.3617543578147888,
        0.46407559514045715,
        0.5047809481620789,
        0.5359441041946411,
        0.34669774770736694,
        0.42440515756607056,
        0.35673826932907104,
        0.3993993103504181,
        0.47492167353630066,
        0.17309290170669556,
        0.4738699495792389,
        0.34797897934913635,
        0.3958083987236023,
        0.4826003909111023,
        0.4402470886707306,
        0.49168574810028076,
        0.43179982900619507,
        0.5350989103317261,
        0.46774545311927795,
        0.46289584040641785,
        0.43002381920814514,
        0.359488308429718,
        0.33248239755630493,
        0.4723314940929413,
        0.49671146273612976,
        0.4178225100040436,
        0.3648529052734375,
        0.45844027400016785,
        0.08885320276021957,
        0.4712417721748352,
        0.45926347374916077,
        0.4180105924606323,
        0.4525347352027893,
        0.4504227936267853,
        0.4224690794944763,
        0.40368831157684326,
        0.43850937485694885,
        0.4129403531551361,
        0.43149465322494507,
        0.38307979702949524,
        0.4256923794746399,
        0.31623077392578125,
        0.4742446839809418,
        0.48377305269241333,
        0.4369923770427704,
        0.40125465393066406,
        0.5638905763626099,
        0.45440673828125,
        0.524097204208374,
        0.5302660465240479,
        0.5195629000663757,
        0.6257474422454834
    ]
}