{
    "seed": 1000000,
    "theta": [
        0.46283501386642456,
        0.35362112522125244,
        0.42521193623542786,
        0.5125528573989868
    ],
    "x": [
        0.9410918951034546,
        0.9731731414794922,
        0.8604772090911865,
        0.9289867281913757,
        0.8306045532226562,
        0.7830466032028198,
        0.726422905921936,
        0.7616683840751648,
        0.5455960631370544,
        0.6541532874107361,
        0.6336340308189392,
        0.5891156792640686,
        0.6225510835647583,
        0.5626487731933594,
        0.5111553072929382,
        0.5961518883705139,
        0.5160585045814514,
        0.547742486000061,
        0.4755821228027344,
        0.5132647156715393,
        0.38069865107536316,
        0.47628986835479736,
        0.2963326871395111,
        0.473867803812027,
        0.4052099883556366,
        0.3803114593029022,
        0.28111496567726135,
        0.38920313119888306,
        0.32718098163604736,
        0.4183392822742462,
        0.4266799986362457,
        0.472458153963089,
        0.3492897152900696,
        0.36564508080482483,
        0.39913177490234375,
        0.4312679171562195,
        0.4794148802757263,
        0.501940131187439,
        0.488607794046402,
        0.31851857900619507,
        0.4108605682849884,
        0.3301033079624176,
        0.32319286465644836,
        0.10725046694278717,
        0.4377504885196686,
        0.4746476411819458,
        0.46957042813301086,
        0.2675414979457855,
        0.3825697600841522,
        0.2625068724155426,
        0.5233558416366577,
        0.5234692692756653,
        0.39749667048454285,
        0.4770170748233795,
        0.21128197014331818,
        0.395852655172348,
        0.3537565767765045,
        0.4667879641056061,
        0.444219708442688,
        0.5008484125137329,
        0.44271138310432434,
        0.5000980496406555,
        0.4800858795642853,
        0.5233541131019592,
        0.41536128520965576,
        0.4802457094192505,
        0.42583948373794556,
        0.44012945890426636,
        0.4063166379928589,
        0.45801061391830444,
        0.31521594524383545,
        0.476965069770813,
        0.4882659912109375,
        0.5301005244255066,
        0.3690384030342102,
        0.4262917935848236,
        0.536605954170227,
        0.42724862694740295,
        0.4476481080055237,
        0.32940343022346497,
        0.31659215688705444,
        0.2884015440940857,
        0.6009635925292969,
        0.3237205445766449,
        0.43913206458091736,
        0.5643310546875,
        0.4473094940185547,
        0.4307449460029602,
        0.4326009154319763,
        0.4875525236129761,
        0.5712081789970398,
        0.5347821712493896,
        0.5263118743896484,
        0.4957115054130554,
        0.44811439514160156,
        0.46929869055747986,
        0.5646704435348511,
        0.6019312739372253,
        0.6064414978027344,
        0.6091443300247192,
        0.7659466862678528
    ]
}