{
    "seed": 1000004,
    "theta": [
        0.6357976198196411,
        0.7496893405914307,
        0.5534221529960632,
        0.5222622752189636
    ],
    "x": [
        0.8615482449531555,
        1.0579750537872314,
        0.9177290797233582,
        0.9997233152389526,
        0.9477187991142273,
        0.760238528251648,
        0.8658241033554077,
        0.878743588924408,
        0.7324493527412415,
        0.7194206118583679,
        0.6395645141601562,
        0.5506917238235474,
        0.7429429292678833,
        0.25665637850761414,
        0.8226820826530457,
        0.6069266200065613,
        0.6000970005989075,
        0.4749258756637573,
        0.7098522186279297,
        0.6304721832275391,
        0.5808314085006714,
        0.5717530846595764,
        0.418933242559433,
        0.6022697687149048,
        0.5548908114433289,
        0.4513678252696991,
        0.560128390789032,
        0.5299040675163269,
        0.4748358428478241,
        0.32823169231414795,
        0.18096110224723816,
        0.4733566343784332,
        0.5172697901725769,
        0.5576441287994385,
        0.42669880390167236,
        0.5767706632614136,
        0.41626498103141785,
        0.44006460905075073,
        0.2971359193325043,
        0.48863157629966736,
        0.45526644587516785,
        0.3894329071044922,
        0.4185546934604645,
        0.45817363262176514,
        0.4223199188709259,
        0.3665848970413208,
        0.4584466218948364,
        0.4107251465320587,
        0.4205370545387268,
        0.5295982360839844,
        0.2721596956253052,
        0.46705931425094604,
        0.38616153597831726,
        0.2553507387638092,
        0.2221534699201584,
        0.3663005828857422,
        0.44213181734085083,
        0.5584782958030701,
        0.38776156306266785,
        0.5371361970901489,
        0.34730592370033264,
        0.38467419147491455,
        0.5207213163375854,
        0.31739234924316406,
        0.16638310253620148,
        0.41112491488456726,
        -0.0624643974006176,
        0.47960421442985535,
        0.35433897376060486,
        0.3827468752861023,
        0.4021049439907074,
        0.5254935026168823,
        0.3177296817302704,
        0.5491496920585632,
        0.4688153564929962,
        0.34147465229034424,
        0.4835469424724579,
        0.4352160096168518,
        0.4052843749523163,
        0.14743271470069885,
        0.464676171541214,
        0.5001507997512817,
        0.48795968294143677,
        0.43444469571113586,
        0.2530783414840698,
        0.4946942627429962,
        0.47989654541015625,
        0.48764342069625854,
        0.5175450444221497,
        0.5702177882194519,
        0.5681505799293518,
        0.4401649534702301,
        0.43666380643844604,
        0.5226166844367981,
        0.5846605896949768,
        0.4800404906272888,
        0.5584247708320618,
        0.6111221313476562,
        0.6289230585098267,
        0.6757450103759766,
        0.7371597290039062
    ]
}