{
    "seed": 1000008,
    "theta": [
        0.4697589576244354,
        0.5452420711517334,
        0.40594977140426636,
        0.5042795538902283
    ],
    "x": [
        0.8992540836334229,
        0.8792261481285095,
        0.9654077887535095,
        0.7131651639938354,
        0.6575608849525452,
        0.845876157283783,
        0.8375864624977112,
        0.7739843726158142,
        0.5770093202590942,
        0.5938448309898376,
        0.7401267886161804,
        0.46421319246292114,
        0.7266241908073425,
        0.624825656414032,
        0.5506914854049683,
        0.5850217342376709,
        0.5137092471122742,
        0.5553049445152283,
        0.6584897637367249,
        0.22996316850185394,
        0.4791880249977112,
        0.5552324652671814,
        0.5192286372184753,
        0.4978872835636139,
        0.5261833071708679,
        0.5068413019180298,
        0.3890795409679413,
        0.24857380986213684,
        0.24204495549201965,
        0.4034595489501953,
        0.42534828186035156,
        0.5561314821243286,
        0.506029486656189,
        0.5242933630943298,
        0.2858596742153168,
        0.34996694326400757,
        0.4824638366699219,
        0.4520528018474579,
        0.30505067110061646,
        0.33696505427360535,
        0.41057637333869934,
        0.31594163179397583,
        0.36886292695999146,
        0.36989402770996094,
        0.5025337338447571,
        0.4635966122150421,
        0.536753237247467,
        0.4737808108329773,
        0.3401840329170227,
        0.4503974914550781,
        0.5119770169258118,
        0.3855147063732147,
        0.44947877526283264,
        0.4607987701892853,
        0.4060807526111603,
        0.47098949551582336,
        0.3244093656539917,
        0.05486094206571579,
        0.5148923397064209,
        0.49837735295295715,
        0.5537099242210388,
        0.19845707714557648,
        0.5132555365562439,
        0.3021480441093445,
        0.40398266911506653,
        0.4182441830635071,
        0.4307700991630554,
        0.5444124937057495,
        0.4830651581287384,
        0.5322195887565613,
        0.5480709075927734,
        0.46134376525878906,
        0.5517736077308655,
        0.4991869628429413,
        0.5226408839225769,
        0.4653280973434448,
        0.5351548790931702,
        0.4580385982990265,
        0.5694089531898499,
        0.48391151428222656,
        0.487570583820343,
        0.463614284992218,
        0.5163477659225464,
        0.3340855836868286,
        0.5043753385543823,
        0.4689590334892273,
        0.484421044588089,
        0.41808420419692993,
        0.48799628019332886,
        0.5056481957435608,
        0.2973437011241913,
        0.5112383365631104,
        0.4702981412410736,
        0.47098973393440247,
        0.5010045170783997,
        0.5339674353599548,
        0.5490530729293823,
        0.3649764955043793,
        0.49453672766685486,
        0.6190406680107117,
        0.616381824016571
    ]
}