{
    "seed": 1000012,
    "theta": [
        0.4366474151611328,
        0.6525475382804871,
        0.20553714036941528,
        0.4711498022079468
    ],
    "x": [
        0.8306292295455933,
        0.9262161254882812,
        0.8848892450332642,
        1.028610348701477,
        0.9800989627838135,
        0.8258516788482666,
        0.7907152771949768,
        0.7801480889320374,
        0.8274415135383606,
        0.7100042700767517,
        0.6352625489234924,
        0.7404613494873047,
        0.8341357111930847,
        0.5672141909599304,
        0.5057299137115479,
        0.5168379545211792,
        0.4183970093727112,
        0.566421627998352,
        0.4979143738746643,
        0.5165501832962036,
        0.5370254516601562,
        0.47674357891082764,
        0.5331007838249207,
        0.5040021538734436,
        0.4653967618942261,
        0.4654605984687805,
        0.495071679353714,
        0.3490225374698639,
        0.42829957604408264,
        0.485025018453598,
        0.46703529357910156,
        0.3087471127510071,
        0.38780567049980164,
        0.4709536135196686,
        0.5338813662528992,
        0.4218493103981018,
        0.4817875027656555,
        0.3834163546562195,
        0.38128000497817993,
        0.5521585941314697,
        0.544286847114563,
        0.38611552119255066,
        0.43031996488571167,
        0.39259961247444153,
        0.3734246492385864,
        0.4947509765625,
        0.35557734966278076,
        0.5917779207229614,
        0.5096282958984375,
        0.5041738152503967,
        0.32422155141830444,
        0.26031380891799927,
        0.33706143498420715,
        0.32705026865005493,
        0.4590560793876648,
        0.4837759733200073,
        0.4744969606399536,
        0.464190810918808,
        0.3430575132369995,
        0.49261653423309326,
        0.4616203308105469,
        0.5185221433639526,
        0.3448071777820587,
        0.44041621685028076,
        0.43449732661247253,
        0.5677102208137512,
        0.4080970883369446,
        0.40033748745918274,
        0.5352251529693604,
        0.5928936004638672,
        0.5085409879684448,
        0.3451886475086212,
        0.4258944094181061,
        0.4335673153400421,
        0.35734495520591736,
        0.4496687650680542,
        0.5227323174476624,
        0.4719736874103546,
        0.286789208650589,
        0.3391609191894531,
        0.3006401062011719,
        0.4120558500289917,
        0.4366350769996643,
        0.32990238070487976,
        0.4992046356201172,
        0.4038584530353546,
        0.5192034244537354,
        0.42666131258010864,
        0.4935334622859955,
        0.548778772354126,
        0.5430896878242493,
        0.48066940903663635,
        0.5075377225875854,
        0.39770177006721497,
        0.5924345850944519,
        0.4195055663585663,
        0.46411487460136414,
        0.5330173373222351,
        0.5695289373397827,
        0.5316914916038513,
        0.6694338321685791
    ]
}