{
    "seed": 1000002,
    "theta": [
        0.3914150595664978,
        0.30374401807785034,
        0.4542393088340759,
        0.5211901068687439
    ],
    "x": [
        0.9464149475097656,
        0.7947427034378052,
        0.9935140013694763,
        0.9207599759101868,
        0.8761032223701477,
        0.5757948756217957,
        0.5486673712730408,
        0.6405655145645142,
        0.6331313848495483,
        0.5470859408378601,
        0.6300727725028992,
        0.6210886836051941,
        0.4742203950881958,
        0.6274415254592896,
        0.5922572016716003,
        0.48763808608055115,
        0.4353996217250824,
        0.32278621196746826,
        0.3355099856853485,
        0.5761591792106628,
        0.5241844058036804,
        0.45727869868278503,
        0.46653011441230774,
        0.49975064396858215,
        0.5407593846321106,
        0.47129136323928833,
        0.48786696791648865,
        0.5233814120292664,
        0.3063311278820038,
        0.49437281489372253,
        0.47425219416618347,
        0.44072455167770386,
        0.4402969479560852,
        0.4589642882347107,
        0.350988507270813,
        0.41163405776023865,
        0.2663014829158783,
        0.4073376953601837,
        0.4169884920120239,
        0.4310310482978821,
        0.4707539975643158,
        0.3973134458065033,
        0.5051017999649048,
        0.5516138672828674,
        0.3382202088832855,
        0.44884681701660156,
        0.5228683352470398,
        0.4551590085029602,
        0.4693761169910431,
        0.53173828125,
        0.467856228351593,
        0.49997711181640625,
        0.5440472960472107,
        0.4652669131755829,
        0.44624316692352295,
        0.3069610595703125,
        0.4359746277332306,
        0.479623019695282,
        0.37557321786880493,
        0.46888744831085205,
        0.41184157133102417,
        0.508270800113678,
        0.4607711732387543,
        0.4520587921142578,
        0.3910471498966217,
        0.4558395445346832,
        0.3458755612373352,
        0.36052805185317993,
        0.5709861516952515,
        0.11573613435029984,
        0.48914656043052673,
        0.5148646235466003,
        0.4117980897426605,
        0.51356440782547,
        0.484283447265625,
        0.39291268587112427,
        0.37651684880256653,
        0.5858800411224365,
        0.49313926696777344,
        0.3491250276565552,
        0.5436428189277649,
        0.5030792355537415,
        0.47868284583091736,
        0.2583845853805542,
        0.5317214727401733,
        0.357696533203125,
        0.5365638732910156,
        0.3577214479446411,
        0.49837493896484375,
        0.537154495716095,
        0.5438581109046936,
        0.5348533391952515,
        0.5480583310127258,
        0.5601549744606018,
        0.49054083228111267,
        0.5466448664665222,
        0.5222628116607666,
        0.6045074462890625,
        0.5917350649833679,
        0.6283345818519592,
        0.7371014952659607
    ]
}