{
    "seed": 1000003,
    "theta": [
        0.43568530678749084,
        0.3152649998664856,
        0.5806052088737488,
        0.6201436519622803
    ],
    "x": [
        0.7738963961601257,
        0.8728066682815552,
        0.9939955472946167,
        0.915216326713562,
        0.784948468208313,
        0.6124278903007507,
        0.6970226168632507,
        0.8317802548408508,
        0.7318211793899536,
        0.4349103271961212,
        0.5137807130813599,
        0.5553264617919922,
        0.5239420533180237,
        0.3933887481689453,
        0.4665484130382538,
        0.3618510067462921,
        0.4419422149658203,
        0.4903082549571991,
        0.4751485288143158,
        0.457138329744339,
        0.5313764214515686,
        0.45409443974494934,
        0.48566386103630066,
        0.4468238949775696,
        0.5026051998138428,
        0.3459569215774536,
        0.5020520687103271,
        0.40279197692871094,
        0.46934154629707336,
        0.5417830348014832,
        0.5723191499710083,
        0.5649970769882202,
        0.5080068111419678,
        0.46784070134162903,
        0.41276729106903076,
        0.5042284727096558,
        0.5536254644393921,
        0.49802982807159424,
        0.4901565611362457,
        0.5402055382728577,
        0.4913223385810852,
        0.42709705233573914,
        0.4765127897262573,
        0.10820668190717697,
        0.439950168132782,
        0.4575716555118561,
        0.4479103088378906,
        0.2671709656715393,
        0.5707701444625854,
        0.42782771587371826,
        0.3432505428791046,
        0.28160348534584045,
        0.2600668668746948,
        0.42679864168167114,
        0.4564779996871948,
        0.37139561772346497,
        0.42407456040382385,
        0.4078965485095978,
        0.44442036747932434,
        0.39595019817352295,
        0.43700918555259705,
        0.5342371463775635,
        0.5019866824150085,
        0.3242195248603821,
        0.3393929898738861,
        0.539587140083313,
        0.3539694547653198,
        0.4748738706111908,
        0.41580212116241455,
        0.28446146845817566,
        0.43495839834213257,
        0.34582266211509705,
        0.36270877718925476,
        0.43337491154670715,
        0.42295101284980774,
        0.5039955377578735,
        0.5575893521308899,
        0.20006078481674194,
        0.44965630769729614,
        0.33380189538002014,
        0.1991012543439865,
        0.18933843076229095,
        0.4158566892147064,
        0.4605262875556946,
        0.501383364200592,
        0.5395767092704773,
        0.43637874722480774,
        0.40402957797050476,
        0.4588834047317505,
        0.20834173262119293,
        0.4710153043270111,
        0.42009812593460083,
        0.4405001401901245,
        0.293923556804657,
        0.4045983552932739,
        0.5341103672981262,
        0.38066965341567993,
        0.44474995136260986,
        0.5623564124107361,
        0.45430615544319153,
        0.5965513586997986
    ]
}