{
    "seed": 1000003,
    "theta": [
        -0.13641025125980377,
        -0.4079079031944275
    ],
    "x": [
        -0.034752339124679565,
        -0.2194911241531372
    ]
}