{
    "seed": 1000000,
    "theta": [
        0.5851720571517944,
        0.14298026263713837
    ],
    "x": [
        -0.20132115483283997,
        -0.4081829786300659
    ]
}