{
    "seed": 1000012,
    "theta": [
        0.34860455989837646,
        0.30377501249313354
    ],
    "x": [
        -0.1122918426990509,
        -0.04456785321235657
    ]
}