{
    "seed": 1000005,
    "theta": [
        -0.09128772467374802,
        -0.35938164591789246
    ],
    "x": [
        0.006593257188796997,
        -0.11849770694971085
    ]
}