{
    "seed": 1000002,
    "theta": [
        -0.1626700460910797,
        -0.6339369416236877
    ],
    "x": [
        -0.30385416746139526,
        -0.44589221477508545
    ]
}