{
    "seed": 1000010,
    "theta": [
        -0.2189161777496338,
        -0.5061088800430298
    ],
    "x": [
        -0.13648253679275513,
        -0.15379509329795837
    ]
}