{
    "seed": 1000009,
    "theta": [
        -0.1727101355791092,
        -0.5624693036079407
    ],
    "x": [
        -0.21624037623405457,
        -0.35558074712753296
    ]
}