{
    "seed": 1000004,
    "theta": [
        -0.06506700813770294,
        -0.4737171232700348
    ],
    "x": [
        -0.0493600070476532,
        -0.26827365159988403
    ]
}