{
    "seed": 1000001,
    "theta": [
        -0.10894033312797546,
        -0.5788717269897461
    ],
    "x": [
        -0.18616575002670288,
        -0.3957499861717224
    ]
}