{
    "seed": 1000008,
    "theta": [
        -0.15967777371406555,
        -0.6885195374488831
    ],
    "x": [
        -0.31163156032562256,
        -0.27596428990364075
    ]
}