{
    "seed": 1000002,
    "theta": [
        0.5032644867897034,
        0.15289919078350067,
        0.4270969033241272,
        0.28794318437576294
    ],
    "x": [
        0.8544539213180542,
        0.8262813687324524,
        0.5514610409736633,
        0.8971717953681946,
        0.7658205628395081,
        0.7231698632240295,
        0.5426696538925171,
        0.5785999298095703,
        0.5793197751045227,
        0.5668337345123291,
        0.4918312132358551,
        0.538024365901947,
        0.5829707980155945,
        0.5421058535575867,
        0.505630373954773,
        0.527420163154602,
        0.5390936732292175,
        0.48599597811698914,
        0.49024835228919983,
        0.5026417970657349,
        0.3796309232711792,
        0.2970535159111023,
        0.28426921367645264,
        0.42294490337371826,
        0.4460197389125824,
        0.42572683095932007,
        0.35922420024871826,
        0.48160579800605774,
        0.3483889400959015,
        0.47642630338668823,
        0.3701401948928833,
        0.5402097105979919,
        0.32272008061408997,
        0.472759872674942,
        0.4022465944290161,
        0.42121684551239014,
        0.4795621335506439,
        0.4452437162399292,
        0.2037639617919922,
        0.36929309368133545,
        0.5377586483955383,
        0.5034291744232178,
        0.47826308012008667,
        0.490350604057312,
        0.5058168768882751,
        0.38650816679000854,
        0.4226435422897339,
        0.35306015610694885,
        0.2871449887752533,
        0.43282318115234375,
        0.5027746558189392,
        0.3805352449417114,
        0.3539714813232422,
        0.2567296326160431,
        0.5431851744651794,
        0.47679316997528076,
        0.4809589385986328,
        0.4719122648239136,
        0.3965563476085663,
        0.4931279420852661,
        0.3531026244163513,
        0.48327749967575073,
        0.5173436403274536,
        0.45779749751091003,
        0.5143157839775085,
        0.5141672492027283,
        0.122344970703125,
        0.4761192202568054,
        0.528067409992218,
        0.397909551858902,
        0.5007204413414001,
        0.4313802123069763,
        0.4141433835029602,
        0.3992563784122467,
        0.47424203157424927,
        0.5439234375953674,
        0.4507528841495514,
        0.4245763123035431,
        0.5335245728492737,
        0.44349315762519836,
        0.27921536564826965,
        0.44304579496383667,
        0.39008599519729614,
        0.31235986948013306,
        0.45410460233688354,
        0.47959670424461365,
        0.5464616417884827,
        0.47798269987106323,
        0.4234582185745239,
        0.2856929898262024,
        0.39444413781166077,
        0.3498135805130005,
        0.4400552213191986,
        0.5364102721214294,
        0.33262914419174194,
        0.545929491519928,
        0.5346564054489136,
        0.5611478090286255,
        0.6251214146614075,
        0.6023799777030945,
        0.6582159399986267
    ]
}