{
    "seed": 1000001,
    "theta": [
        0.48270368576049805,
        0.20916083455085754,
        0.4055618941783905,
        0.2634839117527008
    ],
    "x": [
        0.9077687859535217,
        0.9780755639076233,
        0.8443664312362671,
        0.8582054376602173,
        0.8150927424430847,
        0.6815742254257202,
        0.6344683170318604,
        0.6898272037506104,
        0.5782462954521179,
        0.5098564028739929,
        0.5759361386299133,
        0.3605118989944458,
        0.19157028198242188,
        0.2714070677757263,
        0.3470686674118042,
        0.004301961045712233,
        0.4981573820114136,
        -0.07800064235925674,
        0.07428588718175888,
        0.41331419348716736,
        0.4646975100040436,
        0.4373825192451477,
        0.34383493661880493,
        0.4164438843727112,
        0.36388829350471497,
        0.40594813227653503,
        0.4182929992675781,
        0.23850123584270477,
        0.3901710510253906,
        0.46120694279670715,
        0.5173268914222717,
        0.2028174102306366,
        0.2323886901140213,
        0.4268988370895386,
        0.41114935278892517,
        0.31302693486213684,
        0.4172288179397583,
        0.16886672377586365,
        0.4860788881778717,
        0.38984057307243347,
        0.3333989381790161,
        0.33367908000946045,
        0.4276188015937805,
        0.4264550507068634,
        0.4617462158203125,
        0.5487856268882751,
        0.11732686311006546,
        0.4483526945114136,
        0.4335528016090393,
        0.19030635058879852,
        0.46288299560546875,
        0.4844876527786255,
        0.5051946043968201,
        0.4592653810977936,
        0.5270145535469055,
        0.49313557147979736,
        0.41424497961997986,
        0.4643021821975708,
        0.41905516386032104,
        0.44363072514533997,
        0.5102069973945618,
        0.4872695803642273,
        0.4100406765937805,
        0.43492063879966736,
        0.485281765460968,
        0.24837875366210938,
        0.3583703339099884,
        0.32195332646369934,
        0.5152953863143921,
        0.07330729067325592,
        0.4129815399646759,
        0.3275928497314453,
        0.30562183260917664,
        0.44021326303482056,
        0.4084625244140625,
        0.5211309790611267,
        0.5270673036575317,
        0.08350016176700592,
        0.4448257386684418,
        0.5250343084335327,
        0.4039090573787689,
        0.1454470306634903,
        0.4696296751499176,
        0.3434153199195862,
        0.1818232238292694,
        0.3748544156551361,
        0.3333134949207306,
        0.2001035064458847,
        0.35862720012664795,
        0.4333180785179138,
        0.46321284770965576,
        0.41108450293540955,
        0.1299125701189041,
        0.4875142276287079,
        0.3917466402053833,
        0.5394431948661804,
        0.5856872797012329,
        0.5400307774543762,
        0.5554888248443604,
        0.6666316986083984,
        0.6839942932128906
    ]
}