{
    "seed": 1000005,
    "theta": [
        0.5393717885017395,
        0.2707744240760803,
        0.4921014606952667,
        0.21784383058547974
    ],
    "x": [
        0.69404536485672,
        0.8605903387069702,
        0.719159722328186,
        0.8888811469078064,
        0.8392107486724854,
        0.6989454627037048,
        0.5951501131057739,
        0.760572075843811,
        0.5950220823287964,
        0.7405231595039368,
        0.6596521735191345,
        0.5225273370742798,
        0.3734547793865204,
        0.4654492735862732,
        0.4885854125022888,
        0.4505663514137268,
        0.43956997990608215,
        0.4414290189743042,
        0.4318777620792389,
        0.3442888855934143,
        0.42910829186439514,
        0.3659343719482422,
        0.3596687316894531,
        0.4654717743396759,
        0.33904799818992615,
        0.16717681288719177,
        0.38679859042167664,
        0.4637240171432495,
        0.40227457880973816,
        0.36965230107307434,
        0.27902716398239136,
        0.2872985899448395,
        0.3655867278575897,
        0.37688928842544556,
        0.48178544640541077,
        0.4850805997848511,
        0.48825734853744507,
        0.47652754187583923,
        0.3128451108932495,
        0.41908442974090576,
        0.35140228271484375,
        0.205311581492424,
        0.3384033143520355,
        0.37712886929512024,
        0.2981666624546051,
        0.2993493378162384,
        0.49561741948127747,
        0.46343815326690674,
        0.4329635500907898,
        0.118194580078125,
        0.32817789912223816,
        0.3068280518054962,
        0.4489735960960388,
        0.4587222933769226,
        0.3112838864326477,
        0.4269123077392578,
        0.3800148069858551,
        0.3510678708553314,
        0.46408361196517944,
        0.061375681310892105,
        0.30450668931007385,
        0.41247379779815674,
        0.2754489779472351,
        0.47662925720214844,
        0.19709573686122894,
        0.34787508845329285,
        0.45959916710853577,
        0.3898029327392578,
        0.45862096548080444,
        0.32470422983169556,
        0.48029467463493347,
        0.35074105858802795,
        0.49446550011634827,
        0.4699007570743561,
        0.4624119997024536,
        0.46435558795928955,
        0.3952103853225708,
        0.39739978313446045,
        0.4230009615421295,
        0.439522922039032,
        0.4437394440174103,
        0.5122637152671814,
        0.42172762751579285,
        0.41998291015625,
        0.4435363709926605,
        0.35645192861557007,
        0.46602389216423035,
        0.34919992089271545,
        0.41745248436927795,
        0.3537455201148987,
        0.5111553072929382,
        0.30742543935775757,
        0.5265472531318665,
        0.41380006074905396,
        0.5064478516578674,
        0.5080329775810242,
        0.48457005620002747,
        0.5765489935874939,
        0.5599319338798523,
        0.5654080510139465,
        0.6535588502883911
    ]
}