{
    "seed": 1000012,
    "theta": [
        0.5213747620582581,
        0.2925388514995575,
        0.32718199491500854,
        0.26791417598724365
    ],
    "x": [
        0.7758130431175232,
        0.7974784970283508,
        0.9507843255996704,
        0.9091867804527283,
        0.894445538520813,
        0.688183069229126,
        0.7237318754196167,
        0.5922502875328064,
        0.6221556067466736,
        0.5408336520195007,
        0.629650890827179,
        0.6331037878990173,
        0.3987017273902893,
        0.5269418358802795,
        0.505474328994751,
        0.30364736914634705,
        0.3349953889846802,
        0.1630605012178421,
        0.49338772892951965,
        0.394424706697464,
        0.35467708110809326,
        0.3540838956832886,
        0.42880362272262573,
        0.3723481595516205,
        0.3286169767379761,
        0.2752522826194763,
        0.5066768527030945,
        0.28415119647979736,
        0.33160045742988586,
        0.3751212954521179,
        0.39169973134994507,
        0.3342258334159851,
        0.37738773226737976,
        0.5369933843612671,
        0.48707810044288635,
        0.3759321868419647,
        0.4590868651866913,
        0.4832659363746643,
        0.3023606538772583,
        0.32662391662597656,
        0.35109469294548035,
        0.33598631620407104,
        -0.0036931356880813837,
        0.30017369985580444,
        0.2605617642402649,
        0.19488881528377533,
        0.38074925541877747,
        0.4647209048271179,
        0.5044258236885071,
        0.35709941387176514,
        0.5019487738609314,
        0.427508682012558,
        0.36625492572784424,
        0.404898077249527,
        0.4491690397262573,
        0.3017463684082031,
        0.5066187381744385,
        0.36149343848228455,
        0.4291127622127533,
        0.36551475524902344,
        0.3858942687511444,
        0.348169207572937,
        0.278051495552063,
        0.4526696503162384,
        0.3310030698776245,
        0.4801546633243561,
        0.29608041048049927,
        0.4280657470226288,
        0.5293670892715454,
        0.33529141545295715,
        0.3205293118953705,
        0.3752021789550781,
        0.3835366666316986,
        0.4751266539096832,
        0.4413642883300781,
        0.36163532733917236,
        0.4917062222957611,
        0.34272652864456177,
        0.3722536861896515,
        0.3975110352039337,
        0.33013421297073364,
        0.453530490398407,
        0.30457890033721924,
        0.41297975182533264,
        0.48275554180145264,
        0.4541282653808594,
        0.49512341618537903,
        0.5258305668830872,
        0.4323280453681946,
        0.42174556851387024,
        0.405844122171402,
        0.26060181856155396,
        0.46954065561294556,
        0.5373342037200928,
        0.39154624938964844,
        0.39460018277168274,
        0.48942044377326965,
        0.5297386050224304,
        0.5530052185058594,
        0.6263801455497742,
        0.6298651099205017
    ]
}