{
    "seed": 1000009,
    "theta": [
        0.4952244162559509,
        0.26226648688316345,
        0.41166284680366516,
        0.26628634333610535
    ],
    "x": [
        0.934630811214447,
        0.9200612306594849,
        0.8410035371780396,
        0.8872377872467041,
        0.7669754028320312,
        0.6657460331916809,
        0.625198245048523,
        0.6557628512382507,
        0.5660492181777954,
        0.6148290038108826,
        0.48276010155677795,
        0.5615445375442505,
        0.5744809508323669,
        0.4966696500778198,
        0.5559437870979309,
        0.3691582977771759,
        0.4417635500431061,
        0.06889012455940247,
        0.4666852355003357,
        0.47539469599723816,
        0.549188494682312,
        0.33737069368362427,
        0.35314878821372986,
        0.40585821866989136,
        0.45056164264678955,
        0.46447449922561646,
        0.3081708252429962,
        0.49828261137008667,
        0.18415552377700806,
        0.41314634680747986,
        0.43902093172073364,
        0.5453827977180481,
        0.5041646361351013,
        0.35906296968460083,
        0.42128613591194153,
        0.1923011839389801,
        0.28505706787109375,
        0.35480180382728577,
        0.42219313979148865,
        0.5616708397865295,
        0.41828233003616333,
        0.26539039611816406,
        0.5518940091133118,
        0.2507326900959015,
        0.3898765444755554,
        0.48417675495147705,
        0.41474634408950806,
        0.5154721736907959,
        0.5211933255195618,
        0.28152745962142944,
        0.41699880361557007,
        0.3474961519241333,
        0.44389089941978455,
        0.45689088106155396,
        0.4443618655204773,
        0.4499460756778717,
        0.3788197934627533,
        0.3426457643508911,
        0.4543924927711487,
        0.43633729219436646,
        0.21935221552848816,
        0.39213332533836365,
        0.45511066913604736,
        0.31683170795440674,
        0.4590705931186676,
        0.5161280035972595,
        0.4593423306941986,
        0.37774327397346497,
        0.3733196258544922,
        0.45173466205596924,
        0.5314434170722961,
        0.5540415644645691,
        0.4541122317314148,
        0.4003857970237732,
        0.38291651010513306,
        0.3858937621116638,
        0.40569356083869934,
        0.41450628638267517,
        0.4798782467842102,
        0.4322025179862976,
        0.2781636416912079,
        0.46943435072898865,
        0.4221121370792389,
        0.5021546483039856,
        0.4698788821697235,
        0.35826122760772705,
        0.4445348083972931,
        0.49608027935028076,
        0.5355519652366638,
        0.3556634187698364,
        0.4932112395763397,
        0.5200143456459045,
        0.5078200101852417,
        0.5057374238967896,
        0.47027143836021423,
        0.5801228880882263,
        0.5208868384361267,
        0.34152093529701233,
        0.6052951812744141,
        0.564248263835907,
        0.6334444880485535
    ]
}