{
    "seed": 1000004,
    "theta": [
        0.6010862588882446,
        0.3315121531486511,
        0.4667966663837433,
        0.28837230801582336
    ],
    "x": [
        0.8025086522102356,
        0.9354343414306641,
        0.4836947023868561,
        0.8202530145645142,
        0.8295542597770691,
        0.8628484010696411,
        0.7363538146018982,
        0.7277699708938599,
        0.7427418828010559,
        0.7271689176559448,
        0.5019442439079285,
        0.671578586101532,
        0.6182963252067566,
        0.5766785740852356,
        0.4600461423397064,
        0.5005084872245789,
        0.584661602973938,
        0.4368923306465149,
        0.3740057647228241,
        0.4944241940975189,
        0.4990687072277069,
        0.43084144592285156,
        0.49164530634880066,
        0.5460688471794128,
        0.48700472712516785,
        0.2697657346725464,
        0.34079092741012573,
        0.4433090090751648,
        0.17654292285442352,
        0.4348551332950592,
        0.3527337312698364,
        0.5234718322753906,
        0.5946317315101624,
        0.49081915616989136,
        0.5200379490852356,
        0.48164546489715576,
        0.45185011625289917,
        0.4263037443161011,
        0.4832330048084259,
        0.48326364159584045,
        0.2992666959762573,
        0.382156103849411,
        0.463641494512558,
        0.47288691997528076,
        0.47649064660072327,
        0.5012245178222656,
        0.4223470091819763,
        0.4652910828590393,
        0.542185366153717,
        0.3775458037853241,
        0.24329261481761932,
        0.24283751845359802,
        0.4355407655239105,
        0.37238770723342896,
        0.2859901487827301,
        0.41304752230644226,
        0.3712097108364105,
        0.17792536318302155,
        0.3544881045818329,
        0.3844848573207855,
        0.4382656216621399,
        0.5356490015983582,
        0.41249898076057434,
        0.4308766722679138,
        0.2298458069562912,
        0.35198643803596497,
        0.31065064668655396,
        0.44145533442497253,
        0.38238397240638733,
        0.5664997100830078,
        0.4428062438964844,
        0.5015121698379517,
        0.4178638458251953,
        0.49455082416534424,
        0.47659796476364136,
        0.41109365224838257,
        0.479364275932312,
        0.4492439329624176,
        0.504567563533783,
        0.5296943783760071,
        0.4860566556453705,
        0.3832288086414337,
        0.4145523011684418,
        0.5420585870742798,
        0.5529243350028992,
        0.43477490544319153,
        0.5196496248245239,
        0.5586063265800476,
        0.5025811791419983,
        0.5605347752571106,
        0.4797531068325043,
        0.5909005403518677,
        0.576944887638092,
        0.5046881437301636,
        0.5647546052932739,
        0.6199665069580078,
        0.5339107513427734,
        0.6658648252487183,
        0.5503547787666321,
        0.6648396849632263,
        0.7526041865348816
    ]
}