{
    "seed": 1000012,
    "theta": [
        -0.1083575189113617,
        0.0365009605884552,
        0.38790953159332275,
        0.1439703404903412,
        -0.14994674921035767,
        0.0137837715446949,
        -0.03599963337182999,
        -0.13928139209747314,
        0.13530060648918152,
        0.24830593168735504
    ],
    "x": [
        -0.08945302665233612,
        -0.3416643440723419,
        0.6019240617752075,
        0.010050639510154724,
        -0.250588983297348,
        0.5511144399642944,
        -0.6162108182907104,
        -0.3913171887397766,
        0.004486188292503357,
        0.19819363951683044
    ]
}