{
    "seed": 1000005,
    "theta": [
        -0.2789393663406372,
        0.008205994963645935,
        0.47851938009262085,
        0.16082412004470825,
        -0.4085378646850586,
        0.38041338324546814,
        0.07472432404756546,
        0.3039306402206421,
        -0.01729511469602585,
        -0.3606306314468384
    ],
    "x": [
        -0.35241082310676575,
        0.24215130507946014,
        -0.22876441478729248,
        0.706095814704895,
        -0.5039091110229492,
        0.5253925919532776,
        0.12249569594860077,
        0.3452751636505127,
        -0.3379209637641907,
        -0.9046164155006409
    ]
}