{
    "seed": 1000008,
    "theta": [
        -0.2834993600845337,
        -0.08052775263786316,
        0.4476287364959717,
        0.20881876349449158,
        -0.3374748229980469,
        0.5403918027877808,
        0.08125292509794235,
        0.34924018383026123,
        0.2218029499053955,
        -0.3748120665550232
    ],
    "x": [
        -0.2911752462387085,
        -0.4817562401294708,
        0.23913048207759857,
        0.23255212604999542,
        -0.5642112493515015,
        0.9629697203636169,
        -0.3499683439731598,
        0.28147995471954346,
        0.1346444934606552,
        -0.05656629800796509
    ]
}