{
    "seed": 1000000,
    "theta": [
        -0.19400374591350555,
        -0.009812995791435242,
        0.23324964940547943,
        0.16734760999679565,
        -0.15522029995918274,
        -0.034534305334091187,
        -0.05813821032643318,
        -0.019252318888902664,
        0.3522377908229828,
        0.33123135566711426
    ],
    "x": [
        -0.16532735526561737,
        -0.24447965621948242,
        0.1839824765920639,
        0.01926174759864807,
        -0.570551872253418,
        0.19825784862041473,
        0.02349674329161644,
        0.07309290766716003,
        0.08951321244239807,
        0.49120450019836426
    ]
}