{
    "seed": 1000003,
    "theta": [
        -0.3358399569988251,
        -0.1215578019618988,
        0.36385244131088257,
        0.11820466816425323,
        -0.4388887286186218,
        0.3780059516429901,
        0.14984118938446045,
        0.2478215992450714,
        0.18428978323936462,
        -0.4926113784313202
    ],
    "x": [
        -0.5794760584831238,
        -0.7091977596282959,
        0.24779929220676422,
        0.16712525486946106,
        -0.6596684455871582,
        0.5216602683067322,
        -0.3188708424568176,
        0.2750520706176758,
        -0.06747081875801086,
        -0.479301393032074
    ]
}