{
    "seed": 1000002,
    "theta": [
        -0.36006924510002136,
        -0.10693047940731049,
        0.39189785718917847,
        0.1378985047340393,
        -0.39769503474235535,
        0.3904343247413635,
        0.042845211923122406,
        0.3078944981098175,
        0.02399289608001709,
        -0.4218364953994751
    ],
    "x": [
        -0.32473671436309814,
        0.11195942759513855,
        0.8379929065704346,
        0.6448377370834351,
        -0.26983678340911865,
        0.213809534907341,
        -0.6056188941001892,
        0.16460220515727997,
        0.08479657769203186,
        -0.6670877933502197
    ]
}