{
    "seed": 1000004,
    "theta": [
        -0.33064672350883484,
        -0.13269731402397156,
        0.33929184079170227,
        0.1220051720738411,
        -0.4704859256744385,
        0.4092220067977905,
        0.08686953783035278,
        0.30677300691604614,
        0.000853024423122406,
        -0.48958855867385864
    ],
    "x": [
        -0.7933409214019775,
        0.46952810883522034,
        -0.20490029454231262,
        0.26445436477661133,
        -0.4149642288684845,
        0.14456161856651306,
        0.5527145862579346,
        0.2629092037677765,
        -0.4089201092720032,
        -0.32655957341194153
    ]
}