{
    "seed": 1000001,
    "theta": [
        -0.126030832529068,
        -0.08680406212806702,
        0.2677343189716339,
        0.33862167596817017,
        -0.31851446628570557,
        0.34114331007003784,
        0.06597007066011429,
        0.3538610637187958,
        0.13210690021514893,
        -0.43615788221359253
    ],
    "x": [
        0.7419098615646362,
        -0.12064116448163986,
        0.1897176206111908,
        0.4473274350166321,
        -0.1128678172826767,
        0.2609262466430664,
        0.2905533015727997,
        -0.6636959314346313,
        -0.04732036590576172,
        -0.8541766405105591
    ]
}