{
    "seed": 1000009,
    "theta": [
        -0.2493053823709488,
        -0.061548229306936264,
        0.4308340847492218,
        0.12485241889953613,
        -0.3284061551094055,
        0.3693216145038605,
        0.1463952362537384,
        0.3207826614379883,
        -0.013380944728851318,
        -0.3526560962200165
    ],
    "x": [
        -0.5035170912742615,
        -0.14251187443733215,
        0.3342438340187073,
        0.25673389434814453,
        -0.4731888175010681,
        0.39332300424575806,
        -0.28683358430862427,
        0.42117246985435486,
        0.32174545526504517,
        -0.07629552483558655
    ]
}