{
    "seed": 1000012,
    "theta": [
        0.08190952241420746,
        0.5583520531654358
    ],
    "x": [
        -0.10372313857078552,
        0.3240271508693695
    ]
}