{
    "seed": 1000004,
    "theta": [
        0.4866870939731598,
        -0.29476961493492126
    ],
    "x": [
        0.19591177999973297,
        -0.5318877100944519
    ]
}