{
    "seed": 1000008,
    "theta": [
        0.392076313495636,
        -0.5096147060394287
    ],
    "x": [
        0.20502233505249023,
        -0.5396085381507874
    ]
}