{
    "seed": 1000009,
    "theta": [
        0.37904396653175354,
        -0.3835291564464569
    ],
    "x": [
        0.3004384934902191,
        -0.6192000508308411
    ]
}