{
    "seed": 1000001,
    "theta": [
        0.4428137540817261,
        -0.39993369579315186
    ],
    "x": [
        0.26987001299858093,
        -0.6593707799911499
    ]
}