{
    "seed": 1000000,
    "theta": [
        0.3184770345687866,
        0.39755961298942566
    ],
    "x": [
        -0.19275406002998352,
        -0.03958636522293091
    ]
}