{
    "seed": 1000002,
    "theta": [
        0.3890840709209442,
        -0.4550100266933441
    ],
    "x": [
        0.21281534433364868,
        -0.7095208168029785
    ]
}