{
    "seed": 1000005,
    "theta": [
        0.4604663848876953,
        -0.18042990565299988
    ],
    "x": [
        0.12724891304969788,
        -0.38210877776145935
    ]
}