{
    "seed": 1000010,
    "theta": [
        0.33283790946006775,
        -0.3271633982658386
    ],
    "x": [
        0.3721751570701599,
        -0.41741055250167847
    ]
}