{
    "seed": 1000000,
    "theta": [
        0.1268228143453598,
        0.4910178780555725,
        -0.4226509928703308,
        0.46838828921318054,
        -0.031609080731868744,
        -0.1889137476682663,
        0.05679738521575928,
        0.2671651244163513,
        -0.06996234506368637,
        -0.2061511129140854,
        0.0691937729716301,
        0.3872795104980469,
        -0.32034236192703247,
        0.02485530450940132,
        0.11452178657054901,
        0.27074599266052246,
        0.19136942923069,
        0.5188465714454651,
        0.3519817292690277,
        0.14683622121810913
    ],
    "x": [
        -0.04864796996116638,
        0.6064683198928833,
        -0.30355018377304077,
        0.7930890321731567,
        0.22818788886070251,
        -0.49174970388412476,
        -0.04130297899246216,
        -0.3413912057876587,
        -0.1640995740890503,
        -0.1452074646949768,
        0.015533898025751114,
        0.12025874853134155,
        -0.5294989943504333,
        -0.01720495894551277,
        0.43083226680755615,
        -0.23567438125610352,
        -0.06428854167461395,
        0.460823118686676,
        1.0042016506195068,
        0.26009100675582886
    ]
}