{
    "seed": 1000001,
    "theta": [
        0.1351357102394104,
        0.4326089024543762,
        -0.24920839071273804,
        0.40993010997772217,
        -0.037000104784965515,
        -0.23794952034950256,
        -0.05992677062749863,
        0.20623360574245453,
        -0.014068419113755226,
        -0.1726573258638382,
        0.1345376819372177,
        0.3324492871761322,
        -0.4060153365135193,
        0.12090709805488586,
        0.08232035487890244,
        0.337245374917984,
        0.09411613643169403,
        0.5611023902893066,
        0.4094298779964447,
        0.14429590106010437
    ],
    "x": [
        -0.2251794934272766,
        0.2850608825683594,
        -0.24394026398658752,
        0.17180147767066956,
        0.5248208045959473,
        -0.5156246423721313,
        -0.3220842480659485,
        1.016730546951294,
        -0.2399119883775711,
        -0.6857113838195801,
        0.27194729447364807,
        0.39067304134368896,
        0.16981548070907593,
        0.41256076097488403,
        0.18975764513015747,
        0.39451611042022705,
        0.158028244972229,
        0.33435094356536865,
        -0.003766655921936035,
        0.2032226324081421
    ]
}