{
    "seed": 1000012,
    "theta": [
        0.10718300938606262,
        0.42584508657455444,
        -0.2697836458683014,
        0.38197529315948486,
        0.083577960729599,
        -0.06901685893535614,
        -0.09684652090072632,
        0.08894626796245575,
        -0.06468880921602249,
        -0.1578330397605896,
        0.091332346200943,
        0.2672504186630249,
        -0.39028772711753845,
        0.004383806139230728,
        0.06790517270565033,
        0.17362691462039948,
        0.2185518443584442,
        0.3409392833709717,
        0.3974751830101013,
        0.1681385189294815
    ],
    "x": [
        0.5022972226142883,
        0.48795270919799805,
        -0.3159123957157135,
        0.3844151794910431,
        0.3507183790206909,
        -0.7369015216827393,
        -0.6229350566864014,
        0.04906806722283363,
        0.30493438243865967,
        -0.41634804010391235,
        0.29410597681999207,
        -0.033205896615982056,
        -0.07831531763076782,
        0.03440210968255997,
        -0.03239903599023819,
        -0.03127318620681763,
        0.3726290464401245,
        0.9176634550094604,
        -0.2723401188850403,
        -0.2086971253156662
    ]
}