{
    "seed": 1000009,
    "theta": [
        0.16942039132118225,
        0.44062408804893494,
        -0.27684593200683594,
        0.364590585231781,
        -0.13843385875225067,
        -0.1553960144519806,
        -0.09751028567552567,
        0.10184015333652496,
        0.07761644572019577,
        -0.2300473004579544,
        0.12569665908813477,
        0.30631256103515625,
        -0.4107491970062256,
        0.057473696768283844,
        0.03244055435061455,
        0.29204055666923523,
        0.2572158873081207,
        0.3473331332206726,
        0.39953818917274475,
        0.172474205493927
    ],
    "x": [
        0.10701495409011841,
        0.30327630043029785,
        -0.7366617918014526,
        0.5401298999786377,
        -0.32992005348205566,
        -0.20277857780456543,
        -0.22332704067230225,
        0.40331411361694336,
        0.24060991406440735,
        -0.6070615649223328,
        0.02928943932056427,
        0.31062400341033936,
        0.09112691879272461,
        0.30704793334007263,
        0.03965528681874275,
        -0.01517447829246521,
        0.32006514072418213,
        0.14852429926395416,
        0.22873498499393463,
        -0.0815683901309967
    ]
}