{
    "seed": 1000002,
    "theta": [
        0.2463066577911377,
        0.4992789626121521,
        -0.104624442756176,
        0.3820763826370239,
        -0.017296399921178818,
        -0.17800560593605042,
        -0.2776162028312683,
        0.1504509299993515,
        -0.003254605457186699,
        -0.17704080045223236,
        0.095118448138237,
        0.3995708227157593,
        -0.3515218496322632,
        0.16111958026885986,
        -0.045336320996284485,
        0.40730005502700806,
        0.21827968955039978,
        0.3603792190551758,
        0.3302493095397949,
        0.19358691573143005
    ],
    "x": [
        0.9602689146995544,
        0.6788464784622192,
        -0.45515772700309753,
        0.024323463439941406,
        -0.4714493155479431,
        0.03449837863445282,
        -0.19555722177028656,
        0.6621603965759277,
        0.026286322623491287,
        -0.2650299668312073,
        0.3199599087238312,
        0.33984771370887756,
        -0.5771662592887878,
        -0.4485502243041992,
        -0.030572641640901566,
        0.48701855540275574,
        -0.2736627161502838,
        -0.020345032215118408,
        0.8684552907943726,
        0.3379717469215393
    ]
}