{
    "seed": 1000008,
    "theta": [
        0.21051838994026184,
        0.4975627064704895,
        -0.18600134551525116,
        0.3977665603160858,
        0.08591532707214355,
        -0.19476205110549927,
        -0.05128435790538788,
        0.13528046011924744,
        0.0652565136551857,
        -0.13320250809192657,
        0.21620440483093262,
        0.3302546441555023,
        -0.36251887679100037,
        0.1416715681552887,
        -0.010886847972869873,
        0.32707124948501587,
        0.2740105390548706,
        0.43129947781562805,
        0.3904695212841034,
        0.3435443639755249
    ],
    "x": [
        0.01182582974433899,
        0.21268269419670105,
        -0.4047841727733612,
        0.5091040134429932,
        -0.14070011675357819,
        -0.24701173603534698,
        0.5130370259284973,
        -0.4158266484737396,
        0.4499017596244812,
        -0.17484721541404724,
        -0.17201578617095947,
        0.11732374131679535,
        -0.4897158741950989,
        -0.46359214186668396,
        0.0660514384508133,
        0.42513102293014526,
        0.33635780215263367,
        0.4675476849079132,
        0.6900373697280884,
        1.1714147329330444
    ]
}