{
    "seed": 1000003,
    "theta": [
        0.0966782420873642,
        0.36775198578834534,
        -0.1324678361415863,
        0.33228009939193726,
        0.033216364681720734,
        -0.1744956374168396,
        -0.16452348232269287,
        0.019407272338867188,
        -0.012471213936805725,
        -0.2170598804950714,
        0.03985007852315903,
        0.4266524314880371,
        -0.4532023072242737,
        0.058927055448293686,
        0.06262856721878052,
        0.16635143756866455,
        0.1902342438697815,
        0.3406853675842285,
        0.28905561566352844,
        0.18115854263305664
    ],
    "x": [
        0.375407874584198,
        -0.10438752174377441,
        0.132356196641922,
        0.15961326658725739,
        0.6386622786521912,
        -0.7582537531852722,
        -0.28422147035598755,
        0.22438950836658478,
        0.36794018745422363,
        -0.10278686136007309,
        0.4931829571723938,
        0.5537760853767395,
        -0.02353006601333618,
        0.32833531498908997,
        0.2917492389678955,
        -0.30970099568367004,
        0.31828856468200684,
        0.39097025990486145,
        0.5439057350158691,
        -0.07940265536308289
    ]
}