{
    "seed": 1000005,
    "theta": [
        0.11919214576482773,
        0.49040210247039795,
        -0.2345515787601471,
        0.29933860898017883,
        -0.04337567463517189,
        -0.2097727358341217,
        -0.11310115456581116,
        0.1411258578300476,
        -0.17352375388145447,
        -0.20188909769058228,
        0.0697641521692276,
        0.3837011754512787,
        -0.2518230080604553,
        0.11576902866363525,
        0.02722381055355072,
        0.2665414810180664,
        0.30490121245384216,
        0.3833048343658447,
        0.3194064795970917,
        0.18356597423553467
    ],
    "x": [
        0.2844521999359131,
        0.21161460876464844,
        0.15563246607780457,
        0.13392657041549683,
        -0.13076388835906982,
        -0.018599167466163635,
        -0.4195416569709778,
        -0.14832726120948792,
        -0.06300928443670273,
        -0.568114697933197,
        0.152579665184021,
        0.05826789140701294,
        0.08717277646064758,
        0.49786511063575745,
        -0.16778098046779633,
        0.49278873205184937,
        0.3209189772605896,
        0.5274842381477356,
        0.6150833368301392,
        0.399924635887146
    ]
}