{
    "seed": 1000010,
    "theta": [
        -0.033937178552150726,
        0.4087851643562317,
        -0.21393916010856628,
        0.3261660933494568,
        -0.035040538758039474,
        -0.13051126897335052,
        -0.14483317732810974,
        0.21219146251678467,
        -0.07480331510305405,
        -0.1603766828775406,
        0.16715210676193237,
        0.2823876142501831,
        -0.4022457003593445,
        -0.008411817252635956,
        0.21399834752082825,
        0.26941344141960144,
        0.17495611310005188,
        0.2851563096046448,
        0.31356751918792725,
        0.1613677442073822
    ],
    "x": [
        0.22723805904388428,
        0.6329085230827332,
        -0.7100419998168945,
        0.28871673345565796,
        -0.25624358654022217,
        -1.1477985382080078,
        -0.6297826170921326,
        0.2851545512676239,
        -0.20859742164611816,
        -0.5143036246299744,
        0.11940893530845642,
        0.17375051975250244,
        -0.3519199788570404,
        -0.4669228792190552,
        0.306353896856308,
        0.6606590747833252,
        0.25619906187057495,
        0.4902437925338745,
        0.5236368179321289,
        -0.22577694058418274
    ]
}