{
    "seed": 1000000,
    "theta": [
        1.4467864036560059,
        -0.1926538050174713,
        -1.0568197965621948,
        0.4051764905452728,
        1.3614388704299927
    ],
    "x": [
        0.37679168581962585,
        0.55861496925354,
        1.0375120639801025,
        1.2655212879180908,
        0.49268466234207153,
        0.9230427145957947,
        1.0112104415893555,
        -0.6978480219841003,
        -0.39929288625717163,
        0.7514949440956116,
        1.214320182800293,
        1.2619726657867432,
        1.923819661140442,
        1.0749672651290894,
        5.0350565910339355,
        0.29761573672294617,
        -0.03692903369665146,
        0.28239017724990845,
        -0.3244311213493347,
        0.3214889168739319,
        0.9078338146209717,
        0.3801341652870178,
        -1.785459280014038,
        -0.12432823330163956,
        -0.23317642509937286,
        1.0304749011993408,
        -0.1400131732225418,
        0.2081703096628189,
        -0.37219181656837463,
        -0.5761902332305908,
        -1.3533965349197388,
        -0.41386911273002625,
        -0.24345797300338745,
        -0.2984309792518616,
        1.8389524221420288,
        -0.7726255059242249,
        -0.8302757740020752,
        -0.4030832350254059,
        -1.015264868736267,
        -1.0423533916473389,
        0.40897032618522644,
        0.47507840394973755,
        -1.6486215591430664,
        -1.2300833463668823,
        -0.50417160987854,
        -1.1338977813720703,
        -1.1610394716262817,
        -0.18822704255580902,
        -0.621457576751709,
        0.8675047755241394,
        0.3848005533218384,
        0.05598603934049606,
        -0.007324505131691694,
        -0.19837027788162231,
        -0.35801857709884644,
        -0.1832696497440338,
        -0.1845451295375824,
        0.17156143486499786,
        -7.671506881713867,
        -0.422105610370636,
        -0.30763718485832214,
        -0.7028088569641113,
        -0.13531982898712158,
        0.5448997020721436,
        0.3017328977584839,
        -0.32806578278541565,
        0.3002115786075592,
        -0.5747326016426086,
        -0.06952720135450363,
        0.008555259555578232,
        0.22619904577732086,
        0.1189751997590065,
        0.047842223197221756,
        0.22931568324565887,
        -0.1576468050479889,
        0.018668819218873978,
        -0.014264230616390705,
        -0.14165368676185608,
        0.6103857159614563,
        0.1432686746120453,
        -0.04606228321790695,
        -0.39065518975257874,
        -0.8837488293647766,
        -0.6922407150268555,
        -0.0005321413045749068,
        0.17180299758911133,
        -0.2621678411960602,
        0.13562247157096863,
        0.1632995903491974,
        -0.7030983567237854,
        0.2053644061088562,
        0.3807191252708435,
        -0.09714874625205994,
        0.010712895542383194,
        0.11666546016931534,
        -0.19294513761997223,
        -0.43606001138687134,
        -0.5907078385353088
    ]
}