{
    "seed": 1000001,
    "theta": [
        1.0211057662963867,
        -0.2914595603942871,
        -0.7073888182640076,
        0.9621466994285583,
        1.18653404712677
    ],
    "x": [
        0.2009241133928299,
        0.8256237506866455,
        0.5514113903045654,
        1.0558414459228516,
        0.6739625930786133,
        0.703690767288208,
        0.7466927766799927,
        -0.9887478351593018,
        -0.4086715579032898,
        0.007047880906611681,
        -0.2370009869337082,
        0.257251501083374,
        0.8536503911018372,
        0.5313796401023865,
        0.989429771900177,
        -0.02364867553114891,
        0.116178959608078,
        0.9104635119438171,
        1.2359129190444946,
        -0.4160831868648529,
        -0.4711809754371643,
        1.0588057041168213,
        0.026428252458572388,
        0.32485395669937134,
        0.7057290077209473,
        0.5282207727432251,
        -0.31173935532569885,
        -0.8571345210075378,
        -0.36807751655578613,
        -0.6276713013648987,
        -0.15681666135787964,
        -0.2144467532634735,
        0.3155398964881897,
        -9.685088157653809,
        -0.2429249882698059,
        -0.3958030641078949,
        -0.7341647148132324,
        -0.64423006772995,
        -1.012679100036621,
        -0.8230567574501038,
        -0.25529932975769043,
        0.7187871932983398,
        -1.4036657810211182,
        -0.45744121074676514,
        -0.8735306262969971,
        -0.5106348395347595,
        -0.7013572454452515,
        0.03289714828133583,
        0.48257386684417725,
        -0.4615485966205597,
        0.34668466448783875,
        -0.08279555290937424,
        0.09411986917257309,
        -0.5339576005935669,
        -0.28813308477401733,
        0.07099371403455734,
        0.08259487897157669,
        -0.1348753720521927,
        0.5800783634185791,
        -0.4985731840133667,
        -0.0258841123431921,
        -0.1896689087152481,
        -0.12733194231987,
        0.07751049846410751,
        0.008837061002850533,
        -0.2528502643108368,
        -0.33059099316596985,
        -0.16389065980911255,
        0.26131218671798706,
        0.022505823522806168,
        0.2876112759113312,
        0.08433227241039276,
        -0.024768324568867683,
        0.6346700191497803,
        -0.24897778034210205,
        0.29817283153533936,
        -0.20298123359680176,
        -0.5221213102340698,
        0.5592185854911804,
        0.34352192282676697,
        0.4700332283973694,
        0.562474250793457,
        0.1504497081041336,
        -0.42749184370040894,
        0.059489019215106964,
        -0.09132891893386841,
        -0.05400097742676735,
        -0.04072180017828941,
        -0.48892951011657715,
        0.898790717124939,
        -8.430216789245605,
        0.039371833205223083,
        0.15253911912441254,
        0.1833876222372055,
        0.18759573996067047,
        0.0464283749461174,
        -0.028362557291984558,
        0.041470885276794434
    ]
}