{
    "seed": 1000005,
    "theta": [
        0.5129995346069336,
        0.5467551350593567,
        -1.1010140180587769,
        -1.5177671909332275,
        -0.5328531265258789
    ],
    "x": [
        0.9094746708869934,
        0.934453010559082,
        0.5413035154342651,
        0.28990527987480164,
        0.21715205907821655,
        1.0844271183013916,
        0.8707440495491028,
        -0.6563641428947449,
        0.9628297686576843,
        0.21114762127399445,
        0.31891465187072754,
        -0.1618729829788208,
        0.3200841248035431,
        0.5871581435203552,
        -1.3377281427383423,
        0.7192226648330688,
        -0.47588419914245605,
        0.839484691619873,
        0.4924045503139496,
        0.5741458535194397,
        1.2732036113739014,
        -0.3263440728187561,
        -0.654847264289856,
        -0.22609753906726837,
        0.32867786288261414,
        0.2638378143310547,
        0.10747109353542328,
        -0.2551821172237396,
        0.1313457041978836,
        -0.08509592711925507,
        -0.055927813053131104,
        -0.947577953338623,
        -0.18587416410446167,
        0.23035278916358948,
        1.04066002368927,
        -9.360305786132812,
        -0.4048061966896057,
        -0.07680236548185349,
        -0.6145946979522705,
        -0.4855197072029114,
        -0.3736177384853363,
        -0.2036902904510498,
        -0.688759982585907,
        -0.5757848620414734,
        -0.5539939999580383,
        -0.5410376787185669,
        -0.653175950050354,
        -0.7521671056747437,
        -0.3792406916618347,
        0.5667651295661926,
        0.4282653033733368,
        1.4986357688903809,
        -0.6348145008087158,
        -0.20551763474941254,
        -0.3731093108654022,
        -4.887210845947266,
        0.5316169857978821,
        0.41460588574409485,
        0.057529106736183167,
        0.5091419816017151,
        -0.7831843495368958,
        -0.4389949142932892,
        -0.677497386932373,
        0.7530288696289062,
        0.2176007628440857,
        0.2530038058757782,
        0.31373223662376404,
        -0.28068843483924866,
        -0.2653639018535614,
        -0.9284251928329468,
        0.6161548495292664,
        1.8693844079971313,
        0.09207545220851898,
        -3.1587865352630615,
        -0.12649865448474884,
        -0.4637112021446228,
        -0.5202053189277649,
        0.5364829897880554,
        0.8235936760902405,
        0.1128508597612381,
        -0.766879677772522,
        -0.552732527256012,
        -0.24603328108787537,
        -0.8919892311096191,
        0.5412157773971558,
        0.538253903388977,
        0.5649108290672302,
        -0.029735002666711807,
        -0.1859971433877945,
        -0.3013172149658203,
        -0.45593389868736267,
        0.58678138256073,
        0.3990419805049896,
        0.38886767625808716,
        0.3191864788532257,
        -0.9193098545074463,
        -0.19485117495059967,
        -0.11286304146051407
    ]
}