{
    "seed": 1000003,
    "theta": [
        0.5408025979995728,
        0.795835018157959,
        -0.9978113770484924,
        -1.080819845199585,
        -0.3346707820892334
    ],
    "x": [
        0.3281342089176178,
        0.5782184600830078,
        0.7106266021728516,
        0.13441959023475647,
        1.2401959896087646,
        0.11836393922567368,
        0.07148867845535278,
        -0.4656495451927185,
        0.2113756388425827,
        0.7482262849807739,
        0.7320986390113831,
        0.6714493632316589,
        0.7411260604858398,
        0.724181592464447,
        0.26389697194099426,
        0.6619749665260315,
        0.008062915876507759,
        -0.4348272681236267,
        0.7380658984184265,
        0.06562314182519913,
        0.34184959530830383,
        -0.21787790954113007,
        -0.5045279264450073,
        0.5558691620826721,
        -0.3803708851337433,
        0.1448977142572403,
        0.15286384522914886,
        -0.009895763359963894,
        -0.4535527527332306,
        0.4291190207004547,
        -0.3536151647567749,
        -0.6263838410377502,
        -0.32273316383361816,
        0.483310729265213,
        0.3884800970554352,
        -0.3728667199611664,
        0.10991930216550827,
        -0.2319740355014801,
        -0.121057890355587,
        0.39474278688430786,
        0.0039524477906525135,
        -0.14504583179950714,
        -0.4027712643146515,
        -0.45226362347602844,
        -0.004261287860572338,
        -0.8260181546211243,
        -0.40737438201904297,
        -0.09704974293708801,
        -0.7929550409317017,
        1.2288967370986938,
        0.25579705834388733,
        0.05987919121980667,
        -0.46706947684288025,
        -0.838765561580658,
        -0.7144315242767334,
        0.009130952879786491,
        0.8327212929725647,
        0.6902972459793091,
        0.1531779170036316,
        0.01551829557865858,
        0.07665679603815079,
        -0.7681781649589539,
        -0.922385036945343,
        0.44781896471977234,
        0.5257167816162109,
        0.2221711277961731,
        -0.5297084450721741,
        -0.9056551456451416,
        -0.23382289707660675,
        -0.6748587489128113,
        0.9055179953575134,
        0.5201218128204346,
        0.47506454586982727,
        -0.13265761733055115,
        0.3772449791431427,
        -0.6064265966415405,
        -0.7237076759338379,
        1.0780514478683472,
        0.8736662268638611,
        0.7445229887962341,
        -0.39343735575675964,
        -0.16336235404014587,
        -0.6471917629241943,
        -0.4286971390247345,
        1.1440610885620117,
        0.5554880499839783,
        0.4530242681503296,
        0.05640830099582672,
        -0.29205000400543213,
        -0.44492578506469727,
        -0.6740977764129639,
        0.9309846758842468,
        0.5233890414237976,
        0.009830236434936523,
        0.31110909581184387,
        0.7631785869598389,
        -0.1863275021314621,
        -0.8375195860862732
    ]
}