{
    "seed": 1000004,
    "theta": [
        1.7652969360351562,
        -0.29376956820487976,
        -1.3314611911773682,
        0.7666817307472229,
        1.4801921844482422
    ],
    "x": [
        0.8237566351890564,
        0.6428083181381226,
        0.5375184416770935,
        2.059095621109009,
        1.244421362876892,
        1.6703580617904663,
        0.863132655620575,
        -0.5521032810211182,
        0.17314884066581726,
        0.5591081380844116,
        -1.505893349647522,
        1.0055935382843018,
        1.5935146808624268,
        1.4611512422561646,
        -0.446171373128891,
        0.991859495639801,
        2.7771198749542236,
        0.6198896169662476,
        1.687083125114441,
        0.5079749226570129,
        0.8591382503509521,
        -1.103163242340088,
        0.6920232772827148,
        -1.049936294555664,
        -0.2370125651359558,
        0.7334093451499939,
        0.826415479183197,
        0.5264963507652283,
        -0.6000306010246277,
        -0.2406834214925766,
        -0.9798775911331177,
        -0.9788873195648193,
        -0.46857473254203796,
        0.2568768858909607,
        0.6201226711273193,
        -1.0184186697006226,
        -0.48458680510520935,
        -1.2384892702102661,
        -1.3171988725662231,
        -0.5126186013221741,
        -0.8587774634361267,
        1.045529842376709,
        -1.3554296493530273,
        -1.4123051166534424,
        -1.2697162628173828,
        -1.3801852464675903,
        -1.4261698722839355,
        -0.7088656425476074,
        -0.40067893266677856,
        0.23333516716957092,
        0.4768223762512207,
        0.25360608100891113,
        -0.8645186424255371,
        -0.18342335522174835,
        -0.5968445539474487,
        -0.17047065496444702,
        0.27731621265411377,
        0.7412551641464233,
        0.9648669958114624,
        -0.5810786485671997,
        -0.13932755589485168,
        -7.465919494628906,
        -0.5433789491653442,
        0.3437466025352478,
        0.31034085154533386,
        0.5311185717582703,
        0.25298452377319336,
        -0.5563778877258301,
        -0.456909716129303,
        -0.5168800354003906,
        0.5190053582191467,
        0.6605774760246277,
        0.6992392539978027,
        0.19950814545154572,
        -0.08477074652910233,
        -0.7874513864517212,
        -0.4638293981552124,
        0.8572787046432495,
        0.648212730884552,
        0.32683706283569336,
        8.440900802612305,
        -0.7861346006393433,
        -0.0511600486934185,
        -0.4066925346851349,
        0.41248056292533875,
        0.5967097282409668,
        0.09495481848716736,
        0.1712697148323059,
        -0.5401926636695862,
        -0.2715924382209778,
        -0.9220868945121765,
        0.3067598044872284,
        0.20714394748210907,
        0.11651641130447388,
        0.5503244996070862,
        -0.1255529373884201,
        -1.01871657371521,
        -0.5397472977638245
    ]
}