{
    "seed": 1000012,
    "theta": [
        1.071117877960205,
        -0.6168371438980103,
        -1.0662102699279785,
        0.39833661913871765,
        0.8545125722885132
    ],
    "x": [
        -0.3756382167339325,
        0.30990591645240784,
        0.7984766364097595,
        0.38478174805641174,
        0.918595016002655,
        0.8110659122467041,
        1.2089225053787231,
        -0.012073676101863384,
        -0.11271306127309799,
        0.6297599673271179,
        -0.11291994154453278,
        0.1072719618678093,
        0.3395273983478546,
        0.6196475028991699,
        0.7376389503479004,
        -0.9809092283248901,
        -0.45586347579956055,
        0.7589155435562134,
        0.883013904094696,
        0.6958503723144531,
        0.9127791523933411,
        0.21336011588573456,
        -1.7461628913879395,
        -0.5680978894233704,
        0.13223788142204285,
        0.27067166566848755,
        0.09781298041343689,
        -0.49581366777420044,
        -0.7062088251113892,
        -0.1204347312450409,
        0.3944259285926819,
        0.6964728832244873,
        0.3843754827976227,
        0.7177515625953674,
        0.45874959230422974,
        -0.16510656476020813,
        -0.8888246417045593,
        -0.9320110082626343,
        -1.3172870874404907,
        -0.28735464811325073,
        0.3976491391658783,
        1.0055943727493286,
        -0.9960008263587952,
        -0.5409082174301147,
        -1.2903927564620972,
        -0.7981284856796265,
        -0.8663944602012634,
        -0.5155395269393921,
        0.2818715274333954,
        0.38097432255744934,
        0.3163414001464844,
        -0.02295527048408985,
        0.5242810249328613,
        -0.5198119282722473,
        0.1630147397518158,
        0.4283830225467682,
        -0.34294748306274414,
        -0.2309231162071228,
        0.06563359498977661,
        0.5779015421867371,
        -0.28860437870025635,
        -0.06550928205251694,
        -0.06908179819583893,
        -0.6648407578468323,
        0.05161379650235176,
        -0.1204393208026886,
        0.03953171148896217,
        -0.08303403109312057,
        0.16955281794071198,
        0.0954800620675087,
        0.06862025707960129,
        -0.5789206624031067,
        -0.4776166081428528,
        0.08437062799930573,
        0.3901437819004059,
        -0.4444730579853058,
        0.14824868738651276,
        -0.3619367480278015,
        -0.028353823348879814,
        -0.15896548330783844,
        -0.7203683257102966,
        0.049238964915275574,
        0.02105080895125866,
        -0.4967975318431854,
        0.300858736038208,
        0.4444822669029236,
        -0.1686018407344818,
        -0.6457542777061462,
        -0.1551971137523651,
        -0.5567649602890015,
        -0.37599217891693115,
        -0.07392461597919464,
        -0.15513038635253906,
        -0.4808497130870819,
        -0.07265564054250717,
        0.06733765453100204,
        -0.4422895014286041,
        0.28223732113838196
    ]
}