{
    "seed": 1000010,
    "theta": [
        0.47149619460105896,
        0.8609097003936768,
        -1.3501754999160767,
        -1.6608922481536865,
        -0.48205146193504333
    ],
    "x": [
        0.277022123336792,
        0.21679803729057312,
        0.9086526036262512,
        0.5674651265144348,
        0.7109519243240356,
        0.5803864002227783,
        0.8307806849479675,
        0.15045185387134552,
        0.29825061559677124,
        0.3861124515533447,
        0.480183482170105,
        0.4790060222148895,
        0.2712617814540863,
        0.7916300892829895,
        -0.10352610051631927,
        0.7631657123565674,
        0.2987205982208252,
        0.3762657940387726,
        0.807966947555542,
        -0.2833139896392822,
        0.46507832407951355,
        -0.015832580626010895,
        -0.33210432529449463,
        0.6015436053276062,
        -0.0015476001426577568,
        0.3095932900905609,
        0.7973445653915405,
        -0.16433089971542358,
        -0.04927181079983711,
        -0.2526285946369171,
        -0.4270496368408203,
        0.2819536328315735,
        -0.8461852669715881,
        0.1712786704301834,
        -0.13620859384536743,
        -0.6778199076652527,
        -0.9160839319229126,
        -0.3400319814682007,
        -0.16547250747680664,
        -0.787407636642456,
        -0.47325780987739563,
        -7.011927604675293,
        -0.8325173854827881,
        -0.6577024459838867,
        -0.821530282497406,
        -0.9327322244644165,
        -0.9606613516807556,
        -0.6146066784858704,
        -0.4353202283382416,
        0.6724649667739868,
        1.1208926439285278,
        -0.3457089960575104,
        -0.011333199217915535,
        -0.9126047492027283,
        -0.9801244735717773,
        -1.246968150138855,
        1.0010201930999756,
        0.9518826007843018,
        -0.047686684876680374,
        -6.654251575469971,
        -0.30092084407806396,
        -0.4832783341407776,
        -1.2829539775848389,
        1.0920019149780273,
        0.8803733587265015,
        0.3124188184738159,
        0.3381524085998535,
        -0.6070599555969238,
        -0.8306088447570801,
        -0.8464860320091248,
        1.0490808486938477,
        0.6717214584350586,
        0.09383182972669601,
        -0.11709922552108765,
        -0.015808744356036186,
        -1.0726474523544312,
        -1.4214342832565308,
        0.7038513422012329,
        1.000432014465332,
        0.23964975774288177,
        -0.28157079219818115,
        0.012282077223062515,
        -1.106358528137207,
        -1.314977765083313,
        0.7668564319610596,
        1.2979553937911987,
        0.18001161515712738,
        0.07247132062911987,
        -0.3347235321998596,
        -0.5652221441268921,
        -0.9994810819625854,
        1.1762949228286743,
        0.6331645846366882,
        0.5774298906326294,
        -0.3988209366798401,
        -1.3107231855392456,
        -0.3404577374458313,
        -0.5750601887702942
    ]
}