{
    "seed": 1000009,
    "theta": [
        0.41680920124053955,
        0.7020156979560852,
        -1.1835110187530518,
        -1.1215240955352783,
        -0.49599388241767883
    ],
    "x": [
        0.5852558612823486,
        0.30887553095817566,
        0.8068516850471497,
        1.2558614015579224,
        -0.15334472060203552,
        0.758162796497345,
        0.8335191607475281,
        -0.3939680755138397,
        -0.06889792531728745,
        0.7780492901802063,
        0.5482456088066101,
        0.6201732158660889,
        0.3162771165370941,
        0.2797684669494629,
        -1.533355951309204,
        0.07745391130447388,
        0.2681184709072113,
        -0.11094032227993011,
        -0.40763014554977417,
        -0.5187315940856934,
        0.11527875065803528,
        -0.3885442018508911,
        0.2841382324695587,
        -0.16276118159294128,
        -0.12543949484825134,
        0.05614490061998367,
        -0.027313653379678726,
        -0.14298878610134125,
        -0.03046022169291973,
        -0.44104668498039246,
        -0.6143746376037598,
        -0.066421739757061,
        -0.6701148748397827,
        0.05346988886594772,
        0.7849617004394531,
        -0.14887939393520355,
        -0.7988438010215759,
        -0.14311133325099945,
        -0.4501521587371826,
        0.3652536869049072,
        -0.607912003993988,
        0.05218292400240898,
        -0.5859812498092651,
        -0.10284309089183807,
        -0.34732314944267273,
        -0.4756990075111389,
        -0.9400445222854614,
        -0.7803183794021606,
        -0.2692657709121704,
        0.47496140003204346,
        0.3325529098510742,
        0.27029579877853394,
        -0.2789797782897949,
        -0.3271118700504303,
        -0.6109495162963867,
        -0.7269983291625977,
        1.1574034690856934,
        0.49393683671951294,
        0.36953356862068176,
        0.0814703032374382,
        -0.39614197611808777,
        -0.5938656330108643,
        -0.9392284750938416,
        1.3671725988388062,
        0.7430114150047302,
        0.3954401910305023,
        -0.4027995467185974,
        -0.34839674830436707,
        -0.7380543351173401,
        -1.4879987239837646,
        0.6718462109565735,
        0.46559417247772217,
        0.9261243939399719,
        -0.05508960410952568,
        -0.34568217396736145,
        -0.6351011991500854,
        -0.9905902743339539,
        0.8795102834701538,
        0.5844883322715759,
        0.30608153343200684,
        0.11974260210990906,
        -0.8121957182884216,
        -0.4012117385864258,
        -1.0399391651153564,
        0.9110219478607178,
        0.9064574837684631,
        -0.30150604248046875,
        0.12301260232925415,
        -0.3544410169124603,
        -0.7332320213317871,
        -0.9057894945144653,
        0.7305320501327515,
        0.4202250838279724,
        0.45321714878082275,
        -0.3395010828971863,
        -0.029353350400924683,
        -0.6363587975502014,
        -0.759446918964386
    ]
}