{
    "seed": 1000001,
    "theta": [
        -0.27169036865234375,
        0.052567362785339355,
        0.14865872263908386,
        0.2705545723438263,
        -0.3741820752620697,
        -0.17885062098503113,
        0.4092217683792114,
        0.3731481730937958,
        -0.33178114891052246,
        0.09919989854097366
    ],
    "x": [
        0.5962502956390381,
        0.01873026043176651,
        0.07064202427864075,
        0.3792603313922882,
        -0.16853542625904083,
        -0.2590676546096802,
        0.633804976940155,
        -0.6444088220596313,
        -0.5112084150314331,
        -0.3188188374042511
    ]
}