{
    "seed": 1000003,
    "theta": [
        -0.30713245272636414,
        0.1716274917125702,
        0.19250278174877167,
        0.457241952419281,
        -0.37258487939834595,
        -0.22325316071510315,
        0.31453415751457214,
        0.4673513174057007,
        -0.32883256673812866,
        0.04285524785518646
    ],
    "x": [
        -0.5507685542106628,
        -0.4160124361515045,
        0.07644963264465332,
        0.5061625242233276,
        -0.5933645963668823,
        -0.07959882915019989,
        -0.15417787432670593,
        0.49458178877830505,
        -0.5805931687355042,
        0.05616523325443268
    ]
}