{
    "seed": 1000012,
    "theta": [
        -0.3813619613647461,
        0.15197622776031494,
        0.2678196430206299,
        0.3387470245361328,
        -0.4248024821281433,
        -0.16402631998062134,
        0.3660164475440979,
        0.3079493045806885,
        -0.40902143716812134,
        0.019359176978468895
    ],
    "x": [
        -0.3624574542045593,
        -0.22618907690048218,
        0.48183417320251465,
        0.20482732355594635,
        -0.5254446864128113,
        0.3733043670654297,
        -0.21419471502304077,
        0.05591350793838501,
        -0.5398358702659607,
        -0.030753107741475105
    ]
}