{
    "seed": 1000002,
    "theta": [
        -0.26501181721687317,
        0.060671914368867874,
        0.20531180500984192,
        0.36440908908843994,
        -0.36336827278137207,
        -0.1832340955734253,
        0.3698025345802307,
        0.44026970863342285,
        -0.1946096271276474,
        0.09966030716896057
    ],
    "x": [
        -0.22967928647994995,
        0.2795618176460266,
        0.6514068245887756,
        0.8713483214378357,
        -0.23551002144813538,
        -0.3598588705062866,
        -0.2786615490913391,
        0.2969774007797241,
        -0.13380594551563263,
        -0.14559100568294525
    ]
}