{
    "seed": 1000004,
    "theta": [
        0.032837219536304474,
        0.06803739070892334,
        0.16532397270202637,
        0.35615015029907227,
        -0.2904634475708008,
        0.08426322042942047,
        -0.2972124218940735,
        -0.1908777505159378,
        -0.2342962920665741,
        -0.3921884000301361
    ],
    "x": [
        -0.4298570156097412,
        0.6702628135681152,
        -0.3788681626319885,
        0.4985993504524231,
        -0.2349417507648468,
        -0.180397167801857,
        0.1686326265335083,
        -0.23474153876304626,
        -0.6440694332122803,
        -0.229159414768219
    ]
}