{
    "seed": 1000008,
    "theta": [
        -0.30848589539527893,
        0.1133602187037468,
        0.22125238180160522,
        0.3676551282405853,
        -0.2948571443557739,
        -0.1393958032131195,
        0.49088847637176514,
        0.3709535300731659,
        -0.2397410273551941,
        0.0062553733587265015
    ],
    "x": [
        -0.31616178154945374,
        -0.2878682613372803,
        0.012754127383232117,
        0.391388475894928,
        -0.5215935707092285,
        0.2831821143627167,
        0.0596671998500824,
        0.3031933307647705,
        -0.3268994688987732,
        0.3245011568069458
    ]
}