{
    "seed": 1000009,
    "theta": [
        0.11417855322360992,
        0.13918648660182953,
        0.2568661868572235,
        0.3589974045753479,
        -0.14838369190692902,
        0.04436282813549042,
        -0.23768672347068787,
        -0.17686811089515686,
        -0.24853026866912842,
        -0.25525593757629395
    ],
    "x": [
        -0.14003317058086395,
        0.05822284519672394,
        0.16027593612670898,
        0.4908788800239563,
        -0.2931663393974304,
        0.0683642104268074,
        -0.6709155440330505,
        -0.07647830247879028,
        0.08659613132476807,
        0.021104633808135986
    ]
}