{
    "seed": 1000003,
    "theta": [
        1.0832772254943848,
        -0.4231185019016266,
        -0.3110261559486389,
        -0.5232844352722168,
        0.42466554045677185
    ],
    "x": [
        -0.46617308259010315,
        0.28363898396492004,
        0.7602095603942871,
        -0.20709361135959625,
        1.2753422260284424,
        -0.2257973551750183,
        -0.2967897057533264,
        -1.3142986297607422,
        -0.31717899441719055,
        0.6392911076545715,
        0.8864908218383789,
        0.6104532480239868,
        0.7042329907417297,
        0.6813780069351196,
        0.37003093957901,
        0.7416055798530579,
        -0.3261863887310028,
        -0.5936622619628906,
        0.9467151761054993,
        -0.06923077255487442,
        0.3088845908641815,
        -0.26633453369140625,
        -0.8311811685562134,
        0.7164046764373779,
        -0.460689902305603,
        0.45110711455345154,
        0.13605062663555145,
        -0.0035052213352173567,
        -0.4488809108734131,
        0.7285743355751038,
        -0.35550734400749207,
        -0.8728046417236328,
        -0.04952726513147354,
        1.0868924856185913,
        0.19326958060264587,
        -0.21130958199501038,
        0.4303937256336212,
        -0.024025466293096542,
        0.019251558929681778,
        0.45716163516044617,
        0.5629310607910156,
        0.6323226094245911,
        -0.14548064768314362,
        -0.2183309644460678,
        0.3871247172355652,
        -0.7610706090927124,
        -0.2953515648841858,
        0.228598952293396,
        -0.20770792663097382,
        0.39704692363739014,
        -0.21004019677639008,
        -0.045285582542419434,
        -0.3365623950958252,
        -0.38066720962524414,
        0.06445842236280441,
        1.0229384899139404,
        -0.058937229216098785,
        0.13347961008548737,
        -0.11533220112323761,
        0.028183599933981895,
        0.5151692032814026,
        0.04517924413084984,
        0.09695771336555481,
        -0.7868775725364685,
        -0.34911373257637024,
        -0.15495185554027557,
        -0.49682924151420593,
        -0.41040533781051636,
        0.5552176833152771,
        0.34987911581993103,
        -0.12283774465322495,
        -0.29368308186531067,
        0.0027695512399077415,
        -0.13548792898654938,
        0.8160752058029175,
        0.21966828405857086,
        0.290027916431427,
        0.05554164573550224,
        0.07117564976215363,
        0.27862104773521423,
        -0.39292454719543457,
        0.21893367171287537,
        0.22951237857341766,
        0.5802412629127502,
        0.12872889637947083,
        -0.23625288903713226,
        -0.004154546651989222,
        0.037384044378995895,
        -0.03493509069085121,
        0.09832578152418137,
        0.16492320597171783,
        -0.08211410790681839,
        -0.2703630328178406,
        -0.4325214922428131,
        0.2394590824842453,
        0.7631785869598389,
        0.3563373386859894,
        -0.2025710493326187
    ]
}