{
    "seed": 1000002,
    "theta": [
        1.4598345756530762,
        0.08247330784797668,
        0.14702385663986206,
        -0.4523719549179077,
        -0.4528210759162903
    ],
    "x": [
        -0.1541828215122223,
        -0.2198658585548401,
        0.27018067240715027,
        -0.11835800111293793,
        0.09250673651695251,
        0.3669501543045044,
        -0.4202624261379242,
        -0.30208736658096313,
        0.6681822538375854,
        0.270536869764328,
        -0.0030128550715744495,
        -0.06866279244422913,
        0.41446736454963684,
        0.01008280273526907,
        -0.24311664700508118,
        1.4352620840072632,
        0.11662669479846954,
        -0.3571605682373047,
        0.375529944896698,
        0.14718875288963318,
        0.16517572104930878,
        -0.36291611194610596,
        -1.1006470918655396,
        -0.5789550542831421,
        -0.4229781925678253,
        0.18209008872509003,
        1.1072922945022583,
        -0.47348248958587646,
        0.4821746349334717,
        -0.8644463419914246,
        0.21236681938171387,
        -0.11275818198919296,
        -0.5592206120491028,
        -0.19983753561973572,
        0.41989874839782715,
        -1.1467626094818115,
        -0.0991378203034401,
        -0.19921354949474335,
        0.9779940247535706,
        -0.7492968440055847,
        -0.25936341285705566,
        1.4112292528152466,
        -1.3310564756393433,
        0.7565640807151794,
        -0.15121716260910034,
        0.5933905243873596,
        -0.44410380721092224,
        0.42985060811042786,
        0.37834909558296204,
        0.0008188813808374107,
        0.5288130044937134,
        -0.011274262331426144,
        0.15044309198856354,
        -0.00643387483432889,
        0.206088587641716,
        0.1351340264081955,
        -0.13877078890800476,
        0.0013821289176121354,
        -0.33852753043174744,
        -0.22134602069854736,
        0.8617526888847351,
        -0.24014239013195038,
        0.2186412215232849,
        -0.6303082704544067,
        -0.9694494605064392,
        -0.12385081499814987,
        0.7962921261787415,
        -0.29994848370552063,
        0.06154315546154976,
        0.9887504577636719,
        -0.6307405233383179,
        0.14831361174583435,
        -0.17985117435455322,
        -0.046553775668144226,
        0.8223719000816345,
        0.20323020219802856,
        0.5332255363464355,
        -1.0189385414123535,
        0.00597169017419219,
        -0.5351213812828064,
        -0.07534925639629364,
        0.3698559105396271,
        0.004265669733285904,
        -0.1263933777809143,
        -0.07016310095787048,
        0.5260149836540222,
        -1.1129628419876099,
        0.040257588028907776,
        -0.11384155601263046,
        0.3084832727909088,
        0.29010090231895447,
        -0.5241043567657471,
        -0.4002848267555237,
        -0.3399406671524048,
        -0.2706257998943329,
        0.7422988414764404,
        -0.21973426640033722,
        -0.01603744924068451
    ]
}