{
    "seed": 1000004,
    "theta": [
        1.2251150608062744,
        -0.45045486092567444,
        -0.04849579930305481,
        -0.07230678200721741,
        0.0794336199760437
    ],
    "x": [
        0.2744424343109131,
        0.09519486874341965,
        -0.4096299409866333,
        0.9622571468353271,
        -0.0699836015701294,
        0.823138952255249,
        -0.6234708428382874,
        -1.1223173141479492,
        -0.23887421190738678,
        0.05488216504454613,
        -1.505893349647522,
        0.0038510276935994625,
        1.058281421661377,
        0.9868153929710388,
        0.26580601930618286,
        1.1122573614120483,
        2.7771198749542236,
        0.5253133177757263,
        1.3730794191360474,
        -0.0016292649088427424,
        0.5225846767425537,
        -0.5455998778343201,
        1.0716252326965332,
        -0.7917819023132324,
        -0.4096668064594269,
        0.08440380543470383,
        0.32375138998031616,
        0.24763056635856628,
        -0.4055578410625458,
        0.3833010792732239,
        -0.6194012761116028,
        -0.8595695495605469,
        -0.7572780847549438,
        -0.45580577850341797,
        -0.19392944872379303,
        -0.0512579083442688,
        0.8195907473564148,
        -0.4365936517715454,
        -0.3072819411754608,
        -0.1324419528245926,
        -0.9664251804351807,
        1.3634802103042603,
        -0.2901709973812103,
        -0.30664753913879395,
        0.03465999662876129,
        -0.3477325141429901,
        0.12193041294813156,
        -0.046377718448638916,
        0.3733808994293213,
        -0.5012404918670654,
        -0.1458897888660431,
        -0.09752000123262405,
        -0.5549036264419556,
        0.17472507059574127,
        -0.0023539031390100718,
        0.6365272998809814,
        -0.3534095287322998,
        0.23117320239543915,
        0.6035950779914856,
        -0.7899450659751892,
        0.25752177834510803,
        -7.465919494628906,
        0.17769703269004822,
        -0.5841088891029358,
        -0.17721885442733765,
        0.22361761331558228,
        0.4865316152572632,
        -0.19658857583999634,
        0.1725413203239441,
        0.24904616177082062,
        -0.24331332743167877,
        0.03869859129190445,
        0.4193360507488251,
        0.3319209814071655,
        0.3294638693332672,
        -0.23696857690811157,
        0.2453712373971939,
        0.17784325778484344,
        0.07176485657691956,
        0.07241398096084595,
        8.440900802612305,
        -0.6087934970855713,
        0.6147627830505371,
        0.35405272245407104,
        -0.3544619381427765,
        0.10425106436014175,
        -0.34746941924095154,
        0.07364513725042343,
        -0.360601007938385,
        0.292853444814682,
        -0.16344214975833893,
        -0.48522114753723145,
        -0.5027462840080261,
        -0.30096158385276794,
        0.513965904712677,
        0.2760327458381653,
        -0.5166454911231995,
        0.13418787717819214
    ]
}