{
    "seed": 1000008,
    "theta": [
        0.06394562125205994,
        0.005752816796302795,
        -0.6493479013442993,
        -0.6366937756538391,
        0.5123264789581299
    ],
    "x": [
        0.25910457968711853,
        0.4798339605331421,
        0.09817148745059967,
        0.10695745795965195,
        -0.05866602808237076,
        -0.2223096489906311,
        0.23116645216941833,
        -0.2844640910625458,
        0.13023334741592407,
        0.3856925964355469,
        -0.016597459092736244,
        -0.06432509422302246,
        0.24807921051979065,
        0.5489999651908875,
        0.4319568872451782,
        0.8086543083190918,
        0.07205528020858765,
        0.2432575225830078,
        0.11279717832803726,
        0.0739886537194252,
        -4.17354154586792,
        -0.9173319339752197,
        -0.1682143211364746,
        -0.012074770405888557,
        -0.3731001317501068,
        -0.5990649461746216,
        -0.3959323465824127,
        0.9609648585319519,
        0.5530506372451782,
        0.059692446142435074,
        0.7826323509216309,
        -0.34941259026527405,
        -0.14572417736053467,
        0.41359439492225647,
        -0.4565562903881073,
        0.29043421149253845,
        -0.16406822204589844,
        -0.018929794430732727,
        -0.3928719162940979,
        -0.3789442777633667,
        0.0035920043010264635,
        -0.05935347080230713,
        -0.3457702696323395,
        -0.287526935338974,
        -0.3297669589519501,
        -0.2221072018146515,
        -0.2675301432609558,
        0.36418551206588745,
        0.2337043583393097,
        0.095620296895504,
        0.39921730756759644,
        -0.5244728922843933,
        0.3120918273925781,
        7.901585578918457,
        -0.05947396531701088,
        -0.31828150153160095,
        -0.565086305141449,
        0.6380620002746582,
        -0.4389847218990326,
        0.5221733450889587,
        -0.0070063089951872826,
        0.4835253059864044,
        -0.22761984169483185,
        0.2612844407558441,
        0.2897338569164276,
        -0.052085477858781815,
        0.38473549485206604,
        0.10516521334648132,
        -0.6002224087715149,
        0.2563778758049011,
        -0.02952735871076584,
        -0.5029878616333008,
        0.20042350888252258,
        0.6967675089836121,
        0.2102813869714737,
        -0.0783023089170456,
        -0.08651314675807953,
        0.22972829639911652,
        0.06500007957220078,
        0.2711028456687927,
        0.3397388458251953,
        -0.09495221078395844,
        -0.04875241219997406,
        0.28495654463768005,
        0.003915851470082998,
        0.03437592461705208,
        0.40154945850372314,
        0.14162421226501465,
        0.05304552987217903,
        -0.13842087984085083,
        -0.2657230496406555,
        -0.307371586561203,
        0.22824668884277344,
        0.9077671766281128,
        -0.035134658217430115,
        0.3320678472518921,
        0.005631728563457727,
        -0.33982613682746887
    ]
}