{
    "seed": 1000001,
    "theta": [
        0.028793945908546448,
        0.19731909036636353,
        0.038705602288246155,
        -0.22382120788097382,
        0.21756772696971893,
        0.024818748235702515,
        -0.32992443442344666,
        -0.28599560260772705,
        0.011244788765907288,
        -0.25635695457458496
    ],
    "x": [
        -0.401070237159729,
        -0.12230044603347778,
        0.1242002621293068,
        -0.06763836741447449,
        0.8928680419921875,
        0.01416761614382267,
        0.26376602053642273,
        0.5043617486953735,
        0.24273568391799927,
        -0.21336248517036438
    ]
}