{
    "seed": 1000002,
    "theta": [
        0.11463974416255951,
        0.2117687463760376,
        -0.013816259801387787,
        -0.16476400196552277,
        0.2493855357170105,
        0.1495104432106018,
        -0.32285284996032715,
        -0.25516384840011597,
        -0.07025949656963348,
        -0.4158112704753876
    ],
    "x": [
        -0.17091749608516693,
        -0.4177151918411255,
        -0.014587551355361938,
        -0.748292088508606,
        0.21057656407356262,
        0.1491260975599289,
        -0.43851256370544434,
        -0.2979952394962311,
        -0.24694813787937164,
        -0.2740340828895569
    ]
}