{
    "seed": 1000000,
    "theta": [
        0.01852710172533989,
        0.42896726727485657,
        0.10484784841537476,
        -0.28121262788772583,
        0.06372980773448944,
        0.06492126733064651,
        -0.40145376324653625,
        -0.1992253065109253,
        -0.10401137173175812,
        -0.2134069949388504
    ],
    "x": [
        0.7938194274902344,
        0.309343159198761,
        -0.3032298684120178,
        -0.21114662289619446,
        -0.11989849805831909,
        0.03270028904080391,
        -0.09772375226020813,
        -0.3277047276496887,
        -0.35345882177352905,
        -0.23802748322486877
    ]
}