{
    "seed": 1000003,
    "theta": [
        0.0075742751359939575,
        0.12736694514751434,
        0.055353738367557526,
        -0.3601805567741394,
        0.19918909668922424,
        0.12426922470331192,
        -0.45328599214553833,
        -0.10937689989805222,
        -0.1484144926071167,
        -0.4078751504421234
    ],
    "x": [
        0.06035911291837692,
        0.08260536938905716,
        -0.6761764883995056,
        -0.5455915331840515,
        0.046965017914772034,
        -0.007061339914798737,
        -1.1621978282928467,
        -0.31407955288887024,
        0.15244758129119873,
        -0.3536417484283447
    ]
}