{
    "seed": 1000005,
    "theta": [
        -0.06342746317386627,
        0.30283477902412415,
        0.17672890424728394,
        -0.297687828540802,
        0.2623819410800934,
        0.043124936521053314,
        -0.31236299872398376,
        -0.12718714773654938,
        -0.16643765568733215,
        -0.26682817935943604
    ],
    "x": [
        0.37811094522476196,
        0.35422763228416443,
        0.059769026935100555,
        -0.8018062114715576,
        -0.01477581262588501,
        0.3701842427253723,
        -0.7860386967658997,
        0.35181188583374023,
        -0.017439842224121094,
        -0.5089696645736694
    ]
}