{
    "seed": 1000004,
    "theta": [
        -0.06763935089111328,
        0.2764493525028229,
        0.06616631150245667,
        -0.21524520218372345,
        0.19776281714439392,
        0.026971761137247086,
        -0.22088280320167542,
        -0.1520089954137802,
        -0.07908375561237335,
        -0.23971758782863617
    ],
    "x": [
        0.1776120513677597,
        0.5978600382804871,
        -0.03476793318986893,
        -0.740263819694519,
        0.20529411733150482,
        -0.40564480423927307,
        -0.34016183018684387,
        0.1321764439344406,
        0.387873113155365,
        -0.04310248792171478
    ]
}