{
    "seed": 1000012,
    "theta": [
        0.0038992762565612793,
        0.475532591342926,
        0.006761200726032257,
        -0.3586999773979187,
        0.20590783655643463,
        0.019289232790470123,
        -0.27800610661506653,
        -0.18469654023647308,
        -0.10679271817207336,
        -0.36293476819992065
    ],
    "x": [
        0.08220839500427246,
        0.7429171204566956,
        0.03313630819320679,
        -0.24618922173976898,
        0.32288748025894165,
        -0.31637412309646606,
        -0.424868106842041,
        0.08113135397434235,
        -0.38331398367881775,
        0.023460209369659424
    ]
}