{
    "seed": 1000009,
    "theta": [
        0.3330942392349243,
        0.18913476169109344,
        0.3076817989349365,
        0.15256533026695251,
        -0.36763501167297363,
        0.17049044370651245,
        -0.2510398328304291,
        0.1407766342163086,
        0.20144879817962646,
        0.18420344591140747
    ],
    "x": [
        0.5542358160018921,
        0.9273983240127563,
        0.17628443241119385,
        0.6135494709014893,
        -0.675025224685669,
        0.7503629922866821,
        -0.4279537796974182,
        0.4187239110469818,
        0.47126004099845886,
        -0.17538964748382568
    ]
}