{
    "seed": 1000012,
    "theta": [
        0.33009326457977295,
        0.39957931637763977,
        0.16792304813861847,
        0.02061072736978531,
        -0.29117250442504883,
        0.1320253163576126,
        -0.16448386013507843,
        0.08381125330924988,
        0.15137970447540283,
        0.1940615475177765
    ],
    "x": [
        0.40840238332748413,
        0.6669638156890869,
        0.1942981630563736,
        0.13312149047851562,
        -0.174192875623703,
        -0.20363803207874298,
        -0.3113458752632141,
        0.3496391475200653,
        -0.12514156103134155,
        0.5804564952850342
    ]
}