{
    "seed": 1000000,
    "theta": [
        0.34472107887268066,
        0.3530139923095703,
        0.26600968837738037,
        0.09809806942939758,
        -0.433350533246994,
        0.177657350897789,
        -0.28793150186538696,
        0.06928247213363647,
        0.15416105091571808,
        0.34358930587768555
    ],
    "x": [
        1.1200134754180908,
        0.23338988423347473,
        -0.1420680284500122,
        0.16816407442092896,
        -0.6169788241386414,
        0.1454363763332367,
        0.015798509120941162,
        -0.05919693410396576,
        -0.09528641402721405,
        0.318968802690506
    ]
}