{
    "seed": 1000009,
    "theta": [
        0.5583651661872864,
        0.8126214742660522,
        0.6486882567405701,
        0.44500988721847534
    ],
    "x": [
        0.9751508235931396,
        0.9698371887207031,
        0.7086184024810791,
        0.9421010613441467,
        0.8289267420768738,
        0.923140823841095,
        0.8239974975585938,
        0.9223504662513733,
        0.7120265960693359,
        0.7173517942428589,
        0.8191331028938293,
        0.6005167365074158,
        0.6693676114082336,
        0.7868574857711792,
        0.6487178802490234,
        0.684127151966095,
        0.669500470161438,
        0.6655852198600769,
        0.5808324217796326,
        0.6886857151985168,
        0.5643393397331238,
        0.5631360411643982,
        0.46613946557044983,
        0.5796279907226562,
        0.4509788453578949,
        0.5939682126045227,
        0.39767125248908997,
        0.5705859065055847,
        0.4449551999568939,
        0.5185738801956177,
        0.5780691504478455,
        0.44866257905960083,
        0.5377846956253052,
        0.49955496191978455,
        0.49972596764564514,
        0.4395968019962311,
        0.440027117729187,
        0.2734750211238861,
        0.44210460782051086,
        0.25502803921699524,
        0.4760321378707886,
        0.4872964322566986,
        0.43282878398895264,
        0.5064112544059753,
        0.4127960205078125,
        0.5207914710044861,
        -0.016462452709674835,
        0.5255544185638428,
        0.46327489614486694,
        0.3491021394729614,
        0.056318409740924835,
        0.41644999384880066,
        0.291980117559433,
        0.43052178621292114,
        0.47842344641685486,
        0.5019584894180298,
        0.25767529010772705,
        0.3590703308582306,
        0.4536094665527344,
        0.32614415884017944,
        0.5277469754219055,
        0.4868461489677429,
        0.4682336151599884,
        0.4913375973701477,
        0.3351629972457886,
        0.5156400203704834,
        0.573934018611908,
        0.42702025175094604,
        0.4739212095737457,
        0.487344354391098,
        0.41721343994140625,
        0.509541928768158,
        0.3970974087715149,
        0.4944828152656555,
        0.43936818838119507,
        0.5135442018508911,
        0.41626104712486267,
        0.5618690252304077,
        0.5392619967460632,
        0.5457374453544617,
        0.5831890106201172,
        0.4612325131893158,
        0.4465952515602112,
        0.46385014057159424,
        0.509826123714447,
        0.35814666748046875,
        0.4675908386707306,
        0.5857952237129211,
        0.4668029844760895,
        0.4783059358596802,
        0.6288309693336487,
        0.23909200727939606,
        0.5744321346282959,
        0.5992419123649597,
        0.622222900390625,
        0.640248715877533,
        0.6465010046958923,
        0.6610355377197266,
        0.7289530634880066,
        0.7228859066963196,
        0.7972351312637329
    ]
}