{
    "seed": 1000012,
    "theta": [
        0.5845155119895935,
        0.8428856730461121,
        0.5642073750495911,
        0.44663769006729126
    ],
    "x": [
        0.8338242769241333,
        1.0254840850830078,
        0.8386763334274292,
        1.0048729181289673,
        0.9187723994255066,
        0.8370704650878906,
        0.8514259457588196,
        0.8079199194908142,
        0.7921722531318665,
        0.6920338869094849,
        0.6749613285064697,
        0.5087063908576965,
        0.7907208800315857,
        0.4777536988258362,
        0.7219551205635071,
        0.6863731145858765,
        0.6178157925605774,
        0.6244881749153137,
        0.4584134519100189,
        0.46287041902542114,
        0.5958681702613831,
        0.5315523743629456,
        0.47343775629997253,
        0.45442137122154236,
        0.6888039708137512,
        0.2049485594034195,
        0.513036847114563,
        0.392104834318161,
        0.5017832517623901,
        0.4796190857887268,
        0.5214940309524536,
        0.44628003239631653,
        0.5365562438964844,
        0.6355277895927429,
        0.32847797870635986,
        0.5686589479446411,
        0.522322952747345,
        0.490307480096817,
        0.4731100797653198,
        0.4347001314163208,
        0.30759239196777344,
        0.47607943415641785,
        0.4448965787887573,
        0.48379960656166077,
        0.42182692885398865,
        0.26960182189941406,
        0.3591618835926056,
        0.44890516996383667,
        0.3784184753894806,
        0.3332851529121399,
        0.47928160429000854,
        0.5454515814781189,
        0.251821905374527,
        0.23288612067699432,
        0.22485707700252533,
        0.3590588867664337,
        0.4640827178955078,
        0.4197830259799957,
        0.49410897493362427,
        0.33099696040153503,
        0.35941797494888306,
        0.4254201352596283,
        0.4549359679222107,
        0.471777081489563,
        0.4675935208797455,
        0.3359995484352112,
        0.41686108708381653,
        0.5264012813568115,
        0.36245283484458923,
        0.48158976435661316,
        0.4533078372478485,
        0.547235369682312,
        0.5343512296676636,
        0.3854738771915436,
        0.3852071166038513,
        0.03664856031537056,
        0.284185528755188,
        0.3945668637752533,
        0.4904528260231018,
        0.26614633202552795,
        0.47878915071487427,
        0.502856433391571,
        0.4814744293689728,
        0.4206247925758362,
        0.5285593867301941,
        0.41081950068473816,
        0.48721566796302795,
        0.36074626445770264,
        0.3369687497615814,
        0.5764878392219543,
        0.31173211336135864,
        0.35354384779930115,
        0.437203586101532,
        0.5221558809280396,
        0.4333653748035431,
        0.5551201105117798,
        0.6284664273262024,
        0.5574081540107727,
        0.5316795110702515,
        0.5287436246871948,
        0.6724711060523987
    ]
}