{
    "seed": 1000003,
    "theta": [
        0.5841303467750549,
        0.7078718543052673,
        0.7147016525268555,
        0.5062721967697144
    ],
    "x": [
        0.8344126343727112,
        0.9404729008674622,
        0.9410462975502014,
        1.0336476564407349,
        0.7082222104072571,
        0.8788020014762878,
        0.7539424896240234,
        0.7797827124595642,
        0.7784117460250854,
        0.6065483093261719,
        0.6946274042129517,
        0.6831958889961243,
        0.5610921382904053,
        0.5402743220329285,
        0.5438855290412903,
        0.5846840143203735,
        0.7019506096839905,
        0.6977208256721497,
        0.5941733121871948,
        0.5889720916748047,
        0.6678759455680847,
        0.5647551417350769,
        0.6157152652740479,
        0.5533047914505005,
        0.4969337582588196,
        0.3796696960926056,
        0.40117964148521423,
        0.42013612389564514,
        0.5738621950149536,
        0.47441914677619934,
        0.3582290709018707,
        0.5188344120979309,
        0.46175625920295715,
        0.5071131587028503,
        0.6178366541862488,
        0.4488482177257538,
        0.6060134768486023,
        0.4278603792190552,
        0.5617322325706482,
        0.43271559476852417,
        0.4711073637008667,
        0.4988444149494171,
        0.5044494867324829,
        0.35235607624053955,
        0.4857480227947235,
        0.4576016664505005,
        0.5795237421989441,
        0.4358788728713989,
        0.45181718468666077,
        0.47643011808395386,
        0.5155221223831177,
        0.43370741605758667,
        0.27053311467170715,
        0.26930058002471924,
        0.48159128427505493,
        0.5431617498397827,
        0.42265522480010986,
        0.5109177827835083,
        0.473922997713089,
        0.4452046751976013,
        0.5029575228691101,
        0.4513305723667145,
        0.5180944800376892,
        0.4061621427536011,
        0.4695753753185272,
        0.35614675283432007,
        0.49819105863571167,
        0.3928348422050476,
        0.4811834990978241,
        0.4653531312942505,
        0.5347534418106079,
        0.5333079099655151,
        0.4803536832332611,
        0.5205367803573608,
        0.5175570249557495,
        0.4199821352958679,
        0.5779225826263428,
        0.4683658480644226,
        0.3687463104724884,
        0.4863216280937195,
        0.4366198182106018,
        0.4219900667667389,
        0.3246676027774811,
        0.43538805842399597,
        0.2533837556838989,
        0.40495097637176514,
        0.45936405658721924,
        0.4212788939476013,
        0.45669910311698914,
        0.5470467805862427,
        0.5889537930488586,
        0.5149121880531311,
        0.4871540069580078,
        0.4875900149345398,
        0.6027461886405945,
        0.5097137689590454,
        0.6152469515800476,
        0.5618079900741577,
        0.6315905451774597,
        0.6440490484237671,
        0.7308304905891418
    ]
}