{
    "seed": 1000001,
    "theta": [
        0.5458444356918335,
        0.7595198750495911,
        0.6425873041152954,
        0.4422074556350708
    ],
    "x": [
        0.9765999913215637,
        0.9762133359909058,
        0.9967741370201111,
        0.9848987460136414,
        0.7624905705451965,
        0.8795545101165771,
        0.8529253602027893,
        0.80696040391922,
        0.8609992861747742,
        0.7917507290840149,
        0.744042694568634,
        0.605682373046875,
        0.8348669409751892,
        0.6925907135009766,
        0.6454938054084778,
        0.696295440196991,
        0.5300579071044922,
        0.5167542695999146,
        0.7398746609687805,
        0.4251389801502228,
        0.6879847049713135,
        0.4723885953426361,
        0.6351326107978821,
        0.6678155064582825,
        0.5568044185638428,
        0.4370775818824768,
        0.6111766695976257,
        0.5768439173698425,
        0.45420074462890625,
        0.32367464900016785,
        0.32429632544517517,
        0.45132434368133545,
        0.5863843560218811,
        0.4554098844528198,
        0.5374082922935486,
        0.4419574737548828,
        0.48807933926582336,
        0.38715222477912903,
        0.5934150815010071,
        0.4063832461833954,
        0.4655672609806061,
        0.4788144528865814,
        0.4984818696975708,
        0.5575911402702332,
        0.5034968256950378,
        0.2517381012439728,
        0.2071790099143982,
        0.5016481876373291,
        0.5637429356575012,
        0.556290328502655,
        0.3071478605270386,
        0.44492441415786743,
        0.3791174590587616,
        0.4324790835380554,
        0.4582110047340393,
        0.5568926334381104,
        0.5151686072349548,
        0.39322853088378906,
        0.3610829710960388,
        0.4992084503173828,
        0.2921225130558014,
        0.4373982846736908,
        0.3634030520915985,
        0.2864623963832855,
        0.48626938462257385,
        0.4744345247745514,
        0.363103985786438,
        0.4022730588912964,
        0.48440030217170715,
        0.35553207993507385,
        0.31775423884391785,
        0.5201287865638733,
        0.5816881656646729,
        0.4282058775424957,
        0.36014479398727417,
        0.46619555354118347,
        0.5032104253768921,
        0.4466038942337036,
        0.41191038489341736,
        0.4921189546585083,
        0.37175649404525757,
        0.5378457307815552,
        0.43501001596450806,
        0.38696518540382385,
        0.4529881775379181,
        0.5475517511367798,
        0.5131740570068359,
        0.567712664604187,
        0.4863174557685852,
        0.5360288023948669,
        0.517995297908783,
        0.5025101900100708,
        0.5918123722076416,
        0.5614252686500549,
        0.5600873231887817,
        0.6429156064987183,
        0.6143110990524292,
        0.6287630796432495,
        0.6756126284599304,
        0.7288716435432434,
        0.8121199011802673
    ]
}