{
    "seed": 1000010,
    "theta": [
        0.636377215385437,
        0.7318001389503479,
        0.6045426726341248,
        0.3790189027786255
    ],
    "x": [
        0.6393928527832031,
        0.9346702694892883,
        0.8312034606933594,
        0.9682437777519226,
        0.6542447209358215,
        0.8327761292457581,
        0.8594956994056702,
        0.729216992855072,
        0.642198920249939,
        0.8282842040061951,
        0.5659445524215698,
        0.8854713439941406,
        0.4707939028739929,
        0.3895835876464844,
        0.6467118859291077,
        0.8201560974121094,
        0.7153595089912415,
        0.6328809261322021,
        0.5002100467681885,
        0.586035430431366,
        0.4877525269985199,
        0.5566896796226501,
        0.49125391244888306,
        0.5198888182640076,
        0.5890425443649292,
        0.2952736020088196,
        0.5755078792572021,
        0.5267869234085083,
        0.5083171725273132,
        0.4125358462333679,
        0.49354350566864014,
        0.40308061242103577,
        0.4628424346446991,
        0.5425399541854858,
        0.509992241859436,
        0.13087056577205658,
        0.47507426142692566,
        0.40195325016975403,
        0.24102045595645905,
        0.38873913884162903,
        0.49899953603744507,
        0.34525859355926514,
        0.4636245667934418,
        0.4223061800003052,
        0.550218939781189,
        0.3998948335647583,
        0.471475213766098,
        0.41985854506492615,
        0.5322743654251099,
        0.48358166217803955,
        0.32117220759391785,
        0.5073121190071106,
        0.5061872005462646,
        0.4753829836845398,
        0.3151320219039917,
        0.35446396470069885,
        0.4102523922920227,
        0.5124956965446472,
        0.5114723443984985,
        0.2414143830537796,
        0.3417912721633911,
        0.23403027653694153,
        0.31568285822868347,
        0.4518018066883087,
        0.4142649471759796,
        0.28423336148262024,
        0.3268732726573944,
        0.3895060122013092,
        0.466412216424942,
        0.47528520226478577,
        0.4897085726261139,
        0.4933219850063324,
        0.42408880591392517,
        0.36437809467315674,
        0.37667006254196167,
        0.47808557748794556,
        0.3593607544898987,
        0.4526357054710388,
        0.3765018582344055,
        0.27371394634246826,
        0.40628039836883545,
        0.45123353600502014,
        0.41706225275993347,
        0.47020262479782104,
        0.4904828369617462,
        0.39719632267951965,
        0.22094294428825378,
        0.48999226093292236,
        0.41945406794548035,
        0.3113643527030945,
        0.42261072993278503,
        0.49352964758872986,
        0.3098411560058594,
        0.4134368896484375,
        0.3256838619709015,
        0.5297547578811646,
        0.29228946566581726,
        0.44873046875,
        0.4655534029006958,
        0.517412543296814,
        0.5302683711051941
    ]
}