{
    "seed": 1000008,
    "theta": [
        0.5977696180343628,
        0.7999340295791626,
        0.6447862982749939,
        0.459898442029953
    ],
    "x": [
        0.8652516603469849,
        0.9661993384361267,
        0.8895761966705322,
        0.6680046319961548,
        0.8585038781166077,
        0.8995015621185303,
        0.6701700687408447,
        0.7937955260276794,
        0.8496608734130859,
        0.7762940526008606,
        0.6386383175849915,
        0.7299428582191467,
        0.7396658658981323,
        0.6314188838005066,
        0.8248607516288757,
        0.7222003936767578,
        0.6594066619873047,
        0.6795724034309387,
        0.7086194157600403,
        0.6643915772438049,
        0.5892544984817505,
        0.5893657803535461,
        0.4270704984664917,
        0.5987938046455383,
        0.4675404727458954,
        0.5057142972946167,
        0.5401998162269592,
        0.5603693723678589,
        0.5727760195732117,
        0.5759096741676331,
        0.5556386113166809,
        0.5347945094108582,
        0.5781804323196411,
        0.553033709526062,
        0.4922584593296051,
        0.4926924407482147,
        0.4207444489002228,
        0.39128291606903076,
        0.4631519317626953,
        0.4499053955078125,
        0.31188100576400757,
        0.5058433413505554,
        0.390854150056839,
        0.4656870663166046,
        0.5384349822998047,
        0.5077686309814453,
        0.23453204333782196,
        0.5037475824356079,
        0.3952530026435852,
        0.5028170347213745,
        0.5278916954994202,
        0.48792240023612976,
        0.4226352572441101,
        0.5527567267417908,
        0.18116937577724457,
        0.3885270357131958,
        0.39119210839271545,
        0.3294115662574768,
        0.44163283705711365,
        0.46303239464759827,
        0.519156277179718,
        0.44513192772865295,
        0.5459828972816467,
        0.5769743323326111,
        0.4731825590133667,
        0.5540695190429688,
        0.23761241137981415,
        0.44907569885253906,
        0.45817744731903076,
        0.28322523832321167,
        0.4636779725551605,
        0.1879737824201584,
        0.4726131558418274,
        0.4377141296863556,
        0.420941025018692,
        0.47332191467285156,
        0.2980972230434418,
        0.47582879662513733,
        0.421222060918808,
        0.40915948152542114,
        0.46053212881088257,
        0.22881266474723816,
        0.49919357895851135,
        0.5068688988685608,
        0.4049626588821411,
        0.4944602847099304,
        0.44178885221481323,
        0.44794973731040955,
        0.4926155209541321,
        0.4615682065486908,
        0.5093381404876709,
        0.510442852973938,
        0.4884911775588989,
        0.5932874083518982,
        0.43857982754707336,
        0.48432618379592896,
        0.514327883720398,
        0.6411295533180237,
        0.5458799004554749,
        0.6310490965843201,
        0.6629394292831421
    ]
}