{
    "seed": 1000010,
    "theta": [
        0.5286087989807129,
        0.4232342839241028,
        0.33379775285720825,
        0.3620193600654602
    ],
    "x": [
        0.9096580743789673,
        0.8655210137367249,
        0.709838330745697,
        0.7453201413154602,
        0.7493540644645691,
        0.7330266237258911,
        0.8440761566162109,
        0.6417289972305298,
        0.7176512479782104,
        0.44602102041244507,
        0.707318902015686,
        0.630188524723053,
        0.4475265443325043,
        0.5013121366500854,
        0.5426191687583923,
        0.4805032014846802,
        0.5269157290458679,
        0.5876032710075378,
        0.568042516708374,
        0.49882012605667114,
        0.4752916991710663,
        0.39076676964759827,
        0.37978285551071167,
        0.25668513774871826,
        0.5026530027389526,
        0.49448713660240173,
        0.5527065396308899,
        0.36031022667884827,
        0.48256173729896545,
        0.4098130464553833,
        0.4476478695869446,
        0.35324451327323914,
        0.5184743404388428,
        0.3915451169013977,
        0.36030223965644836,
        0.24596074223518372,
        0.5046659111976624,
        0.3162153959274292,
        0.40649402141571045,
        0.3536095917224884,
        0.44256260991096497,
        0.3948861360549927,
        0.4781060516834259,
        0.5020511746406555,
        0.30940869450569153,
        0.40876972675323486,
        0.29505079984664917,
        0.30421116948127747,
        0.5132120847702026,
        0.5093648433685303,
        0.42433345317840576,
        0.5161792635917664,
        0.23076222836971283,
        0.3580233156681061,
        0.42178040742874146,
        0.44854849576950073,
        0.4290059506893158,
        0.5221206545829773,
        0.3464403748512268,
        0.4050011932849884,
        0.33808213472366333,
        0.3191472291946411,
        0.4427396059036255,
        0.5088844299316406,
        0.40127283334732056,
        0.3412315249443054,
        0.4537543058395386,
        0.2410837858915329,
        0.3290673494338989,
        0.31884142756462097,
        0.39997419714927673,
        0.3152765929698944,
        0.3532809019088745,
        0.3798019289970398,
        0.37211278080940247,
        0.47016778588294983,
        0.5928371548652649,
        0.2897343933582306,
        0.38381436467170715,
        0.44987258315086365,
        0.35067620873451233,
        0.4920324981212616,
        0.48028919100761414,
        0.3919789493083954,
        0.37427011132240295,
        0.4273642301559448,
        0.42876434326171875,
        0.4444836974143982,
        0.3945326507091522,
        0.4411219358444214,
        0.32769063115119934,
        0.3711298704147339,
        0.3819427490234375,
        0.19367142021656036,
        0.29206058382987976,
        0.4698084592819214,
        0.4823656678199768,
        0.20775477588176727,
        0.3534383177757263,
        0.2045847624540329,
        0.07627055048942566
    ]
}