{
    "seed": 1000001,
    "theta": [
        0.3027026057243347,
        0.49249207973480225,
        0.42879462242126465,
        0.5198903679847717
    ],
    "x": [
        0.7990466952323914,
        0.9709091186523438,
        0.8652356266975403,
        0.9491345882415771,
        0.9309555292129517,
        0.4846486449241638,
        0.6742660403251648,
        0.7635530829429626,
        0.7323392033576965,
        0.7318421602249146,
        0.4075145721435547,
        0.7175807952880859,
        0.5166610479354858,
        0.5233821868896484,
        0.32792383432388306,
        0.2931526303291321,
        0.4770309329032898,
        0.3832017183303833,
        0.6034932732582092,
        0.4027940034866333,
        0.5394425988197327,
        0.24355557560920715,
        0.396655410528183,
        0.41268348693847656,
        0.3858942687511444,
        0.4248770475387573,
        0.44742342829704285,
        0.48085150122642517,
        0.43457019329071045,
        0.47974318265914917,
        0.46749255061149597,
        0.3050263822078705,
        0.32169800996780396,
        0.484414666891098,
        0.316415011882782,
        0.4588050842285156,
        0.3959439694881439,
        0.4490184783935547,
        0.3648352324962616,
        0.3325417935848236,
        0.46541327238082886,
        0.3625025451183319,
        0.2849961519241333,
        0.3457106351852417,
        0.4873453676700592,
        0.2900044620037079,
        0.26264891028404236,
        0.3149288296699524,
        0.4381427764892578,
        0.44940197467803955,
        0.3807803988456726,
        0.42664414644241333,
        0.4077400267124176,
        0.44985848665237427,
        0.3677670657634735,
        0.44255369901657104,
        0.29509836435317993,
        0.4813585877418518,
        0.3183893859386444,
        0.4585742950439453,
        0.44537797570228577,
        0.45686087012290955,
        0.44981256127357483,
        0.297036349773407,
        0.2642824947834015,
        0.4910043179988861,
        0.30042901635169983,
        0.507736086845398,
        0.4580751955509186,
        0.43395933508872986,
        0.48672598600387573,
        0.43807679414749146,
        0.19469350576400757,
        0.46682053804397583,
        0.5233993530273438,
        0.4743052124977112,
        0.493734747171402,
        0.4904741942882538,
        0.4903760254383087,
        0.47605055570602417,
        0.3832589387893677,
        0.2971838712692261,
        0.41642099618911743,
        0.4433861970901489,
        0.4576728940010071,
        0.5080382227897644,
        0.493051141500473,
        0.4964500367641449,
        0.5442827939987183,
        0.45436376333236694,
        0.5086517333984375,
        0.5494195222854614,
        0.342687726020813,
        0.5236572027206421,
        0.2823933959007263,
        0.5381734371185303,
        0.47636082768440247,
        0.5579954981803894,
        0.4789517819881439,
        0.5616284608840942,
        0.6316322088241577
    ]
}