{
    "seed": 1000002,
    "theta": [
        0.3539178669452667,
        0.3519154489040375,
        0.48259735107421875,
        0.5809935331344604
    ],
    "x": [
        0.8866795897483826,
        0.8686575293540955,
        0.9991561770439148,
        0.7407834529876709,
        0.7763646245002747,
        0.7161112427711487,
        0.7312597632408142,
        0.6211129426956177,
        0.2671235501766205,
        0.5081043243408203,
        0.3539265990257263,
        0.47968825697898865,
        0.60584956407547,
        0.498199462890625,
        0.4623793363571167,
        0.475143700838089,
        0.504491925239563,
        0.33420535922050476,
        0.5072613954544067,
        0.5482527613639832,
        0.5158113837242126,
        0.5266831517219543,
        0.39346516132354736,
        0.41818591952323914,
        0.4712390899658203,
        0.3499402403831482,
        0.25102362036705017,
        0.5090572237968445,
        0.5463409423828125,
        0.37555721402168274,
        0.37239938974380493,
        0.5101458430290222,
        0.36637574434280396,
        0.3588224947452545,
        0.41246986389160156,
        0.2940025329589844,
        0.4238482117652893,
        0.4883839786052704,
        0.44988834857940674,
        0.1003519669175148,
        0.366876482963562,
        0.48295706510543823,
        0.4894345700740814,
        0.4249612092971802,
        0.4096101224422455,
        0.4803185760974884,
        0.45184326171875,
        0.41928723454475403,
        0.4826087951660156,
        0.48069050908088684,
        0.47294819355010986,
        0.49133744835853577,
        0.3763713836669922,
        0.44256770610809326,
        0.4190231263637543,
        0.5604482293128967,
        0.4295392334461212,
        0.5482327938079834,
        0.31123656034469604,
        0.3424578309059143,
        0.2799644470214844,
        0.46843528747558594,
        0.39608410000801086,
        0.36096981167793274,
        0.36442363262176514,
        0.4456162750720978,
        0.4844370484352112,
        0.44755491614341736,
        0.5029081702232361,
        0.44246992468833923,
        0.46399638056755066,
        0.38659095764160156,
        0.5488041043281555,
        0.5139607787132263,
        0.5245720148086548,
        0.5351688265800476,
        0.5346096158027649,
        0.4005070924758911,
        0.4587287902832031,
        0.3976893126964569,
        0.4636904299259186,
        0.40088143944740295,
        0.4702688753604889,
        0.49013838171958923,
        0.5358296632766724,
        0.5365611910820007,
        0.4385916292667389,
        0.47901472449302673,
        0.5032455325126648,
        0.09704513847827911,
        0.4830111265182495,
        0.47401607036590576,
        0.5342755913734436,
        0.5041667819023132,
        0.5211060643196106,
        0.5301867127418518,
        0.5139471888542175,
        0.535645067691803,
        0.5620142817497253,
        0.6183853149414062,
        0.7125008702278137
    ]
}