{
    "seed": 1000000,
    "theta": [
        0.4252614378929138,
        0.4018411338329315,
        0.453559547662735,
        0.5723587274551392
    ],
    "x": [
        0.8639194369316101,
        1.035632610321045,
        0.7967231869697571,
        0.6930826902389526,
        0.7858543395996094,
        0.7927423119544983,
        0.7773826718330383,
        0.3967367708683014,
        0.6074071526527405,
        0.7521207332611084,
        0.609716534614563,
        0.444296658039093,
        0.6026636958122253,
        0.662148654460907,
        0.5153340697288513,
        0.31862208247184753,
        0.4911188781261444,
        0.5353876948356628,
        0.4613090455532074,
        0.4614669680595398,
        0.4134155213832855,
        0.3648417294025421,
        0.5431391596794128,
        0.34553831815719604,
        0.520983874797821,
        0.39871978759765625,
        0.3476066589355469,
        0.4774906039237976,
        0.2980586886405945,
        0.4313138425350189,
        0.4013727903366089,
        0.44311410188674927,
        0.42846959829330444,
        0.39045092463493347,
        0.4327101409435272,
        0.41628900170326233,
        0.4684494137763977,
        0.3966599702835083,
        0.4734298586845398,
        0.4946390688419342,
        0.36944833397865295,
        0.451471209526062,
        0.36272403597831726,
        0.39702504873275757,
        0.4190256893634796,
        0.468576043844223,
        0.248252734541893,
        0.40955621004104614,
        0.3092314302921295,
        0.38248202204704285,
        0.4426160156726837,
        0.47423234581947327,
        0.43784651160240173,
        0.4803522825241089,
        0.34492430090904236,
        0.47811686992645264,
        0.4468499422073364,
        0.4774234890937805,
        0.5363465547561646,
        0.3212202787399292,
        0.4647553861141205,
        0.4183770418167114,
        0.545522153377533,
        0.48412373661994934,
        0.3638267517089844,
        0.5152809023857117,
        0.3950917422771454,
        0.37525877356529236,
        0.39865848422050476,
        0.5544865727424622,
        0.449972927570343,
        0.4706425964832306,
        0.3153189420700073,
        0.5618036985397339,
        0.3221098482608795,
        0.36193162202835083,
        0.48555564880371094,
        0.4817362427711487,
        0.40726789832115173,
        0.4163845181465149,
        0.48712730407714844,
        0.5242740511894226,
        0.49604976177215576,
        0.3359018862247467,
        0.36436715722084045,
        0.38778406381607056,
        0.4940482974052429,
        0.2768019437789917,
        0.33888447284698486,
        0.30353227257728577,
        0.4875895082950592,
        0.45253613591194153,
        0.5077135562896729,
        0.5910868048667908,
        0.49237415194511414,
        0.4913678467273712,
        0.5072383880615234,
        0.6126617193222046,
        0.5716097354888916,
        0.6620892882347107,
        0.7398139834403992
    ]
}