{
    "seed": 1000008,
    "theta": [
        0.4321806728839874,
        0.5934334397315979,
        0.43428805470466614,
        0.5640871524810791
    ],
    "x": [
        0.7842849493026733,
        0.8358558416366577,
        0.950897216796875,
        0.8121082186698914,
        0.7355008721351624,
        0.7647173404693604,
        0.7943800687789917,
        0.8171318173408508,
        0.683664858341217,
        0.7505216002464294,
        0.5561190247535706,
        0.5863481163978577,
        0.7135990262031555,
        0.5677785277366638,
        0.6899915337562561,
        0.5864916443824768,
        0.5669392943382263,
        0.6911131739616394,
        0.3654313385486603,
        0.6313108801841736,
        0.4737304747104645,
        0.4573374390602112,
        0.543345034122467,
        0.5820603966712952,
        0.4633437991142273,
        0.45542246103286743,
        0.5195222496986389,
        0.44874560832977295,
        0.3852231204509735,
        0.30104395747184753,
        0.5551769137382507,
        0.30459949374198914,
        0.4608440399169922,
        0.41983845829963684,
        0.3804892301559448,
        0.32686054706573486,
        0.496234267950058,
        0.44986024498939514,
        0.3010856509208679,
        0.3903387784957886,
        0.3735518157482147,
        0.453887939453125,
        0.3612333834171295,
        0.44271495938301086,
        0.4264116883277893,
        0.48450711369514465,
        0.5402461886405945,
        0.4486349821090698,
        0.37870776653289795,
        0.2841232419013977,
        0.5720827579498291,
        0.5275669097900391,
        0.4401997923851013,
        0.3908156156539917,
        0.3462899625301361,
        0.31554681062698364,
        0.4407549500465393,
        0.3857533633708954,
        0.508077085018158,
        0.39209339022636414,
        0.3588551878929138,
        0.5657140016555786,
        0.3317839205265045,
        0.4599922299385071,
        0.4979623258113861,
        0.5198709964752197,
        0.4184974730014801,
        0.38710594177246094,
        0.21133092045783997,
        0.5386390686035156,
        0.49691441655158997,
        0.3552883267402649,
        0.5143872499465942,
        0.4836832582950592,
        0.420099139213562,
        0.49209898710250854,
        0.4620346128940582,
        0.4932256042957306,
        0.42678529024124146,
        0.5214673280715942,
        0.5941177606582642,
        0.4173915982246399,
        0.36015331745147705,
        0.45790594816207886,
        0.35899874567985535,
        0.33387577533721924,
        0.10575409233570099,
        0.3266005218029022,
        0.3169986605644226,
        0.44026297330856323,
        0.385940283536911,
        0.5519022345542908,
        0.4662068784236908,
        0.4452318847179413,
        0.3872062563896179,
        0.4609064757823944,
        0.24762992560863495,
        0.49879685044288635,
        0.2853024899959564,
        0.3782612979412079,
        0.5354391932487488
    ]
}