{
    "seed": 1000005,
    "theta": [
        0.4440232515335083,
        0.6463251709938049,
        0.6449992060661316,
        0.4058555066585541
    ],
    "x": [
        0.6909027099609375,
        0.9424372315406799,
        0.9245612025260925,
        0.5965689420700073,
        0.8821513056755066,
        0.9183292388916016,
        0.9560281038284302,
        0.7260065674781799,
        0.6404832005500793,
        0.7174986600875854,
        0.7055526971817017,
        0.47036805748939514,
        0.753600537776947,
        0.5961864590644836,
        0.5601373314857483,
        0.6221930384635925,
        0.5024396181106567,
        0.6568495631217957,
        0.4794932007789612,
        0.5221334099769592,
        0.6622495055198669,
        0.5311678647994995,
        0.3929036557674408,
        0.25746726989746094,
        0.5983716249465942,
        0.49130046367645264,
        0.4520643949508667,
        0.3634498715400696,
        0.4753819704055786,
        0.42659682035446167,
        0.5050596594810486,
        0.4972422420978546,
        0.5125712156295776,
        0.5310699343681335,
        0.42814916372299194,
        0.40232568979263306,
        0.4680371582508087,
        0.3754614591598511,
        0.4061916470527649,
        0.43730175495147705,
        0.4750911593437195,
        0.37588372826576233,
        0.44785577058792114,
        0.3375129699707031,
        0.49336737394332886,
        0.5168241858482361,
        0.4210670590400696,
        0.4782143831253052,
        0.47418567538261414,
        0.35575026273727417,
        0.44153836369514465,
        0.4941253662109375,
        0.3753727078437805,
        0.31979992985725403,
        0.42598646879196167,
        0.435500830411911,
        0.49981003999710083,
        0.4316658079624176,
        0.5194750428199768,
        0.09179992973804474,
        0.37288743257522583,
        0.461501806974411,
        0.4744628965854645,
        0.40028876066207886,
        0.3311893343925476,
        0.4283919036388397,
        0.5021021366119385,
        0.3846917450428009,
        0.40106189250946045,
        0.1761937439441681,
        0.38493919372558594,
        0.38991546630859375,
        0.4239940643310547,
        0.5371755957603455,
        0.4831644594669342,
        0.38867074251174927,
        0.5133270025253296,
        0.4772900938987732,
        0.13394063711166382,
        0.2739974856376648,
        0.5385228395462036,
        0.5347766876220703,
        0.4460049867630005,
        0.4940170347690582,
        0.39729994535446167,
        0.5133717656135559,
        0.47412770986557007,
        0.4087551236152649,
        0.3631249666213989,
        0.5293115973472595,
        0.2658270597457886,
        0.3902416229248047,
        0.3971300721168518,
        0.39574024081230164,
        0.41612255573272705,
        0.4587886929512024,
        0.2220689207315445,
        0.4334098696708679,
        0.29202765226364136,
        0.5469958186149597,
        0.5370616912841797
    ]
}