{
    "seed": 1000009,
    "theta": [
        0.3338783383369446,
        0.6251024603843689,
        0.444036066532135,
        0.5268920660018921
    ],
    "x": [
        0.9008452296257019,
        0.8300380706787109,
        0.8961391448974609,
        0.8467324376106262,
        0.7394854426383972,
        0.8384974002838135,
        0.809246838092804,
        0.7857551574707031,
        0.5458419919013977,
        0.6838055849075317,
        0.6314461827278137,
        0.7625044584274292,
        0.7438824772834778,
        0.6390304565429688,
        0.6092364192008972,
        0.6412227749824524,
        0.5733550786972046,
        0.646962583065033,
        0.5330207943916321,
        0.43888232111930847,
        0.20307019352912903,
        0.6652622222900391,
        0.5410276055335999,
        0.4538407623767853,
        0.5139963626861572,
        0.5055301785469055,
        0.03813985362648964,
        0.49577444791793823,
        0.3333301544189453,
        0.33270466327667236,
        0.055247243493795395,
        0.3561972379684448,
        0.4500259459018707,
        0.4939866364002228,
        0.5166856050491333,
        0.44425252079963684,
        0.4931391477584839,
        0.14257507026195526,
        0.4675052762031555,
        0.5235320925712585,
        0.4543933868408203,
        0.14190903306007385,
        0.4684879183769226,
        0.47976112365722656,
        0.3858291506767273,
        0.454086035490036,
        0.4758567810058594,
        0.5002451539039612,
        0.4076779782772064,
        0.4192090332508087,
        0.43696823716163635,
        0.4272752106189728,
        0.344006210565567,
        0.5269697904586792,
        0.30740025639533997,
        0.5579046607017517,
        0.40494397282600403,
        0.3799499571323395,
        0.3610092103481293,
        0.5229746699333191,
        0.38365745544433594,
        0.35042494535446167,
        0.42192140221595764,
        0.48417893052101135,
        0.3009597659111023,
        0.5301476716995239,
        0.5995256900787354,
        0.37054315209388733,
        0.5354469418525696,
        0.21744652092456818,
        0.483624130487442,
        0.3969140350818634,
        0.5489208102226257,
        0.28298136591911316,
        0.3095371127128601,
        0.11519088596105576,
        0.4760361909866333,
        0.26759225130081177,
        0.20103555917739868,
        0.40321120619773865,
        0.48937860131263733,
        0.5732157230377197,
        0.3228210508823395,
        0.4236048460006714,
        0.5385971069335938,
        0.4396325349807739,
        0.4700954556465149,
        0.441183477640152,
        0.45914268493652344,
        0.4826470613479614,
        0.5518606901168823,
        0.48099327087402344,
        0.4546189606189728,
        0.5268141627311707,
        0.5423983335494995,
        0.556020200252533,
        0.4822859466075897,
        0.5213443636894226,
        0.49275270104408264,
        0.617540717124939,
        0.6566978693008423
    ]
}