{
    "seed": 1000012,
    "theta": [
        0.3990952670574188,
        0.7005507946014404,
        0.23336851596832275,
        0.5309590101242065
    ],
    "x": [
        0.8121509552001953,
        0.9897544980049133,
        0.8184546232223511,
        0.9103925228118896,
        0.8485915064811707,
        0.8195650577545166,
        0.8305970430374146,
        0.8484096527099609,
        0.7247809171676636,
        0.6437397003173828,
        0.7140683531761169,
        0.7825318574905396,
        0.690900444984436,
        0.5235997438430786,
        0.6634318232536316,
        0.6378175020217896,
        0.6690350770950317,
        0.627729058265686,
        0.46543070673942566,
        0.2848754823207855,
        0.402566522359848,
        0.23154626786708832,
        0.5034122467041016,
        0.5073566436767578,
        0.49347153306007385,
        0.33788731694221497,
        0.506824254989624,
        0.39630013704299927,
        0.5896875858306885,
        0.4814467132091522,
        0.3249672055244446,
        0.46377575397491455,
        0.4613443911075592,
        0.35024720430374146,
        0.5227432250976562,
        0.3981267213821411,
        0.256698340177536,
        0.5175756812095642,
        0.23538704216480255,
        0.49738043546676636,
        0.4730047881603241,
        0.4751313626766205,
        0.5309056639671326,
        0.20511753857135773,
        0.410442978143692,
        0.3927963376045227,
        0.3864150941371918,
        0.26959049701690674,
        0.476980596780777,
        0.43444937467575073,
        0.3192267119884491,
        0.42870280146598816,
        0.3559696078300476,
        0.389443576335907,
        0.44228947162628174,
        0.24830691516399384,
        0.48582255840301514,
        0.42608997225761414,
        0.3782106935977936,
        0.46239331364631653,
        0.22520510852336884,
        0.5038591027259827,
        0.5050246119499207,
        0.4229094088077545,
        0.4845219850540161,
        0.4867374300956726,
        0.49736645817756653,
        0.5106951594352722,
        0.2056528776884079,
        0.4898132383823395,
        0.47697779536247253,
        0.3724665343761444,
        0.6034412384033203,
        0.3878270387649536,
        0.5003237128257751,
        0.46553152799606323,
        0.41450145840644836,
        0.524431586265564,
        0.4164777100086212,
        0.44642460346221924,
        0.45811018347740173,
        0.471002459526062,
        0.3919334411621094,
        0.4002118408679962,
        0.3924686312675476,
        0.49944889545440674,
        0.4134891629219055,
        0.46985676884651184,
        0.42024993896484375,
        0.5007471442222595,
        0.42833176255226135,
        0.3685048520565033,
        0.47224679589271545,
        0.4811874330043793,
        0.3677210509777069,
        0.4075094759464264,
        0.3383293151855469,
        0.5645585656166077,
        0.5931833982467651,
        0.5828338861465454,
        0.6221725344657898
    ]
}