{
    "seed": 1000003,
    "theta": [
        0.3981340527534485,
        0.3634515404701233,
        0.6089701056480408,
        0.6798548698425293
    ],
    "x": [
        0.876916766166687,
        0.9028091430664062,
        0.8326663970947266,
        0.9566449522972107,
        0.8516110777854919,
        0.8506112694740295,
        0.7297459840774536,
        0.6369615197181702,
        0.7487416863441467,
        0.7239124178886414,
        0.6073047518730164,
        0.6194496154785156,
        0.5370140075683594,
        0.3371538817882538,
        0.38336971402168274,
        0.3342091739177704,
        0.32489749789237976,
        0.39032644033432007,
        0.5506552457809448,
        0.3650199770927429,
        0.44143688678741455,
        0.5511793494224548,
        0.462753564119339,
        0.5064334869384766,
        0.41210949420928955,
        0.3775039613246918,
        0.5668360590934753,
        0.5445672273635864,
        0.39297154545783997,
        0.5214812159538269,
        0.5117408633232117,
        0.4876818358898163,
        0.5230532288551331,
        0.5558461546897888,
        0.3536776304244995,
        0.5340946316719055,
        0.23990198969841003,
        0.2754473388195038,
        0.473318487405777,
        0.4601421356201172,
        0.5637295842170715,
        0.5335427522659302,
        0.6250457763671875,
        0.27605757117271423,
        0.33620911836624146,
        0.4491049349308014,
        0.27795740962028503,
        0.3043759763240814,
        0.5105882287025452,
        0.34142380952835083,
        0.46268412470817566,
        0.46440887451171875,
        0.488809198141098,
        0.335009902715683,
        0.445398211479187,
        0.34055760502815247,
        0.47814953327178955,
        0.3125782012939453,
        0.5079378485679626,
        0.557910144329071,
        0.47485604882240295,
        0.39853858947753906,
        0.40703824162483215,
        0.414667010307312,
        0.5507474541664124,
        0.44947752356529236,
        0.5041168332099915,
        0.4607859253883362,
        0.5083363652229309,
        0.4058542847633362,
        0.5360648036003113,
        0.3871444761753082,
        0.4392445981502533,
        0.48810067772865295,
        0.4974900484085083,
        0.5074133276939392,
        0.3249131441116333,
        0.31250712275505066,
        0.1912437379360199,
        0.4948355257511139,
        0.4668033719062805,
        0.4897114932537079,
        0.49282264709472656,
        0.30597496032714844,
        0.5986126065254211,
        0.5907179713249207,
        0.5839537382125854,
        0.45289623737335205,
        0.6115449070930481,
        0.3656272888183594,
        0.5149261355400085,
        0.5130011439323425,
        0.3795478940010071,
        0.4817490875720978,
        0.45369821786880493,
        0.5165995359420776,
        0.5488899350166321,
        0.5795397162437439,
        0.6166349053382874,
        0.6841335296630859,
        0.7050277590751648
    ]
}