{
    "seed": 1000001,
    "theta": [
        -0.13986657559871674,
        -0.5156524777412415
    ],
    "x": [
        -0.20745182037353516,
        -0.18263354897499084
    ]
}