{
    "seed": 1000004,
    "theta": [
        0.4342287480831146,
        0.23735353350639343
    ],
    "x": [
        -0.21841692924499512,
        -0.24812987446784973
    ]
}