{
    "seed": 1000000,
    "theta": [
        -0.6036847829818726,
        -0.12679629027843475
    ],
    "x": [
        -0.263816237449646,
        0.43555501103401184
    ]
}