{
    "seed": 1000002,
    "theta": [
        0.2853417694568634,
        -0.19257700443267822
    ],
    "x": [
        0.22618211805820465,
        -0.23986896872520447
    ]
}