{
    "seed": 1000005,
    "theta": [
        -0.2957226037979126,
        -0.07224684208631516
    ],
    "x": [
        0.06001561880111694,
        0.09312842041254044
    ]
}