{
    "seed": 1000003,
    "theta": [
        -0.4043733775615692,
        -0.06871268898248672
    ],
    "x": [
        -0.02590620517730713,
        0.29483044147491455
    ]
}