{
    "seed": 1000009,
    "theta": [
        0.28293636441230774,
        -0.8568131327629089
    ],
    "x": [
        -0.07053577899932861,
        -0.7589842081069946
    ]
}