{
    "seed": 1000008,
    "theta": [
        0.2524504065513611,
        -0.06816542893648148
    ],
    "x": [
        0.17844541370868683,
        -0.3021756112575531
    ]
}