{
    "seed": 1000002,
    "theta": [
        -0.04603855311870575,
        -0.39446744322776794,
        -0.005513191223144531,
        -0.22802545130252838,
        0.2278594970703125,
        0.3469862937927246,
        -0.24858608841896057,
        -0.4805455803871155,
        -0.19295425713062286,
        0.27816832065582275
    ],
    "x": [
        -0.331595778465271,
        -1.0239514112472534,
        -0.00628448324277997,
        -0.8115535378456116,
        0.18905052542686462,
        0.3466019630432129,
        -0.36424580216407776,
        -0.5233769416809082,
        -0.3696429133415222,
        0.41994547843933105
    ]
}