{
    "seed": 1000008,
    "theta": [
        -0.22035783529281616,
        -0.4055992662906647,
        -0.0817759782075882,
        -0.2414434552192688,
        0.29564258456230164,
        0.2895403504371643,
        -0.22681176662445068,
        -0.4211576581001282,
        -0.24079987406730652,
        0.4838927984237671
    ],
    "x": [
        -0.35094472765922546,
        -0.21737554669380188,
        0.37613576650619507,
        -0.21072977781295776,
        0.6066661477088928,
        1.0180150270462036,
        -0.43905508518218994,
        -0.53169184923172,
        -0.49240344762802124,
        0.030282020568847656
    ]
}