{
    "seed": 1000010,
    "theta": [
        -0.11017359048128128,
        -0.32903265953063965,
        0.053644195199012756,
        -0.39711856842041016,
        0.30653899908065796,
        0.22371739149093628,
        -0.2737779915332794,
        -0.37518826127052307,
        -0.18588748574256897,
        0.48486992716789246
    ],
    "x": [
        -0.43656301498413086,
        0.2067769169807434,
        -0.23231543600559235,
        -0.7058374881744385,
        0.3214968144893646,
        0.21933214366436005,
        0.08746194839477539,
        -0.11239856481552124,
        -0.34578704833984375,
        0.3532813489437103
    ]
}