{
    "seed": 1000001,
    "theta": [
        -0.1318843513727188,
        -0.408917099237442,
        0.04700867086648941,
        -0.2870826721191406,
        0.19604168832302094,
        0.2222946286201477,
        -0.2556576728820801,
        -0.5113773345947266,
        -0.1114499643445015,
        0.43762263655662537
    ],
    "x": [
        -0.5617485642433167,
        -0.7285366058349609,
        0.13250333070755005,
        -0.1308998316526413,
        0.8713420033454895,
        0.2116435021162033,
        0.3380327820777893,
        0.278980016708374,
        0.12004093080759048,
        0.48061710596084595
    ]
}