{
    "seed": 1000004,
    "theta": [
        -0.22831764817237854,
        -0.32978683710098267,
        0.07446938008069992,
        -0.27850663661956787,
        0.17623677849769592,
        0.22444763779640198,
        -0.14661604166030884,
        -0.3773907423019409,
        -0.20177850127220154,
        0.45426198840141296
    ],
    "x": [
        0.016933754086494446,
        -0.008376151323318481,
        -0.02646486461162567,
        -0.8035252690315247,
        0.18376807868480682,
        -0.20816892385482788,
        -0.2658950686454773,
        -0.09320530295372009,
        0.2651783525943756,
        0.6508771181106567
    ]
}