{
    "seed": 1000012,
    "theta": [
        -0.15677902102470398,
        -0.13070358335971832,
        0.015064269304275513,
        -0.4219614267349243,
        0.18438179790973663,
        0.21676510572433472,
        -0.20373934507369995,
        -0.4100782573223114,
        -0.22948746383190155,
        0.3310448229312897
    ],
    "x": [
        -0.0784699022769928,
        0.1366809457540512,
        0.04143937677145004,
        -0.3094506859779358,
        0.30136144161224365,
        -0.11889824271202087,
        -0.3506013751029968,
        -0.14425036311149597,
        -0.5060087442398071,
        0.7174397706985474
    ]
}