{
    "seed": 1000005,
    "theta": [
        -0.22410576045513153,
        -0.3034014105796814,
        0.1850319802761078,
        -0.3609492778778076,
        0.24085590243339539,
        0.2406008094549179,
        -0.2380962371826172,
        -0.3525688946247101,
        -0.28913241624832153,
        0.4271514117717743
    ],
    "x": [
        0.2174326628446579,
        -0.2520085573196411,
        0.06807210296392441,
        -0.8650676608085632,
        -0.03630185127258301,
        0.5676600933074951,
        -0.7117719650268555,
        0.12643012404441833,
        -0.14013460278511047,
        0.1850098967552185
    ]
}