{
    "seed": 1000003,
    "theta": [
        -0.1531040221452713,
        -0.4788692593574524,
        0.06365680694580078,
        -0.423442006111145,
        0.17766305804252625,
        0.3217450976371765,
        -0.37901923060417175,
        -0.3347586393356323,
        -0.2711092531681061,
        0.2861044406890869
    ],
    "x": [
        -0.10031918436288834,
        -0.5236308574676514,
        -0.6678734421730042,
        -0.6088529825210571,
        0.025438979268074036,
        0.19041453301906586,
        -1.0879310369491577,
        -0.5394613146781921,
        0.02975282073020935,
        0.3403378427028656
    ]
}