{
    "seed": 1000009,
    "theta": [
        -0.03617313504219055,
        -0.10700055956840515,
        0.11453831940889359,
        0.05965409427881241,
        -0.33669906854629517,
        -0.032867543399333954,
        0.004196483641862869,
        0.08536296337842941,
        0.14162945747375488,
        -0.1375301480293274
    ],
    "x": [
        0.18496845662593842,
        0.631263017654419,
        -0.01685904711484909,
        0.5206382274627686,
        -0.6440892219543457,
        0.5470049977302551,
        -0.17271746695041656,
        0.3633102476596832,
        0.4114407002925873,
        -0.49712324142456055
    ]
}