{
    "seed": 1000008,
    "theta": [
        -0.20262257754802704,
        -0.268128365278244,
        -0.47695910930633545,
        0.1810624897480011,
        0.13260915875434875,
        0.05290775001049042,
        0.16290535032749176,
        -0.08474895358085632,
        -0.011824294924736023,
        0.2692350745201111
    ],
    "x": [
        -0.33320945501327515,
        -0.07990464568138123,
        -0.01904737949371338,
        0.21177616715431213,
        0.44363272190093994,
        0.7813824415206909,
        -0.0493379682302475,
        -0.19528311491012573,
        -0.26342785358428955,
        -0.18437570333480835
    ]
}