{
    "seed": 1000003,
    "theta": [
        -0.03448805212974548,
        -0.4513033330440521,
        -0.11337719857692719,
        -0.2739338278770447,
        -0.16233961284160614,
        0.13341961801052094,
        -0.21761325001716614,
        0.1312485784292221,
        -0.08759772777557373,
        -0.22523584961891174
    ],
    "x": [
        0.01829678565263748,
        -0.4960649013519287,
        -0.8449074625968933,
        -0.4593448042869568,
        -0.31456369161605835,
        0.0020890533924102783,
        -0.9265251159667969,
        -0.07345408201217651,
        0.2132643461227417,
        -0.17100244760513306
    ]
}