{
    "seed": 1000001,
    "theta": [
        0.018561124801635742,
        -0.27642297744750977,
        -0.15499752759933472,
        0.06696449220180511,
        -0.11639304459095001,
        -0.11520655453205109,
        0.09079059213399887,
        -0.3102981150150299,
        0.311550498008728,
        0.1535595953464508
    ],
    "x": [
        -0.4113030731678009,
        -0.5960425138473511,
        -0.06950286775827408,
        0.22314733266830444,
        0.5589072704315186,
        -0.12585768103599548,
        0.6844810247421265,
        0.4800592362880707,
        0.5430414080619812,
        0.1965540647506714
    ]
}