{
    "seed": 1000012,
    "theta": [
        -0.04367554932832718,
        0.4191107749938965,
        -0.23485854268074036,
        -0.2702323794364929,
        -0.14554277062416077,
        -0.12903034687042236,
        0.2205864042043686,
        -0.05705050006508827,
        0.016456730663776398,
        -0.11288487911224365
    ],
    "x": [
        0.034633569419384,
        0.686495304107666,
        -0.20848342776298523,
        -0.1577216237783432,
        -0.028563134372234344,
        -0.46469369530677795,
        0.07372438907623291,
        0.20877739787101746,
        -0.2600645422935486,
        0.2735100984573364
    ]
}