{
    "seed": 1000010,
    "theta": [
        0.07283800840377808,
        -0.07671190053224564,
        -0.13840872049331665,
        -0.2081252634525299,
        0.15985026955604553,
        -0.11164963990449905,
        0.045489802956581116,
        0.03017449378967285,
        0.12545666098594666,
        0.2716778516769409
    ],
    "x": [
        -0.2535514235496521,
        0.459097683429718,
        -0.42436835169792175,
        -0.5168441534042358,
        0.174808070063591,
        -0.11603488773107529,
        0.4067297577857971,
        0.2929641902446747,
        -0.034442901611328125,
        0.1400892734527588
    ]
}