{
    "seed": 1000005,
    "theta": [
        -0.21199238300323486,
        -0.012633765116333961,
        0.19006070494651794,
        -0.11770201474428177,
        -0.004357531666755676,
        -0.06944108009338379,
        0.1346941739320755,
        0.0867229476571083,
        -0.13265563547611237,
        0.1273815631866455
    ],
    "x": [
        0.22954604029655457,
        0.03875909745693207,
        0.07310082763433456,
        -0.6218203902244568,
        -0.28151530027389526,
        0.2576182186603546,
        -0.3389815092086792,
        0.5657219886779785,
        0.016342177987098694,
        -0.11475995182991028
    ]
}