{
    "seed": 1000008,
    "theta": [
        -0.21382743120193481,
        1.395738959312439,
        -0.5052673816680908,
        -0.6950944662094116,
        -1.1317209005355835
    ],
    "x": [
        0.48483991622924805,
        0.6463387608528137,
        -0.16350612044334412,
        -0.05820239707827568,
        -0.2224298119544983,
        -0.3812865614891052,
        0.05953855440020561,
        0.1602443903684616,
        0.4483124017715454,
        0.387861043214798,
        -0.1486397087574005,
        -0.1844744235277176,
        0.11990480124950409,
        0.4119349420070648,
        0.3591846823692322,
        0.7233926653862,
        0.29229071736335754,
        0.019042251631617546,
        0.03367586433887482,
        0.00956775713711977,
        -4.17354154586792,
        -0.9112908244132996,
        -0.17701567709445953,
        0.15330244600772858,
        -0.364777147769928,
        -0.5979830026626587,
        -0.3874911665916443,
        1.000489354133606,
        0.6057891249656677,
        0.12459428608417511,
        0.8292898535728455,
        -0.12188698351383209,
        -0.2979580760002136,
        0.12166926264762878,
        -0.3735296428203583,
        0.40632396936416626,
        -0.03744952008128166,
        0.101277656853199,
        -0.23396138846874237,
        -0.4528711438179016,
        -0.3163372576236725,
        -0.05289483815431595,
        -0.17086459696292877,
        -0.11483827233314514,
        -0.1558818221092224,
        -0.05387229472398758,
        0.10055206716060638,
        0.9421723484992981,
        0.07311365753412247,
        0.4024716317653656,
        0.9051486849784851,
        -0.21025380492210388,
        0.4028521776199341,
        7.901585578918457,
        -0.5480306148529053,
        -0.9940773248672485,
        0.08507407456636429,
        1.9779014587402344,
        -0.31474778056144714,
        0.638073205947876,
        -0.29008200764656067,
        0.13260838389396667,
        -0.8826858997344971,
        1.0126323699951172,
        0.6590824127197266,
        0.08919347077608109,
        0.6277212500572205,
        -0.12588879466056824,
        -1.2425066232681274,
        -0.29112985730171204,
        0.5639692544937134,
        -0.15250949561595917,
        0.5590828061103821,
        0.9821121692657471,
        0.016064712777733803,
        -0.6222139596939087,
        -0.7044145464897156,
        0.8732616901397705,
        0.5266491174697876,
        0.6309124827384949,
        0.3075673580169678,
        -0.2527995705604553,
        -0.4885813593864441,
        -0.2566052973270416,
        0.6281970143318176,
        0.5037136077880859,
        0.7901416420936584,
        0.19426079094409943,
        -0.0559183731675148,
        -0.41974973678588867,
        -0.8991907835006714,
        0.19715429842472076,
        0.7433606386184692,
        1.4015692472457886,
        -0.01860455423593521,
        0.009976751171052456,
        -0.11844182759523392,
        -0.6261045932769775
    ]
}