{
    "seed": 1000005,
    "theta": [
        -0.12030041217803955,
        1.4000122547149658,
        -0.1086014062166214,
        -0.2573023736476898,
        -1.1991727352142334
    ],
    "x": [
        0.580052375793457,
        0.37410688400268555,
        -0.19695083796977997,
        -0.5685231685638428,
        -0.6452687978744507,
        0.40032798051834106,
        0.12236703187227249,
        -0.5605782270431519,
        0.9102032780647278,
        -0.25958460569381714,
        -0.2999736964702606,
        -0.8602127432823181,
        -0.2817184627056122,
        0.027405546978116035,
        -1.06288480758667,
        0.612219512462616,
        -0.5837256908416748,
        0.6048025488853455,
        0.16542521119117737,
        0.32472190260887146,
        1.0934118032455444,
        -0.4036538004875183,
        -0.5028846859931946,
        -0.1576867699623108,
        0.43972477316856384,
        0.2108590304851532,
        0.09353764355182648,
        -0.30543380975723267,
        0.5000759959220886,
        0.2807490825653076,
        0.2750871479511261,
        -0.791609525680542,
        0.1345934122800827,
        0.12601526081562042,
        0.4682087302207947,
        -9.360305786132812,
        0.1944688856601715,
        0.5585734248161316,
        -0.07438218593597412,
        0.14136269688606262,
        -0.055963221937417984,
        -0.30293890833854675,
        0.09792633354663849,
        0.2509356737136841,
        0.23468387126922607,
        0.28833478689193726,
        0.25108441710472107,
        -0.47480231523513794,
        -0.07486001402139664,
        0.330839604139328,
        0.010500531643629074,
        1.8769667148590088,
        -0.8265210390090942,
        -0.0008505710284225643,
        -0.014729234389960766,
        -4.887210845947266,
        -0.08663824945688248,
        0.22029107809066772,
        0.0186117235571146,
        0.7778180837631226,
        -0.9021241664886475,
        -0.11627332866191864,
        -0.3301829993724823,
        0.30713868141174316,
        -0.30622127652168274,
        0.12445014715194702,
        0.4684561789035797,
        -0.1441020667552948,
        0.1457929164171219,
        -0.7229244112968445,
        0.242089182138443,
        1.8693844079971313,
        -0.1370551884174347,
        -3.1587865352630615,
        0.08714533597230911,
        -0.173799067735672,
        -0.09416760504245758,
        0.11303200572729111,
        0.722475528717041,
        -0.1181505024433136,
        -1.1802475452423096,
        -0.6038013100624084,
        0.19614897668361664,
        -0.6414045095443726,
        0.1182359829545021,
        0.27250686287879944,
        0.5696967840194702,
        -0.07505945861339569,
        -0.05141168087720871,
        -0.028500165790319443,
        -0.3418647050857544,
        0.19060736894607544,
        0.056502815335989,
        0.28463900089263916,
        0.44197991490364075,
        -1.25233793258667,
        0.3065893054008484,
        0.2877030074596405
    ]
}