{
    "seed": 1000009,
    "theta": [
        0.030077148228883743,
        1.1401214599609375,
        -0.5363240838050842,
        -0.4192664325237274,
        -1.1475857496261597
    ],
    "x": [
        0.3421871066093445,
        -0.09994953125715256,
        0.19949007034301758,
        0.7596288323402405,
        -0.8479477167129517,
        0.21966099739074707,
        0.2925356924533844,
        -0.49532410502433777,
        -0.30967840552330017,
        0.46363693475723267,
        0.17157818377017975,
        0.23031878471374512,
        -0.12390407174825668,
        -0.17754849791526794,
        -1.503183126449585,
        0.22781969606876373,
        0.15790200233459473,
        -0.42337319254875183,
        -0.7327139973640442,
        -0.8697648048400879,
        -0.1254674643278122,
        -0.4508703947067261,
        0.3203811049461365,
        -0.10688517242670059,
        -0.17607133090496063,
        0.02237788401544094,
        -0.088640958070755,
        -0.16289354860782623,
        0.23308610916137695,
        -0.21660372614860535,
        -0.40670648217201233,
        0.1971563696861267,
        -0.5742585062980652,
        -0.11094886809587479,
        0.4491083025932312,
        0.3249126076698303,
        -0.4244793951511383,
        0.342347651720047,
        -0.0659821555018425,
        0.8496128916740417,
        -0.4489353895187378,
        -0.25894588232040405,
        -0.012282054871320724,
        0.5499364733695984,
        0.2676268517971039,
        0.09740671515464783,
        -0.48091351985931396,
        -0.4493328332901001,
        0.06149962544441223,
        0.18721239268779755,
        -0.021745258942246437,
        0.5773140788078308,
        -0.3574769198894501,
        -0.17509965598583221,
        -0.3529302775859833,
        -0.37781697511672974,
        0.9719968438148499,
        0.3040447235107422,
        0.297425240278244,
        0.17027029395103455,
        -0.2739238739013672,
        -0.3337380588054657,
        -0.6646469831466675,
        1.2641406059265137,
        0.6560990214347839,
        0.35281381011009216,
        -0.5297232270240784,
        -0.2262388914823532,
        -0.5281652808189392,
        -1.399749517440796,
        0.30803200602531433,
        0.17864836752414703,
        0.9770264029502869,
        -0.11887317150831223,
        -0.19998863339424133,
        -0.34830495715141296,
        -0.7361488938331604,
        0.5867208242416382,
        0.32312214374542236,
        0.14290709793567657,
        0.12824746966362,
        -0.860178530216217,
        -0.2746037244796753,
        -0.7075307369232178,
        0.6281251311302185,
        0.7560979127883911,
        -0.6618974208831787,
        0.08576206862926483,
        -0.26995864510536194,
        -0.5606366395950317,
        -0.7238160371780396,
        0.3850996494293213,
        0.09745960682630539,
        0.34487420320510864,
        -0.4567323327064514,
        -0.0020574238151311874,
        -0.3244395852088928,
        -0.4512568712234497
    ]
}