{
    "seed": 1000004,
    "theta": [
        0.250640332698822,
        1.2132558822631836,
        -0.26492658257484436,
        -0.46933966875076294,
        -1.3048779964447021
    ],
    "x": [
        0.7676851153373718,
        0.11852575838565826,
        -0.7458934783935547,
        0.5276530385017395,
        -0.2580660283565521,
        0.4474847912788391,
        -0.7060772180557251,
        -0.38312193751335144,
        0.13132859766483307,
        -0.30597400665283203,
        -1.505893349647522,
        -0.14298829436302185,
        0.6873943209648132,
        0.6300144195556641,
        0.12994621694087982,
        0.8480303287506104,
        2.7771198749542236,
        0.28380483388900757,
        0.7555030584335327,
        -0.08815289288759232,
        0.3360311686992645,
        -0.4314465820789337,
        0.8724853992462158,
        -0.33004030585289,
        -0.45787855982780457,
        -0.05436541885137558,
        0.24245817959308624,
        0.19705572724342346,
        -0.22726774215698242,
        0.3938196897506714,
        -0.20555683970451355,
        -0.5009772777557373,
        -0.7083911299705505,
        -0.3594311773777008,
        -0.07897333055734634,
        0.1066107228398323,
        0.8039158582687378,
        -0.19110430777072906,
        0.0016553588211536407,
        -0.07587447017431259,
        -0.9114588499069214,
        0.6897556185722351,
        -0.018091557547450066,
        -0.03788347169756889,
        0.23030471801757812,
        -0.01198967918753624,
        0.35521432757377625,
        0.2204548418521881,
        -0.16601312160491943,
        0.028863070532679558,
        -0.08515609055757523,
        0.08910614997148514,
        -0.8399214148521423,
        -0.15514804422855377,
        -0.6572117209434509,
        -0.04970467835664749,
        0.20303376019001007,
        0.7997637391090393,
        0.8547584414482117,
        -1.1442604064941406,
        -0.08633288741111755,
        -7.465919494628906,
        -0.6652541160583496,
        0.09685724973678589,
        0.41841989755630493,
        0.6192750334739685,
        0.6607664823532104,
        -0.7009050250053406,
        -0.4365946352481842,
        -0.5404850244522095,
        0.5478581190109253,
        0.7403761744499207,
        0.8361072540283203,
        0.5230637192726135,
        0.12060880661010742,
        -0.9951488375663757,
        -0.5891873240470886,
        1.1137428283691406,
        0.8052079677581787,
        0.46508949995040894,
        8.440900802612305,
        -1.1083019971847534,
        0.08522199094295502,
        -0.41258981823921204,
        0.4169922173023224,
        0.8663177490234375,
        -0.12147587537765503,
        0.02283625863492489,
        -0.9278160333633423,
        -0.02618033066391945,
        -1.2265067100524902,
        0.2403290867805481,
        -0.0376175157725811,
        -0.04808994010090828,
        0.7352406978607178,
        0.3295809328556061,
        -0.9137415289878845,
        -0.35292473435401917
    ]
}