{
    "seed": 1000002,
    "theta": [
        0.3445281386375427,
        1.4264271259307861,
        -0.18671871721744537,
        -0.6213657259941101,
        -1.51777982711792
    ],
    "x": [
        0.25115835666656494,
        -0.15934379398822784,
        -0.15063892304897308,
        -0.27425670623779297,
        -0.10839147865772247,
        0.0994170755147934,
        -0.4917365610599518,
        -0.17246000468730927,
        0.5983009338378906,
        -0.05334784835577011,
        -0.18429473042488098,
        -0.19786565005779266,
        0.19839882850646973,
        -0.14674502611160278,
        -0.2341831624507904,
        1.0674248933792114,
        0.23718349635601044,
        -0.4549832046031952,
        0.13179528713226318,
        0.03251480311155319,
        0.05271998420357704,
        -0.2646787464618683,
        -0.6271683573722839,
        -0.18795178830623627,
        -0.3300091326236725,
        -0.0458218939602375,
        0.5859819054603577,
        -0.36053040623664856,
        0.44000688195228577,
        -0.5519799590110779,
        0.25344279408454895,
        0.04774191975593567,
        -0.505714476108551,
        -0.1827148050069809,
        0.36924538016319275,
        -0.7349973320960999,
        0.05349152162671089,
        0.007346331607550383,
        0.8908079266548157,
        -0.5195071697235107,
        -0.3550336956977844,
        0.7101569175720215,
        -0.811500608921051,
        0.7460101842880249,
        0.08869332075119019,
        0.6276407241821289,
        -0.07903340458869934,
        0.5671595335006714,
        0.011348006315529346,
        0.4253687858581543,
        1.3477871417999268,
        0.29705217480659485,
        0.17962782084941864,
        -0.3805595934391022,
        -0.3949888050556183,
        -0.6205713152885437,
        0.4636378288269043,
        0.43975281715393066,
        -0.24303342401981354,
        -0.261355459690094,
        0.6479199528694153,
        -0.9388980865478516,
        -0.5306073427200317,
        0.06611951440572739,
        -0.4964691698551178,
        0.1873515546321869,
        0.9916051030158997,
        -0.7253777384757996,
        -0.5450901389122009,
        0.3631572723388672,
        0.03564177453517914,
        0.8105263113975525,
        0.1295344978570938,
        -0.054446905851364136,
        0.5430507659912109,
        -0.38658058643341064,
        -0.1688319593667984,
        -0.4280720055103302,
        0.6320220232009888,
        -0.27877938747406006,
        -0.0784880667924881,
        0.11955390870571136,
        -0.555331826210022,
        -0.956631600856781,
        0.704239547252655,
        1.2609810829162598,
        -0.9839220643043518,
        0.09123922139406204,
        -0.3472805321216583,
        -0.0651092380285263,
        -0.4619781970977783,
        0.1745804399251938,
        0.14743949472904205,
        -0.020511433482170105,
        -0.2729821801185608,
        0.9750662446022034,
        -0.9664609432220459,
        -0.6112651824951172
    ]
}