{
    "seed": 1000003,
    "theta": [
        0.33192896842956543,
        1.2749403715133667,
        -0.6539961695671082,
        1.5897979736328125,
        -1.0395156145095825
    ],
    "x": [
        0.1497775912284851,
        0.3376066982746124,
        0.2537645995616913,
        -0.15367917716503143,
        1.0244596004486084,
        -0.29439836740493774,
        -0.31174591183662415,
        -0.5351064205169678,
        0.32151535153388977,
        0.5970881581306458,
        0.49908411502838135,
        0.48439010977745056,
        0.5904914140701294,
        0.5335941314697266,
        0.23105892539024353,
        0.681869626045227,
        -0.0793110653758049,
        -0.7967991828918457,
        0.562832772731781,
        -0.034115735441446304,
        0.14792197942733765,
        -0.24518150091171265,
        -0.2592148184776306,
        0.6488122940063477,
        -0.3416804373264313,
        0.10821455717086792,
        0.14734390377998352,
        -0.05066294968128204,
        -0.40988439321517944,
        0.6494248509407043,
        -0.11012069135904312,
        -0.6403999924659729,
        -0.2720048725605011,
        0.32560786604881287,
        0.20794075727462769,
        -0.11656762659549713,
        0.4952602684497833,
        -0.004139738157391548,
        0.13594050705432892,
        0.7798891067504883,
        0.033970605581998825,
        -0.18231521546840668,
        -0.08005111664533615,
        -0.09428054094314575,
        0.3677002787590027,
        -0.47369256615638733,
        -0.0982285663485527,
        0.18368642032146454,
        -0.8283933997154236,
        1.2281689643859863,
        0.054200951009988785,
        0.39845797419548035,
        -0.36079925298690796,
        -0.9363563656806946,
        -0.8491355776786804,
        0.1916428655385971,
        0.8465155363082886,
        0.6909874677658081,
        0.06991338729858398,
        0.04170222207903862,
        0.11836566776037216,
        -0.721763551235199,
        -0.9645752906799316,
        0.27466657757759094,
        0.47823256254196167,
        0.28716644644737244,
        -0.6099422574043274,
        -1.0409225225448608,
        -0.1557176113128662,
        -0.6129640340805054,
        0.8762385845184326,
        0.4646700620651245,
        0.5439026951789856,
        -0.24067866802215576,
        0.5050147771835327,
        -0.5910410284996033,
        -0.7007330060005188,
        1.1293281316757202,
        0.8950729966163635,
        0.8618903160095215,
        -0.4681292474269867,
        -0.0680110827088356,
        -0.6317996382713318,
        -0.3646869957447052,
        1.2659038305282593,
        0.572243869304657,
        0.4808143973350525,
        0.16734732687473297,
        -0.20472171902656555,
        -0.44353947043418884,
        -0.7082728147506714,
        1.0028388500213623,
        0.5094168186187744,
        -0.009818182326853275,
        0.32702621817588806,
        0.7631785869598389,
        -0.028299733996391296,
        -0.7577627897262573
    ]
}