{
    "seed": 1000010,
    "theta": [
        -0.7580831050872803,
        -0.4581387937068939,
        0.5729987025260925,
        -0.20167161524295807,
        0.1127600371837616
    ],
    "x": [
        -0.7495712637901306,
        -0.6571314334869385,
        -0.3793505132198334,
        -0.6758895516395569,
        -0.52283775806427,
        -0.6660962700843811,
        -0.3797633647918701,
        0.052606064826250076,
        -0.4384932219982147,
        -0.20443163812160492,
        -0.45098575949668884,
        -0.41239026188850403,
        -0.6613285541534424,
        -0.06450299918651581,
        -0.09082482010126114,
        0.4804564416408539,
        -0.24951580166816711,
        0.01647547446191311,
        0.326410174369812,
        -0.835192859172821,
        -0.0065169199369847775,
        0.015273344703018665,
        -0.1817968338727951,
        0.6338764429092407,
        0.04585700482130051,
        0.5002347230911255,
        0.4491053521633148,
        -0.20444221794605255,
        0.5053948163986206,
        0.27932989597320557,
        0.07421084493398666,
        0.8048840165138245,
        -0.4082355797290802,
        0.2306613177061081,
        -0.0692877545952797,
        0.22259700298309326,
        -0.07650770992040634,
        0.563226044178009,
        0.7793935537338257,
        -0.10648292303085327,
        0.31026220321655273,
        -7.011927604675293,
        0.3662218451499939,
        0.5879205465316772,
        0.3761442303657532,
        0.34024736285209656,
        0.15376757085323334,
        0.2749497890472412,
        0.575917661190033,
        -0.3700900673866272,
        0.15501053631305695,
        -0.15062208473682404,
        0.06746806204319,
        -0.282789945602417,
        0.2751697897911072,
        0.3644319772720337,
        -0.3472039997577667,
        -0.32824474573135376,
        -0.627016544342041,
        -6.654251575469971,
        0.43221572041511536,
        0.9009957313537598,
        0.31365108489990234,
        -0.7090423107147217,
        -0.11546358466148376,
        -0.15060193836688995,
        0.46489855647087097,
        0.15282659232616425,
        0.4743066132068634,
        0.8715989589691162,
        -0.603178083896637,
        -0.6307746767997742,
        -0.7900487780570984,
        -0.14322949945926666,
        0.8893650770187378,
        0.24472063779830933,
        0.13992469012737274,
        -1.0367109775543213,
        -0.27112114429473877,
        -0.5883002877235413,
        -0.324665367603302,
        0.4993647336959839,
        -0.3798174262046814,
        0.378095418214798,
        -0.9809289574623108,
        0.11537139117717743,
        -0.6201947927474976,
        -0.07079678773880005,
        0.03724406659603119,
        0.6889005899429321,
        0.5900107622146606,
        -0.47038424015045166,
        -0.7337967753410339,
        -0.16073495149612427,
        -0.49891361594200134,
        -0.8638813495635986,
        0.4761560559272766,
        0.46266475319862366
    ]
}