{
    "seed": 1000002,
    "theta": [
        -0.9514181613922119,
        -1.0382778644561768,
        0.2999007999897003,
        -0.09899585694074631,
        0.2709655165672302
    ],
    "x": [
        -0.3294225037097931,
        -0.37187349796295166,
        -0.5712236166000366,
        -0.6156161427497864,
        -0.4830566346645355,
        -0.3249032199382782,
        -0.7649729251861572,
        0.02210056409239769,
        0.1346111297607422,
        -0.21324077248573303,
        -0.5043836236000061,
        -0.474366158246994,
        -0.10798627138137817,
        -0.45805758237838745,
        -0.21673579514026642,
        0.7500605583190918,
        -0.16001565754413605,
        -0.5230712890625,
        -0.10488364100456238,
        -0.149004265666008,
        -0.12222360819578171,
        -0.18485310673713684,
        -0.4062500298023224,
        -0.05775833502411842,
        -0.27002742886543274,
        -0.04917939379811287,
        0.3438752591609955,
        -0.27238351106643677,
        0.5024173259735107,
        -0.1997096836566925,
        0.3788360357284546,
        0.030647989362478256,
        -0.1611766666173935,
        -0.054523397237062454,
        0.3848462402820587,
        -0.26007384061813354,
        0.32929661870002747,
        0.3507828116416931,
        1.0312458276748657,
        -0.18098828196525574,
        0.08577608317136765,
        0.23268266022205353,
        -0.17646554112434387,
        0.9575942158699036,
        0.5234534740447998,
        0.8725129961967468,
        0.33801525831222534,
        0.6414682269096375,
        0.5737409591674805,
        -0.19281554222106934,
        0.04974415898323059,
        0.10682030022144318,
        0.18908590078353882,
        0.160474956035614,
        0.4213917553424835,
        0.3857852816581726,
        -0.38581612706184387,
        -0.16515801846981049,
        -0.4943711459636688,
        -0.06588561087846756,
        0.8253211975097656,
        0.10296733677387238,
        0.4614384174346924,
        -0.8225264549255371,
        -1.0128298997879028,
        -0.19785788655281067,
        0.6732343435287476,
        -0.06936078518629074,
        0.3376661241054535,
        1.0779446363449097,
        -0.7701416611671448,
        -0.1408163160085678,
        -0.2930077910423279,
        -0.014210168272256851,
        0.7490703463554382,
        0.4046117961406708,
        0.7261836528778076,
        -1.0578721761703491,
        -0.23967650532722473,
        -0.5773890614509583,
        -0.1524357795715332,
        0.29460474848747253,
        0.08148243278265,
        0.21198129653930664,
        -0.3452213406562805,
        0.13909097015857697,
        -0.9600569605827332,
        -0.06547913700342178,
        0.23237980902194977,
        0.2823537290096283,
        0.7205802202224731,
        -0.7047803401947021,
        -0.5442980527877808,
        -0.4381539523601532,
        -0.27691492438316345,
        0.42846617102622986,
        0.1486992985010147,
        0.1714540272951126
    ]
}