{
    "seed": 1000001,
    "theta": [
        -1.081194281578064,
        -0.8446974754333496,
        0.990185022354126,
        0.16262772679328918,
        0.39335229992866516
    ],
    "x": [
        -0.23986585438251495,
        -0.061531636863946915,
        -0.7662737965583801,
        -0.27938592433929443,
        -0.45209771394729614,
        -0.4251784682273865,
        -0.3971307873725891,
        -0.1999707669019699,
        -0.5339358448982239,
        -0.39750203490257263,
        -0.9786959886550903,
        -0.5186952948570251,
        -0.05910832807421684,
        -0.31309255957603455,
        0.4236918091773987,
        0.2702198028564453,
        0.04912755265831947,
        0.392031729221344,
        0.4779719412326813,
        -0.7111843228340149,
        -0.7604708075523376,
        0.822562575340271,
        0.05089757591485977,
        0.525159478187561,
        0.5500121116638184,
        -0.016096318140625954,
        -0.2577705383300781,
        -0.6682961583137512,
        0.10269998759031296,
        -0.08678203076124191,
        0.31022894382476807,
        0.15043488144874573,
        0.4871702790260315,
        -9.685088157653809,
        -0.07820532470941544,
        0.4170093238353729,
        0.15451478958129883,
        0.23010076582431793,
        0.18328550457954407,
        0.3112230598926544,
        0.1086650937795639,
        -0.13205213844776154,
        -0.10666315257549286,
        0.6175201535224915,
        0.2955874502658844,
        0.580312192440033,
        0.7464675307273865,
        0.5200174450874329,
        0.5997042059898376,
        -0.9460087418556213,
        -0.20169676840305328,
        0.1837267279624939,
        0.09503393620252609,
        -0.2524528205394745,
        0.16995379328727722,
        0.6900014877319336,
        -0.6662508249282837,
        -0.4097643792629242,
        0.1152224987745285,
        -0.20980381965637207,
        0.24329537153244019,
        0.2968823313713074,
        0.5025939345359802,
        -0.7490903735160828,
        -0.5344805717468262,
        -0.34294965863227844,
        -0.5008781552314758,
        0.12426067143678665,
        0.7046326994895935,
        0.6318392753601074,
        -0.35657140612602234,
        -0.39138516783714294,
        -0.4517555236816406,
        0.5246433019638062,
        -0.05729888752102852,
        0.7717440724372864,
        0.4544937312602997,
        -1.1200456619262695,
        0.04951929673552513,
        -0.06321191787719727,
        0.24632887542247772,
        0.6487839818000793,
        0.7472459673881531,
        0.29535505175590515,
        -0.5753583908081055,
        -0.6006752848625183,
        -0.3481987714767456,
        -0.16747726500034332,
        -0.13353122770786285,
        1.0261874198913574,
        -8.430216789245605,
        -0.5735445022583008,
        -0.3459654450416565,
        -0.1200767308473587,
        0.07139990478754044,
        -0.02652120403945446,
        0.4696107804775238,
        0.39427855610847473
    ]
}