{
    "seed": 1000000,
    "theta": [
        -0.6555137038230896,
        -0.7458917498588562,
        0.6407541036605835,
        -0.39434248208999634,
        0.5682571530342102
    ],
    "x": [
        -0.2890714704990387,
        -0.2588082253932953,
        -0.577640175819397,
        -0.3423052728176117,
        -1.037235975265503,
        -0.5612373352050781,
        -0.5109497904777527,
        -0.5652362108230591,
        -0.6433612108230591,
        0.165787935256958,
        -0.20995880663394928,
        -0.01431454997509718,
        0.6814364790916443,
        -0.04264659062027931,
        5.0350565910339355,
        0.3390074074268341,
        -0.3271328806877136,
        -0.5787839293479919,
        -0.9021492600440979,
        -0.2578343451023102,
        0.3007424771785736,
        0.36144325137138367,
        -0.7034034132957458,
        0.3432454764842987,
        -0.15557768940925598,
        0.3230155408382416,
        -0.1590149700641632,
        0.15977512300014496,
        0.21139861643314362,
        0.07149758189916611,
        -0.22145140171051025,
        0.053715553134679794,
        0.022572111338377,
        -0.37943699955940247,
        0.48126164078712463,
        0.3377595543861389,
        0.2658109664916992,
        0.7129088044166565,
        0.37840384244918823,
        -0.054138123989105225,
        0.17027883231639862,
        -0.23033566772937775,
        -0.11039818823337555,
        0.29207995533943176,
        0.9844779968261719,
        0.47370874881744385,
        0.49978771805763245,
        0.5155532956123352,
        -0.28225746750831604,
        0.19868409633636475,
        -0.3151031732559204,
        -0.3737427890300751,
        0.15709105134010315,
        0.1536484807729721,
        0.29314911365509033,
        0.6347253918647766,
        -1.1862612962722778,
        -0.2642524838447571,
        -7.671506881713867,
        -0.7722844481468201,
        0.07208064943552017,
        -0.0963667556643486,
        0.7164434194564819,
        -0.36750102043151855,
        -0.42797860503196716,
        -0.5372388958930969,
        0.44279351830482483,
        -0.11940581351518631,
        0.5815732479095459,
        0.894342303276062,
        -0.745764434337616,
        -0.5508856177330017,
        -0.3660767078399658,
        0.24030528962612152,
        0.27394431829452515,
        0.8197217583656311,
        0.84686279296875,
        -1.0146595239639282,
        -0.05589328706264496,
        -0.37788963317871094,
        -0.20859074592590332,
        -0.13566957414150238,
        -0.19910484552383423,
        0.2412916123867035,
        -0.8259698748588562,
        -0.5172202587127686,
        -0.6391681432723999,
        -0.11374425888061523,
        0.6116079688072205,
        -0.1732592135667801,
        1.1997531652450562,
        -0.4419870972633362,
        -0.7611950635910034,
        -0.35658928751945496,
        -0.13596373796463013,
        0.35592421889305115,
        0.22735753655433655,
        0.07239602506160736
    ]
}