{
    "seed": 1000008,
    "theta": [
        -0.7369076013565063,
        -0.8182458877563477,
        0.868804931640625,
        0.021544016897678375,
        0.8542555570602417
    ],
    "x": [
        -0.18915776908397675,
        0.05609948933124542,
        -0.6036032438278198,
        -0.5005292296409607,
        -0.6721240282058716,
        -0.8072037100791931,
        -0.3857472240924835,
        0.09726887941360474,
        0.17956015467643738,
        0.12141882628202438,
        -0.4743722379207611,
        -0.49773693084716797,
        -0.19068928062915802,
        0.06903813779354095,
        0.19422858953475952,
        0.5781368017196655,
        -0.11952324211597443,
        0.06853245943784714,
        -0.164462149143219,
        -0.1739632487297058,
        -4.17354154586792,
        -0.8927976489067078,
        -0.16145679354667664,
        0.13325464725494385,
        -0.31888875365257263,
        -0.5870729684829712,
        -0.3781982660293579,
        0.8672686219215393,
        0.7733798027038574,
        0.3026208281517029,
        0.9945714473724365,
        -0.19074523448944092,
        0.1042603999376297,
        0.6015179753303528,
        -0.2290542721748352,
        0.7192445993423462,
        0.2682056128978729,
        0.42011022567749023,
        0.08295516669750214,
        -0.09441065788269043,
        0.057304706424474716,
        -0.16931279003620148,
        0.2621155083179474,
        0.33382222056388855,
        0.2893442213535309,
        0.38481685519218445,
        0.5884203314781189,
        1.3975335359573364,
        0.577106773853302,
        -0.4971613585948944,
        0.05666504055261612,
        -0.10168106853961945,
        0.27081406116485596,
        7.901585578918457,
        0.4898238480091095,
        0.3871572017669678,
        -1.2447246313095093,
        0.17950932681560516,
        -0.5934407114982605,
        0.488361656665802,
        0.314293771982193,
        0.9987730979919434,
        0.4747059941291809,
        -0.45089396834373474,
        -0.46542879939079285,
        -0.2175089418888092,
        0.27790600061416626,
        0.38291871547698975,
        -0.032531775534152985,
        0.9458762407302856,
        -0.7185671925544739,
        -1.0128545761108398,
        -0.16449318826198578,
        0.5811794400215149,
        0.5655181407928467,
        0.5001037120819092,
        0.6019506454467773,
        -0.4583308696746826,
        -0.4495634436607361,
        -0.0665588304400444,
        0.2296142429113388,
        0.08083590120077133,
        0.6096693873405457,
        0.9422820806503296,
        -0.7149224877357483,
        -0.49786531925201416,
        0.05775993689894676,
        0.09056185930967331,
        0.28157633543014526,
        0.32465413212776184,
        0.6749597191810608,
        -0.958571195602417,
        -0.3124012053012848,
        0.5515039563179016,
        -0.048907842487096786,
        0.037383247166872025,
        0.38858550786972046,
        0.15944111347198486
    ]
}