{
    "seed": 1000005,
    "theta": [
        0.7346627712249756,
        0.45271679759025574,
        0.5120988488197327,
        0.5656039118766785
    ],
    "x": [
        0.8843511939048767,
        0.9541090726852417,
        0.906332790851593,
        0.814859926700592,
        0.8332646489143372,
        0.8584817051887512,
        0.8549397587776184,
        0.9016260504722595,
        0.7873280644416809,
        0.6999918818473816,
        0.6033598780632019,
        0.651621401309967,
        0.642645001411438,
        0.6777376532554626,
        0.6105322241783142,
        0.577660858631134,
        0.4626070559024811,
        0.5962399840354919,
        0.40665575861930847,
        0.37105000019073486,
        0.4394322633743286,
        0.45565032958984375,
        0.435979962348938,
        0.5046209692955017,
        0.3330855071544647,
        0.2918280363082886,
        0.4842577576637268,
        0.5267524719238281,
        0.5668531060218811,
        0.47458547353744507,
        0.5550776124000549,
        0.3207901120185852,
        0.2260311096906662,
        0.5035240054130554,
        0.3675004243850708,
        0.31482595205307007,
        0.4663294553756714,
        0.4919021725654602,
        0.5155625939369202,
        0.535055935382843,
        0.31259384751319885,
        0.10301946103572845,
        0.576980471611023,
        0.46913936734199524,
        0.37681883573532104,
        0.3714744448661804,
        0.27016207575798035,
        0.5056584477424622,
        0.44233372807502747,
        0.48147696256637573,
        0.4298233091831207,
        0.4433048367500305,
        0.417810320854187,
        0.49453482031822205,
        0.5603360533714294,
        0.4730931520462036,
        0.41843897104263306,
        0.4140464663505554,
        0.2947344481945038,
        0.3269283175468445,
        0.40077871084213257,
        0.1601361632347107,
        0.3522127866744995,
        0.44532904028892517,
        0.4583781063556671,
        0.4817441403865814,
        0.4616560637950897,
        0.44115766882896423,
        0.4254615902900696,
        0.4688185453414917,
        0.46108272671699524,
        0.4685409665107727,
        0.5415061712265015,
        0.3562617003917694,
        0.3783658444881439,
        0.37906596064567566,
        0.3904787600040436,
        0.3789118528366089,
        0.4414811432361603,
        0.3318365812301636,
        0.4581475555896759,
        0.5457466244697571,
        0.3957761228084564,
        0.45025762915611267,
        0.4659164547920227,
        0.31849440932273865,
        0.5246195197105408,
        0.5154432654380798,
        0.43772074580192566,
        0.4359939694404602,
        0.6028277277946472,
        0.403155654668808,
        0.45858079195022583,
        0.486242413520813,
        -0.01348088588565588,
        0.4535972476005554,
        0.4551485776901245,
        0.3925805389881134,
        0.502185583114624,
        0.5277588963508606,
        0.6490821838378906
    ]
}