{
    "seed": 1000003,
    "theta": [
        0.7162806987762451,
        0.33945173025131226,
        0.4976736307144165,
        0.6753090023994446
    ],
    "x": [
        0.8254987001419067,
        0.9791881442070007,
        1.0070210695266724,
        0.8686261773109436,
        0.9020889401435852,
        0.7530638575553894,
        0.5210043787956238,
        0.6421641111373901,
        0.776623547077179,
        0.5106862187385559,
        0.5916763544082642,
        0.6446611881256104,
        0.58491450548172,
        0.41628849506378174,
        0.6173827052116394,
        0.546111524105072,
        0.5717747807502747,
        0.4421316683292389,
        0.4654402434825897,
        0.513854444026947,
        0.32350170612335205,
        0.4281119108200073,
        0.33725816011428833,
        0.4222171902656555,
        0.49814796447753906,
        0.5043963193893433,
        0.44206249713897705,
        0.39510664343833923,
        0.5427476167678833,
        0.3556515872478485,
        0.48328909277915955,
        0.5040267705917358,
        0.44405555725097656,
        0.47493043541908264,
        0.365365207195282,
        0.4846763610839844,
        0.6218241453170776,
        0.3802356719970703,
        0.4776763916015625,
        0.25253918766975403,
        0.3483777344226837,
        0.46303418278694153,
        0.4129234254360199,
        0.46120530366897583,
        0.5382815003395081,
        0.44593098759651184,
        0.5215760469436646,
        0.4385242462158203,
        0.4230995178222656,
        0.48210397362709045,
        0.4324582517147064,
        0.5162638425827026,
        0.2787518799304962,
        0.5066120028495789,
        0.3837794065475464,
        0.5160147547721863,
        0.5320281982421875,
        0.1701967865228653,
        0.5182597041130066,
        0.4778219759464264,
        0.4902103543281555,
        0.3438045382499695,
        0.5178579688072205,
        0.5518550872802734,
        0.524954617023468,
        0.4972185790538788,
        0.522753119468689,
        0.306781142950058,
        0.3889751434326172,
        0.4779164493083954,
        0.3588297665119171,
        0.178416445851326,
        0.4997820556163788,
        0.09981943666934967,
        0.596480667591095,
        0.5557848811149597,
        0.3977026641368866,
        0.3807755708694458,
        0.5397619605064392,
        0.4123222231864929,
        0.5812518000602722,
        0.444052129983902,
        0.5355069637298584,
        0.3826746642589569,
        0.5365254878997803,
        0.4754678010940552,
        0.40922901034355164,
        0.2838401794433594,
        0.4621894955635071,
        0.46290385723114014,
        0.3795998990535736,
        0.43184801936149597,
        0.6239490509033203,
        0.5313706994056702,
        0.49101969599723816,
        0.44206759333610535,
        0.5461634397506714,
        0.5654589533805847,
        0.5008975863456726,
        0.5297276973724365,
        0.6884340643882751
    ]
}