{
    "seed": 1000008,
    "theta": [
        0.7299198508262634,
        0.4315193295478821,
        0.42775827646255493,
        0.6289352178573608
    ],
    "x": [
        0.9462897181510925,
        0.9319497346878052,
        0.7884376645088196,
        0.892626941204071,
        0.8767103552818298,
        0.8116554021835327,
        0.8233744502067566,
        0.7269455194473267,
        0.5773717164993286,
        0.699920117855072,
        0.6253466010093689,
        0.5288887023925781,
        0.6865218877792358,
        0.6489267945289612,
        0.6703421473503113,
        0.5241917967796326,
        0.5872258543968201,
        0.6140044927597046,
        0.5496025085449219,
        0.5613889098167419,
        0.45291659235954285,
        0.38832080364227295,
        0.5191613435745239,
        0.5193215608596802,
        0.46043092012405396,
        0.421002060174942,
        0.4391307830810547,
        0.39489123225212097,
        0.5829096436500549,
        0.44410693645477295,
        0.44396960735321045,
        0.4213671386241913,
        0.34405517578125,
        0.5039436221122742,
        0.49366405606269836,
        0.5668138861656189,
        0.4447866976261139,
        0.5637621283531189,
        0.49579378962516785,
        0.443838894367218,
        0.5036748051643372,
        0.4228314757347107,
        0.5417181849479675,
        0.38890188932418823,
        0.4131298065185547,
        0.5349088311195374,
        0.5222315192222595,
        0.36831361055374146,
        0.5170473456382751,
        0.4883778989315033,
        0.47918078303337097,
        0.5148194432258606,
        0.4921259582042694,
        0.41984570026397705,
        0.5331478118896484,
        0.350717157125473,
        0.45733755826950073,
        0.34044647216796875,
        0.5913764834403992,
        0.4090442657470703,
        0.32599690556526184,
        0.582849383354187,
        0.5019655823707581,
        0.4858245849609375,
        0.3388843536376953,
        0.42675426602363586,
        0.5026727318763733,
        0.4820634126663208,
        0.4972623288631439,
        0.4888264834880829,
        0.2004973143339157,
        0.502960741519928,
        0.3916403353214264,
        0.39765167236328125,
        0.5115596652030945,
        0.44831719994544983,
        0.31744614243507385,
        0.5038795471191406,
        0.5230056643486023,
        0.4114653170108795,
        0.41571730375289917,
        0.38977545499801636,
        0.4661554992198944,
        0.4084615111351013,
        0.5381721258163452,
        0.5509834289550781,
        0.49105021357536316,
        0.4596450924873352,
        0.5015261173248291,
        0.49080023169517517,
        0.557281494140625,
        0.5878486633300781,
        0.5546360015869141,
        0.5109108090400696,
        0.4734762907028198,
        0.45211994647979736,
        0.5311514735221863,
        0.6511357426643372,
        0.631555438041687,
        0.6331230401992798,
        0.679436981678009
    ]
}