{
    "seed": 1000000,
    "theta": [
        0.7271484732627869,
        0.3548181653022766,
        0.43547216057777405,
        0.6322465538978577
    ],
    "x": [
        0.801055371761322,
        1.0768905878067017,
        0.7106676697731018,
        0.9468796849250793,
        0.7262311577796936,
        0.5673090815544128,
        0.8345499634742737,
        0.7162151336669922,
        0.6139981746673584,
        0.7554636597633362,
        0.6960731744766235,
        0.6745485663414001,
        0.43756788969039917,
        0.5497710108757019,
        0.5724608302116394,
        0.5140286684036255,
        0.4565911591053009,
        0.5835843682289124,
        0.6292502284049988,
        0.6088181734085083,
        0.5807362794876099,
        0.5390816926956177,
        0.4945205748081207,
        0.5849395990371704,
        0.39162176847457886,
        0.5087491273880005,
        0.5147258639335632,
        0.5075321197509766,
        0.47601038217544556,
        0.5282496213912964,
        0.4417073428630829,
        0.48033931851387024,
        0.49751269817352295,
        0.4538375735282898,
        0.4444705843925476,
        0.49728280305862427,
        0.3562484681606293,
        0.4553980529308319,
        0.3133373260498047,
        0.4936576783657074,
        0.47514966130256653,
        0.444296270608902,
        0.5283030271530151,
        0.5613136291503906,
        0.5696066617965698,
        0.485315203666687,
        0.4369088411331177,
        0.4570811092853546,
        0.3955727815628052,
        0.5066692233085632,
        0.41824352741241455,
        0.3983839750289917,
        0.426962286233902,
        0.26657408475875854,
        0.507485568523407,
        0.2896224856376648,
        0.4821498990058899,
        0.36554449796676636,
        0.47959569096565247,
        0.47791773080825806,
        0.4025522768497467,
        0.4681128263473511,
        0.3647409975528717,
        0.4840688109397888,
        0.4243629574775696,
        0.3780258297920227,
        0.5218973755836487,
        0.5581658482551575,
        0.1688285768032074,
        0.5376961827278137,
        0.27999383211135864,
        0.5291115045547485,
        0.4400748014450073,
        0.31682664155960083,
        0.49461185932159424,
        0.4764457643032074,
        0.5077299475669861,
        0.21544189751148224,
        0.45337918400764465,
        0.4286488890647888,
        0.5202018618583679,
        0.45638224482536316,
        0.5543099641799927,
        0.4757651090621948,
        0.5986639857292175,
        0.3715173006057739,
        0.5700556635856628,
        0.4759909212589264,
        0.5720615386962891,
        0.5128690004348755,
        0.46532389521598816,
        0.43006834387779236,
        0.5050018429756165,
        0.47122547030448914,
        0.3507869839668274,
        0.569132387638092,
        0.4897768795490265,
        0.5913494229316711,
        0.5954664945602417,
        0.602282702922821,
        0.6295313239097595
    ]
}