{
    "seed": 1000010,
    "theta": [
        0.7685273885726929,
        0.3633807301521301,
        0.3875146806240082,
        0.5480556488037109
    ],
    "x": [
        0.3325888216495514,
        0.9133982062339783,
        0.7174764275550842,
        0.8921653628349304,
        0.6536528468132019,
        0.8021063208580017,
        0.8270388245582581,
        0.6597468256950378,
        0.7405881285667419,
        0.6881253719329834,
        0.7172805666923523,
        0.5656472444534302,
        0.47498321533203125,
        0.6354770660400391,
        0.5757566094398499,
        0.5178045630455017,
        0.51713627576828,
        0.5633799433708191,
        0.5481274724006653,
        0.4678047299385071,
        0.46152469515800476,
        0.3319844603538513,
        0.5297628045082092,
        0.2874006927013397,
        0.1905471831560135,
        0.44830092787742615,
        0.5256630182266235,
        0.49252256751060486,
        0.49813219904899597,
        0.3927007019519806,
        0.4931081235408783,
        0.24811986088752747,
        0.38246649503707886,
        0.39032822847366333,
        0.482168972492218,
        0.5251998901367188,
        0.5446142554283142,
        0.37766456604003906,
        0.3726463317871094,
        0.2870287597179413,
        0.463977187871933,
        0.4221400022506714,
        0.5869114995002747,
        0.3913204073905945,
        0.3250083923339844,
        0.4128102660179138,
        0.4118841886520386,
        0.4754217863082886,
        0.3436870574951172,
        0.3591041564941406,
        0.4830399751663208,
        0.36573460698127747,
        0.3349466919898987,
        0.4695549011230469,
        0.45109328627586365,
        0.12600530683994293,
        0.3611491024494171,
        0.25230687856674194,
        0.523626983165741,
        0.48943302035331726,
        0.33823955059051514,
        0.3898874819278717,
        0.5001476407051086,
        0.07088648527860641,
        0.3456967771053314,
        0.44359779357910156,
        0.4483683407306671,
        0.45005062222480774,
        0.4127858579158783,
        0.5028025507926941,
        0.5095270872116089,
        0.5039564967155457,
        0.4457143247127533,
        0.4277324676513672,
        0.4317728579044342,
        0.5645469427108765,
        0.5062797665596008,
        0.4265771210193634,
        0.541351854801178,
        0.4980856478214264,
        0.36823031306266785,
        0.43448498845100403,
        0.5103286504745483,
        0.2616119384765625,
        0.42191949486732483,
        0.43969905376434326,
        0.4850415587425232,
        0.39233601093292236,
        0.4820546507835388,
        0.36649003624916077,
        0.3764340579509735,
        0.36804401874542236,
        0.07230783998966217,
        0.43960317969322205,
        0.4061215817928314,
        0.43851152062416077,
        0.31011250615119934,
        0.3962102234363556,
        0.41571858525276184,
        0.4590550661087036,
        0.39348411560058594
    ]
}