{
    "seed": 1000012,
    "theta": [
        0.7166658639907837,
        0.474481463432312,
        0.3471793532371521,
        0.6156744956970215
    ],
    "x": [
        1.0122854709625244,
        0.8216882348060608,
        1.0284582376480103,
        0.8716779351234436,
        0.8380836248397827,
        0.7883840203285217,
        0.6169527769088745,
        0.7542934417724609,
        0.7948399782180786,
        0.6310647130012512,
        0.6748034358024597,
        0.4305320680141449,
        0.6748067140579224,
        0.6767703890800476,
        0.47409361600875854,
        0.5316320061683655,
        0.503064751625061,
        0.44128239154815674,
        0.5546799898147583,
        0.4627496004104614,
        0.4545759856700897,
        0.4694601595401764,
        0.4455374479293823,
        0.4908321499824524,
        0.5012857913970947,
        0.5615834593772888,
        0.523138165473938,
        0.41318830847740173,
        0.5109024047851562,
        0.25549253821372986,
        0.31841760873794556,
        0.39541804790496826,
        0.44814249873161316,
        0.4872482419013977,
        0.4219679534435272,
        0.3875874876976013,
        0.5614262819290161,
        0.5673975348472595,
        0.5236495733261108,
        0.2433265745639801,
        0.3058359920978546,
        0.4991495907306671,
        0.38937148451805115,
        0.4542268216609955,
        0.46780091524124146,
        0.5606809258460999,
        0.5034611821174622,
        0.4641362428665161,
        0.45515963435173035,
        0.5132197141647339,
        0.44608575105667114,
        0.25568416714668274,
        0.44748103618621826,
        0.16868871450424194,
        0.5003163814544678,
        0.44787850975990295,
        0.3759446442127228,
        0.5507442355155945,
        0.5175843834877014,
        0.2162025421857834,
        0.298809677362442,
        0.5415450930595398,
        0.25568708777427673,
        0.5271524786949158,
        0.41036924719810486,
        0.5535462498664856,
        0.30071717500686646,
        0.504284143447876,
        0.3690122067928314,
        0.3204549252986908,
        0.48288294672966003,
        0.4684951901435852,
        0.43487676978111267,
        0.4082401394844055,
        0.3877161741256714,
        0.4548029601573944,
        0.422741562128067,
        0.3141404390335083,
        0.4865371584892273,
        0.3171120882034302,
        0.4637456238269806,
        0.4676816165447235,
        0.4409622251987457,
        0.5794290900230408,
        0.29838359355926514,
        0.16172917187213898,
        0.5495226383209229,
        0.5555986762046814,
        0.4113140106201172,
        0.5477436184883118,
        0.5270584225654602,
        0.5621449947357178,
        0.5010724663734436,
        0.5579823851585388,
        0.5245144963264465,
        0.6224951148033142,
        0.5289016962051392,
        0.5978286862373352,
        0.6996890902519226,
        0.6621396541595459,
        0.7742740511894226
    ]
}