{
    "seed": 1000004,
    "theta": [
        0.7963770031929016,
        0.5134549736976624,
        0.48679405450820923,
        0.6361326575279236
    ],
    "x": [
        0.881055474281311,
        0.9993715882301331,
        0.9661005735397339,
        0.8529611229896545,
        0.9364351630210876,
        0.9355711340904236,
        0.8482022881507874,
        0.8752423524856567,
        0.7502611875534058,
        0.8237444758415222,
        0.7703381776809692,
        0.605331540107727,
        0.6350790858268738,
        0.6053130030632019,
        0.5140604376792908,
        0.7335952520370483,
        0.5907239317893982,
        0.6083750128746033,
        0.2753281891345978,
        0.5619990229606628,
        0.5227863192558289,
        0.5222652554512024,
        0.5900169610977173,
        0.2867121398448944,
        0.6329588294029236,
        0.39219653606414795,
        0.22865040600299835,
        0.39579644799232483,
        0.5084928870201111,
        0.47207361459732056,
        0.46260350942611694,
        0.4636051058769226,
        0.3439011871814728,
        0.5362148284912109,
        0.40576374530792236,
        0.41512808203697205,
        0.41384047269821167,
        0.3975692689418793,
        0.4748396575450897,
        0.5071715116500854,
        0.49538281559944153,
        0.38690364360809326,
        0.5063958764076233,
        0.11058323830366135,
        0.4256967008113861,
        0.45501378178596497,
        0.5143609642982483,
        0.5100078582763672,
        0.44594496488571167,
        0.5127779841423035,
        0.47738292813301086,
        0.37433815002441406,
        0.46575242280960083,
        0.3638851046562195,
        0.3073834776878357,
        0.36639341711997986,
        0.532879650592804,
        0.4699002504348755,
        0.412423312664032,
        0.5512149930000305,
        0.49659842252731323,
        0.4369865357875824,
        0.5844581723213196,
        0.4851735532283783,
        0.5372647643089294,
        0.5550130009651184,
        0.4630800783634186,
        0.4430561065673828,
        0.3489575684070587,
        0.5281873345375061,
        0.5021691918373108,
        0.542303204536438,
        0.33830615878105164,
        0.42190247774124146,
        0.5476417541503906,
        0.5233083367347717,
        0.3256905972957611,
        0.5077114105224609,
        0.576476514339447,
        0.4869224429130554,
        0.4292312562465668,
        0.5523921847343445,
        0.6441212892532349,
        0.39635467529296875,
        0.5458011627197266,
        0.528551459312439,
        0.5766161680221558,
        0.5708335638046265,
        0.5966859459877014,
        0.510503888130188,
        0.5748997926712036,
        0.5567405819892883,
        0.3581558167934418,
        0.5918251276016235,
        0.6513926386833191,
        0.5063610076904297,
        0.6325415372848511,
        0.6517207026481628,
        0.7211204767227173,
        0.6377426385879517,
        0.7612274289131165
    ]
}