{
    "seed": 1000002,
    "theta": [
        0.6985555291175842,
        0.3348335921764374,
        0.44709429144859314,
        0.6357035040855408
    ],
    "x": [
        0.809221625328064,
        0.8656468987464905,
        1.0225346088409424,
        0.9398338198661804,
        0.7282726168632507,
        0.8084266781806946,
        0.6786447167396545,
        0.5053480863571167,
        0.6801179051399231,
        0.6050014495849609,
        0.6438685059547424,
        0.5376147031784058,
        0.5064836144447327,
        0.623352587223053,
        0.5275802612304688,
        0.5656328797340393,
        0.45269495248794556,
        0.4493788480758667,
        0.5083831548690796,
        0.46634992957115173,
        0.45988526940345764,
        0.4731951355934143,
        0.5346112847328186,
        0.5420932769775391,
        0.3267168700695038,
        0.28266602754592896,
        0.4456966519355774,
        0.43814390897750854,
        0.46082279086112976,
        0.46680477261543274,
        0.40624696016311646,
        0.4504202604293823,
        0.4741264283657074,
        0.5051711797714233,
        0.4184402525424957,
        0.37592825293540955,
        0.4577842652797699,
        0.5052871704101562,
        0.5157392024993896,
        0.4869898557662964,
        0.41674867272377014,
        0.4928426146507263,
        0.47996699810028076,
        0.458322137594223,
        0.5501355528831482,
        0.4202975034713745,
        0.35294851660728455,
        0.36657702922821045,
        0.41000086069107056,
        0.5541267395019531,
        0.5351726412773132,
        0.46579602360725403,
        0.43857815861701965,
        0.5813770294189453,
        0.46643778681755066,
        0.2481124848127365,
        0.3233618438243866,
        0.44015300273895264,
        0.5067769289016724,
        0.4416262209415436,
        0.48805224895477295,
        0.3267931640148163,
        0.5397289395332336,
        0.3659402132034302,
        0.5518403649330139,
        0.33313217759132385,
        0.4368743896484375,
        0.5741963982582092,
        0.20728200674057007,
        0.27836406230926514,
        0.44669315218925476,
        0.45252710580825806,
        0.5247572660446167,
        0.3814738094806671,
        0.44692331552505493,
        0.3587913513183594,
        0.49010607600212097,
        0.4487687349319458,
        0.47788265347480774,
        0.16256102919578552,
        0.452255517244339,
        0.4630405306816101,
        0.2926015257835388,
        0.3838307559490204,
        0.37333348393440247,
        0.323492169380188,
        0.6015434265136719,
        0.390539288520813,
        0.4558853209018707,
        0.500809371471405,
        0.287896990776062,
        0.47470882534980774,
        0.5283803343772888,
        0.5316237211227417,
        0.5569548010826111,
        0.5158849358558655,
        0.5044416785240173,
        0.5887219905853271,
        0.5780366063117981,
        0.5854527950286865,
        0.6526268124580383
    ]
}