{
    "seed": 1000009,
    "theta": [
        0.3284928798675537,
        -0.42970171570777893,
        0.3079741597175598,
        -0.44659435749053955,
        0.46572527289390564,
        -0.43564707040786743,
        -0.03654248267412186,
        0.17413689196109772,
        -0.23044303059577942,
        0.33048856258392334
    ],
    "x": [
        0.07428115606307983,
        -0.5106653571128845,
        0.2113839089870453,
        -0.31471288204193115,
        0.32094261050224304,
        -0.41164568066596985,
        -0.46977129578590393,
        0.2745267152786255,
        0.10468336939811707,
        0.6068491339683533
    ]
}