{
    "seed": 1000003,
    "theta": [
        0.22670158743858337,
        0.4397544264793396,
        0.275466650724411,
        -0.27529406547546387,
        0.3627765476703644,
        -0.2299998700618744,
        -0.25225818157196045,
        0.24849295616149902,
        -0.14767327904701233,
        -0.059402335435152054
    ],
    "x": [
        -0.016934514045715332,
        -0.1478855013847351,
        0.15941350162029266,
        -0.22637349367141724,
        0.1419968456029892,
        -0.08634553849697113,
        -0.7209702134132385,
        0.2757234275341034,
        -0.3994338810443878,
        -0.04609235003590584
    ]
}