{
    "seed": 1000001,
    "theta": [
        0.4517674446105957,
        -0.4549575448036194,
        0.14487439393997192,
        -0.23282508552074432,
        0.4756169617176056,
        -0.46382537484169006,
        -0.11696764826774597,
        0.2072153091430664,
        -0.08495518565177917,
        0.2469867765903473
    ],
    "x": [
        1.3197081089019775,
        -0.4887946546077728,
        0.06685769557952881,
        -0.124119333922863,
        0.6812636256217957,
        -0.5440424084663391,
        0.10761557519435883,
        -0.8103417158126831,
        -0.2643824517726898,
        -0.17103195190429688
    ]
}