{
    "seed": 1000002,
    "theta": [
        0.26882222294807434,
        0.3287988603115082,
        0.28827565908432007,
        -0.36812689900398254,
        0.37199315428733826,
        -0.18998079001903534,
        -0.19698980450630188,
        0.2214113473892212,
        -0.01345035433769226,
        -0.002597276121377945
    ],
    "x": [
        0.30415475368499756,
        0.5476887822151184,
        0.7343707084655762,
        0.1388123333454132,
        0.49985140562057495,
        -0.36660557985305786,
        -0.8454538583755493,
        0.07811905443668365,
        0.04735332354903221,
        -0.24784858524799347
    ]
}