{
    "seed": 1000000,
    "theta": [
        0.06682585179805756,
        0.3737892210483551,
        0.1961236149072647,
        -0.3704116940498352,
        0.30528542399406433,
        -0.21909110248088837,
        -0.22291448712348938,
        0.2091200053691864,
        -0.010924961417913437,
        2.7019530534744263e-05
    ],
    "x": [
        0.09550224244594574,
        0.13912256062030792,
        0.14685644209384918,
        -0.5184975862503052,
        -0.11004617810249329,
        0.013701051473617554,
        -0.14127953350543976,
        0.3014652132987976,
        -0.27364954352378845,
        0.16000014543533325
    ]
}