{
    "seed": 1000004,
    "theta": [
        0.24715155363082886,
        -0.5008507966995239,
        0.21643193066120148,
        -0.4494416117668152,
        0.3236455023288727,
        -0.3957466781139374,
        -0.09606818109750748,
        0.16012725234031677,
        -0.2162090539932251,
        0.19355610013008118
    ],
    "x": [
        -0.21554267406463623,
        0.10137462615966797,
        -0.3277602195739746,
        -0.30699241161346436,
        0.37916719913482666,
        -0.6604070663452148,
        0.3697768747806549,
        0.11626345664262772,
        -0.6259821653366089,
        0.3565850853919983
    ]
}