{
    "seed": 1000010,
    "theta": [
        0.27561402320861816,
        -0.2859043478965759,
        0.22571438550949097,
        -0.5087711811065674,
        0.37975460290908813,
        -0.44675353169441223,
        -0.03691820800304413,
        0.2181313931941986,
        -0.1676918864250183,
        0.2616066634654999
    ],
    "x": [
        0.3384449779987335,
        -0.6951302289962769,
        -0.11977767944335938,
        -0.5497919917106628,
        -0.24613159894943237,
        -0.08538556098937988,
        0.5465919971466064,
        0.13809160888195038,
        0.010581448674201965,
        -0.15023601055145264
    ]
}