{
    "seed": 1000012,
    "theta": [
        0.15247207880020142,
        0.42010319232940674,
        0.35078349709510803,
        -0.3937889635562897,
        0.3105589747428894,
        -0.17077302932739258,
        -0.2007759064435959,
        0.08909092843532562,
        -0.227862149477005,
        -0.08289840817451477
    ],
    "x": [
        0.171376571059227,
        0.04193788766860962,
        0.5647980570793152,
        -0.5277086496353149,
        0.20991674065589905,
        0.36655765771865845,
        -0.7809870839118958,
        -0.16294486820697784,
        -0.358676552772522,
        -0.13301068544387817
    ]
}