{
    "seed": 1000012,
    "theta": [
        -0.6893786191940308,
        -0.12724614143371582
    ],
    "x": [
        -0.3268270790576935,
        0.5161746740341187
    ]
}