{
    "seed": 1000001,
    "theta": [
        -0.5096169114112854,
        -0.15597334504127502
    ],
    "x": [
        -0.2145732343196869,
        0.3331509828567505
    ]
}