{
    "seed": 1000005,
    "theta": [
        -0.572028636932373,
        0.0218853410333395
    ],
    "x": [
        -0.06880071759223938,
        0.35506778955459595
    ]
}