{
    "seed": 1000004,
    "theta": [
        -0.27976521849632263,
        0.1458025574684143
    ],
    "x": [
        0.1617375612258911,
        0.1920037865638733
    ]
}