{
    "seed": 1000002,
    "theta": [
        -0.33942192792892456,
        -0.02629280835390091
    ],
    "x": [
        0.033177345991134644,
        0.3194863796234131
    ]
}