{
    "seed": 1000000,
    "theta": [
        -0.6958828568458557,
        4.733726382255554e-05
    ],
    "x": [
        -0.2393181324005127,
        0.5904409289360046
    ]
}