{
    "seed": 1000003,
    "theta": [
        -0.6155874729156494,
        0.023300062865018845
    ],
    "x": [
        -0.11019426584243774,
        0.5092442035675049
    ]
}