{
    "seed": 1000004,
    "theta": [
        0.38374775648117065,
        0.2019672989845276
    ],
    "x": [
        -0.1576995849609375,
        -0.23745626211166382
    ]
}