{
    "seed": 1000002,
    "theta": [
        0.23475433886051178,
        -0.22787892818450928
    ],
    "x": [
        0.2869150638580322,
        -0.22906047105789185
    ]
}