{
    "seed": 1000012,
    "theta": [
        -0.6368362307548523,
        -0.47927775979042053
    ],
    "x": [
        -0.5385979413986206,
        0.2300977110862732
    ]
}