{
    "seed": 1000010,
    "theta": [
        0.6856890916824341,
        -0.312405526638031
    ],
    "x": [
        0.008456915616989136,
        -0.7960602045059204
    ]
}