{
    "seed": 1000008,
    "theta": [
        0.20185314118862152,
        -0.10352018475532532
    ],
    "x": [
        0.2392226606607437,
        -0.2913975417613983
    ]
}