{
    "seed": 1000009,
    "theta": [
        0.2323482483625412,
        -0.8827835917472839
    ],
    "x": [
        -0.12467086315155029,
        -0.7415769100189209
    ]
}