{
    "seed": 1000003,
    "theta": [
        -0.45458996295928955,
        -0.10406727343797684
    ],
    "x": [
        -0.0864141583442688,
        0.3053394556045532
    ]
}