{
    "seed": 1000000,
    "theta": [
        -0.6527003645896912,
        -0.16213040053844452
    ],
    "x": [
        -0.3234604597091675,
        0.44522926211357117
    ]
}