{
    "seed": 1000010,
    "theta": [
        0.837201714515686,
        0.4177349805831909,
        0.240422785282135,
        0.4128612279891968
    ],
    "x": [
        0.8894279599189758,
        0.8436716794967651,
        0.7178769707679749,
        0.9125105738639832,
        0.7769152522087097,
        0.7870103120803833,
        0.8480692505836487,
        0.7427681088447571,
        0.6868528723716736,
        0.6828712224960327,
        0.7523272037506104,
        0.6287976503372192,
        0.5585986971855164,
        0.38686853647232056,
        0.5902361273765564,
        0.5524617433547974,
        0.5939903259277344,
        0.5927816033363342,
        0.6289337277412415,
        0.5180421471595764,
        0.43818435072898865,
        0.4719655215740204,
        0.30381280183792114,
        0.5629763007164001,
        0.4939486086368561,
        0.4288240969181061,
        0.5467308163642883,
        0.573346734046936,
        0.557208776473999,
        0.45642802119255066,
        0.29452767968177795,
        0.5220069885253906,
        0.4722386598587036,
        0.4846724271774292,
        0.5441032648086548,
        0.6046096682548523,
        0.42560309171676636,
        0.5061951875686646,
        0.44984132051467896,
        0.5247385501861572,
        0.41257745027542114,
        0.3472672700881958,
        0.5379742980003357,
        0.3628526031970978,
        0.36456069350242615,
        0.5217076539993286,
        0.4770411252975464,
        0.45519906282424927,
        0.4994705319404602,
        0.4880809783935547,
        0.29568785429000854,
        0.527267336845398,
        0.4139152467250824,
        0.4453880190849304,
        0.436321884393692,
        0.4268796145915985,
        0.39992254972457886,
        0.46020445227622986,
        0.4122622311115265,
        0.3987311124801636,
        0.5151887536048889,
        0.42973074316978455,
        0.5249814391136169,
        0.47222378849983215,
        0.473886102437973,
        0.36551666259765625,
        0.5164502263069153,
        0.5007731318473816,
        0.4469992220401764,
        0.418060302734375,
        0.46922963857650757,
        0.36450424790382385,
        0.3967526853084564,
        0.4298725128173828,
        0.2168278992176056,
        0.44577687978744507,
        0.4031267762184143,
        0.53028804063797,
        0.3691813051700592,
        0.3584175109863281,
        0.5420341491699219,
        0.24736760556697845,
        0.49767813086509705,
        0.527750551700592,
        0.5221073031425476,
        0.5129254460334778,
        0.4869411587715149,
        0.5843855738639832,
        0.5198641419410706,
        0.5590202212333679,
        0.47840943932533264,
        0.4626949429512024,
        0.5526537299156189,
        0.5666335821151733,
        0.511306643486023,
        0.6050814390182495,
        0.6609761714935303,
        0.665350079536438,
        0.6767762303352356,
        0.7075774073600769,
        0.7669880986213684
    ]
}