{
    "seed": 1000005,
    "theta": [
        0.8033527731895447,
        0.5070710182189941,
        0.3650069236755371,
        0.4304094910621643
    ],
    "x": [
        0.7712324857711792,
        0.8983848690986633,
        0.8907400965690613,
        0.958718478679657,
        0.9030067324638367,
        0.7814575433731079,
        0.8251505494117737,
        0.7120756506919861,
        0.7653716802597046,
        0.697860836982727,
        0.8138848543167114,
        0.7935923337936401,
        0.6579145789146423,
        0.6147313714027405,
        0.5953806638717651,
        0.6536205410957336,
        0.39575257897377014,
        0.48649659752845764,
        0.4918685853481293,
        0.4851694703102112,
        0.43912237882614136,
        0.3894728422164917,
        0.42125779390335083,
        0.42740312218666077,
        0.49021047353744507,
        0.35202711820602417,
        0.46675339341163635,
        0.47656986117362976,
        0.4679482877254486,
        0.285165011882782,
        0.3294321596622467,
        0.3429562747478485,
        0.433951199054718,
        0.5531107783317566,
        0.48757821321487427,
        0.32842114567756653,
        0.43753355741500854,
        0.3160395324230194,
        0.27408677339553833,
        0.33296191692352295,
        0.31187260150909424,
        0.4231022000312805,
        0.4585739076137543,
        0.49180665612220764,
        0.47712644934654236,
        0.46468275785446167,
        0.33966508507728577,
        0.5297569036483765,
        0.43221333622932434,
        0.46450677514076233,
        0.501330554485321,
        0.4206995666027069,
        0.5220311284065247,
        0.3180656433105469,
        0.4529991149902344,
        0.27050602436065674,
        0.47398313879966736,
        0.5355955958366394,
        0.3250328004360199,
        0.31689566373825073,
        0.4575052857398987,
        0.13612161576747894,
        0.5030155181884766,
        0.39796194434165955,
        0.42996227741241455,
        0.37695565819740295,
        0.1836186796426773,
        0.270162969827652,
        0.2615688443183899,
        0.4587539732456207,
        0.3873380124568939,
        0.36409759521484375,
        0.4482840299606323,
        0.1741688996553421,
        0.23861680924892426,
        0.4274436831474304,
        0.4893411099910736,
        0.5422453284263611,
        0.47703906893730164,
        0.501617968082428,
        0.3454151153564453,
        0.2756844758987427,
        0.36560872197151184,
        0.3783917725086212,
        0.4718979001045227,
        0.3781159818172455,
        0.20167426764965057,
        0.34810054302215576,
        0.4843875765800476,
        0.4585861265659332,
        0.48197224736213684,
        0.1910855621099472,
        0.10225117951631546,
        0.5769358277320862,
        0.40198084712028503,
        0.38133418560028076,
        0.4689368009567261,
        0.5448397397994995,
        0.5284651517868042,
        0.5274419188499451,
        0.6160430908203125
    ]
}