{
    "seed": 1000008,
    "theta": [
        0.7986112236976624,
        0.48587357997894287,
        0.28066638112068176,
        0.4937407672405243
    ],
    "x": [
        0.9813298583030701,
        0.6629624962806702,
        0.5520200133323669,
        0.7452537417411804,
        0.9421437382698059,
        0.8072338104248047,
        0.6865538358688354,
        0.856185257434845,
        0.7608470916748047,
        0.6388805508613586,
        0.6924682855606079,
        0.6363587975502014,
        0.6951504945755005,
        0.49317488074302673,
        0.5895510315895081,
        0.37193045020103455,
        0.6457054018974304,
        0.4358145296573639,
        0.5876017212867737,
        0.4275006651878357,
        0.38723766803741455,
        0.5201681852340698,
        0.5281303524971008,
        0.5513940453529358,
        0.38446947932243347,
        0.48453089594841003,
        0.4487815797328949,
        0.5450323820114136,
        0.5868346095085144,
        0.5512485504150391,
        0.3502987027168274,
        0.41299566626548767,
        0.4329572021961212,
        0.39173877239227295,
        0.3537178039550781,
        0.4780648648738861,
        0.3847305178642273,
        0.3905912935733795,
        0.5565976500511169,
        0.5403519868850708,
        0.3859572112560272,
        0.4739290773868561,
        0.48917362093925476,
        0.49656856060028076,
        0.5215680599212646,
        0.43270885944366455,
        0.43529191613197327,
        0.44897764921188354,
        0.347610205411911,
        0.34245312213897705,
        0.4820634126663208,
        0.3551177978515625,
        0.39005330204963684,
        0.3827708065509796,
        0.35331395268440247,
        0.2607156038284302,
        0.13430531322956085,
        0.4206174314022064,
        0.39502716064453125,
        0.3618512451648712,
        0.411382794380188,
        0.3602370023727417,
        0.3894821107387543,
        0.3064109683036804,
        0.35720622539520264,
        0.5478889346122742,
        0.3749890625476837,
        0.45653533935546875,
        0.4576159119606018,
        0.41739654541015625,
        0.37581902742385864,
        0.4500333070755005,
        0.35946452617645264,
        0.4621693789958954,
        0.4882197082042694,
        0.5021234154701233,
        0.4772295653820038,
        0.4335188567638397,
        0.377127468585968,
        0.24902598559856415,
        0.41332754492759705,
        0.3718954622745514,
        0.38394609093666077,
        0.36942049860954285,
        0.4214673340320587,
        0.3783682584762573,
        0.43791210651397705,
        0.4473561644554138,
        0.458725243806839,
        0.3214108645915985,
        0.5275409817695618,
        0.4598217010498047,
        0.43282586336135864,
        0.37912431359291077,
        0.49803733825683594,
        0.406905859708786,
        0.5017702579498291,
        0.56916743516922,
        0.48763683438301086,
        0.658187210559845,
        0.6986887454986572
    ]
}