{
    "seed": 1000001,
    "theta": [
        0.7466950416564941,
        0.445455938577652,
        0.2784673571586609,
        0.4760497808456421
    ],
    "x": [
        0.8802538514137268,
        0.9336130619049072,
        0.8036290407180786,
        0.7067756652832031,
        0.9419202208518982,
        0.8663799166679382,
        0.7510391473770142,
        0.8772059082984924,
        0.8480870723724365,
        0.6186490654945374,
        0.6838639378547668,
        0.7672495245933533,
        0.6579696536064148,
        0.5037032961845398,
        0.5084585547447205,
        0.23323072493076324,
        0.4703837037086487,
        0.5145930051803589,
        0.5674143433570862,
        0.5206644535064697,
        0.29720166325569153,
        0.26084405183792114,
        0.4390057921409607,
        0.4961540102958679,
        0.544665515422821,
        0.5154294371604919,
        0.4869636595249176,
        0.3287455141544342,
        0.5157395601272583,
        0.5291690826416016,
        0.29167237877845764,
        0.5299739837646484,
        0.4117773771286011,
        0.5777485966682434,
        0.30802127718925476,
        0.3847082853317261,
        0.47920888662338257,
        0.14577636122703552,
        0.5591880679130554,
        0.5516968965530396,
        0.4256225526332855,
        0.4484825134277344,
        0.37140923738479614,
        0.5110610723495483,
        0.4696974456310272,
        0.31525829434394836,
        0.44785118103027344,
        0.4290018677711487,
        0.5511234402656555,
        0.3467112183570862,
        0.452590674161911,
        0.19887974858283997,
        0.3556276857852936,
        0.38653385639190674,
        0.4015336334705353,
        0.36604753136634827,
        0.2830650210380554,
        0.5122577548027039,
        0.4508308470249176,
        0.5106143951416016,
        0.5223928093910217,
        0.2446795105934143,
        0.5145930051803589,
        0.46631431579589844,
        0.3540383577346802,
        0.528461217880249,
        0.5337377190589905,
        0.31101468205451965,
        0.4418884217739105,
        0.3932023346424103,
        0.42214736342430115,
        0.5235009789466858,
        0.43080341815948486,
        0.4797631502151489,
        0.5315290093421936,
        0.4038698971271515,
        0.40926602482795715,
        0.37331363558769226,
        0.2343493103981018,
        0.5108103156089783,
        0.47789305448532104,
        0.48075181245803833,
        0.2431640625,
        0.3308263123035431,
        0.5701220035552979,
        0.4516133666038513,
        0.4869278073310852,
        0.5356749296188354,
        0.5540397763252258,
        0.5022862553596497,
        0.5313621759414673,
        0.5791527032852173,
        0.5182111263275146,
        0.5261891484260559,
        0.5541979670524597,
        0.5475433468818665,
        0.5214698910713196,
        0.5055071711540222,
        0.5806103944778442,
        0.6004993319511414,
        0.6549798250198364
    ]
}