{
    "seed": 1000002,
    "theta": [
        0.7672532200813293,
        0.38918784260749817,
        0.3000023663043976,
        0.5005090832710266
    ],
    "x": [
        0.9189174771308899,
        0.780657947063446,
        0.9071654081344604,
        0.917044460773468,
        0.7944601774215698,
        0.863446056842804,
        0.8430913090705872,
        0.8633683323860168,
        0.8139750361442566,
        0.5746282935142517,
        0.6451447606086731,
        0.5705140233039856,
        0.5431886315345764,
        0.6366523504257202,
        0.44994762539863586,
        0.538070023059845,
        0.309103399515152,
        0.3896523714065552,
        0.49370893836021423,
        0.46750232577323914,
        0.5012926459312439,
        0.3388867676258087,
        0.5221939086914062,
        0.5691186189651489,
        0.4176322817802429,
        0.46531689167022705,
        0.4916623532772064,
        0.4319765865802765,
        0.3665369749069214,
        0.33083292841911316,
        0.49625587463378906,
        0.44568583369255066,
        0.3531838655471802,
        0.4268597960472107,
        0.49033433198928833,
        0.3309968411922455,
        0.5550554990768433,
        0.35863634943962097,
        0.41539230942726135,
        0.3036818206310272,
        0.4429359436035156,
        0.3084379732608795,
        0.2952645719051361,
        0.516632080078125,
        0.39727783203125,
        0.2987574338912964,
        0.4552202820777893,
        0.5039356350898743,
        0.567727267742157,
        0.5349395871162415,
        0.4592628479003906,
        0.48375803232192993,
        0.3829450011253357,
        0.3371317684650421,
        0.5127039551734924,
        0.5036950707435608,
        0.42496681213378906,
        0.4053044617176056,
        0.5160552859306335,
        0.5269490480422974,
        0.5053665041923523,
        0.24799220263957977,
        0.20139287412166595,
        0.4329666197299957,
        0.41106387972831726,
        0.4616139829158783,
        0.4730239808559418,
        0.4140792787075043,
        0.47604483366012573,
        0.5185264348983765,
        0.4127342104911804,
        0.5449231266975403,
        0.354330450296402,
        0.4736127257347107,
        0.43720245361328125,
        0.4010828733444214,
        0.3031710386276245,
        0.4876823425292969,
        0.46078288555145264,
        0.5341242551803589,
        0.3184107542037964,
        0.5040029883384705,
        0.4018697142601013,
        0.20199444890022278,
        0.39779090881347656,
        0.2141108214855194,
        0.5489457249641418,
        0.5202850103378296,
        0.5652934908866882,
        0.5536806583404541,
        0.44912007451057434,
        0.5581716895103455,
        0.6009541749954224,
        0.3921007812023163,
        0.6044377684593201,
        0.5893450379371643,
        0.5913054347038269,
        0.5457313656806946,
        0.587353527545929,
        0.6014948487281799,
        0.6748654842376709
    ]
}