{
    "seed": 1000004,
    "theta": [
        0.8650220036506653,
        0.5678092241287231,
        0.33970212936401367,
        0.5009381771087646
    ],
    "x": [
        0.846088171005249,
        0.8698806762695312,
        0.9023207426071167,
        0.9055821895599365,
        0.9843807220458984,
        0.7365800142288208,
        0.91004878282547,
        0.9074452519416809,
        0.8383452296257019,
        0.8022071719169617,
        0.8024260401725769,
        0.76068115234375,
        0.6952964663505554,
        0.6227893829345703,
        0.764487087726593,
        0.6275036931037903,
        0.5595313906669617,
        0.5621420741081238,
        0.553473174571991,
        0.546673595905304,
        0.42667287588119507,
        0.38918203115463257,
        0.5526374578475952,
        0.6906517148017883,
        0.5902449488639832,
        0.37408447265625,
        0.6070419549942017,
        0.44878655672073364,
        0.42080384492874146,
        0.5283089876174927,
        0.5022366642951965,
        0.6148058772087097,
        0.47842761874198914,
        0.46449217200279236,
        0.4904368221759796,
        0.5165529847145081,
        0.513379693031311,
        0.33478546142578125,
        0.4782366454601288,
        0.3553147614002228,
        0.4089837372303009,
        0.4940043091773987,
        0.5154812932014465,
        0.5189809203147888,
        0.4343605041503906,
        0.5534039735794067,
        0.43505123257637024,
        0.4769688844680786,
        0.39725175499916077,
        0.4150896668434143,
        0.43505796790122986,
        0.5552034974098206,
        0.4842061400413513,
        0.523241400718689,
        0.5447151064872742,
        0.5075734257698059,
        0.5123826265335083,
        0.545670211315155,
        0.513592541217804,
        0.4321511685848236,
        0.2194414734840393,
        0.5045351386070251,
        0.5482717156410217,
        0.4549015164375305,
        0.3299879729747772,
        0.43772685527801514,
        0.5343577265739441,
        0.5395895838737488,
        0.47941336035728455,
        0.4865933656692505,
        0.5529850125312805,
        0.4337829649448395,
        0.46422818303108215,
        0.506827175617218,
        0.5310150384902954,
        0.42600390315055847,
        0.4733179807662964,
        0.44095802307128906,
        0.5182018280029297,
        0.5143648982048035,
        0.49068349599838257,
        0.5437963008880615,
        0.4359486997127533,
        0.5636582970619202,
        0.5085787177085876,
        0.5129965543746948,
        0.47928109765052795,
        0.5450529456138611,
        0.6275581121444702,
        0.5755036473274231,
        0.583263635635376,
        0.6434860229492188,
        0.5202433466911316,
        0.6452820897102356,
        0.6425160765647888,
        0.675796389579773,
        0.6618527770042419,
        0.6786994934082031,
        0.6896445155143738,
        0.7406922578811646,
        0.7651840448379517
    ]
}