{
    "seed": 1000003,
    "theta": [
        0.7849752902984619,
        0.39380598068237305,
        0.35058170557022095,
        0.5401145219802856
    ],
    "x": [
        0.9684163331985474,
        0.9625526666641235,
        1.0524789094924927,
        0.9344189763069153,
        0.9552047848701477,
        0.7528852820396423,
        0.7928478121757507,
        0.4638669192790985,
        0.8088274598121643,
        0.7057904601097107,
        0.6753571629524231,
        0.7382657527923584,
        0.610106885433197,
        0.5305925011634827,
        0.5178139805793762,
        0.4394277036190033,
        0.3536839783191681,
        0.42503878474235535,
        0.532143771648407,
        0.5950946807861328,
        0.4249294400215149,
        0.5130831599235535,
        0.39147719740867615,
        0.4363919496536255,
        0.4909657835960388,
        0.39732298254966736,
        0.5102182030677795,
        0.3745644986629486,
        0.5366236567497253,
        0.4171455502510071,
        0.5647013187408447,
        0.47362327575683594,
        0.25841712951660156,
        0.4463300108909607,
        0.41886380314826965,
        0.1427820771932602,
        0.3616752624511719,
        0.5287260413169861,
        0.40018782019615173,
        0.5143638849258423,
        0.2187366485595703,
        0.3305554687976837,
        0.3363800048828125,
        0.2796097993850708,
        0.4875289797782898,
        0.4668879210948944,
        0.4739339053630829,
        0.5298988223075867,
        0.4552401304244995,
        0.47333958745002747,
        0.423755019903183,
        0.38753026723861694,
        0.4373372495174408,
        0.43665581941604614,
        0.526229202747345,
        0.18121211230754852,
        0.4554799497127533,
        0.42691880464553833,
        0.3911617398262024,
        0.46639519929885864,
        0.5100841522216797,
        0.41734200716018677,
        0.36450016498565674,
        0.5158175230026245,
        0.4431213438510895,
        0.43316930532455444,
        0.3069189786911011,
        0.3412820100784302,
        0.5039137601852417,
        0.2848515808582306,
        0.34210458397865295,
        0.3449869751930237,
        0.36598509550094604,
        0.39735475182533264,
        0.3858390748500824,
        0.5027559995651245,
        0.3482981324195862,
        0.45967164635658264,
        0.37971484661102295,
        0.39303869009017944,
        0.46128541231155396,
        0.4132131040096283,
        0.4145197570323944,
        0.5064271092414856,
        0.5199636816978455,
        0.14139658212661743,
        0.3683205842971802,
        0.28776347637176514,
        0.42257487773895264,
        0.46749088168144226,
        0.15387395024299622,
        0.4036308228969574,
        0.4937470853328705,
        0.47381070256233215,
        0.4533732235431671,
        0.5536004304885864,
        0.5914298892021179,
        0.5509477257728577,
        0.625193178653717,
        0.6490759253501892,
        0.6974180936813354
    ]
}