{
    "seed": 1000000,
    "theta": [
        0.7958405613899231,
        0.4091724157333374,
        0.2883802652359009,
        0.4970521330833435
    ],
    "x": [
        0.8442209959030151,
        0.8688766360282898,
        1.0615712404251099,
        0.7579967379570007,
        0.9318866729736328,
        0.911028265953064,
        0.8213048577308655,
        0.6601319909095764,
        0.7440987825393677,
        0.6364730596542358,
        0.6721490025520325,
        0.6412677764892578,
        0.6960380673408508,
        0.5886667966842651,
        0.4790743589401245,
        0.5981248021125793,
        0.5053756833076477,
        0.420080304145813,
        0.4663562774658203,
        0.5277115106582642,
        0.5151380896568298,
        0.4976311922073364,
        0.3816402554512024,
        0.46426671743392944,
        0.3743759095668793,
        0.47964605689048767,
        0.4762319028377533,
        0.5141065120697021,
        0.2649575471878052,
        0.3418574035167694,
        0.47514915466308594,
        0.34890225529670715,
        0.46491342782974243,
        0.2712484896183014,
        0.45063209533691406,
        0.3964514434337616,
        0.24282988905906677,
        0.3459721803665161,
        0.09940262138843536,
        0.5011920928955078,
        0.4586293399333954,
        0.4108041226863861,
        0.5023123621940613,
        0.457769513130188,
        0.3647814393043518,
        0.42041727900505066,
        0.5267265439033508,
        0.47752442955970764,
        0.4422977566719055,
        0.48291879892349243,
        0.540488064289093,
        0.4833615720272064,
        0.4537956118583679,
        0.28650104999542236,
        0.49690118432044983,
        0.43811264634132385,
        0.4410533905029297,
        0.4248366057872772,
        0.4617740511894226,
        0.4190778136253357,
        0.28851431608200073,
        0.3723587095737457,
        0.5046607851982117,
        0.4438668489456177,
        0.5361076593399048,
        0.3710983395576477,
        0.3821510374546051,
        0.3712907135486603,
        0.35568681359291077,
        0.37982863187789917,
        0.5123711824417114,
        0.36079978942871094,
        0.10034357756376266,
        0.34801942110061646,
        0.3591688871383667,
        0.45503756403923035,
        0.5137802362442017,
        0.43688470125198364,
        0.28562915325164795,
        0.39917486906051636,
        0.39547932147979736,
        0.1931714415550232,
        0.3809853792190552,
        0.36196035146713257,
        0.3705853819847107,
        0.5406484007835388,
        0.37340953946113586,
        0.5688568353652954,
        0.4602036774158478,
        0.09368108212947845,
        0.33908843994140625,
        0.48059654235839844,
        0.4223576784133911,
        0.3411407470703125,
        0.4189094603061676,
        0.3483444154262543,
        0.3762124478816986,
        0.5267996191978455,
        0.412270724773407,
        0.4796348512172699,
        0.5963821411132812
    ]
}