{
    "seed": 1000010,
    "theta": [
        0.5812511444091797,
        0.37926623225212097,
        0.34644800424575806,
        0.32425767183303833
    ],
    "x": [
        0.9437567591667175,
        0.65660160779953,
        0.8143267035484314,
        0.5903751254081726,
        0.8987323641777039,
        0.7920249700546265,
        0.5184555053710938,
        0.72456294298172,
        0.767257034778595,
        0.6404609680175781,
        0.5193753838539124,
        0.49756595492362976,
        0.6610382199287415,
        0.5531142950057983,
        0.49037399888038635,
        0.44097545742988586,
        0.5487472414970398,
        0.6180325746536255,
        0.5178471803665161,
        0.2891225218772888,
        0.4770241975784302,
        0.30498531460762024,
        0.5060167908668518,
        0.48946279287338257,
        0.3551884889602661,
        0.4914869964122772,
        0.36816227436065674,
        0.5016442537307739,
        0.5192070007324219,
        0.390857070684433,
        0.4825581908226013,
        0.3194770812988281,
        0.35241711139678955,
        0.5011054873466492,
        0.4769902527332306,
        0.33127516508102417,
        0.4454048275947571,
        0.464422345161438,
        0.34309589862823486,
        0.4821828305721283,
        0.38765856623649597,
        0.3545355498790741,
        0.37804821133613586,
        0.4229471981525421,
        0.4197804629802704,
        0.4093196988105774,
        0.3554593324661255,
        0.17219212651252747,
        0.19914397597312927,
        0.38432642817497253,
        0.36198070645332336,
        0.3653373718261719,
        0.42247238755226135,
        0.451696515083313,
        0.498248428106308,
        0.5304491519927979,
        0.3056986629962921,
        0.32491543889045715,
        0.4545654356479645,
        0.4617956876754761,
        0.46752867102622986,
        0.42722001671791077,
        0.37692007422447205,
        0.27134817838668823,
        0.4336705505847931,
        0.510497510433197,
        0.26244938373565674,
        0.4355100095272064,
        0.3237971067428589,
        0.40256932377815247,
        0.48453840613365173,
        0.4708140194416046,
        0.41754037141799927,
        0.3409927487373352,
        0.28307443857192993,
        0.4918392300605774,
        0.32275569438934326,
        0.46673572063446045,
        0.37216198444366455,
        0.4029768705368042,
        0.47495919466018677,
        0.11539790034294128,
        0.4131336212158203,
        0.48263728618621826,
        0.4172765016555786,
        0.5264971256256104,
        0.4259718656539917,
        0.2261219024658203,
        0.30269521474838257,
        0.4831598997116089,
        0.32865703105926514,
        0.26072630286216736,
        0.5202381014823914,
        0.4205635190010071,
        0.373117059469223,
        0.43211543560028076,
        0.39110592007637024,
        0.4847698211669922,
        0.4119401276111603,
        0.5461297631263733,
        0.5783131718635559
    ]
}