{
    "seed": 1000001,
    "theta": [
        0.35508304834365845,
        0.44851964712142944,
        0.4414710998535156,
        0.4820578992366791
    ],
    "x": [
        0.9355189204216003,
        0.8811749815940857,
        0.8763120174407959,
        0.9131830930709839,
        0.7173188328742981,
        0.7390693426132202,
        0.7745300531387329,
        0.7269831299781799,
        0.7643426060676575,
        0.5305721163749695,
        0.7730083465576172,
        0.7458125948905945,
        0.6726393103599548,
        0.6191514134407043,
        0.6004267334938049,
        0.560256838798523,
        0.45651981234550476,
        0.5788751244544983,
        0.4525681734085083,
        0.4953247010707855,
        0.452178955078125,
        0.4371226131916046,
        0.3051128387451172,
        0.47470396757125854,
        0.5349482297897339,
        0.36102283000946045,
        0.45321401953697205,
        0.3645004332065582,
        0.4692216217517853,
        0.44881361722946167,
        0.5907975435256958,
        0.39983341097831726,
        0.5732505917549133,
        0.4278176724910736,
        0.568499743938446,
        0.4368831515312195,
        0.49486643075942993,
        0.5813053250312805,
        0.3862098753452301,
        0.4726915955543518,
        0.485876202583313,
        0.5643447637557983,
        0.4459972381591797,
        0.5889437198638916,
        0.4366779327392578,
        0.4947471618652344,
        0.22939567267894745,
        0.4582436978816986,
        0.1767631471157074,
        0.4807998538017273,
        0.46735966205596924,
        0.317468523979187,
        0.37290292978286743,
        0.4162295162677765,
        0.39595210552215576,
        0.38741937279701233,
        0.5139170289039612,
        0.4690088927745819,
        0.46212998032569885,
        0.4489251375198364,
        0.465722918510437,
        0.45398229360580444,
        0.4779682159423828,
        0.3952445983886719,
        0.4254118502140045,
        0.23003654181957245,
        0.49921315908432007,
        0.45735296607017517,
        0.5622463226318359,
        0.46787580847740173,
        0.3605079650878906,
        0.5429394841194153,
        0.33193907141685486,
        0.4317057430744171,
        0.5445957183837891,
        0.4716860353946686,
        0.4526570737361908,
        0.5392889380455017,
        0.5361884832382202,
        0.5188854336738586,
        0.4915490448474884,
        0.4729335904121399,
        0.3601992428302765,
        0.5356624722480774,
        0.48759764432907104,
        0.5297527313232422,
        0.5042412877082825,
        0.4631942808628082,
        0.3872745633125305,
        0.5505332946777344,
        0.5627294182777405,
        0.5794149041175842,
        0.5264915227890015,
        0.5618616938591003,
        0.5416544675827026,
        0.5909433960914612,
        0.38928958773612976,
        0.5856005549430847,
        0.5988237857818604,
        0.6204236149787903,
        0.7292532324790955
    ]
}