{
    "seed": 1000004,
    "theta": [
        0.6508122086524963,
        0.7539135813713074,
        0.5944671034812927,
        0.5442449450492859
    ],
    "x": [
        0.8038910031318665,
        0.9471409916877747,
        0.7346673607826233,
        0.837628960609436,
        0.951842725276947,
        0.8747984766960144,
        0.9418792724609375,
        0.8765175938606262,
        0.8729573488235474,
        0.7478607296943665,
        0.6803392767906189,
        0.6288148164749146,
        0.6602508425712585,
        0.8373109102249146,
        0.6809194087982178,
        0.5265358090400696,
        0.6414644718170166,
        0.5898494720458984,
        0.5361137390136719,
        0.4712834656238556,
        0.6308785676956177,
        0.4613502621650696,
        0.6135973334312439,
        0.605444073677063,
        0.554662823677063,
        0.511889636516571,
        0.4526504576206207,
        0.5414217710494995,
        0.5198351740837097,
        0.5467997193336487,
        0.5294133424758911,
        0.46162745356559753,
        0.3261169493198395,
        0.5736751556396484,
        0.5221661925315857,
        0.5393385291099548,
        0.5930250883102417,
        0.5407194495201111,
        0.4479632079601288,
        0.3856765627861023,
        0.39500707387924194,
        0.46297645568847656,
        0.4221740663051605,
        0.437667578458786,
        0.3914894163608551,
        0.36984774470329285,
        0.45056506991386414,
        0.44597142934799194,
        0.4710683226585388,
        0.37273916602134705,
        0.3611418306827545,
        0.49582862854003906,
        0.5382498502731323,
        0.5212650299072266,
        0.3936266601085663,
        0.3822316527366638,
        0.4019502103328705,
        0.4011966586112976,
        0.3935883939266205,
        0.49671223759651184,
        0.4550364315509796,
        0.33846715092658997,
        0.39971187710762024,
        0.5424463748931885,
        0.43751347064971924,
        0.44743067026138306,
        0.4051666259765625,
        0.44569841027259827,
        0.5053367614746094,
        0.5274063348770142,
        0.39264118671417236,
        0.4816145598888397,
        0.4429153501987457,
        0.43359094858169556,
        0.39094847440719604,
        0.5048691034317017,
        0.37002333998680115,
        0.25400784611701965,
        0.41374319791793823,
        0.3735670745372772,
        0.4283157289028168,
        0.49177438020706177,
        0.4685925841331482,
        0.1833696961402893,
        0.4302579164505005,
        0.47678324580192566,
        0.46672821044921875,
        0.5488008856773376,
        0.5224559903144836,
        0.44466477632522583,
        0.4560747742652893,
        0.5096298456192017,
        0.5305577516555786,
        0.5208268761634827,
        0.5156427025794983,
        0.2555912137031555,
        0.44850221276283264,
        0.5393428802490234,
        0.5560500025749207,
        0.648699164390564,
        0.679601788520813
    ]
}