{
    "seed": 1000003,
    "theta": [
        0.45070889592170715,
        0.3195197582244873,
        0.6216416954994202,
        0.6421138048171997
    ],
    "x": [
        0.7360909581184387,
        0.9477762579917908,
        0.9939931035041809,
        0.8434220552444458,
        0.8728674650192261,
        0.7043939232826233,
        0.7743872404098511,
        0.7531824707984924,
        0.6061667203903198,
        0.4971425235271454,
        0.5032315850257874,
        0.5094903111457825,
        0.3797893524169922,
        0.3302256166934967,
        0.375961035490036,
        0.4536028504371643,
        0.4951413571834564,
        0.39390626549720764,
        0.3665032684803009,
        0.5879984498023987,
        0.3481229245662689,
        0.3928123414516449,
        0.41306814551353455,
        0.4698292911052704,
        0.4749642610549927,
        0.4262722134590149,
        0.3648437559604645,
        0.3849219083786011,
        0.4385737180709839,
        0.37283504009246826,
        0.45530179142951965,
        0.4936178922653198,
        0.45488178730010986,
        0.5394161343574524,
        0.5126965641975403,
        0.5136975646018982,
        0.41598066687583923,
        0.4707207977771759,
        0.4523582458496094,
        0.4563898742198944,
        0.4711979031562805,
        0.43862611055374146,
        0.5366998314857483,
        0.45362231135368347,
        0.478680282831192,
        0.5135090947151184,
        0.5428476929664612,
        0.42511722445487976,
        0.39631855487823486,
        0.45005518198013306,
        0.5024781823158264,
        0.47796401381492615,
        0.44792479276657104,
        0.36679941415786743,
        0.42818260192871094,
        0.43440067768096924,
        0.5483408570289612,
        0.4656824767589569,
        0.3885490298271179,
        0.3889031708240509,
        0.5620498657226562,
        0.33309808373451233,
        0.42701467871665955,
        0.5242564082145691,
        0.29601770639419556,
        0.3730789124965668,
        0.3770497739315033,
        0.39307135343551636,
        0.5347887873649597,
        0.3572489321231842,
        0.39802423119544983,
        0.5401776432991028,
        0.5068921446800232,
        0.48245352506637573,
        0.5352031588554382,
        0.5163140892982483,
        0.4297119081020355,
        0.35698622465133667,
        0.4639386534690857,
        0.5656694769859314,
        0.5394306182861328,
        0.44853782653808594,
        0.528216540813446,
        0.5435488224029541,
        0.49109014868736267,
        0.3512129485607147,
        0.3720749020576477,
        0.5201998353004456,
        0.5557557344436646,
        0.5038508176803589,
        0.45530039072036743,
        0.5760935544967651,
        0.5052967071533203,
        0.3140406310558319,
        0.5154604315757751,
        0.5039006471633911,
        0.5521410703659058,
        0.5287557244300842,
        0.5568903684616089,
        0.5707958340644836,
        0.6266438961029053
    ]
}