{
    "seed": 1000005,
    "theta": [
        0.49663782119750977,
        0.6024600267410278,
        0.6576606035232544,
        0.36805325746536255
    ],
    "x": [
        0.889672577381134,
        0.8663049340248108,
        0.9343492984771729,
        0.8084645867347717,
        0.7733866572380066,
        0.8981634974479675,
        0.9301500916481018,
        0.7848109006881714,
        0.7391496300697327,
        0.679620087146759,
        0.7442014217376709,
        0.7625370025634766,
        0.6995089054107666,
        0.4983174502849579,
        0.6721180081367493,
        0.5215799808502197,
        0.5031293034553528,
        0.41297289729118347,
        0.5936833620071411,
        0.44721996784210205,
        0.6307893395423889,
        0.3150843381881714,
        0.47297313809394836,
        0.5764071345329285,
        0.5110772252082825,
        0.18885371088981628,
        0.38361942768096924,
        0.47777479887008667,
        0.4811910092830658,
        0.3461126983165741,
        0.36421647667884827,
        0.069951631128788,
        0.41017672419548035,
        0.4796816408634186,
        0.4936775267124176,
        0.5247385501861572,
        0.4664700925350189,
        0.5154647827148438,
        0.5405198335647583,
        0.548287570476532,
        0.45220592617988586,
        0.4329260587692261,
        0.4399765133857727,
        0.42467498779296875,
        0.3408379852771759,
        0.3950005769729614,
        0.2858085632324219,
        0.36158624291419983,
        0.3623255491256714,
        0.39603883028030396,
        0.44109445810317993,
        0.29563549160957336,
        0.36062800884246826,
        0.44044265151023865,
        0.45533499121665955,
        0.3329867124557495,
        0.4295649230480194,
        0.3752298951148987,
        0.4387437105178833,
        0.40789514780044556,
        0.3518691956996918,
        0.4286710023880005,
        0.4570237398147583,
        0.43420055508613586,
        0.20636799931526184,
        0.5141802430152893,
        0.48471859097480774,
        0.3961067199707031,
        0.4330540895462036,
        0.28655102849006653,
        0.3408154845237732,
        0.38937047123908997,
        0.32730865478515625,
        0.37480786442756653,
        0.16502787172794342,
        0.3879634737968445,
        0.42343252897262573,
        0.4705144166946411,
        0.3106132447719574,
        0.49835559725761414,
        0.5546901822090149,
        0.21281662583351135,
        0.1463923156261444,
        0.439563125371933,
        0.48369115591049194,
        0.3511697053909302,
        0.39523136615753174,
        0.346756249666214,
        0.4312644898891449,
        0.46045100688934326,
        0.4408791959285736,
        0.2601272463798523,
        0.44673892855644226,
        0.4829671084880829,
        0.35508373379707336,
        0.36533764004707336,
        0.4775146543979645,
        0.5556068420410156,
        0.5172316431999207,
        0.5931471586227417,
        0.710455060005188
    ]
}