{
    "seed": 1000008,
    "theta": [
        0.4847869873046875,
        0.5495071411132812,
        0.44696521759033203,
        0.5262612104415894
    ],
    "x": [
        0.8645395636558533,
        0.8058692812919617,
        0.8892427086830139,
        0.8950783014297485,
        0.6991757750511169,
        0.6186190247535706,
        0.829393744468689,
        0.30293628573417664,
        0.7518082857131958,
        0.5999273657798767,
        0.6590782403945923,
        0.6436578035354614,
        0.6612902283668518,
        0.6398252844810486,
        0.471945196390152,
        0.5857309699058533,
        0.6191545128822327,
        0.6086410284042358,
        0.3541628420352936,
        0.5561708807945251,
        0.3727804720401764,
        0.5418007969856262,
        0.37760812044143677,
        0.3787241578102112,
        0.5443304777145386,
        0.4643312990665436,
        0.47277069091796875,
        -0.020586395636200905,
        0.42937278747558594,
        0.37410277128219604,
        0.45248475670814514,
        0.501388669013977,
        0.4160933196544647,
        0.23015658557415009,
        0.3894442319869995,
        0.5494616031646729,
        0.48269590735435486,
        0.42778027057647705,
        0.44419923424720764,
        0.24700672924518585,
        0.39946988224983215,
        0.4779631197452545,
        0.4499015808105469,
        0.5787551999092102,
        0.3640449643135071,
        0.452322393655777,
        0.4255432188510895,
        0.275592178106308,
        0.4427647888660431,
        0.42066776752471924,
        0.46392834186553955,
        0.16425934433937073,
        0.3181650936603546,
        0.5016952753067017,
        0.34079551696777344,
        0.3364068269729614,
        0.06416218727827072,
        0.38582026958465576,
        0.5319138765335083,
        0.049125924706459045,
        0.38107743859291077,
        0.336996465921402,
        0.38668379187583923,
        0.49102720618247986,
        0.39815598726272583,
        0.48100534081459045,
        0.4588760435581207,
        0.4755813479423523,
        0.4671967923641205,
        0.5219431519508362,
        0.3929649293422699,
        0.5152421593666077,
        0.4862609803676605,
        0.5233015418052673,
        0.2339475005865097,
        0.5392665863037109,
        0.483969509601593,
        0.6146692633628845,
        0.43462345004081726,
        0.4919167757034302,
        0.3548145294189453,
        0.4871457517147064,
        0.36966603994369507,
        0.5006974339485168,
        0.4679974913597107,
        0.5343189239501953,
        0.3750007748603821,
        0.29972267150878906,
        0.4315706789493561,
        0.44671350717544556,
        0.38640671968460083,
        0.48979949951171875,
        0.4753996431827545,
        0.4588429629802704,
        0.481766015291214,
        0.36085307598114014,
        0.3981906771659851,
        0.486764520406723,
        0.4368601441383362,
        0.5384286046028137,
        0.5451119542121887
    ]
}