{
    "seed": 1000012,
    "theta": [
        0.45167118310928345,
        0.6568038463592529,
        0.24590936303138733,
        0.4931272864341736
    ],
    "x": [
        0.8485437035560608,
        0.9076822996139526,
        0.8269222378730774,
        0.8294466733932495,
        0.9535902738571167,
        0.9086542725563049,
        0.8831771612167358,
        0.6531684994697571,
        0.7793749570846558,
        0.7363504767417908,
        0.5027561187744141,
        0.24744656682014465,
        0.4762260317802429,
        0.6756548285484314,
        0.6343917846679688,
        0.6937204003334045,
        0.6111376285552979,
        0.5740236639976501,
        0.5590412020683289,
        0.5963415503501892,
        0.5542541742324829,
        0.4999333620071411,
        0.5609026551246643,
        0.3760266602039337,
        0.5253489017486572,
        0.42410507798194885,
        0.542647659778595,
        0.30289891362190247,
        0.3961551785469055,
        0.4246152341365814,
        0.4707545042037964,
        0.3275309205055237,
        0.4461086392402649,
        0.4004112184047699,
        0.360021710395813,
        0.36625558137893677,
        0.46700236201286316,
        0.40046069025993347,
        0.5007064938545227,
        0.450539767742157,
        0.47270315885543823,
        0.4598972201347351,
        0.4695592224597931,
        0.20850689709186554,
        0.5317705869674683,
        0.41000860929489136,
        0.5154492855072021,
        0.43103089928627014,
        0.29628780484199524,
        0.421701043844223,
        0.33797022700309753,
        0.49682846665382385,
        0.45310288667678833,
        0.32997334003448486,
        0.40142059326171875,
        0.49013110995292664,
        0.4973612427711487,
        0.34199586510658264,
        0.44201990962028503,
        0.47751858830451965,
        0.48017704486846924,
        0.505950927734375,
        0.35415446758270264,
        0.49319228529930115,
        0.4020913541316986,
        0.47942212224006653,
        0.4579862058162689,
        0.3244495391845703,
        0.5439383387565613,
        0.4552515745162964,
        0.5197017788887024,
        0.5238512754440308,
        0.3086949586868286,
        0.41103336215019226,
        0.35227978229522705,
        0.45021769404411316,
        0.5125897526741028,
        0.3900599181652069,
        0.49236807227134705,
        0.4590684175491333,
        0.27930882573127747,
        0.5078422427177429,
        0.5030738711357117,
        0.5420471429824829,
        0.41254183650016785,
        0.4113754332065582,
        0.20515377819538116,
        0.2587521970272064,
        0.4614664614200592,
        0.3376351594924927,
        0.5147796869277954,
        0.4256401062011719,
        0.4938161075115204,
        0.3692607879638672,
        0.4288678467273712,
        0.4756913483142853,
        0.5816164612770081,
        0.5739796757698059,
        0.5500321984291077,
        0.6853625178337097,
        0.7244862914085388
    ]
}