{
    "seed": 1000008,
    "theta": [
        -0.22946816682815552,
        0.07024762779474258,
        0.013187862932682037,
        0.006002502515912056,
        -0.2648102343082428,
        -0.3403649628162384,
        0.20420300960540771,
        0.034257672727108,
        -0.32552385330200195,
        -0.3921269178390503,
        0.27462273836135864,
        -0.3584199845790863,
        -0.05500858649611473,
        0.11294578015804291,
        -0.3726503551006317,
        0.2084406316280365,
        0.15397393703460693,
        -0.23828957974910736,
        -0.29456818103790283,
        -0.3208441734313965
    ],
    "x": [
        0.15517708659172058,
        0.02860291302204132,
        -0.37503233551979065,
        -0.20692840218544006,
        -0.30197352170944214,
        -0.41825243830680847,
        0.39461976289749146,
        0.2764753997325897,
        -0.628933310508728,
        -0.9102849960327148,
        -0.15753239393234253,
        -0.14144185185432434,
        0.1974898874759674,
        0.14658993482589722,
        -0.6543534994125366,
        0.848446249961853,
        0.2443399727344513,
        -0.09769132733345032,
        -0.07771259546279907,
        -0.2673647701740265
    ]
}