{
    "seed": 1000009,
    "theta": [
        -0.21710823476314545,
        -0.0265971627086401,
        -0.07731989026069641,
        -0.017939578741788864,
        -0.3483240604400635,
        -0.36522549390792847,
        0.16693255305290222,
        0.12219744175672531,
        -0.29788002371788025,
        -0.45405179262161255,
        0.32155030965805054,
        -0.4651758670806885,
        -0.13023865222930908,
        0.08198504894971848,
        -0.2808910012245178,
        0.16963040828704834,
        -0.05691172182559967,
        -0.0898980125784874,
        -0.24037037789821625,
        -0.3713512122631073
    ],
    "x": [
        -0.05411475896835327,
        -0.403611421585083,
        -0.1737271100282669,
        -0.013628140091896057,
        -0.6071542501449585,
        -0.26382672786712646,
        0.3609466552734375,
        0.7541481852531433,
        -0.677753210067749,
        0.010917335748672485,
        0.29497063159942627,
        -0.3139106035232544,
        -0.4402421712875366,
        0.050852902233600616,
        -0.5193006992340088,
        -0.03158126771450043,
        0.06333351135253906,
        0.24582380056381226,
        -0.25853288173675537,
        -0.3284326195716858
    ]
}