{
    "seed": 1000005,
    "theta": [
        -0.4682484269142151,
        0.0015610475093126297,
        -0.13325238227844238,
        0.05944902449846268,
        -0.32326897978782654,
        -0.33988937735557556,
        0.35560691356658936,
        0.19634070992469788,
        -0.3476026952266693,
        -0.4883119463920593,
        0.2311040610074997,
        -0.4038766622543335,
        -0.12109735608100891,
        0.2524479925632477,
        -0.29703032970428467,
        0.11004303395748138,
        0.10006089508533478,
        -0.1940290629863739,
        -0.2655375003814697,
        -0.29264527559280396
    ],
    "x": [
        -0.35773396492004395,
        -0.36466455459594727,
        -0.050436876714229584,
        -0.26598426699638367,
        -0.16914990544319153,
        -0.4710449278354645,
        0.19814959168434143,
        0.5458529591560364,
        -0.48353418707847595,
        -0.6256070137023926,
        -0.0799897164106369,
        -1.0248602628707886,
        -0.11159396171569824,
        0.05892786383628845,
        -0.3565695881843567,
        0.7870489358901978,
        0.18393845856189728,
        -0.21665982902050018,
        -0.4557780623435974,
        -0.4956026077270508
    ]
}