{
    "seed": 1000012,
    "theta": [
        -0.5289750099182129,
        0.24142956733703613,
        0.3046654462814331,
        -0.43063414096832275,
        -0.3772064447402954,
        0.45759597420692444,
        0.2561710774898529,
        -0.03785881772637367,
        0.3511671721935272,
        0.12956148386001587,
        -0.4291203022003174,
        0.08622927963733673,
        -0.3833742141723633,
        -0.12547464668750763,
        -0.14391818642616272,
        -0.35286054015159607,
        0.09549187868833542,
        -0.0543552041053772,
        0.30688589811325073,
        -0.16225430369377136
    ],
    "x": [
        -0.15935182571411133,
        -0.01708543300628662,
        0.5074390769004822,
        -0.7310904264450073,
        -0.2476300746202469,
        0.15717962384223938,
        -0.010109096765518188,
        -0.08547122776508331,
        -0.15309831500053406,
        0.4002368152141571,
        0.10611391067504883,
        0.39755934476852417,
        -0.5281643867492676,
        0.45700162649154663,
        -0.0417962446808815,
        -0.2597964406013489,
        -0.44621044397354126,
        -0.39843031764030457,
        0.413906455039978,
        -0.24479925632476807
    ]
}