{
    "seed": 1000000,
    "theta": [
        -0.6146212220191956,
        0.19511562585830688,
        0.15000556409358978,
        -0.4072568714618683,
        -0.37453311681747437,
        0.4385550320148468,
        0.2272261530160904,
        -0.010375145822763443,
        0.25510135293006897,
        0.17572952806949615,
        -0.47665342688560486,
        -0.021817687898874283,
        -0.31340792775154114,
        -0.015841886401176453,
        -0.20351862907409668,
        -0.391117662191391,
        -0.01969517022371292,
        -0.17425209283828735,
        0.46052980422973633,
        0.015964552760124207
    ],
    "x": [
        -0.7087584733963013,
        0.25605928897857666,
        0.0963456928730011,
        -0.674277663230896,
        -0.6558301448822021,
        0.6016969680786133,
        -0.06983231008052826,
        -0.446124404668808,
        -0.06677782535552979,
        -0.27748966217041016,
        -0.4684688150882721,
        0.39060869812965393,
        -0.3482813239097595,
        -0.1014786884188652,
        -0.5282183289527893,
        -0.41205865144729614,
        -0.5823497176170349,
        -0.37510913610458374,
        0.5171560049057007,
        -0.17214348912239075
    ]
}