{
    "seed": 1000001,
    "theta": [
        -0.3087930977344513,
        0.03079281374812126,
        -0.06847886741161346,
        0.008197138085961342,
        -0.3914056420326233,
        -0.4455430209636688,
        0.30258554220199585,
        0.10792834311723709,
        -0.23914727568626404,
        -0.5765821933746338,
        0.21283294260501862,
        -0.2712894082069397,
        -0.12787708640098572,
        0.1183357834815979,
        -0.3749151825904846,
        0.22688642144203186,
        0.07208210229873657,
        -0.21008722484111786,
        -0.17345793545246124,
        -0.31704962253570557
    ],
    "x": [
        -0.5346366763114929,
        -0.4822612702846527,
        0.0689307451248169,
        0.06642088294029236,
        -0.31831055879592896,
        -0.017627984285354614,
        0.10113862156867981,
        0.30594223737716675,
        -0.11091314256191254,
        -0.9084106087684631,
        0.002648651599884033,
        0.3871241807937622,
        0.24707156419754028,
        -0.21208226680755615,
        0.15378546714782715,
        -0.2171413004398346,
        -0.17820286750793457,
        -0.5254938006401062,
        -0.47656869888305664,
        -0.6133559942245483
    ]
}