{
    "seed": 1000003,
    "theta": [
        -0.45474547147750854,
        0.2610808312892914,
        0.22934859991073608,
        -0.31213921308517456,
        -0.47037574648857117,
        0.4062418043613434,
        0.10604459047317505,
        0.04011214151978493,
        0.3603475093841553,
        0.19053125381469727,
        -0.37362387776374817,
        -0.030013810843229294,
        -0.3567589521408081,
        0.03519311919808388,
        -0.02507440745830536,
        -0.42072781920433044,
        0.045130275189876556,
        -0.15983396768569946,
        0.23920895159244537,
        -0.23179331421852112
    ],
    "x": [
        -0.074334055185318,
        0.3753538429737091,
        0.6826814413070679,
        -0.18501555919647217,
        -0.08353680372238159,
        0.5473422408103943,
        0.26145946979522705,
        0.32529863715171814,
        0.3155389428138733,
        -0.40613096952438354,
        -0.5046895742416382,
        0.6153618693351746,
        0.039403676986694336,
        0.23106582462787628,
        -0.3227946162223816,
        -0.2358287125825882,
        0.1331520527601242,
        0.036735162138938904,
        0.5031184554100037,
        -0.2799607217311859
    ]
}