{
    "seed": 1000010,
    "theta": [
        -0.36952799558639526,
        0.04307346045970917,
        -0.035864442586898804,
        -0.04186451435089111,
        -0.21892862021923065,
        -0.42160776257514954,
        0.29381269216537476,
        0.11094130575656891,
        -0.3075886070728302,
        -0.3423222601413727,
        0.24121183156967163,
        -0.43662911653518677,
        0.02212110161781311,
        0.196170836687088,
        -0.3083144426345825,
        0.22056786715984344,
        0.11056497693061829,
        -0.1625312864780426,
        -0.35318776965141296,
        -0.31660863757133484
    ],
    "x": [
        -0.5033221244812012,
        -0.3108534812927246,
        -0.08360761404037476,
        -0.15050160884857178,
        0.13515155017375946,
        -0.42738044261932373,
        0.28958314657211304,
        0.20542621612548828,
        -0.0008240640163421631,
        0.38041654229164124,
        0.3286468982696533,
        -0.02708679437637329,
        0.30919981002807617,
        0.22006648778915405,
        -0.7262446880340576,
        0.2142542600631714,
        0.7005984783172607,
        -0.10841244459152222,
        -0.22759924829006195,
        0.013890475034713745
    ]
}