{
    "seed": 1000004,
    "theta": [
        -0.09464526921510696,
        -0.6497213244438171
    ],
    "x": [
        1.8935235738754272,
        1.2766749858856201,
        0.8608391880989075,
        0.3425259590148926,
        -0.0016086240066215396,
        -0.13880746066570282,
        -0.2944181263446808,
        -0.45304474234580994,
        -0.47467944025993347,
        -0.6558821201324463,
        -0.6705673336982727,
        -0.7827932834625244,
        -0.6897393465042114,
        -0.7768111228942871,
        -0.7801855206489563,
        -0.8629113435745239,
        -0.8772274851799011,
        -1.0996657609939575,
        -1.1283165216445923,
        -1.161296010017395,
        -1.135595679283142,
        -1.1094121932983398,
        -1.2965627908706665,
        -1.3461482524871826,
        -1.5496853590011597
    ]
}