{
    "seed": 1000010,
    "theta": [
        -0.25749146938323975,
        0.41597920656204224
    ],
    "x": [
        1.8935235738754272,
        1.420525312423706,
        1.0920246839523315,
        0.7683967351913452,
        0.5888148546218872,
        0.31282874941825867,
        0.09720209985971451,
        -0.13177959620952606,
        -0.2590612769126892,
        -0.34316781163215637,
        -0.4399459958076477,
        -0.501535952091217,
        -0.5942018032073975,
        -0.649154007434845,
        -0.6514618992805481,
        -0.6011323928833008,
        -0.6278204917907715,
        -0.7499869465827942,
        -0.739883303642273,
        -0.8291100859642029,
        -0.8038487434387207,
        -0.8729027509689331,
        -0.9042232632637024,
        -0.8451359272003174,
        -0.7671379446983337
    ]
}