{
    "seed": 1000000,
    "theta": [
        -0.13571903109550476,
        0.1434810310602188
    ],
    "x": [
        1.8935235738754272,
        1.4162763357162476,
        0.9102213978767395,
        0.6123244762420654,
        0.2640593945980072,
        0.0825420543551445,
        -0.15782323479652405,
        -0.3061501085758209,
        -0.3975208103656769,
        -0.4105956256389618,
        -0.5147367119789124,
        -0.6716277599334717,
        -0.7393708229064941,
        -0.7313880920410156,
        -0.7695394158363342,
        -0.8394699096679688,
        -0.7544592022895813,
        -0.8209120631217957,
        -0.7817344069480896,
        -0.8270571231842041,
        -0.9000728726387024,
        -1.0544888973236084,
        -1.05885648727417,
        -0.9468132257461548,
        -0.8744300007820129
    ]
}