{
    "seed": 1000009,
    "theta": [
        0.05802404135465622,
        0.2281649112701416
    ],
    "x": [
        1.8935235738754272,
        1.2934736013412476,
        0.8031490445137024,
        0.4437497854232788,
        0.23655149340629578,
        -0.06770990788936615,
        -0.1467953324317932,
        -0.1896708756685257,
        -0.3068985641002655,
        -0.46095049381256104,
        -0.45859119296073914,
        -0.4031464755535126,
        -0.5050303339958191,
        -0.49687787890434265,
        -0.47811686992645264,
        -0.6011724472045898,
        -0.6343469023704529,
        -0.7349722981452942,
        -0.8316577076911926,
        -0.6664133667945862,
        -0.6055171489715576,
        -0.732143759727478,
        -0.7996761202812195,
        -0.7347988486289978,
        -0.8028294444084167
    ]
}