{
    "seed": 1000002,
    "theta": [
        0.09112423658370972,
        -0.4913223087787628
    ],
    "x": [
        1.8935235738754272,
        1.3352673053741455,
        0.8881259560585022,
        0.44475579261779785,
        0.11438728123903275,
        -0.21315690875053406,
        -0.4975765347480774,
        -0.7621588110923767,
        -0.9627819061279297,
        -1.022590160369873,
        -1.158715844154358,
        -1.081620454788208,
        -1.2227352857589722,
        -1.2361985445022583,
        -1.250092625617981,
        -1.283543586730957,
        -1.3777140378952026,
        -1.3787511587142944,
        -1.3199775218963623,
        -1.1309864521026611,
        -1.2683497667312622,
        -1.2295595407485962,
        -1.24152672290802,
        -1.2237530946731567,
        -1.3876566886901855
    ]
}