{
    "seed": 1000001,
    "theta": [
        0.08875957876443863,
        0.10195077955722809
    ],
    "x": [
        1.8935235738754272,
        1.328528881072998,
        0.8012219071388245,
        0.43212223052978516,
        0.17504975199699402,
        -0.10779630392789841,
        -0.16429907083511353,
        -0.35182371735572815,
        -0.5513038039207458,
        -0.6350296139717102,
        -0.693783164024353,
        -0.7626696228981018,
        -0.7304945588111877,
        -0.8826605081558228,
        -0.9156363606452942,
        -0.8209612369537354,
        -0.7690349221229553,
        -0.8198961615562439,
        -0.8151116371154785,
        -0.889933705329895,
        -0.9757164716720581,
        -0.9599177837371826,
        -1.0236927270889282,
        -1.0659562349319458,
        -1.1915894746780396
    ]
}