{
    "seed": 1000005,
    "theta": [
        -0.2962670922279358,
        0.2387712150812149
    ],
    "x": [
        1.8935235738754272,
        1.514204740524292,
        1.2320665121078491,
        0.8919917941093445,
        0.6772043108940125,
        0.46987080574035645,
        0.36139652132987976,
        0.18061761558055878,
        0.07475113868713379,
        -0.1270117610692978,
        -0.34676647186279297,
        -0.39066216349601746,
        -0.47751519083976746,
        -0.5772984623908997,
        -0.6803152561187744,
        -0.7773425579071045,
        -0.85472571849823,
        -0.8281430006027222,
        -0.8637714385986328,
        -0.8669760823249817,
        -0.8477734327316284,
        -0.7832392454147339,
        -0.6993418335914612,
        -0.7690622806549072,
        -0.8280829191207886
    ]
}