{
    "seed": 1000003,
    "theta": [
        -0.11030703783035278,
        0.20701810717582703
    ],
    "x": [
        1.8935235738754272,
        1.2361702919006348,
        0.8201315999031067,
        0.5729386806488037,
        0.24937836825847626,
        -0.08221635222434998,
        -0.15741245448589325,
        -0.20991285145282745,
        -0.2746410071849823,
        -0.3416610658168793,
        -0.4187776446342468,
        -0.4683784246444702,
        -0.5132638812065125,
        -0.513576328754425,
        -0.5378027558326721,
        -0.5824999809265137,
        -0.6280642151832581,
        -0.6516713500022888,
        -0.6590574979782104,
        -0.7315575480461121,
        -0.7976162433624268,
        -0.8609998822212219,
        -0.8822336196899414,
        -0.9142679572105408,
        -0.8586125373840332
    ]
}