{
    "seed": 1000012,
    "theta": [
        0.27869343757629395,
        -0.5469548106193542
    ],
    "x": [
        0.15932074189186096,
        -0.5966899991035461
    ]
}