{
    "seed": 1000000,
    "theta": [
        0.5152609348297119,
        -0.7077045440673828
    ],
    "x": [
        0.17748212814331055,
        -0.9602733850479126
    ]
}