{
    "seed": 1000004,
    "theta": [
        -0.28376609086990356,
        0.26975035667419434
    ],
    "x": [
        0.3217073082923889,
        0.4120808243751526
    ]
}