{
    "seed": 1000001,
    "theta": [
        0.017493873834609985,
        -0.5499310493469238
    ],
    "x": [
        -0.07629910111427307,
        -0.46468833088874817
    ]
}