{
    "seed": 1000003,
    "theta": [
        0.06154796481132507,
        -0.622123658657074
    ],
    "x": [
        -0.04624813795089722,
        -0.5109421014785767
    ]
}