{
    "seed": 1000005,
    "theta": [
        -0.30998679995536804,
        0.3840900659561157
    ],
    "x": [
        0.2728657126426697,
        0.5618597269058228
    ]
}