{
    "seed": 1000009,
    "theta": [
        -0.3914092183113098,
        0.18099083006381989
    ],
    "x": [
        0.1548217236995697,
        0.3247685432434082
    ]
}