{
    "seed": 1000003,
    "theta": [
        0.7130262851715088,
        0.7089878916740417,
        0.2963469326496124,
        0.5667239427566528
    ],
    "x": [
        0.912237823009491,
        1.0019123554229736,
        1.0586674213409424,
        0.9408172369003296,
        1.018660306930542,
        0.8647416234016418,
        0.767751157283783,
        0.8547620177268982,
        0.7674026489257812,
        0.5702651739120483,
        0.6126497983932495,
        0.8069536685943604,
        0.7120838165283203,
        0.7616147398948669,
        0.7606099247932434,
        0.7532928586006165,
        0.7131459712982178,
        0.3634975552558899,
        0.5842120051383972,
        0.666512668132782,
        0.5382044315338135,
        0.6855239868164062,
        0.6447898745536804,
        0.3125211000442505,
        0.6171509027481079,
        0.5914008021354675,
        0.4505757689476013,
        0.44956958293914795,
        0.30352339148521423,
        0.5779340267181396,
        0.32453981041908264,
        0.5369458794593811,
        0.5149897336959839,
        0.18081384897232056,
        0.525519073009491,
        0.43366101384162903,
        0.45333418250083923,
        0.4172884523868561,
        0.45824509859085083,
        0.4479629397392273,
        0.414114773273468,
        0.4834655821323395,
        0.402783066034317,
        0.42533430457115173,
        0.4980238676071167,
        0.3848917782306671,
        0.553272008895874,
        0.4812140166759491,
        0.5227558016777039,
        0.4070868194103241,
        0.4480172395706177,
        0.532025933265686,
        0.37896156311035156,
        0.4993128478527069,
        0.2891802489757538,
        0.4415714144706726,
        0.4749857485294342,
        0.5125358700752258,
        0.36966973543167114,
        0.504831850528717,
        0.3950918912887573,
        0.13276927173137665,
        0.4940800964832306,
        0.33935800194740295,
        0.41964834928512573,
        0.4439423978328705,
        0.4058937132358551,
        0.5003121495246887,
        0.49387168884277344,
        0.41484400629997253,
        0.5659090876579285,
        0.3580862581729889,
        0.42270633578300476,
        0.48611944913864136,
        0.446328729391098,
        0.5092952847480774,
        0.2231285125017166,
        0.5166696906089783,
        0.5217525362968445,
        0.33198800683021545,
        0.0425160713493824,
        0.42939987778663635,
        0.32766202092170715,
        0.3702729642391205,
        0.5045501589775085,
        0.47244593501091003,
        0.3627948760986328,
        0.5633754730224609,
        0.427969366312027,
        0.4813513457775116,
        0.5645980834960938,
        0.4687536954879761,
        0.41600215435028076,
        0.5408517122268677,
        0.41859257221221924,
        0.47275644540786743,
        0.5126407742500305,
        0.5229061245918274,
        0.5375851988792419,
        0.6045160889625549,
        0.7376014590263367
    ]
}