{
    "seed": 1000008,
    "theta": [
        0.6790895462036133,
        0.6777963638305664,
        0.9166805744171143,
        0.7808282375335693
    ],
    "x": [
        0.8322048187255859,
        0.9528364539146423,
        0.8996167778968811,
        0.7932089567184448,
        0.8628921508789062,
        0.8662019371986389,
        0.785510241985321,
        0.6882668733596802,
        0.8557080626487732,
        0.7817487120628357,
        0.7444501519203186,
        0.6893749237060547,
        0.7387834191322327,
        0.6467750668525696,
        0.6419311761856079,
        0.5579516291618347,
        0.7550651431083679,
        0.6413711309432983,
        0.6169334650039673,
        0.5866241455078125,
        0.6579151153564453,
        0.6126385927200317,
        0.6044458746910095,
        0.6335622072219849,
        0.4694254696369171,
        0.3845404386520386,
        0.5246365666389465,
        0.6154419183731079,
        0.3688076138496399,
        0.5493050813674927,
        0.5621466040611267,
        0.5623924136161804,
        0.5779250860214233,
        0.4913335144519806,
        0.4404696226119995,
        0.311209112405777,
        0.5240041017532349,
        0.5239323973655701,
        0.38146260380744934,
        0.4385175108909607,
        0.4220503568649292,
        0.5673961639404297,
        0.42447471618652344,
        0.45166245102882385,
        0.45656904578208923,
        0.31986746191978455,
        0.4580407440662384,
        0.39092522859573364,
        0.5125536322593689,
        0.5466664433479309,
        0.48767369985580444,
        0.46968764066696167,
        0.5208310484886169,
        0.2610512971878052,
        0.2930489778518677,
        0.5738876461982727,
        0.44590872526168823,
        0.3450264036655426,
        0.4765944182872772,
        0.48870009183883667,
        0.5694791078567505,
        0.42720794677734375,
        0.5656655430793762,
        0.4804561734199524,
        0.28953781723976135,
        0.4592118561267853,
        0.5697765350341797,
        0.5493844151496887,
        0.5455837249755859,
        0.42206674814224243,
        0.4670519530773163,
        0.521256148815155,
        0.48033663630485535,
        0.3747748136520386,
        0.41913464665412903,
        0.464563250541687,
        0.4986925721168518,
        0.45703125,
        0.45451584458351135,
        0.08321482688188553,
        0.4920172393321991,
        0.4642920196056366,
        0.5716004967689514,
        0.4559216797351837,
        0.35058364272117615,
        0.2736245393753052,
        0.4029073119163513,
        0.5427599549293518,
        0.5203858613967896,
        0.4944184720516205,
        0.49698880314826965,
        0.5260143280029297,
        0.5168725252151489,
        0.4596308469772339,
        0.5056615471839905,
        0.5765299201011658,
        0.4839375913143158,
        0.5646036863327026,
        0.6124104857444763,
        0.6432176232337952,
        0.6726259589195251
    ]
}