{
    "seed": 1000012,
    "theta": [
        0.49028924107551575,
        0.694744884967804,
        0.7511271834373474,
        0.7437002062797546
    ],
    "x": [
        0.891925573348999,
        1.0067209005355835,
        0.9214210510253906,
        0.8642452359199524,
        0.9059682488441467,
        0.882180392742157,
        0.7982699275016785,
        0.5617246031761169,
        0.7803151607513428,
        0.519067108631134,
        0.7583671808242798,
        0.737801730632782,
        0.7102500796318054,
        0.45873793959617615,
        0.6436197757720947,
        0.5733363032341003,
        0.7208384275436401,
        0.5029197931289673,
        0.6272251009941101,
        0.458325058221817,
        0.5864776372909546,
        0.5000343322753906,
        0.4668032228946686,
        0.5552864074707031,
        0.5244032740592957,
        0.29676830768585205,
        0.563757598400116,
        0.3211018741130829,
        0.10065562278032303,
        0.4498486816883087,
        0.2061518281698227,
        0.5032232999801636,
        0.5693129301071167,
        0.41973865032196045,
        0.5328446626663208,
        0.4323890805244446,
        0.45755183696746826,
        0.5420120358467102,
        0.553875207901001,
        0.5107088685035706,
        0.6004441380500793,
        0.4658612608909607,
        0.3492271304130554,
        0.49152424931526184,
        0.3923581540584564,
        0.2984897494316101,
        0.49880027770996094,
        0.5662499666213989,
        0.470257431268692,
        0.5258134007453918,
        0.28989651799201965,
        0.48517176508903503,
        0.541637659072876,
        0.4432918429374695,
        0.5229448676109314,
        0.4689435362815857,
        0.14951349794864655,
        0.38414204120635986,
        0.42437514662742615,
        0.3895317018032074,
        0.5790514349937439,
        0.35587310791015625,
        0.47511038184165955,
        0.5333236455917358,
        0.36902886629104614,
        0.5611312985420227,
        0.43659108877182007,
        0.5867270231246948,
        0.46567052602767944,
        0.39508387446403503,
        0.47175484895706177,
        0.486838161945343,
        0.3630496859550476,
        0.4487907290458679,
        0.45327645540237427,
        0.47634097933769226,
        0.4569525420665741,
        0.5151351690292358,
        0.440719336271286,
        0.4907199740409851,
        0.4474288821220398,
        0.5429432988166809,
        0.5837937593460083,
        0.4272117614746094,
        0.4878578186035156,
        0.4182545840740204,
        0.49831709265708923,
        0.5683923363685608,
        0.5447184443473816,
        0.5798792243003845,
        0.534221887588501,
        0.4660451114177704,
        0.3694037199020386,
        0.1524861603975296,
        0.5115337371826172,
        0.5794568657875061,
        0.6033732295036316,
        0.6203081607818604,
        0.6701072454452515,
        0.6466895937919617,
        0.730706512928009
    ]
}