{
    "seed": 1000010,
    "theta": [
        0.7405341863632202,
        0.723430335521698,
        0.32683002948760986,
        0.5202401280403137
    ],
    "x": [
        0.9143763184547424,
        0.7850995659828186,
        0.9652989506721497,
        0.8936552405357361,
        0.9887124300003052,
        0.8503827452659607,
        0.8365241885185242,
        0.7994357943534851,
        0.8800839781761169,
        0.8491345643997192,
        0.8081335425376892,
        0.7166479825973511,
        0.5483437776565552,
        0.634009063243866,
        0.7824603915214539,
        0.6468355655670166,
        0.6737710237503052,
        0.6894570589065552,
        0.7413692474365234,
        0.6110283136367798,
        0.6346529722213745,
        0.5168673396110535,
        0.5693687200546265,
        0.5001295804977417,
        0.6154440641403198,
        0.6104047298431396,
        0.6197161078453064,
        0.5347961187362671,
        0.46431541442871094,
        0.5186284184455872,
        0.4520174562931061,
        0.4227471649646759,
        0.4787100553512573,
        0.4846164584159851,
        0.3826204836368561,
        0.5103150606155396,
        0.343755841255188,
        0.4443129301071167,
        0.49999988079071045,
        0.37557488679885864,
        0.3636590242385864,
        0.43229955434799194,
        0.38952866196632385,
        0.3872672915458679,
        0.4570068418979645,
        0.4391964077949524,
        0.3955584168434143,
        0.4867185056209564,
        0.47677168250083923,
        0.34968364238739014,
        0.4763922393321991,
        0.33416736125946045,
        0.47753334045410156,
        0.4033164978027344,
        0.49629274010658264,
        0.16256128251552582,
        0.37416189908981323,
        0.5891684293746948,
        0.4819295108318329,
        0.40741539001464844,
        0.39586561918258667,
        0.535216748714447,
        0.5047275424003601,
        0.49808070063591003,
        0.47293370962142944,
        0.42995452880859375,
        0.5004978179931641,
        0.4951552152633667,
        0.43222859501838684,
        0.45122045278549194,
        0.46306508779525757,
        0.43170660734176636,
        0.51017826795578,
        0.470953106880188,
        0.4921799898147583,
        0.3301040530204773,
        0.44386038184165955,
        0.568038821220398,
        0.5352790951728821,
        0.5703600645065308,
        0.5501363277435303,
        0.2908301055431366,
        0.5123288631439209,
        0.5144514441490173,
        0.4465901553630829,
        0.45365169644355774,
        0.36363714933395386,
        0.45027148723602295,
        0.43564707040786743,
        0.5953155755996704,
        0.5083171725273132,
        0.45842602849006653,
        0.5147095918655396,
        0.49717089533805847,
        0.5404466986656189,
        0.5345156192779541,
        0.5830547213554382,
        0.554638147354126,
        0.5054392218589783,
        0.6983093023300171,
        0.7376518249511719
    ]
}