{
    "seed": 1000009,
    "theta": [
        0.6548389792442322,
        0.6865997314453125,
        0.1814473271369934,
        0.48951178789138794
    ],
    "x": [
        1.0272395610809326,
        0.808364748954773,
        0.855025589466095,
        0.9101372957229614,
        0.8004805445671082,
        0.9413200616836548,
        0.7995442748069763,
        0.7434659600257874,
        0.7404163479804993,
        0.682141125202179,
        0.6893545985221863,
        0.5894191861152649,
        0.6826545596122742,
        0.675945520401001,
        0.7401870489120483,
        0.6574383974075317,
        0.695935070514679,
        0.4225959777832031,
        0.6664828062057495,
        0.6548866033554077,
        0.6535320281982422,
        0.5215436220169067,
        0.6583937406539917,
        0.5017431974411011,
        0.5104855895042419,
        0.6005217432975769,
        0.4809321165084839,
        0.5886482000350952,
        0.5907848477363586,
        0.5075777769088745,
        0.41604551672935486,
        0.5875042080879211,
        0.5006327033042908,
        0.41883671283721924,
        0.534313976764679,
        0.5015594363212585,
        0.5324631929397583,
        0.5042049288749695,
        0.47833365201950073,
        0.5907948613166809,
        0.47138455510139465,
        0.39943060278892517,
        0.4806877076625824,
        0.4571814239025116,
        0.4461645781993866,
        0.2984934449195862,
        0.5395463109016418,
        0.5471992492675781,
        0.4968714416027069,
        0.504425585269928,
        0.4812508821487427,
        0.4220719635486603,
        0.4492110013961792,
        0.4559229612350464,
        0.18400268256664276,
        0.4851781129837036,
        0.42368724942207336,
        0.35577914118766785,
        0.512927234172821,
        0.5048207640647888,
        0.45269888639450073,
        0.4289665222167969,
        0.5400459170341492,
        0.6021153926849365,
        0.4949032962322235,
        0.5362635254859924,
        0.31683921813964844,
        0.45367202162742615,
        0.5629245638847351,
        0.5635602474212646,
        0.5400970578193665,
        0.43029022216796875,
        0.6030380129814148,
        0.5424856543540955,
        0.4720523953437805,
        0.5401524901390076,
        0.5669874548912048,
        0.5301256775856018,
        0.4461632966995239,
        0.5286393761634827,
        0.4869499206542969,
        0.5769359469413757,
        0.4308265745639801,
        0.5934802889823914,
        0.5350671410560608,
        0.6005175113677979,
        0.4863128662109375,
        0.5494471192359924,
        0.5830885767936707,
        0.6066736578941345,
        0.5654327273368835,
        0.6487007141113281,
        0.5961621403694153,
        0.6370596289634705,
        0.5861460566520691,
        0.6009172797203064,
        0.6994611024856567,
        0.7056589722633362,
        0.746378481388092,
        0.776742160320282,
        0.8524584174156189
    ]
}