{
    "seed": 1000004,
    "theta": [
        0.6711438894271851,
        0.731358528137207,
        0.8247560262680054,
        0.7656716704368591
    ],
    "x": [
        0.9353867769241333,
        1.0443909168243408,
        0.944468080997467,
        0.9903807044029236,
        0.8474475741386414,
        0.8577987551689148,
        0.8398188352584839,
        0.8273003697395325,
        0.8486124873161316,
        0.8215138912200928,
        0.8462015986442566,
        0.6915753483772278,
        0.8241648077964783,
        0.784491240978241,
        0.6955669522285461,
        0.6564838290214539,
        0.6681227087974548,
        0.6518594026565552,
        0.5945345759391785,
        0.6269592046737671,
        0.668054461479187,
        0.6253715753555298,
        0.5276767611503601,
        0.6541670560836792,
        0.667127251625061,
        0.3009437620639801,
        0.5692724585533142,
        0.5869884490966797,
        0.5947949886322021,
        0.49252599477767944,
        0.5456100702285767,
        0.6022272706031799,
        0.4813009798526764,
        0.6011491417884827,
        0.6430321931838989,
        0.49310874938964844,
        0.5780933499336243,
        0.370752215385437,
        0.554178774356842,
        0.5174387693405151,
        0.6055716276168823,
        0.5817050933837891,
        0.4312027096748352,
        0.4230893552303314,
        0.23867861926555634,
        0.5129066705703735,
        0.6288988590240479,
        0.6121165156364441,
        0.4727438688278198,
        0.5481254458427429,
        0.37694308161735535,
        0.5669196844100952,
        0.5683649778366089,
        0.5295174717903137,
        0.43019789457321167,
        0.4661867916584015,
        0.5409271121025085,
        0.5308812260627747,
        0.3264981508255005,
        0.4718276858329773,
        0.49238383769989014,
        0.5707021355628967,
        0.5701462030410767,
        0.3861282467842102,
        0.47394078969955444,
        0.5782880187034607,
        0.43066760897636414,
        0.5568364262580872,
        0.4940536618232727,
        0.5688410401344299,
        0.5228599309921265,
        0.5400829315185547,
        0.5804184079170227,
        0.44436976313591003,
        0.6120946407318115,
        0.4706614315509796,
        0.5350938439369202,
        0.5519140958786011,
        0.516036331653595,
        0.47290942072868347,
        0.38002002239227295,
        0.6209246516227722,
        0.49773725867271423,
        0.5906930565834045,
        0.5747103095054626,
        0.6388721466064453,
        0.6332125067710876,
        0.5933722257614136,
        0.6291223168373108,
        0.6272493004798889,
        0.6152332425117493,
        0.6617336273193359,
        0.6306050419807434,
        0.6192120909690857,
        0.6609382629394531,
        0.6808783411979675,
        0.7289226651191711,
        0.6777219176292419,
        0.7669437527656555,
        0.7471877932548523,
        0.8219669461250305
    ]
}