{
    "seed": 1000005,
    "theta": [
        0.7639697194099426,
        0.6455660462379456,
        0.2815040647983551,
        0.4732673168182373
    ],
    "x": [
        0.9222643375396729,
        0.9771484136581421,
        1.009321928024292,
        0.827434778213501,
        0.9755192995071411,
        0.822265625,
        0.7373325228691101,
        0.8735145330429077,
        0.8421531915664673,
        0.831896960735321,
        0.8871263861656189,
        0.7782161831855774,
        0.7270551323890686,
        0.6225835084915161,
        0.6907328367233276,
        0.7319216132164001,
        0.7037239074707031,
        0.5445778965950012,
        0.6396153569221497,
        0.6879591345787048,
        0.470168799161911,
        0.5025419592857361,
        0.5523117184638977,
        0.5617935061454773,
        0.37338244915008545,
        0.6158091425895691,
        0.40064099431037903,
        0.4968484342098236,
        0.417190819978714,
        0.4874540865421295,
        0.5499061346054077,
        0.5408491492271423,
        0.4397088289260864,
        0.3035393953323364,
        0.4386187195777893,
        0.4753921627998352,
        0.3060106933116913,
        0.44808274507522583,
        0.437668114900589,
        0.32330676913261414,
        0.2335713654756546,
        0.45716577768325806,
        0.5052160620689392,
        0.5234140753746033,
        0.5075961947441101,
        0.5733376741409302,
        0.4596225619316101,
        0.42050832509994507,
        0.4634956419467926,
        0.364236444234848,
        0.43822377920150757,
        0.38745829463005066,
        0.36384010314941406,
        0.33132654428482056,
        0.49127691984176636,
        0.46749940514564514,
        0.5565124750137329,
        0.5438295006752014,
        0.4420050382614136,
        0.3114190399646759,
        0.4789881408214569,
        0.4623728394508362,
        0.3801719546318054,
        0.5314151644706726,
        0.45152905583381653,
        0.4788660705089569,
        0.4362265169620514,
        0.5862434506416321,
        0.4968627989292145,
        0.45276501774787903,
        0.5177718997001648,
        0.4334968626499176,
        0.429330050945282,
        0.5121496915817261,
        0.27933183312416077,
        0.05679117888212204,
        0.5674946904182434,
        0.3934797942638397,
        0.34701982140541077,
        0.46563607454299927,
        0.4069800078868866,
        0.47416940331459045,
        0.4696615934371948,
        0.3157549500465393,
        0.28158849477767944,
        0.5834184288978577,
        0.4956102967262268,
        0.5204964876174927,
        0.5351999998092651,
        0.3438479006290436,
        0.4208312928676605,
        0.361950546503067,
        0.6316016912460327,
        0.544270932674408,
        0.639700710773468,
        0.6139228940010071,
        0.47190195322036743,
        0.5765770077705383,
        0.6535125970840454,
        0.6648751497268677,
        0.7451768517494202
    ]
}