{
    "seed": 1000000,
    "theta": [
        0.6044992804527283,
        0.6952589154243469,
        0.7393758296966553,
        0.6941042542457581
    ],
    "x": [
        1.0203722715377808,
        0.7805231809616089,
        0.9757333397865295,
        0.9114068150520325,
        0.7871421575546265,
        0.8184871673583984,
        0.8881604671478271,
        0.8365613222122192,
        0.8289546966552734,
        0.7597470879554749,
        0.6954139471054077,
        0.8210061192512512,
        0.6096052527427673,
        0.8299694061279297,
        0.632218062877655,
        0.7679711580276489,
        0.6666469573974609,
        0.7354214787483215,
        0.6576054692268372,
        0.6147087216377258,
        0.6524704098701477,
        0.6106751561164856,
        0.6530563235282898,
        0.5984758734703064,
        0.5168052911758423,
        0.46801313757896423,
        0.41155511140823364,
        0.5084670782089233,
        0.4296201169490814,
        0.5184649229049683,
        0.5496252775192261,
        0.5422618985176086,
        0.22254791855812073,
        0.40993601083755493,
        0.31586048007011414,
        0.5451105833053589,
        0.569843053817749,
        0.47208085656166077,
        0.5203589200973511,
        0.5252446532249451,
        0.30837708711624146,
        0.493243545293808,
        0.397387832403183,
        0.534286618232727,
        0.2924346923828125,
        0.5011672973632812,
        0.434859961271286,
        0.2830466032028198,
        0.5693772435188293,
        0.40171319246292114,
        0.5471681952476501,
        0.38862431049346924,
        0.5078690648078918,
        0.32679036259651184,
        0.5475995540618896,
        0.5538865327835083,
        0.4068346619606018,
        0.5037217736244202,
        0.39761289954185486,
        0.3931233584880829,
        0.4271659851074219,
        0.33599498867988586,
        0.35093244910240173,
        0.4552791714668274,
        0.5438690185546875,
        0.5599967837333679,
        0.4565405547618866,
        0.16300302743911743,
        0.43687793612480164,
        0.39824026823043823,
        0.5058289766311646,
        0.2933613955974579,
        0.4986724853515625,
        0.34335631132125854,
        0.5099447965621948,
        0.44968172907829285,
        0.5321113467216492,
        0.5300079584121704,
        0.4467124938964844,
        0.5106436610221863,
        0.45133286714553833,
        0.4837060272693634,
        0.514751672744751,
        0.456567645072937,
        0.4418158233165741,
        0.5261924862861633,
        0.5482223629951477,
        0.4856269955635071,
        0.5310967564582825,
        0.5538121461868286,
        0.4879838228225708,
        0.5953460931777954,
        0.4378927946090698,
        0.5699397921562195,
        0.5831465125083923,
        0.47762489318847656,
        0.6142880916595459,
        0.6096624732017517,
        0.5331581234931946,
        0.6739101409912109,
        0.7171366214752197
    ]
}