{
    "seed": 1000002,
    "theta": [
        0.45674508810043335,
        0.6691014766693115,
        0.8039752244949341,
        0.7305194139480591
    ],
    "x": [
        0.8243941068649292,
        0.8617631196975708,
        1.0517650842666626,
        0.8397308588027954,
        0.8116436004638672,
        0.8676994442939758,
        0.7853037714958191,
        0.8705245852470398,
        0.7458580136299133,
        0.7672996520996094,
        0.5961580872535706,
        0.7102400660514832,
        0.5102880001068115,
        0.7177368402481079,
        0.6080867648124695,
        0.6921601891517639,
        0.4906720519065857,
        0.6142380833625793,
        0.5626348853111267,
        0.36082687973976135,
        0.5386739373207092,
        0.5125137567520142,
        0.5191421508789062,
        0.43793347477912903,
        0.5572700500488281,
        0.4600667357444763,
        0.5910354852676392,
        0.5013847351074219,
        0.4513259828090668,
        0.5000531673431396,
        0.44578614830970764,
        0.5171902775764465,
        0.3113071322441101,
        0.39984244108200073,
        0.48993441462516785,
        0.5179285407066345,
        0.45425859093666077,
        0.46953263878822327,
        0.4118582308292389,
        0.4828989803791046,
        0.508584201335907,
        0.4542731046676636,
        0.4441084563732147,
        0.41770413517951965,
        0.44324925541877747,
        0.43944650888442993,
        0.19268493354320526,
        0.46273741126060486,
        0.3871499300003052,
        0.4157099425792694,
        0.5445452332496643,
        0.5339099764823914,
        0.20137913525104523,
        0.42070630192756653,
        0.4183669984340668,
        0.49281439185142517,
        0.36126697063446045,
        0.42321524024009705,
        0.37856560945510864,
        0.5201435089111328,
        0.34847894310951233,
        0.5125467777252197,
        0.3117637634277344,
        0.509017288684845,
        0.5581371188163757,
        0.399923712015152,
        0.5420262813568115,
        0.27086371183395386,
        0.5108271241188049,
        0.45049768686294556,
        0.5812981724739075,
        0.46956074237823486,
        0.4535202085971832,
        0.4713400602340698,
        0.32169482111930847,
        0.4950111508369446,
        0.457162469625473,
        0.4172500669956207,
        0.42885616421699524,
        0.35161539912223816,
        0.4168626070022583,
        0.5422286987304688,
        0.47307613492012024,
        0.6105574369430542,
        0.28377634286880493,
        0.4954153597354889,
        0.4601707458496094,
        0.5425445437431335,
        0.484051376581192,
        0.5682209134101868,
        0.4148755371570587,
        0.5045401453971863,
        0.48162969946861267,
        0.3797307312488556,
        0.5263708829879761,
        0.5329236388206482,
        0.5507984161376953,
        0.5232569575309753,
        0.568741500377655,
        0.6057025790214539,
        0.6843584775924683
    ]
}