{
    "seed": 1000001,
    "theta": [
        0.5035687685012817,
        0.6669136881828308,
        0.8221220970153809,
        0.6907444596290588
    ],
    "x": [
        0.9277626276016235,
        0.8998852968215942,
        0.9769540429115295,
        0.9497886896133423,
        0.9482460021972656,
        0.887863039970398,
        0.894393801689148,
        0.7435694336891174,
        0.5932521820068359,
        0.7385390996932983,
        0.8156777620315552,
        0.7894987463951111,
        0.605089545249939,
        0.7311714291572571,
        0.6180408596992493,
        0.5777610540390015,
        0.7212427854537964,
        0.6770838499069214,
        0.513824999332428,
        0.5821470618247986,
        0.585046112537384,
        0.5431398749351501,
        0.5340958833694458,
        0.49695536494255066,
        0.4998131990432739,
        0.4681805968284607,
        0.5602392554283142,
        0.36175549030303955,
        0.45250117778778076,
        0.5203654170036316,
        0.3304860293865204,
        0.4874984622001648,
        0.5009840726852417,
        0.5579109191894531,
        0.3822494447231293,
        0.5667378902435303,
        0.45984917879104614,
        0.34803199768066406,
        0.36405232548713684,
        0.4880264401435852,
        0.4399679899215698,
        0.5203731656074524,
        0.40816256403923035,
        0.4477137327194214,
        0.3656249940395355,
        0.5086296200752258,
        0.5331923365592957,
        0.536956250667572,
        0.3803952634334564,
        0.4571032226085663,
        0.5198689699172974,
        0.5256434082984924,
        0.5085131525993347,
        0.3694409728050232,
        0.5499804019927979,
        0.5204236507415771,
        0.5228189826011658,
        0.38411954045295715,
        0.4952971041202545,
        0.39711329340934753,
        0.4226628541946411,
        0.26640498638153076,
        0.48436927795410156,
        0.4224587678909302,
        0.5865374207496643,
        0.4934651553630829,
        0.4502772092819214,
        0.4450012147426605,
        0.4087056517601013,
        0.3545489013195038,
        0.4762072265148163,
        0.39681103825569153,
        0.44557812809944153,
        0.22224248945713043,
        0.4691486358642578,
        0.4318777620792389,
        0.4174729585647583,
        0.4402575194835663,
        0.583725094795227,
        0.3519655764102936,
        0.2495042234659195,
        0.5784159302711487,
        0.5937754511833191,
        0.28651225566864014,
        0.5800125002861023,
        0.36068281531333923,
        0.595166027545929,
        0.47839799523353577,
        0.3571792542934418,
        0.4344043731689453,
        0.41388243436813354,
        0.5318042635917664,
        0.4560089111328125,
        0.4972573518753052,
        0.5492475032806396,
        0.5610535740852356,
        0.6539769768714905,
        0.608042299747467,
        0.5943863987922668,
        0.6770055294036865,
        0.7626210451126099
    ]
}