{
    "seed": 1000001,
    "theta": [
        0.7577506303787231,
        -0.02173350565135479,
        0.10815411806106567,
        -0.6245629787445068,
        1.2983614206314087
    ],
    "x": [
        -0.06531728804111481,
        0.5896971225738525,
        0.19810670614242554,
        0.5816053748130798,
        0.004928944166749716,
        0.05298512801527977,
        0.17330637574195862,
        -1.181579351425171,
        -0.5526311993598938,
        -0.24370983242988586,
        -0.8692675232887268,
        -0.13058659434318542,
        0.46643999218940735,
        0.1390799582004547,
        0.9007382392883301,
        -0.13530510663986206,
        0.09303108602762222,
        0.8417148590087891,
        1.1572424173355103,
        -0.7444535493850708,
        -0.9018070697784424,
        1.190077543258667,
        0.05584064498543739,
        0.3418240249156952,
        0.8298311829566956,
        0.5504465699195862,
        -0.30593112111091614,
        -1.0021171569824219,
        -0.24809476733207703,
        -0.38194775581359863,
        0.053885605186223984,
        -0.06168314442038536,
        0.3848605453968048,
        -9.685088157653809,
        -0.1439194530248642,
        0.02749135158956051,
        -0.33813056349754333,
        -0.19166482985019684,
        -0.7725896239280701,
        -0.46527114510536194,
        -0.11400831490755081,
        0.16077350080013275,
        -0.9232852458953857,
        0.12267982214689255,
        -0.430090993642807,
        0.08541666716337204,
        -0.11190016567707062,
        0.3158860206604004,
        0.7031058669090271,
        -0.6072898507118225,
        0.07679210603237152,
        0.1452619433403015,
        0.09817913174629211,
        -0.49127596616744995,
        -0.180390402674675,
        0.3801038861274719,
        -0.2635844647884369,
        -0.37573903799057007,
        0.5967181324958801,
        -0.6285322308540344,
        0.08636090904474258,
        0.007647176738828421,
        0.1684425175189972,
        -0.37766340374946594,
        -0.17038744688034058,
        -0.33376288414001465,
        -0.4577306807041168,
        -0.05941574275493622,
        0.44326692819595337,
        0.2962908148765564,
        -0.018645217642188072,
        -0.11481919139623642,
        -0.14647391438484192,
        0.6709052920341492,
        -0.255860298871994,
        0.5679404735565186,
        0.1573578119277954,
        -0.8663533926010132,
        0.4372323751449585,
        0.21619270741939545,
        0.543366014957428,
        0.6119900345802307,
        0.3129741847515106,
        -0.11445589363574982,
        -0.2627086639404297,
        -0.40324586629867554,
        -0.24176025390625,
        -0.022642159834504128,
        -0.3640947937965393,
        1.029009222984314,
        -8.430216789245605,
        -0.2323053479194641,
        -0.08656374365091324,
        0.018182789906859398,
        0.18923141062259674,
        0.3229138255119324,
        0.3097039461135864,
        0.23047477006912231
    ]
}