{
    "seed": 1000012,
    "theta": [
        0.6548386812210083,
        0.17407797276973724,
        0.5421140193939209,
        0.3418262004852295,
        0.5561469793319702
    ],
    "x": [
        -0.5131419897079468,
        -0.19730718433856964,
        -0.38078272342681885,
        -0.8065959811210632,
        -0.18987099826335907,
        -0.2896609604358673,
        0.2573980391025543,
        0.4732322096824646,
        -0.11289862543344498,
        0.25700926780700684,
        -1.281823754310608,
        -0.859869658946991,
        -0.606158971786499,
        -0.23286086320877075,
        0.46112146973609924,
        -1.0439149141311646,
        -0.7880045175552368,
        0.6097902655601501,
        0.5087301731109619,
        0.47196391224861145,
        0.7301306128501892,
        0.2973530888557434,
        -1.577093482017517,
        -0.4560324251651764,
        0.28057777881622314,
        0.19826115667819977,
        0.13800528645515442,
        -0.7705426216125488,
        -0.4682348072528839,
        0.393796443939209,
        1.16964852809906,
        1.6751564741134644,
        0.48518848419189453,
        0.7082692384719849,
        0.32697105407714844,
        0.8685913681983948,
        -0.18192340433597565,
        -0.2402215600013733,
        -0.9314877390861511,
        0.08700194209814072,
        0.5165412425994873,
        0.8884387016296387,
        -0.03218661621212959,
        0.6973792910575867,
        -0.35240909457206726,
        0.36623093485832214,
        0.22978858649730682,
        -0.14455652236938477,
        0.8045811057090759,
        0.1513110250234604,
        -0.05337350815534592,
        -0.3324216604232788,
        0.7398025393486023,
        -0.5647741556167603,
        0.600538969039917,
        1.2247867584228516,
        -1.111870527267456,
        -0.5932731032371521,
        -0.21823924779891968,
        0.9571542739868164,
        -0.18546529114246368,
        0.29678279161453247,
        0.4243551194667816,
        -0.6648407578468323,
        -0.22655002772808075,
        -0.40670865774154663,
        -0.03172025829553604,
        0.18230943381786346,
        0.6157457232475281,
        0.6781322360038757,
        -0.47268614172935486,
        -1.3123918771743774,
        -0.9544898271560669,
        0.06302432715892792,
        0.7891585230827332,
        -0.34394025802612305,
        0.7929782867431641,
        -1.0589855909347534,
        -0.412737101316452,
        -0.42734649777412415,
        -1.1138955354690552,
        0.2802869379520416,
        0.4757276773452759,
        -0.22772379219532013,
        -0.040104471147060394,
        0.24030306935310364,
        -0.4472205936908722,
        -1.0645983219146729,
        0.11349349468946457,
        -0.5567649602890015,
        -0.1121877059340477,
        -0.60540771484375,
        -0.618372917175293,
        -0.8788129091262817,
        -0.07969775050878525,
        0.4559555649757385,
        -0.044430192559957504,
        0.7173421382904053
    ]
}