{
    "seed": 1000002,
    "theta": [
        1.293487310409546,
        0.24896088242530823,
        0.3683170676231384,
        -0.5650854110717773,
        -0.6602463126182556
    ],
    "x": [
        -0.10139457136392593,
        -0.2850353717803955,
        0.003223997773602605,
        -0.3256044387817383,
        -0.09754862636327744,
        0.18418633937835693,
        -0.6248638033866882,
        -0.15234072506427765,
        0.6478037238121033,
        0.13198941946029663,
        -0.143259659409523,
        -0.2088768482208252,
        0.27610889077186584,
        -0.12624011933803558,
        -0.24918487668037415,
        1.3905248641967773,
        0.11139024049043655,
        -0.48198023438453674,
        0.2795883119106293,
        0.07587668299674988,
        0.09106471389532089,
        -0.3734133243560791,
        -1.002872109413147,
        -0.5347013473510742,
        -0.43428531289100647,
        0.13647785782814026,
        1.0170642137527466,
        -0.48503920435905457,
        0.5695736408233643,
        -0.8132451772689819,
        0.29387372732162476,
        -0.05036342144012451,
        -0.5549361705780029,
        -0.1977914422750473,
        0.4441482424736023,
        -1.030078411102295,
        0.04299375042319298,
        -0.06455639749765396,
        1.1626213788986206,
        -0.6908227801322937,
        -0.23053158819675446,
        1.222016453742981,
        -1.1735926866531372,
        0.9685055017471313,
        0.03025972656905651,
        0.7982019186019897,
        -0.30595698952674866,
        0.5485975742340088,
        0.38897818326950073,
        -0.010410980321466923,
        0.5577815175056458,
        0.033612459897994995,
        0.16477710008621216,
        -0.0035830719862133265,
        0.23286673426628113,
        0.17644129693508148,
        -0.13464641571044922,
        -0.010485902428627014,
        -0.38522639870643616,
        -0.24004855751991272,
        0.9200045466423035,
        -0.2484068125486374,
        0.2622283697128296,
        -0.6853795647621155,
        -1.0527316331863403,
        -0.1332569420337677,
        0.8501692414283752,
        -0.3082934617996216,
        0.08966173231601715,
        1.0741519927978516,
        -0.7021204829216003,
        0.1425260603427887,
        -0.1911274641752243,
        -0.055007196962833405,
        0.84828120470047,
        0.23451031744480133,
        0.5914420485496521,
        -1.1182631254196167,
        -0.012547417543828487,
        -0.5791376233100891,
        -0.07819262892007828,
        0.40207597613334656,
        -0.00589861860498786,
        -0.11123436689376831,
        -0.10486392676830292,
        0.5463048219680786,
        -1.2033230066299438,
        0.06432467699050903,
        -0.09663678705692291,
        0.3388453423976898,
        0.32596200704574585,
        -0.5844746232032776,
        -0.4466102719306946,
        -0.36208993196487427,
        -0.26851633191108704,
        0.8036559224128723,
        -0.26558390259742737,
        -0.008181764744222164
    ]
}