{
    "seed": 1000004,
    "theta": [
        1.0587677955627441,
        -0.2839672863483429,
        0.17279741168022156,
        -0.18502023816108704,
        -0.12799161672592163
    ],
    "x": [
        0.3030564785003662,
        0.05101795122027397,
        -0.8078243732452393,
        0.7712546586990356,
        -0.26667752861976624,
        0.6557462215423584,
        -0.8293718695640564,
        -1.0411419868469238,
        -0.22912655770778656,
        -0.09172353148460388,
        -1.505893349647522,
        -0.14367565512657166,
        0.9457079768180847,
        0.8706631660461426,
        0.19991660118103027,
        1.0655049085617065,
        2.7771198749542236,
        0.48214611411094666,
        1.2396423816680908,
        -0.07562067359685898,
        0.45531731843948364,
        -0.5597953796386719,
        1.0913124084472656,
        -0.7015851140022278,
        -0.44138598442077637,
        0.03260054811835289,
        0.33284616470336914,
        0.25353336334228516,
        -0.34996479749679565,
        0.4661724865436554,
        -0.5159786343574524,
        -0.810297429561615,
        -0.7510024309158325,
        -0.42679429054260254,
        -0.1263803243637085,
        0.0957476794719696,
        0.9851193428039551,
        -0.30822503566741943,
        -0.11870883405208588,
        -0.07785657048225403,
        -0.9147934913635254,
        1.0632869005203247,
        -0.1090950295329094,
        -0.12264138460159302,
        0.2313963919878006,
        -0.0908840149641037,
        0.35859066247940063,
        0.0636303722858429,
        0.37193065881729126,
        -0.5177943110466003,
        -0.20091021060943604,
        -0.11604131758213043,
        -0.5982165336608887,
        0.1920391470193863,
        0.013968437910079956,
        0.6862398386001587,
        -0.3572482168674469,
        0.22590011358261108,
        0.597708523273468,
        -0.8621851205825806,
        0.2712401747703552,
        -7.465919494628906,
        0.1959194540977478,
        -0.6502220630645752,
        -0.18527719378471375,
        0.23684947192668915,
        0.5282953381538391,
        -0.20887577533721924,
        0.19705456495285034,
        0.27865922451019287,
        -0.27174174785614014,
        0.03007589839398861,
        0.43713679909706116,
        0.36001139879226685,
        0.36566200852394104,
        -0.2413901537656784,
        0.26331353187561035,
        0.17834140360355377,
        0.07188347727060318,
        0.07779030501842499,
        8.440900802612305,
        -0.6508318185806274,
        0.6755130887031555,
        0.38431984186172485,
        -0.38741493225097656,
        0.11161021143198013,
        -0.38603678345680237,
        0.056933511048555374,
        -0.40794306993484497,
        0.319720983505249,
        -0.16753074526786804,
        -0.5272963643074036,
        -0.5577677488327026,
        -0.33517733216285706,
        0.522165834903717,
        0.3268337547779083,
        -0.5067130327224731,
        0.14017152786254883
    ]
}