{
    "seed": 1000003,
    "theta": [
        0.9169300198554993,
        -0.25663092732429504,
        -0.08973293751478195,
        -0.6359978914260864,
        0.2172403186559677
    ],
    "x": [
        -0.46892938017845154,
        0.21509745717048645,
        0.5668949484825134,
        -0.43120211362838745,
        1.105638861656189,
        -0.44459307193756104,
        -0.5226321220397949,
        -1.2188056707382202,
        -0.3035995662212372,
        0.5829727053642273,
        0.7289917469024658,
        0.46879154443740845,
        0.5688493251800537,
        0.5458660125732422,
        0.3001437187194824,
        0.7176896333694458,
        -0.3321571946144104,
        -0.7504627108573914,
        0.8184937238693237,
        -0.1596648097038269,
        0.23856863379478455,
        -0.27566686272621155,
        -0.7253652215003967,
        0.7561830282211304,
        -0.47945302724838257,
        0.3888428509235382,
        0.1204901933670044,
        -0.00016507276450283825,
        -0.375902384519577,
        0.8397363424301147,
        -0.2706277072429657,
        -0.780754029750824,
        -0.06501886248588562,
        1.024957299232483,
        0.2774204611778259,
        -0.06026250123977661,
        0.5999835133552551,
        0.1345967948436737,
        0.255491703748703,
        0.6258189678192139,
        0.5729853510856628,
        0.5902895927429199,
        0.06634797155857086,
        -0.013342233374714851,
        0.6170371770858765,
        -0.5234909057617188,
        0.032139670103788376,
        0.3109492361545563,
        -0.2621821463108063,
        0.40485602617263794,
        -0.26267558336257935,
        0.033808257430791855,
        -0.32551345229148865,
        -0.3976418972015381,
        0.10102052986621857,
        1.1216320991516113,
        -0.09236881136894226,
        0.12676751613616943,
        -0.1533997803926468,
        0.05618918687105179,
        0.5687301754951477,
        0.06090354546904564,
        0.13145220279693604,
        -0.906071662902832,
        -0.39078181982040405,
        -0.17609143257141113,
        -0.5441649556159973,
        -0.4197467267513275,
        0.6152253150939941,
        0.39725804328918457,
        -0.15154185891151428,
        -0.3314409852027893,
        -0.012950881384313107,
        -0.13711398839950562,
        0.8459153771400452,
        0.25881269574165344,
        0.33521366119384766,
        0.03472249209880829,
        0.06000740826129913,
        0.2870769798755646,
        -0.4035567045211792,
        0.23011821508407593,
        0.2654532790184021,
        0.6462050080299377,
        0.10727059841156006,
        -0.27657350897789,
        -0.01930273324251175,
        0.03241518884897232,
        -0.004440678749233484,
        0.11815350502729416,
        0.1888771504163742,
        -0.11820664256811142,
        -0.31074759364128113,
        -0.48051342368125916,
        0.2552739083766937,
        0.7631785869598389,
        0.4058017134666443,
        -0.18335799872875214
    ]
}