{
    "seed": 1000010,
    "theta": [
        0.24942904710769653,
        -0.03419014811515808,
        -0.18664199113845825,
        -0.10532143712043762,
        0.31037721037864685,
        -0.23368075489997864,
        -0.10755064338445663,
        -0.002033654600381851,
        -0.014515180140733719,
        0.15172965824604034
    ],
    "x": [
        -0.07696038484573364,
        0.5016194581985474,
        -0.47260162234306335,
        -0.41404032707214355,
        0.3253350257873535,
        -0.23806600272655487,
        0.2536892890930176,
        0.2607560455799103,
        -0.1744147390127182,
        0.020141080021858215
    ]
}