{
    "seed": 1000012,
    "theta": [
        0.13291548192501068,
        0.46163251996040344,
        -0.28309181332588196,
        -0.16742853820323944,
        0.004984162747859955,
        -0.25106143951416016,
        0.06754596531391144,
        -0.08925864845514297,
        -0.12351511418819427,
        -0.23283308744430542
    ],
    "x": [
        0.21122460067272186,
        0.7290170192718506,
        -0.25671669840812683,
        -0.05491778254508972,
        0.12196379899978638,
        -0.5867247581481934,
        -0.07931604981422424,
        0.17656925320625305,
        -0.40003639459609985,
        0.15356189012527466
    ]
}