{
    "seed": 1000004,
    "theta": [
        -0.04593106359243393,
        -0.03607557341456413,
        -0.13457904756069183,
        0.19120833277702332,
        -0.015378396958112717,
        -0.2318551242351532,
        0.21035420894622803,
        -0.007539812475442886,
        -0.05424271523952484,
        0.07520981132984161
    ],
    "x": [
        0.19932034611701965,
        0.28533512353897095,
        -0.23551329970359802,
        -0.33381029963493347,
        -0.007847091183066368,
        -0.6644716858863831,
        0.09107518941164017,
        0.27664563059806824,
        0.4127141237258911,
        0.2718248963356018
    ]
}