{
    "seed": 1000000,
    "theta": [
        0.16948503255844116,
        0.3452191948890686,
        -0.0378752127289772,
        0.026289809495210648,
        -0.35046088695526123,
        -0.13698136806488037,
        -0.2410731315612793,
        -0.1255805790424347,
        -0.11656174063682556,
        0.14098630845546722
    ],
    "x": [
        0.9447773694992065,
        0.22559508681297302,
        -0.4459529221057892,
        0.09635581076145172,
        -0.534089207649231,
        -0.16920234262943268,
        0.06265687942504883,
        -0.25405997037887573,
        -0.3660092055797577,
        0.11636582016944885
    ]
}