{
    "seed": 1000003,
    "theta": [
        0.14210298657417297,
        -0.40878158807754517,
        -0.1616104692220688,
        -0.1711300015449524,
        -0.01181267574429512,
        0.011388510465621948,
        -0.3706536889076233,
        0.0990404337644577,
        -0.227569580078125,
        -0.3451840579509735
    ],
    "x": [
        0.19488781690597534,
        -0.45354315638542175,
        -0.8931407332420349,
        -0.3565409779548645,
        -0.16403675079345703,
        -0.11994205415248871,
        -1.0795655250549316,
        -0.10566222667694092,
        0.07329249382019043,
        -0.2909506559371948
    ]
}