{
    "seed": 1000002,
    "theta": [
        0.40976664423942566,
        -0.19777710735797882,
        -0.3345354497432709,
        0.317411333322525,
        0.11367842555046082,
        0.07449154555797577,
        -0.044570863246917725,
        -0.2654269337654114,
        -0.032182082533836365,
        -0.3650243282318115
    ],
    "x": [
        0.12420940399169922,
        -0.8272610306739807,
        -0.33530673384666443,
        -0.26611676812171936,
        0.07486945390701294,
        0.07410719990730286,
        -0.1602305769920349,
        -0.3082583248615265,
        -0.20887072384357452,
        -0.22324715554714203
    ]
}