{
    "seed": 1000008,
    "theta": [
        -0.026031550019979477,
        -0.22560662031173706,
        -0.525192379951477,
        0.2838663160800934,
        0.2831360995769501,
        -0.06912335753440857,
        0.009864911437034607,
        -0.11695710569620132,
        -0.1517961472272873,
        0.14928685128688812
    ],
    "x": [
        -0.15661844611167908,
        -0.03738290071487427,
        -0.06728065013885498,
        0.3145799934864044,
        0.5941596627235413,
        0.6593513488769531,
        -0.20237840712070465,
        -0.22749127447605133,
        -0.4033997058868408,
        -0.3043239116668701
    ]
}