{
    "seed": 1000009,
    "theta": [
        0.1404179036617279,
        -0.064478799700737,
        0.06630504876375198,
        0.1624579280614853,
        -0.18617212772369385,
        -0.15489864349365234,
        -0.14884395897388458,
        0.05315481126308441,
        0.0016576088964939117,
        -0.25747835636138916
    ],
    "x": [
        0.36155951023101807,
        0.6737847328186035,
        -0.06509231775999069,
        0.6234420537948608,
        -0.4935623109340668,
        0.42497390508651733,
        -0.3257579207420349,
        0.33110207319259644,
        0.271468847990036,
        -0.6170714497566223
    ]
}