{
    "seed": 1000008,
    "theta": [
        -0.04378271847963333,
        -0.26334118843078613,
        -0.4787524342536926,
        0.37556755542755127,
        0.1822029948234558,
        0.1320103108882904,
        0.26036256551742554,
        0.018619239330291748,
        -0.2608550488948822,
        0.2395453155040741
    ],
    "x": [
        -0.17436960339546204,
        -0.07511746883392334,
        -0.020840704441070557,
        0.4062812328338623,
        0.493226557970047,
        0.8604849576950073,
        0.04811924695968628,
        -0.09191492944955826,
        -0.5124586224555969,
        -0.21406546235084534
    ]
}