{
    "seed": 1000010,
    "theta": [
        0.23167787492275238,
        -0.07192471623420715,
        -0.14020203053951263,
        -0.01362021267414093,
        0.2094441056251526,
        -0.032547079026699066,
        0.1429470330476761,
        0.13354268670082092,
        -0.12357408553361893,
        0.24198812246322632
    ],
    "x": [
        -0.0947115570306778,
        0.4638848602771759,
        -0.42616164684295654,
        -0.32233911752700806,
        0.22440190613269806,
        -0.0369323268532753,
        0.5041869878768921,
        0.39633238315582275,
        -0.2834736406803131,
        0.11039954423904419
    ]
}