{
    "seed": 1000005,
    "theta": [
        -0.05315250903367996,
        -0.007846584543585777,
        0.18826739490032196,
        0.07680303603410721,
        0.04523630440235138,
        0.009661480784416199,
        0.23215138912200928,
        0.19009113311767578,
        -0.38168638944625854,
        0.09769181907176971
    ],
    "x": [
        0.38838592171669006,
        0.043546274304389954,
        0.07130751758813858,
        -0.427315354347229,
        -0.23192144930362701,
        0.3367207646369934,
        -0.24152430891990662,
        0.6690901517868042,
        -0.23268857598304749,
        -0.14444969594478607
    ]
}