{
    "seed": 1000012,
    "theta": [
        0.11516431719064713,
        0.42389795184135437,
        -0.23665183782577515,
        -0.07572731375694275,
        -0.09594893455505371,
        -0.04992777854204178,
        0.31804364919662476,
        0.0463176965713501,
        -0.23257401585578918,
        -0.14257462322711945
    ],
    "x": [
        0.1934734284877777,
        0.6912825107574463,
        -0.21027672290802002,
        0.03678344190120697,
        0.02103070169687271,
        -0.3855911195278168,
        0.17118163406848907,
        0.3121455907821655,
        -0.509095311164856,
        0.24382035434246063
    ]
}