{
    "seed": 1000009,
    "theta": [
        0.12266673147678375,
        -0.10221337527036667,
        0.1127450168132782,
        0.254159152507782,
        -0.2871052324771881,
        0.04623502120375633,
        0.10165371000766754,
        0.18873116374015808,
        -0.1074012964963913,
        -0.16721989214420319
    ],
    "x": [
        0.3438083231449127,
        0.6360501646995544,
        -0.018652349710464478,
        0.7151433229446411,
        -0.594495415687561,
        0.6261075735092163,
        -0.0752602368593216,
        0.4666784405708313,
        0.1624099463224411,
        -0.5268129706382751
    ]
}