{
    "seed": 1000002,
    "theta": [
        0.44255125522613525,
        0.5375102758407593
    ],
    "x": [
        1.8935235738754272,
        1.3550845384597778,
        0.9612799882888794,
        0.5872860550880432,
        0.3374404311180115,
        0.09040740877389908,
        -0.11370774358510971,
        -0.3011637330055237,
        -0.4283158779144287,
        -0.421749472618103,
        -0.5064466595649719,
        -0.38319268822669983,
        -0.4968847930431366,
        -0.4809187650680542,
        -0.4729280173778534,
        -0.4898315370082855,
        -0.5698775053024292,
        -0.5542464852333069,
        -0.48354071378707886,
        -0.29019099473953247,
        -0.4377365708351135,
        -0.3965361714363098,
        -0.40951502323150635,
        -0.3916199207305908,
        -0.5566864013671875
    ]
}