{
    "seed": 1000005,
    "theta": [
        -0.14746719598770142,
        -0.6844308972358704
    ],
    "x": [
        1.8935235738754272,
        1.3574154376983643,
        0.9565103650093079,
        0.5263157486915588,
        0.24689504504203796,
        -0.007659145165234804,
        -0.1491325944662094,
        -0.35405588150024414,
        -0.4745698869228363,
        -0.6853322982788086,
        -0.9065475463867188,
        -0.9451149702072144,
        -1.0262418985366821,
        -1.1186903715133667,
        -1.2126537561416626,
        -1.2991055250167847,
        -1.3648288249969482,
        -1.3262711763381958,
        -1.3527576923370361,
        -1.3473191261291504,
        -1.320851445198059,
        -1.2508622407913208,
        -1.1643606424331665,
        -1.2344176769256592,
        -1.291642665863037
    ]
}