{
    "seed": 1000001,
    "theta": [
        0.24131444096565247,
        0.28746071457862854
    ],
    "x": [
        1.8935235738754272,
        1.2858543395996094,
        0.7437058091163635,
        0.3795378506183624,
        0.13743416965007782,
        -0.12631568312644958,
        -0.15983323752880096,
        -0.3283551037311554,
        -0.5078284740447998,
        -0.5704281330108643,
        -0.610745906829834,
        -0.6639808416366577,
        -0.617938220500946,
        -0.7606610655784607,
        -0.7818953990936279,
        -0.6773876547813416,
        -0.6209583282470703,
        -0.6700189709663391,
        -0.6623289585113525,
        -0.7351128458976746,
        -0.817080557346344,
        -0.7957966327667236,
        -0.8559302687644958,
        -0.8935104012489319,
        -1.0143336057662964
    ]
}