{
    "seed": 1000012,
    "theta": [
        0.49524566531181335,
        0.1856256127357483
    ],
    "x": [
        1.8935235738754272,
        0.937953531742096,
        0.5294652581214905,
        0.1952270120382309,
        -0.01277933083474636,
        -0.3025304973125458,
        -0.39363008737564087,
        -0.4560852348804474,
        -0.6565757989883423,
        -0.7002156972885132,
        -0.751045286655426,
        -0.726494550704956,
        -0.782245934009552,
        -0.8671953678131104,
        -0.7727311253547668,
        -0.8262395262718201,
        -0.8184757232666016,
        -0.9347415566444397,
        -0.8886783123016357,
        -0.9515864253044128,
        -0.8745936155319214,
        -0.7923738360404968,
        -0.766428530216217,
        -0.8243011236190796,
        -0.8905052542686462
    ]
}