{
    "seed": 1000003,
    "theta": [
        0.08427555859088898,
        -0.11488773673772812
    ],
    "x": [
        1.8935235738754272,
        1.0777807235717773,
        0.5632821321487427,
        0.2551715672016144,
        -0.10647616535425186,
        -0.4553070366382599,
        -0.5310969948768616,
        -0.5811361074447632,
        -0.6418935060501099,
        -0.7032849788665771,
        -0.7733854651451111,
        -0.8144903779029846,
        -0.8507921099662781,
        -0.8426353931427002,
        -0.8602171540260315,
        -0.8987677693367004,
        -0.937778890132904,
        -0.9544808268547058,
        -0.9555404782295227,
        -1.0227985382080078,
        -1.0819305181503296,
        -1.137318730354309,
        -1.1498243808746338,
        -1.1741968393325806,
        -1.1112943887710571
    ]
}