{
    "seed": 1000004,
    "theta": [
        0.5691967606544495,
        0.32225000858306885
    ],
    "x": [
        1.8935235738754272,
        1.0227527618408203,
        0.5145836472511292,
        -0.011875101365149021,
        -0.292783260345459,
        -0.340908408164978,
        -0.4171845614910126,
        -0.5007147789001465,
        -0.44976067543029785,
        -0.5782833099365234,
        -0.532763659954071,
        -0.6017296314239502,
        -0.4640923738479614,
        -0.532927393913269,
        -0.5122281312942505,
        -0.5779874324798584,
        -0.569678544998169,
        -0.7746917009353638,
        -0.7618531584739685,
        -0.7625605463981628,
        -0.7103375792503357,
        -0.6693675518035889,
        -0.8498485684394836,
        -0.8700098395347595,
        -1.0467740297317505
    ]
}