{
    "seed": 1000008,
    "theta": [
        0.49551278352737427,
        -0.030369266867637634
    ],
    "x": [
        1.8935235738754272,
        0.9924468994140625,
        0.35172802209854126,
        -0.08268082141876221,
        -0.3613852560520172,
        -0.7110861539840698,
        -0.8354812860488892,
        -0.8885924220085144,
        -0.9554665684700012,
        -0.9457852244377136,
        -0.9787627458572388,
        -0.9492404460906982,
        -0.9505358338356018,
        -1.0558668375015259,
        -1.0272550582885742,
        -1.0512261390686035,
        -1.1001014709472656,
        -1.037907600402832,
        -0.9741140007972717,
        -0.9299224019050598,
        -0.8986381888389587,
        -0.953197717666626,
        -1.1502772569656372,
        -1.1261231899261475,
        -1.2349982261657715
    ]
}