{
    "seed": 1000010,
    "theta": [
        -0.06749138981103897,
        -0.30179324746131897
    ],
    "x": [
        1.8935235738754272,
        1.2187256813049316,
        0.7440353631973267,
        0.31396543979644775,
        0.06009108945727348,
        -0.2695077061653137,
        -0.5182607769966125,
        -0.765997052192688,
        -0.8998340964317322,
        -0.9844367504119873,
        -1.0784225463867188,
        -1.1340631246566772,
        -1.2195489406585693,
        -1.265138864517212,
        -1.2577422857284546,
        -1.1994305849075317,
        -1.221537709236145,
        -1.3389633893966675,
        -1.3203606605529785,
        -1.4030576944351196,
        -1.3690935373306274,
        -1.4320279359817505,
        -1.455745816230774,
        -1.3892840147018433,
        -1.3075318336486816
    ]
}