{
    "seed": 1000001,
    "theta": [
        0.17535287141799927,
        -0.05462399497628212,
        0.06396639347076416,
        -0.34450653195381165,
        0.3155577480792999,
        0.05841945484280586,
        -0.23749420046806335,
        0.1681414395570755,
        -0.0561094805598259,
        -0.25563836097717285,
        -0.3668175935745239,
        0.1418164074420929,
        -0.08425270020961761,
        0.11333851516246796,
        -0.26135408878326416,
        -0.20385806262493134,
        0.04152289032936096,
        0.2509252429008484,
        0.1780141294002533,
        -0.3572673201560974
    ],
    "x": [
        -0.050490692257881165,
        -0.5676780939102173,
        0.20137600600719452,
        -0.2862827777862549,
        0.38865283131599426,
        0.48633450269699097,
        -0.4389411211013794,
        0.36615532636642456,
        0.0721246525645256,
        -0.5874667763710022,
        -0.5770018696784973,
        0.8002300262451172,
        0.2906959652900696,
        -0.2170795351266861,
        0.2673465609550476,
        -0.647885799407959,
        -0.20876207947731018,
        -0.06448134779930115,
        -0.1250966489315033,
        -0.6535736918449402
    ]
}