{
    "seed": 1000003,
    "theta": [
        -0.11469203233718872,
        0.02589002251625061,
        -0.17947761714458466,
        0.055749423801898956,
        0.096135213971138,
        0.4107178747653961,
        -0.31600016355514526,
        0.046291284263134,
        -0.3314139246940613,
        -0.046209901571273804,
        -0.009091794490814209,
        -0.3447442650794983,
        0.054289545863866806,
        0.1038459837436676,
        0.3283577859401703,
        0.3878108859062195,
        -0.06326307356357574,
        0.2990207076072693,
        0.26270827651023865,
        0.0294942706823349
    ],
    "x": [
        0.26571938395500183,
        0.14016303420066833,
        0.2738552689552307,
        0.18287307024002075,
        0.48297417163848877,
        0.551818311214447,
        -0.16058526933193207,
        0.3314777910709381,
        -0.37622249126434326,
        -0.6428720951080322,
        -0.14015747606754303,
        0.30063140392303467,
        0.45045217871665955,
        0.2997186779975891,
        0.03063756227493286,
        0.5727099776268005,
        0.024758704006671906,
        0.49558985233306885,
        0.5266177654266357,
        -0.018673144280910492
    ]
}