{
    "seed": 1000000,
    "theta": [
        -0.27456778287887573,
        -0.040075186640024185,
        -0.25882065296173096,
        -0.03936822712421417,
        0.19197781383991241,
        0.44303110241889954,
        -0.19481858611106873,
        -0.004196002148091793,
        -0.4366600811481476,
        -0.06101161986589432,
        -0.1121213361620903,
        -0.3365481495857239,
        0.09764055907726288,
        0.05281098186969757,
        0.14991357922554016,
        0.41742104291915894,
        -0.12808851897716522,
        0.2846025824546814,
        0.4840291738510132,
        0.2772521376609802
    ],
    "x": [
        -0.36870500445365906,
        0.020868461579084396,
        -0.31248053908348083,
        -0.3063889741897583,
        -0.08931918442249298,
        0.606173038482666,
        -0.4918770492076874,
        -0.439945250749588,
        -0.7585392594337463,
        -0.5142307877540588,
        -0.10393671691417694,
        0.07587823271751404,
        0.0627671480178833,
        -0.03282582014799118,
        -0.17478612065315247,
        0.39648008346557617,
        -0.690743088722229,
        0.08374553918838501,
        0.5406553745269775,
        0.08914409577846527
    ]
}