{
    "seed": 1000004,
    "theta": [
        0.2636796832084656,
        -0.03405177965760231,
        0.09949520230293274,
        -0.2780002951622009,
        0.4487314522266388,
        0.14769725501537323,
        -0.2770673632621765,
        0.07966967672109604,
        -0.16909655928611755,
        -0.13900625705718994,
        -0.36355650424957275,
        0.07712597399950027,
        0.028465963900089264,
        0.1293579339981079,
        -0.24761374294757843,
        -0.2863856852054596,
        0.17502525448799133,
        0.2753266990184784,
        0.09745506942272186,
        -0.1853456199169159
    ],
    "x": [
        0.16854079067707062,
        0.0830204039812088,
        0.26353490352630615,
        -0.5275572538375854,
        0.4233585000038147,
        0.31688636541366577,
        -0.22027166187763214,
        0.046281032264232635,
        -0.6566380858421326,
        0.24044683575630188,
        -0.14300541579723358,
        -0.5824055671691895,
        -0.06590534746646881,
        -0.19168001413345337,
        -0.27293094992637634,
        0.034255802631378174,
        0.030077219009399414,
        0.4147012531757355,
        -0.018914267420768738,
        -0.35220324993133545
    ]
}