{
    "seed": 1000010,
    "theta": [
        0.1146179735660553,
        -0.042343348264694214,
        0.09658081829547882,
        -0.39456820487976074,
        0.48803478479385376,
        0.08235470205545425,
        -0.24626705050468445,
        0.17115440964698792,
        -0.12455083429813385,
        -0.02137845754623413,
        -0.3384386897087097,
        -0.02352328598499298,
        0.06574548780918121,
        0.19117356836795807,
        -0.19475334882736206,
        -0.21017661690711975,
        0.08000576496124268,
        0.29848116636276245,
        -0.0017157047986984253,
        -0.3568263351917267
    ],
    "x": [
        -0.019176140427589417,
        -0.3962702751159668,
        0.04883764311671257,
        -0.5032052993774414,
        0.8421149253845215,
        0.07658200711011887,
        -0.25049659609794617,
        0.2656393051147461,
        0.1822137087583542,
        0.7013603448867798,
        -0.251003623008728,
        0.3860190510749817,
        0.35282421112060547,
        0.21506920456886292,
        -0.6126835942268372,
        -0.216490238904953,
        0.6700392365455627,
        0.35260000824928284,
        0.12387281656265259,
        -0.0263272225856781
    ]
}