{
    "seed": 1000002,
    "theta": [
        0.1861666738986969,
        -0.059007469564676285,
        0.024547163397073746,
        -0.27738499641418457,
        0.3760340213775635,
        0.10366550832986832,
        -0.3688686490058899,
        0.2590879201889038,
        -0.13512293994426727,
        -0.09704578667879105,
        -0.22396361827850342,
        0.0422619953751564,
        -0.04937237501144409,
        0.21220652759075165,
        -0.1188134029507637,
        -0.3111172616481781,
        0.014303494244813919,
        0.27551349997520447,
        0.10174883902072906,
        -0.41108056902885437
    ],
    "x": [
        0.21570760011672974,
        -0.1469966173171997,
        0.24938862025737762,
        -0.3371081054210663,
        0.07906177639961243,
        0.258365660905838,
        -0.14540821313858032,
        0.15800631046295166,
        -0.9699803590774536,
        -0.11116723716259003,
        -0.10664752870798111,
        0.3716754615306854,
        0.273623526096344,
        0.7223999500274658,
        -0.26539716124534607,
        0.0954430103302002,
        -0.21453610062599182,
        0.34736359119415283,
        -0.08822335302829742,
        -0.14935851097106934
    ]
}