{
    "seed": 1000005,
    "theta": [
        0.01589752733707428,
        -0.0838557630777359,
        -0.0008071288466453552,
        -0.29325464367866516,
        0.3836944103240967,
        0.16407307982444763,
        -0.18447282910346985,
        0.2565538287162781,
        -0.16456490755081177,
        -0.16736814379692078,
        -0.34854647517204285,
        0.009229160845279694,
        -0.07747296988964081,
        0.24745073914527893,
        -0.1834692507982254,
        -0.3207014501094818,
        0.06950168311595917,
        0.26698341965675354,
        0.0859345868229866,
        -0.3328629732131958
    ],
    "x": [
        0.12641200423240662,
        -0.45008134841918945,
        0.08200837671756744,
        -0.6186879277229309,
        0.5378134846687317,
        0.032917529344558716,
        -0.3419301509857178,
        0.606066107749939,
        -0.3004963994026184,
        -0.3046632409095764,
        -0.6596402525901794,
        -0.6117544174194336,
        -0.06796957552433014,
        0.0539306104183197,
        -0.24300850927829742,
        0.35630443692207336,
        0.15337924659252167,
        0.24435265362262726,
        -0.10430597513914108,
        -0.5358203053474426
    ]
}