{
    "seed": 1000012,
    "theta": [
        0.07387257367372513,
        -0.2771403193473816,
        -0.04148688539862633,
        -0.02539469674229622,
        -0.08940289914608002,
        -0.1724679172039032,
        0.09746246039867401,
        -0.4265184700489044,
        -0.1968897134065628,
        0.44948023557662964,
        0.0923132449388504,
        -0.24172064661979675,
        -0.17728909850120544,
        0.06661813706159592,
        -0.17003189027309418,
        -0.3423704206943512,
        -0.23702847957611084,
        0.012217752635478973,
        0.06828238815069199,
        -0.421354204416275
    ],
    "x": [
        0.46898677945137024,
        -0.2150326818227768,
        -0.08761563897132874,
        -0.022954821586608887,
        0.1777375191450119,
        -0.8403525352478027,
        -0.42862606048583984,
        -0.46639665961265564,
        0.17273347079753876,
        0.19096523523330688,
        0.2950868606567383,
        -0.5421769618988037,
        0.13468331098556519,
        0.09663643687963486,
        -0.2703360915184021,
        -0.5472705364227295,
        -0.08295126259326935,
        0.5889419317245483,
        -0.6015329360961914,
        -0.7981898784637451
    ]
}