{
    "seed": 1000010,
    "theta": [
        -0.06724761426448822,
        -0.2942003011703491,
        0.014357592910528183,
        -0.0812039002776146,
        -0.2080214023590088,
        -0.23396232724189758,
        0.04947580397129059,
        -0.3032732903957367,
        -0.20700421929359436,
        0.44693660736083984,
        0.1681329905986786,
        -0.22658345103263855,
        -0.18924710154533386,
        0.05382251366972923,
        -0.02393871545791626,
        -0.24658389389514923,
        -0.2806242108345032,
        -0.04356520622968674,
        -0.015625298023223877,
        -0.4281249940395355
    ],
    "x": [
        0.19392763078212738,
        -0.07007695734500885,
        -0.4817452132701874,
        -0.11865325272083282,
        -0.42922443151474,
        -1.2512495517730713,
        -0.43547362089157104,
        -0.23031020164489746,
        -0.3407983183860779,
        0.09300968050956726,
        0.12038981914520264,
        -0.3352205455303192,
        -0.13892138004302979,
        -0.4046885371208191,
        0.06841684132814407,
        0.14466173946857452,
        -0.1993812620639801,
        0.1615222692489624,
        0.19444401562213898,
        -0.8152697086334229
    ]
}