{
    "seed": 1000001,
    "theta": [
        0.10182526707649231,
        -0.2703765332698822,
        -0.020911632105708122,
        0.002560112625360489,
        -0.20998096466064453,
        -0.3414005935192108,
        0.1343822181224823,
        -0.30923113226890564,
        -0.1462693214416504,
        0.43465593457221985,
        0.13551858067512512,
        -0.17652179300785065,
        -0.19301673769950867,
        0.18314144015312195,
        -0.15561671555042267,
        -0.17875196039676666,
        -0.3614642024040222,
        0.23238086700439453,
        0.08023706078529358,
        -0.44519683718681335
    ],
    "x": [
        -0.2584899365901947,
        -0.41792452335357666,
        -0.01564350165426731,
        -0.23556852340698242,
        0.35183995962142944,
        -0.6190756559371948,
        -0.12777525186538696,
        0.5012657642364502,
        -0.37211287021636963,
        -0.07839813828468323,
        0.2729281783103943,
        -0.11829805374145508,
        0.38281407952308655,
        0.4747951030731201,
        -0.048179417848587036,
        -0.12148120999336243,
        -0.29755210876464844,
        0.005629420280456543,
        -0.33295947313308716,
        -0.38627010583877563
    ]
}