{
    "seed": 1000003,
    "theta": [
        0.0633678138256073,
        -0.3352334499359131,
        0.09582893550395966,
        -0.07508990168571472,
        -0.13976450264453888,
        -0.27794668078422546,
        0.029785500839352608,
        -0.4960574507713318,
        -0.14467212557792664,
        0.3902533948421478,
        0.04083097726106644,
        -0.08231861889362335,
        -0.24020367860794067,
        0.12116138637065887,
        -0.175308495759964,
        -0.3496459126472473,
        -0.26534608006477356,
        0.011963851749897003,
        -0.04013718292117119,
        -0.4083341956138611
    ],
    "x": [
        0.3420974314212799,
        -0.8073729276657104,
        0.36065298318862915,
        -0.2477567344903946,
        0.46568143367767334,
        -0.8617048263549805,
        -0.08991248160600662,
        -0.2910752296447754,
        0.23573929071426392,
        0.5045264363288879,
        0.49416384100914,
        0.04480503499507904,
        0.18946856260299683,
        0.39056962728500366,
        0.05381216108798981,
        -0.8256983757019043,
        -0.13729174435138702,
        0.062248747795820236,
        0.2147129625082016,
        -0.6688953638076782
    ]
}