{
    "seed": 1000009,
    "theta": [
        0.13610994815826416,
        -0.2623613476753235,
        -0.04854916036128998,
        -0.04277942329645157,
        -0.3114147186279297,
        -0.25884705781936646,
        0.09679870307445526,
        -0.4136245846748352,
        -0.05458445847034454,
        0.37726595997810364,
        0.12667755782604218,
        -0.2026585042476654,
        -0.19775058329105377,
        0.11970803141593933,
        -0.20549650490283966,
        -0.22395679354667664,
        -0.19836442172527313,
        0.0186116024851799,
        0.07034537196159363,
        -0.4170185327529907
    ],
    "x": [
        0.07370451092720032,
        -0.3997091054916382,
        -0.5083649754524231,
        0.1327599287033081,
        -0.5029008984565735,
        -0.3062296211719513,
        -0.029018044471740723,
        -0.11215060949325562,
        0.10840901732444763,
        0.0002517104148864746,
        0.03027033805847168,
        -0.1983470618724823,
        0.3041255474090576,
        0.3692822754383087,
        -0.19828176498413086,
        -0.5311717987060547,
        -0.13551516830921173,
        -0.18019723892211914,
        -0.10045783221721649,
        -0.6710611581802368
    ]
}