{
    "seed": 1000002,
    "theta": [
        0.2129962146282196,
        -0.20370647311210632,
        0.12367232143878937,
        -0.025293614715337753,
        -0.19027726352214813,
        -0.2814566493034363,
        -0.08330723643302917,
        -0.36501380801200867,
        -0.13545551896095276,
        0.4302724599838257,
        0.09609934687614441,
        -0.10940022766590118,
        -0.13852323591709137,
        0.22335392236709595,
        -0.2832733988761902,
        -0.10869727283716202,
        -0.23730063438415527,
        0.03165768086910248,
        0.0010564923286437988,
        -0.39590582251548767
    ],
    "x": [
        0.926958441734314,
        -0.024138927459716797,
        -0.22686095535755157,
        -0.38304653763771057,
        -0.6444301605224609,
        -0.06895266473293304,
        -0.0012482553720474243,
        0.14669564366340637,
        -0.10591459274291992,
        0.34228330850601196,
        0.3209407925605774,
        -0.1691233366727829,
        -0.36416763067245483,
        -0.38631588220596313,
        -0.26850971579551697,
        -0.02897876501083374,
        -0.7292430400848389,
        -0.3490665555000305,
        0.5392624735832214,
        -0.2515209913253784
    ]
}