{
    "seed": 1000008,
    "theta": [
        0.17720794677734375,
        -0.20542274415493011,
        0.042295411229133606,
        -0.009603449143469334,
        -0.08706553280353546,
        -0.2982131242752075,
        0.14302462339401245,
        -0.3801842927932739,
        -0.06694439053535461,
        0.47411075234413147,
        0.21718530356884003,
        -0.17871642112731934,
        -0.14952026307582855,
        0.20390591025352478,
        -0.24882391095161438,
        -0.1889260709285736,
        -0.18156978487968445,
        0.10257794708013535,
        0.06127670407295227,
        -0.24594837427139282
    ],
    "x": [
        -0.0214846134185791,
        -0.4903027415275574,
        -0.17648741602897644,
        0.10173401981592178,
        -0.3136809766292572,
        -0.35046282410621643,
        0.7073460221290588,
        -0.931291401386261,
        0.3177008628845215,
        0.4324660301208496,
        -0.17103488743305206,
        -0.3916473388671875,
        -0.27671727538108826,
        -0.4013577997684479,
        -0.1718856245279312,
        -0.09086629748344421,
        -0.11922252178192139,
        0.1388261467218399,
        0.36084455251693726,
        0.5819219946861267
    ]
}