{
    "seed": 1000000,
    "theta": [
        0.09351237863302231,
        -0.2119675725698471,
        -0.19435425102710724,
        0.061018288135528564,
        -0.20458994805812836,
        -0.29236480593681335,
        0.2511063814163208,
        -0.24829959869384766,
        -0.20216324925422668,
        0.40116217732429504,
        0.0701746717095375,
        -0.12169156968593597,
        -0.10734376311302185,
        0.08708963543176651,
        -0.1234152764081955,
        -0.24525132775306702,
        -0.26421087980270386,
        0.19012506306171417,
        0.022788934409618378,
        -0.4426565170288086
    ],
    "x": [
        -0.08195840567350388,
        -0.0965171605348587,
        -0.0752534344792366,
        0.3857190012931824,
        0.0552070289850235,
        -0.595200777053833,
        0.15300601720809937,
        -0.8568559288978577,
        -0.29630047082901,
        0.46210581064224243,
        0.016514796763658524,
        -0.3887123465538025,
        -0.31650036573410034,
        0.04502937197685242,
        0.19289521872997284,
        -0.7516716718673706,
        -0.5198688507080078,
        0.13210159540176392,
        0.6750088334083557,
        -0.32940173149108887
    ]
}