{
    "seed": 1000005,
    "theta": [
        0.08588171005249023,
        -0.21258333325386047,
        -0.006254818756133318,
        -0.10803138464689255,
        -0.2163565456867218,
        -0.31322377920150757,
        0.08120783418416977,
        -0.37433889508247375,
        -0.3057246804237366,
        0.40542417764663696,
        0.07074505090713501,
        -0.12526990473270416,
        -0.03882438689470291,
        0.17800335586071014,
        -0.2107132524251938,
        -0.24945586919784546,
        -0.1506791114807129,
        0.05458331108093262,
        -0.009786318987607956,
        -0.40592676401138306
    ],
    "x": [
        0.2511417865753174,
        -0.49137082695961,
        0.38392922282218933,
        -0.27344343066215515,
        -0.30374476313591003,
        -0.1220502108335495,
        -0.22523266077041626,
        -0.6637920141220093,
        -0.19521021842956543,
        0.03919857740402222,
        0.1535605490207672,
        -0.4507032036781311,
        0.3001714050769806,
        0.5600994229316711,
        -0.40571802854537964,
        -0.023208603262901306,
        -0.13466136157512665,
        0.1987627148628235,
        0.2858905494213104,
        -0.18956808745861053
    ]
}