{
    "seed": 1000010,
    "theta": [
        -0.45861169695854187,
        -0.18025505542755127,
        0.12324082106351852,
        -0.1609114706516266,
        -0.03770117461681366,
        0.3695465326309204,
        0.12891167402267456,
        -0.38658806681632996,
        0.43836575746536255,
        0.49285364151000977,
        0.06129606068134308,
        -0.14569059014320374,
        0.0877440869808197,
        0.006532019004225731,
        0.05034429579973221,
        -0.048355698585510254,
        -0.043826837092638016,
        0.43547287583351135,
        -0.20894885063171387,
        0.3560987710952759
    ],
    "x": [
        -0.5924057960510254,
        -0.5341819524765015,
        0.07549764215946198,
        -0.26954856514930725,
        0.31637901067733765,
        0.3637738525867462,
        0.12468211352825165,
        -0.2921031713485718,
        0.7451303005218506,
        1.215592384338379,
        0.14873111248016357,
        0.26385173201560974,
        0.37482279539108276,
        0.030427662655711174,
        -0.3675859570503235,
        -0.05466931313276291,
        0.5462066531181335,
        0.48959171772003174,
        -0.08336032927036285,
        0.6865978837013245
    ]
}