{
    "seed": 1000012,
    "theta": [
        -0.46679267287254333,
        -0.30165377259254456,
        -0.2831093370914459,
        0.2966739535331726,
        0.44490912556648254,
        -0.0036859437823295593,
        -0.2458147406578064,
        0.0628393366932869,
        0.24550972878932953,
        0.3045280873775482,
        0.2160855531692505,
        0.35654908418655396,
        -0.4944010078907013,
        -0.2357589602470398,
        0.2889004945755005,
        -0.2804204523563385,
        0.0625821128487587,
        0.16247034072875977,
        0.14138366281986237,
        0.32273563742637634
    ],
    "x": [
        -0.09716948866844177,
        -0.5601687431335449,
        -0.08033570647239685,
        -0.0037823617458343506,
        0.5744854807853699,
        -0.3041023015975952,
        -0.5120949149131775,
        0.015226922929286957,
        -0.25875574350357056,
        0.5752034187316895,
        0.7513197660446167,
        0.6678791642189026,
        -0.6391911506652832,
        0.34671729803085327,
        0.3910224437713623,
        -0.1873563677072525,
        -0.4791202247142792,
        -0.1816047728061676,
        0.24840423464775085,
        0.24019068479537964
    ]
}