{
    "seed": 1000000,
    "theta": [
        -0.5524389147758484,
        -0.3479677438735962,
        -0.43776923418045044,
        0.3200512230396271,
        0.4475824236869812,
        -0.022726885974407196,
        -0.2747596502304077,
        0.09032300859689713,
        0.14944392442703247,
        0.3506961464881897,
        0.168552428483963,
        0.24850213527679443,
        -0.42443472146987915,
        -0.12612619996070862,
        0.22930005192756653,
        -0.3186775743961334,
        -0.052604928612709045,
        0.042573437094688416,
        0.29502755403518677,
        0.5009545087814331
    ],
    "x": [
        -0.6465761661529541,
        -0.2870240807533264,
        -0.4914291203022003,
        0.05303046107292175,
        0.1662854254245758,
        0.14041507244110107,
        -0.5718181133270264,
        -0.3454262614250183,
        -0.17243525385856628,
        -0.10252302885055542,
        0.17673705518245697,
        0.66092848777771,
        -0.45930811762809753,
        -0.21176299452781677,
        -0.0953996479511261,
        -0.3396185636520386,
        -0.6152594685554504,
        -0.15828360617160797,
        0.35165372490882874,
        0.31284648180007935
    ]
}