{
    "seed": 1000005,
    "theta": [
        -0.5573321580886841,
        -0.22176747024059296,
        0.025852873921394348,
        -0.059597935527563095,
        -0.14204154908657074,
        0.4512649178504944,
        0.19070589542388916,
        -0.3011886775493622,
        0.39835166931152344,
        0.3468639552593231,
        0.05118829384446144,
        -0.11293814331293106,
        -0.05547437444329262,
        0.06280917674303055,
        0.061628393828868866,
        -0.15888053178787231,
        -0.054330915212631226,
        0.40397512912750244,
        -0.12129855155944824,
        0.38006213307380676
    ],
    "x": [
        -0.44681769609451294,
        -0.5879930853843689,
        0.10866837948560715,
        -0.38503122329711914,
        0.01207752525806427,
        0.32010936737060547,
        0.033248573541641235,
        0.04832357168197632,
        0.2624201774597168,
        0.20956885814666748,
        -0.25990548729896545,
        -0.7339217662811279,
        -0.04597098380327225,
        -0.13071095943450928,
        0.0020891353487968445,
        0.5181253552436829,
        0.029546648263931274,
        0.38134437799453735,
        -0.3115391135215759,
        0.17710480093955994
    ]
}