{
    "seed": 1000009,
    "theta": [
        -0.30619192123413086,
        -0.2499256730079651,
        0.08178537338972092,
        -0.13698653876781464,
        -0.16709662973880768,
        0.4259288012981415,
        0.0020315125584602356,
        -0.37533193826675415,
        0.4480743408203125,
        0.3811241090297699,
        0.14163455367088318,
        -0.17423737049102783,
        -0.06461566686630249,
        -0.10765377432107925,
        0.0777677446603775,
        -0.09929315745830536,
        -0.21130353212356567,
        0.5081061720848083,
        -0.09613144397735596,
        0.3013561964035034
    ],
    "x": [
        -0.14319844543933868,
        -0.6269398927688599,
        -0.014621846377849579,
        -0.13267509639263153,
        -0.4259268045425415,
        0.5273275375366211,
        0.19604560732841492,
        0.25661879777908325,
        0.06820118427276611,
        0.8460932374000549,
        0.11505487561225891,
        -0.022972121834754944,
        -0.37461918592453003,
        -0.1387859284877777,
        -0.16064196825027466,
        -0.3005048334598541,
        -0.09105829894542694,
        0.8438279628753662,
        -0.11429395526647568,
        0.3442747890949249
    ]
}