{
    "seed": 1000008,
    "theta": [
        -0.39391660690307617,
        -0.3402698040008545,
        -0.3296765685081482,
        0.3255820572376251,
        0.2823852300643921,
        0.07554271817207336,
        -0.3612005114555359,
        0.1212049126625061,
        0.2721864581108093,
        0.27551665902137756,
        0.2761192321777344,
        0.3012363314628601,
        -0.47011467814445496,
        -0.09282200038433075,
        0.15425589680671692,
        -0.4053835868835449,
        0.06491947919130325,
        0.03672514110803604,
        0.1869458258152008,
        0.36906981468200684
    ],
    "x": [
        -0.009271353483200073,
        -0.38191452622413635,
        -0.7178967595100403,
        0.11265115439891815,
        0.24522195756435394,
        -0.002344757318496704,
        -0.17078374326229095,
        0.3634226322174072,
        -0.03122296929359436,
        -0.242641419172287,
        -0.1560359001159668,
        0.5182144641876221,
        -0.21761620044708252,
        -0.05917784199118614,
        -0.1274472177028656,
        0.23462200164794922,
        0.15528550744056702,
        0.17732340097427368,
        0.40380141139030457,
        0.42254921793937683
    ]
}