{
    "seed": 1000001,
    "theta": [
        -0.357121080160141,
        -0.40106266736984253,
        -0.40227025747299194,
        0.2284815013408661,
        0.37678009271621704,
        0.04019472375512123,
        -0.28124871850013733,
        0.17456364631652832,
        0.227254718542099,
        0.4397621154785156,
        0.21626830101013184,
        0.36379191279411316,
        -0.4042161703109741,
        -0.10132671892642975,
        0.3482428193092346,
        -0.4033726453781128,
        -0.057995956391096115,
        -0.0064623355865478516,
        0.17830342054367065,
        0.4400229752063751
    ],
    "x": [
        -0.5829646587371826,
        -0.9141167402267456,
        -0.2648606300354004,
        0.28670525550842285,
        0.4498751759529114,
        0.46810975670814514,
        -0.48269563913345337,
        0.3725775480270386,
        0.3554888367652893,
        0.10793370008468628,
        0.006084010004997253,
        1.0222054719924927,
        -0.02926751971244812,
        -0.4317447543144226,
        0.8769434690475464,
        -0.8474003672599792,
        -0.30828091502189636,
        -0.3218689262866974,
        -0.12480735778808594,
        0.14371660351753235
    ]
}