{
    "seed": 1000004,
    "theta": [
        -0.3095499873161316,
        -0.17196348309516907,
        0.12615519762039185,
        -0.04434358328580856,
        -0.07700449228286743,
        0.4348890781402588,
        0.0981113612651825,
        -0.4780728220939636,
        0.39382001757621765,
        0.37522584199905396,
        0.036178261041641235,
        -0.04504133015871048,
        0.05046456307172775,
        -0.05528361350297928,
        -0.002516094595193863,
        -0.1245647743344307,
        0.05119266360998154,
        0.4123184084892273,
        -0.10977806895971298,
        0.5275794863700867
    ],
    "x": [
        -0.40468889474868774,
        -0.054891303181648254,
        0.29019489884376526,
        -0.2939005196094513,
        -0.10237745940685272,
        0.6040781736373901,
        0.15490706264972687,
        -0.5114614963531494,
        -0.09372150897979736,
        0.7546789646148682,
        0.2567293643951416,
        -0.704572856426239,
        -0.04390674829483032,
        -0.37632155418395996,
        -0.02783331461250782,
        0.19607672095298767,
        -0.09375537186861038,
        0.5516929626464844,
        -0.22614741325378418,
        0.3607218563556671
    ]
}