{
    "seed": 1000002,
    "theta": [
        -0.3504425287246704,
        -0.3929581046104431,
        -0.3456171751022339,
        0.32233601808547974,
        0.40542471408843994,
        -0.0397011861205101,
        -0.4131737947463989,
        0.20426881313323975,
        0.353679895401001,
        0.4775615930557251,
        0.2681332230567932,
        0.3655851185321808,
        -0.44910332560539246,
        -0.15344905853271484,
        0.19395655393600464,
        -0.3161861002445221,
        -0.03829225152730942,
        0.053481586277484894,
        -0.03938603401184082,
        0.3842402994632721
    ],
    "x": [
        -0.3209016025066376,
        -0.48094725608825684,
        -0.12077571451663971,
        0.262612909078598,
        0.10845246911048889,
        0.11499897390604019,
        -0.18971335887908936,
        0.1031872108578682,
        -0.48117750883102417,
        0.4634401500225067,
        0.3854493200778961,
        0.6949986219406128,
        -0.12610742449760437,
        0.35674434900283813,
        0.047372788190841675,
        0.0903741717338562,
        -0.26713183522224426,
        0.12533167004585266,
        -0.2293582260608673,
        0.6459623575210571
    ]
}