{
    "seed": 1000005,
    "theta": [
        -0.25805339217185974,
        0.18669405579566956,
        -0.14582686126232147,
        0.12213505059480667,
        0.22920173406600952,
        -0.03578838333487511,
        0.15716591477394104,
        -0.2659064531326294,
        -0.019701391458511353,
        0.1452922523021698
    ],
    "x": [
        -0.3315248489379883,
        0.42063936591148376,
        -0.853110671043396,
        0.6674067378044128,
        0.1338304579257965,
        0.10919082164764404,
        0.20493727922439575,
        -0.22456194460391998,
        -0.3403272330760956,
        -0.3986935317516327
    ]
}