{
    "seed": 1000003,
    "theta": [
        0.3923139274120331,
        -0.05446987226605415,
        -0.09485720098018646,
        -0.07417820394039154,
        0.3797822892665863,
        -0.2293914556503296,
        0.343411386013031,
        0.2996307611465454,
        -0.2638736069202423,
        -0.0005128579214215279
    ],
    "x": [
        0.14867782592773438,
        -0.6421098113059998,
        -0.2109103500843048,
        -0.025257624685764313,
        0.15900258719921112,
        -0.08573712408542633,
        -0.12530064582824707,
        0.3268612325191498,
        -0.5156341791152954,
        0.012797128409147263
    ]
}