{
    "seed": 1000008,
    "theta": [
        -0.2626133859157562,
        0.09796030819416046,
        -0.17671753466129303,
        0.1701296865940094,
        0.30026477575302124,
        0.12419000267982483,
        0.16369451582431793,
        -0.22059690952301025,
        0.2193966805934906,
        0.13111083209514618
    ],
    "x": [
        -0.27028927206993103,
        -0.3032681941986084,
        -0.38521578907966614,
        0.19386304914951324,
        0.07352831959724426,
        0.5467679500579834,
        -0.2675267457962036,
        -0.288357138633728,
        0.1322382241487503,
        0.4493566155433655
    ]
}