{
    "seed": 1000010,
    "theta": [
        -0.28129827976226807,
        0.26073718070983887,
        -0.27577194571495056,
        0.023986533284187317,
        0.2233627587556839,
        -0.05798662453889847,
        0.2284611165523529,
        -0.2050599455833435,
        0.04696390777826309,
        0.08438490331172943
    ],
    "x": [
        -0.2184673249721527,
        -0.14848867058753967,
        -0.6212639808654785,
        -0.01703428477048874,
        -0.4025234580039978,
        0.3033813536167145,
        0.8119713068008423,
        -0.28509974479675293,
        0.22523725032806396,
        -0.3274577856063843
    ]
}