{
    "seed": 1000002,
    "theta": [
        0.43443456292152405,
        -0.16542544960975647,
        -0.08204817771911621,
        -0.1670110672712326,
        0.3889988958835602,
        -0.18937239050865173,
        0.3986797630786896,
        0.2725491523742676,
        -0.12965068221092224,
        0.056292202323675156
    ],
    "x": [
        0.46976709365844727,
        0.053464457392692566,
        0.3640468418598175,
        0.33992815017700195,
        0.5168571472167969,
        -0.36599719524383545,
        -0.24978432059288025,
        0.12925685942173004,
        -0.06884700059890747,
        -0.18895910680294037
    ]
}