{
    "seed": 1000012,
    "theta": [
        0.3180844187736511,
        -0.07412112504243851,
        -0.019540341570973396,
        -0.19267311692237854,
        0.32756471633911133,
        -0.17016461491584778,
        0.39489367604255676,
        0.1402287483215332,
        -0.344062477350235,
        -0.02400892786681652
    ],
    "x": [
        0.3369889259338379,
        -0.45228642225265503,
        0.1944742053747177,
        -0.3265928030014038,
        0.22692248225212097,
        0.36716607213020325,
        -0.1853174865245819,
        -0.11180704832077026,
        -0.47487688064575195,
        -0.07412121444940567
    ]
}