{
    "seed": 1000012,
    "theta": [
        0.47783178091049194,
        0.16456343233585358
    ],
    "x": [
        -0.10523182153701782,
        -0.2343827486038208
    ]
}