{
    "seed": 1000009,
    "theta": [
        -0.04600299149751663,
        -0.1256825029850006
    ],
    "x": [
        0.1822100281715393,
        -0.13632133603096008
    ]
}