{
    "seed": 1000002,
    "theta": [
        -0.035962898284196854,
        -0.197163388133049
    ],
    "x": [
        0.09458684921264648,
        -0.22664213180541992
    ]
}