{
    "seed": 1000004,
    "theta": [
        0.061640139669179916,
        -0.03692298382520676
    ],
    "x": [
        0.314140260219574,
        -0.0490090474486351
    ]
}