{
    "seed": 1000009,
    "theta": [
        0.03657253086566925,
        -0.04817502573132515,
        0.13056018948554993,
        -0.008429661393165588,
        -0.09018649160861969,
        0.14702408015727997,
        -0.07600035518407822,
        -0.0015956386923789978,
        0.12797877192497253,
        -0.29957857728004456
    ],
    "x": [
        0.2577141225337982,
        0.6900885105133057,
        -0.000837177038192749,
        0.45255446434020996,
        -0.3975766897201538,
        0.7268966436386108,
        -0.25291430950164795,
        0.2763516306877136,
        0.39779001474380493,
        -0.6591717004776001
    ]
}