{
    "seed": 1000012,
    "theta": [
        0.029070116579532623,
        0.4779362976551056,
        -0.21883666515350342,
        -0.3383161127567291,
        0.10096979141235352,
        0.05086127668619156,
        0.1403895616531372,
        -0.14400909841060638,
        0.002806052565574646,
        -0.2749333083629608
    ],
    "x": [
        0.1073792353272438,
        0.7453207969665527,
        -0.1924615502357483,
        -0.2258053570985794,
        0.21794942021369934,
        -0.28480207920074463,
        -0.006472453474998474,
        0.12181879580020905,
        -0.27371519804000854,
        0.11146166920661926
    ]
}