{
    "seed": 1000001,
    "theta": [
        0.09130679070949554,
        -0.21759745478630066,
        -0.13897566497325897,
        -0.001119263470172882,
        0.13011953234672546,
        0.06468506157398224,
        0.010593753308057785,
        -0.3972567319869995,
        0.2978998124599457,
        -0.008488839492201805
    ],
    "x": [
        -0.3385574221611023,
        -0.5372170209884644,
        -0.053481005132198334,
        0.15506356954574585,
        0.8054198026657104,
        0.054033927619457245,
        0.6042842268943787,
        0.3931006193161011,
        0.5293906927108765,
        0.03450562059879303
    ]
}