{
    "seed": 1000010,
    "theta": [
        0.14558367431163788,
        -0.017886370420455933,
        -0.1223868578672409,
        -0.2762090265750885,
        0.4063628315925598,
        0.06824197620153427,
        -0.03470703959465027,
        -0.05678410455584526,
        0.1118059903383255,
        0.10962943732738495
    ],
    "x": [
        -0.1808057576417923,
        0.5179232358932495,
        -0.4083464741706848,
        -0.5849279165267944,
        0.4213206470012665,
        0.06385672837495804,
        0.32653290033340454,
        0.20600558817386627,
        -0.04809357225894928,
        -0.02195914089679718
    ]
}