{
    "seed": 1000003,
    "theta": [
        0.03825761377811432,
        -0.392477810382843,
        -0.09735532104969025,
        -0.34201759099960327,
        0.08417295664548874,
        0.31331121921539307,
        -0.29781007766723633,
        0.04428998380899429,
        -0.10124840587377548,
        -0.3872842788696289
    ],
    "x": [
        0.09104245156049728,
        -0.4372393786907196,
        -0.828885555267334,
        -0.5274285674095154,
        -0.06805112212896347,
        0.1819806545972824,
        -1.0067219734191895,
        -0.16041266918182373,
        0.19961366057395935,
        -0.3330508768558502
    ]
}