{
    "seed": 1000004,
    "theta": [
        -0.149776428937912,
        -0.019771795719861984,
        -0.07032390683889389,
        0.020320750772953033,
        0.08060723543167114,
        0.07006759196519852,
        0.283197820186615,
        -0.062290262430906296,
        0.07207845151424408,
        0.03310959413647652
    ],
    "x": [
        0.095474973320961,
        0.3016389012336731,
        -0.17125815153121948,
        -0.504697859287262,
        0.08813854306936264,
        -0.36254897713661194,
        0.16391879320144653,
        0.22189517319202423,
        0.5390353202819824,
        0.2297246903181076
    ]
}