{
    "seed": 1000002,
    "theta": [
        0.3059212863445282,
        -0.18147332966327667,
        -0.27028030157089233,
        0.14652374386787415,
        0.20966404676437378,
        0.3764142692089081,
        0.02827274054288864,
        -0.3201773762702942,
        0.09413908421993256,
        -0.4071245491504669
    ],
    "x": [
        0.020364046096801758,
        -0.8109572529792786,
        -0.2710515856742859,
        -0.43700435757637024,
        0.1708550751209259,
        0.37602993845939636,
        -0.08738696575164795,
        -0.3630087673664093,
        -0.0825495570898056,
        -0.26534736156463623
    ]
}