{
    "seed": 1000000,
    "theta": [
        0.0656396746635437,
        0.36152297258377075,
        0.026379931718111038,
        -0.14459776878356934,
        -0.25447526574134827,
        0.16494135558605194,
        -0.16822952032089233,
        -0.1803310215473175,
        0.00975942611694336,
        0.09888608753681183
    ],
    "x": [
        0.8409320116043091,
        0.24189886450767517,
        -0.38169777393341064,
        -0.07453176379203796,
        -0.4381035566329956,
        0.13272038102149963,
        0.1355004906654358,
        -0.30881041288375854,
        -0.23968803882598877,
        0.07426559925079346
    ]
}