{
    "seed": 1000004,
    "theta": [
        -0.10467846691608429,
        0.19418936967849731
    ],
    "x": [
        0.2683241367340088,
        0.23201707005500793
    ]
}