{
    "seed": 1000005,
    "theta": [
        -0.13089919090270996,
        0.3085290789604187
    ],
    "x": [
        0.19966131448745728,
        0.3817960321903229
    ]
}