{
    "seed": 1000008,
    "theta": [
        -0.014985285699367523,
        -0.3113778531551361
    ],
    "x": [
        0.0573609322309494,
        -0.11159788072109222
    ]
}