{
    "seed": 1000001,
    "theta": [
        -0.10654658824205399,
        -0.36580953001976013
    ],
    "x": [
        -0.0338154137134552,
        -0.24678489565849304
    ]
}