{
    "seed": 1000009,
    "theta": [
        -0.21232159435749054,
        0.10542984306812286
    ],
    "x": [
        0.2280261218547821,
        0.14470478892326355
    ]
}