{
    "seed": 1000000,
    "theta": [
        0.39122048020362854,
        -0.523627758026123
    ],
    "x": [
        0.21993419528007507,
        -0.7424015998840332
    ]
}