{
    "seed": 1000002,
    "theta": [
        0.1869838833808899,
        -0.30529534816741943
    ],
    "x": [
        0.17577318847179413,
        -0.46075016260147095
    ]
}