{
    "seed": 1000001,
    "theta": [
        -0.3517279028892517,
        -0.21880775690078735
    ],
    "x": [
        1.8935235738754272,
        1.5558881759643555,
        1.1766877174377441,
        0.8900375962257385,
        0.6722078323364258,
        0.4008690416812897,
        0.32946351170539856,
        0.12399069964885712,
        -0.10763104259967804,
        -0.23690485954284668,
        -0.34267693758010864,
        -0.45766186714172363,
        -0.47167709469795227,
        -0.6612100601196289,
        -0.7401134371757507,
        -0.6883163452148438,
        -0.6653679609298706,
        -0.7368755340576172,
        -0.754541277885437,
        -0.8484811782836914,
        -0.9574947953224182,
        -0.9694721698760986,
        -1.0560301542282104,
        -1.1237410306930542,
        -1.2752456665039062
    ]
}