{
    "seed": 1000008,
    "theta": [
        -0.24961236119270325,
        -0.3460727334022522
    ],
    "x": [
        1.8935235738754272,
        1.4108428955078125,
        0.9914447665214539,
        0.6496586203575134,
        0.3849383592605591,
        0.005589005071669817,
        -0.19611918926239014,
        -0.3334783911705017,
        -0.47987180948257446,
        -0.5477415919303894,
        -0.6451887488365173,
        -0.6753752827644348,
        -0.7230187654495239,
        -0.8679351806640625,
        -0.8886647820472717,
        -0.9503085613250732,
        -1.034774899482727,
        -1.0101144313812256,
        -0.9689527153968811,
        -0.9344894886016846,
        -0.9048882126808167,
        -0.9562159776687622,
        -1.158679485321045,
        -1.168471097946167,
        -1.3025977611541748
    ]
}