{
    "seed": 1000009,
    "theta": [
        -0.37740084528923035,
        -0.30674704909324646
    ],
    "x": [
        1.8935235738754272,
        1.490404725074768,
        1.1202341318130493,
        0.8233274221420288,
        0.6395416259765625,
        0.33773380517959595,
        0.23429985344409943,
        0.1632203310728073,
        0.017566977068781853,
        -0.1715799868106842,
        -0.2133612483739853,
        -0.19635531306266785,
        -0.3270631730556488,
        -0.3530180752277374,
        -0.3634074628353119,
        -0.5103497505187988,
        -0.5751528739929199,
        -0.7063575983047485,
        -0.8385775685310364,
        -0.7128627896308899,
        -0.6721835732460022,
        -0.8112066388130188,
        -0.9006192088127136,
        -0.8607787489891052,
        -0.9450786113739014
    ]
}