{
    "seed": 1000003,
    "theta": [
        -0.4146295189857483,
        -0.37989962100982666
    ],
    "x": [
        1.8935235738754272,
        1.3646334409713745,
        1.0220088958740234,
        0.8143132328987122,
        0.5105808973312378,
        0.17679931223392487,
        0.0794902965426445,
        0.0028889034874737263,
        -0.08631405234336853,
        -0.17888320982456207,
        -0.28263697028160095,
        -0.36045002937316895,
        -0.4332638084888458,
        -0.46096667647361755,
        -0.509395956993103,
        -0.5769369006156921,
        -0.6453909873962402,
        -0.6919814944267273,
        -0.7210970520973206,
        -0.8132321238517761,
        -0.901039719581604,
        -0.9876466989517212,
        -1.0332427024841309,
        -1.088079571723938,
        -1.054506778717041
    ]
}