{
    "seed": 1000004,
    "theta": [
        -0.21980200707912445,
        -0.20486174523830414
    ],
    "x": [
        1.8935235738754272,
        1.375913381576538,
        1.0283902883529663,
        0.5573214292526245,
        0.24008512496948242,
        0.11697316914796829,
        -0.030182989314198494,
        -0.18556943535804749,
        -0.20844019949436188,
        -0.3912275731563568,
        -0.41178593039512634,
        -0.5293362140655518,
        -0.44358500838279724,
        -0.5344906449317932,
        -0.543280303478241,
        -0.6306608319282532,
        -0.6509760618209839,
        -0.8788357377052307,
        -0.9176298379898071,
        -0.9598870277404785,
        -0.9428423047065735,
        -0.9233205318450928,
        -1.1154378652572632,
        -1.1738996505737305,
        -1.3861693143844604
    ]
}