{
    "seed": 1000010,
    "theta": [
        0.598488450050354,
        0.3321358561515808,
        0.33196407556533813,
        0.3848310112953186
    ],
    "x": [
        0.9289282560348511,
        0.7713915705680847,
        0.846515417098999,
        0.6936677098274231,
        0.8174406886100769,
        0.8358219265937805,
        0.690930962562561,
        0.7130042910575867,
        0.6403394341468811,
        0.6109336614608765,
        0.6477965116500854,
        0.6494753360748291,
        0.6236026883125305,
        0.49145254492759705,
        0.5402323603630066,
        0.3633599579334259,
        0.3886350095272064,
        0.5018413662910461,
        0.39759382605552673,
        0.39831340312957764,
        0.4137077331542969,
        0.42789891362190247,
        0.3339862823486328,
        0.44310569763183594,
        0.3969413638114929,
        0.4541687071323395,
        0.4192352294921875,
        0.42614123225212097,
        0.3936574161052704,
        0.39368489384651184,
        0.3256116211414337,
        0.3908194303512573,
        0.4792531430721283,
        0.2540186643600464,
        0.40934625267982483,
        0.41590437293052673,
        0.41499632596969604,
        0.3549538850784302,
        0.42821693420410156,
        0.38727110624313354,
        0.34698131680488586,
        0.3979020416736603,
        0.34582188725471497,
        0.46639150381088257,
        0.293350487947464,
        0.32717782258987427,
        0.24447110295295715,
        0.38576647639274597,
        0.31780561804771423,
        0.4410807192325592,
        0.5280655026435852,
        0.2845563292503357,
        0.4909062683582306,
        0.4692091643810272,
        0.14175771176815033,
        0.37369003891944885,
        0.259896457195282,
        0.3779556155204773,
        0.520680844783783,
        0.3813374936580658,
        0.47920912504196167,
        0.3690212368965149,
        0.39715003967285156,
        0.36217767000198364,
        0.42504146695137024,
        0.478857159614563,
        0.47351697087287903,
        0.2793126404285431,
        0.3843579590320587,
        0.4744918942451477,
        0.28814202547073364,
        0.4590153992176056,
        0.48553264141082764,
        0.462804913520813,
        0.39445507526397705,
        0.43627727031707764,
        0.3996083438396454,
        0.5081912875175476,
        0.4437802731990814,
        0.3626210391521454,
        0.3988136351108551,
        0.41955438256263733,
        0.43639615178108215,
        0.39541637897491455,
        0.4013122618198395,
        0.3692985475063324,
        0.3959561586380005,
        0.4322364926338196,
        0.46527278423309326,
        0.513529360294342,
        0.3816237151622772,
        0.5173307061195374,
        0.4826657474040985,
        0.48155415058135986,
        0.4402964413166046,
        0.5548596978187561,
        0.4762948453426361,
        0.5691826939582825,
        0.5837842226028442,
        0.46348926424980164,
        0.613082766532898
    ]
}