{
    "seed": 1000003,
    "theta": [
        0.4679538309574127,
        0.2725432813167572,
        0.6071316003799438,
        0.7025328278541565
    ],
    "x": [
        0.8846551179885864,
        0.955895721912384,
        0.9846758246421814,
        0.8386754393577576,
        0.7994594573974609,
        0.8051124811172485,
        0.641683042049408,
        0.44113844633102417,
        0.6848683953285217,
        0.641012966632843,
        0.2908925414085388,
        0.5170730352401733,
        0.5946452021598816,
        0.5265679955482483,
        0.37038904428482056,
        0.5101770758628845,
        0.5681116580963135,
        0.2868794798851013,
        0.5200203061103821,
        0.5375038385391235,
        0.4900527894496918,
        0.5038273930549622,
        0.5428808927536011,
        0.5220842957496643,
        0.42262279987335205,
        0.5154280066490173,
        0.511792004108429,
        0.4098513424396515,
        0.5113539099693298,
        0.4643383026123047,
        0.5080234408378601,
        0.45395228266716003,
        0.1458587646484375,
        0.4721960723400116,
        0.462545782327652,
        0.24538244307041168,
        0.34659066796302795,
        0.3154519498348236,
        0.277074933052063,
        0.5148086547851562,
        0.5981044769287109,
        0.39061328768730164,
        0.4889722168445587,
        0.00035298665170557797,
        0.4856221377849579,
        0.3286413848400116,
        0.37656593322753906,
        0.47347182035446167,
        0.42658311128616333,
        0.4430038332939148,
        0.38880640268325806,
        0.4703305661678314,
        0.47848382592201233,
        0.4217759370803833,
        0.4183996915817261,
        0.45690804719924927,
        0.5000242590904236,
        0.46316641569137573,
        0.528304934501648,
        0.4893164336681366,
        0.5487060546875,
        0.5326118469238281,
        0.48353347182273865,
        0.4621542692184448,
        0.4012788236141205,
        0.5212262272834778,
        0.4794512391090393,
        0.3916875123977661,
        0.47977256774902344,
        0.5138956904411316,
        0.5417981743812561,
        0.43829575181007385,
        0.5304338932037354,
        0.43068045377731323,
        0.5557444095611572,
        0.3458910584449768,
        0.32663866877555847,
        0.37257054448127747,
        0.5140790343284607,
        0.4370928406715393,
        0.4496687650680542,
        0.27924829721450806,
        0.5153210759162903,
        0.5201015472412109,
        0.49265366792678833,
        0.47742730379104614,
        0.459616482257843,
        0.37674790620803833,
        0.45176467299461365,
        0.5044829249382019,
        0.39752450585365295,
        0.38083115220069885,
        0.4675052762031555,
        0.4471169710159302,
        0.4395347535610199,
        0.3779144287109375,
        0.5845069885253906,
        0.598004162311554,
        0.6112030148506165,
        0.6119466423988342,
        0.7200393676757812
    ]
}