{
    "seed": 1000005,
    "theta": [
        0.513884425163269,
        0.5552303791046143,
        0.6431618928909302,
        0.4286741316318512
    ],
    "x": [
        0.9036331176757812,
        0.9087562561035156,
        0.9081953763961792,
        0.8656349182128906,
        0.9306832551956177,
        0.8712728023529053,
        0.8313674926757812,
        0.7202361822128296,
        0.7363954186439514,
        0.7142165899276733,
        0.4513128995895386,
        0.6264925599098206,
        0.5648967623710632,
        0.6940773129463196,
        0.5969075560569763,
        0.4175434112548828,
        0.16271743178367615,
        0.5115736722946167,
        0.5123531222343445,
        0.5348013639450073,
        0.5415688753128052,
        0.48515117168426514,
        0.48342716693878174,
        0.4545532166957855,
        0.29307568073272705,
        0.5315274596214294,
        0.33633676171302795,
        0.3622066378593445,
        0.46446749567985535,
        0.37218526005744934,
        0.30297788977622986,
        0.4038070738315582,
        0.4083246886730194,
        0.39043325185775757,
        0.5159893035888672,
        0.41353416442871094,
        0.5012331604957581,
        0.4378461241722107,
        0.40310680866241455,
        0.43516260385513306,
        0.3807424008846283,
        0.431723028421402,
        0.48652827739715576,
        0.43692460656166077,
        0.3591349422931671,
        0.4041603207588196,
        0.4697495698928833,
        0.4380694031715393,
        0.15742924809455872,
        0.47758281230926514,
        0.19779331982135773,
        0.557324230670929,
        0.16426213085651398,
        0.5102156400680542,
        0.5370705723762512,
        0.16597136855125427,
        0.45598170161247253,
        0.5093744993209839,
        0.48164188861846924,
        0.4825581908226013,
        0.4346633851528168,
        0.35443001985549927,
        0.18103764951229095,
        0.13229981064796448,
        0.43944472074508667,
        0.3550299406051636,
        0.4824293851852417,
        0.2509165406227112,
        0.3934521973133087,
        0.3532524108886719,
        0.3737950623035431,
        0.3837261199951172,
        0.4371209442615509,
        0.352368026971817,
        0.4328007996082306,
        0.3831484615802765,
        0.37020033597946167,
        0.4940255582332611,
        0.4903232455253601,
        0.4293261170387268,
        0.508819580078125,
        0.5289587378501892,
        0.46372300386428833,
        0.2841807007789612,
        0.4271102845668793,
        0.2748169004917145,
        0.455670028924942,
        0.4701548218727112,
        0.4365347623825073,
        0.4330607056617737,
        0.42469534277915955,
        0.44970181584358215,
        0.5386184453964233,
        0.37729185819625854,
        0.47507375478744507,
        0.5144292116165161,
        0.5148702263832092,
        0.5007250308990479,
        0.5662282109260559,
        0.5471547245979309,
        0.6275642514228821
    ]
}