{
    "seed": 1000004,
    "theta": [
        0.6680223345756531,
        0.7069340348243713,
        0.5799517631530762,
        0.604847252368927
    ],
    "x": [
        0.8771139979362488,
        0.9724707007408142,
        0.9527730345726013,
        0.8352859616279602,
        0.9740071892738342,
        0.9195913672447205,
        0.8835265040397644,
        0.7755650877952576,
        0.7879605889320374,
        0.7795644402503967,
        0.8251264095306396,
        0.7168276309967041,
        0.7323189973831177,
        0.6237698793411255,
        0.6504738926887512,
        0.3088272213935852,
        0.4964655637741089,
        0.5184140801429749,
        0.6201484799385071,
        0.6447634100914001,
        0.5231391787528992,
        0.3804824948310852,
        0.5163177251815796,
        0.48169058561325073,
        0.6141608953475952,
        0.427224338054657,
        0.37939324975013733,
        0.5303881168365479,
        0.5144391655921936,
        0.5669097900390625,
        0.4012470245361328,
        0.4444259703159332,
        0.5604835748672485,
        0.5466702580451965,
        0.47247543931007385,
        0.25870004296302795,
        0.47197088599205017,
        0.5030077695846558,
        0.3982364535331726,
        0.5832224488258362,
        0.33440500497817993,
        0.47312915325164795,
        0.5108440518379211,
        0.4186848998069763,
        0.5311603546142578,
        0.5010692477226257,
        0.48282164335250854,
        0.31790173053741455,
        0.4483224153518677,
        0.46906331181526184,
        0.02549947053194046,
        0.33798229694366455,
        0.42657533288002014,
        0.34460651874542236,
        0.40518850088119507,
        0.4287615418434143,
        0.5282369256019592,
        0.5094154477119446,
        0.5364404320716858,
        0.42431527376174927,
        0.5433179140090942,
        0.321725457906723,
        0.4453456997871399,
        0.41461068391799927,
        0.5288646817207336,
        0.409015029668808,
        0.36145731806755066,
        0.4431157410144806,
        0.3524075746536255,
        0.570516049861908,
        0.31478944420814514,
        0.4136618375778198,
        0.48940977454185486,
        0.3748174011707306,
        0.4686303436756134,
        0.5739537477493286,
        0.17077025771141052,
        0.47471097111701965,
        0.4373244047164917,
        0.4290645718574524,
        0.5037187933921814,
        0.46428146958351135,
        0.5820286870002747,
        0.5454127192497253,
        0.3394259214401245,
        0.588607668876648,
        0.45694324374198914,
        0.45472005009651184,
        0.4443244934082031,
        0.46028023958206177,
        0.5464513301849365,
        0.4227970242500305,
        0.3956644833087921,
        0.4976506531238556,
        0.4984501004219055,
        0.5909401178359985,
        0.5465324521064758,
        0.5612383484840393,
        0.6675968170166016,
        0.6699147820472717,
        0.7306021451950073
    ]
}