{
    "seed": 1000002,
    "theta": [
        0.42366698384284973,
        0.2610670328140259,
        0.4807581901550293,
        0.6037760376930237
    ],
    "x": [
        0.8856526613235474,
        0.8665913939476013,
        0.9916414618492126,
        0.7115587592124939,
        0.756542444229126,
        0.6724250912666321,
        0.7158968448638916,
        0.5557795166969299,
        0.5498171448707581,
        0.5153666138648987,
        0.5620531439781189,
        0.5869116187095642,
        0.3291328549385071,
        0.5662866234779358,
        0.5346783995628357,
        0.5203984379768372,
        0.37540116906166077,
        0.40996310114860535,
        0.5063266754150391,
        0.40961405634880066,
        0.45507049560546875,
        0.47273457050323486,
        0.4190157651901245,
        0.32039323449134827,
        0.44212403893470764,
        0.4044242799282074,
        0.45914727449417114,
        0.3497304320335388,
        0.5893543362617493,
        0.5374131798744202,
        0.5423267483711243,
        0.3710798919200897,
        0.4580268859863281,
        0.5155611634254456,
        0.4669863283634186,
        0.17473094165325165,
        0.4722156524658203,
        0.48975270986557007,
        0.49494311213493347,
        0.4896203279495239,
        0.5717915892601013,
        0.3495089113712311,
        0.4143357574939728,
        0.4909652769565582,
        0.4857017397880554,
        0.42304369807243347,
        0.4775184690952301,
        0.5339146852493286,
        0.4698936343193054,
        0.39361128211021423,
        0.3066210448741913,
        0.5492347478866577,
        0.4415293335914612,
        0.29804790019989014,
        0.548425018787384,
        0.43169301748275757,
        0.5091660618782043,
        0.2106499969959259,
        0.42931365966796875,
        0.46962279081344604,
        0.4563603699207306,
        0.3301720917224884,
        0.40315449237823486,
        0.41131019592285156,
        0.4219571352005005,
        0.38278961181640625,
        0.44104182720184326,
        0.41046765446662903,
        0.420757919549942,
        0.3543262481689453,
        0.4532637298107147,
        0.42579713463783264,
        0.49473774433135986,
        0.48377177119255066,
        0.4607948362827301,
        0.3935704529285431,
        0.34393373131752014,
        0.43629175424575806,
        0.39103901386260986,
        0.5169461369514465,
        0.38950666785240173,
        0.4451504945755005,
        0.44072404503822327,
        0.271218866109848,
        0.4682336151599884,
        0.3881736695766449,
        0.53864985704422,
        0.4637483060359955,
        0.5135231018066406,
        0.4791969358921051,
        0.414581298828125,
        0.5008876919746399,
        0.4510859251022339,
        0.519994854927063,
        0.44698143005371094,
        0.37631797790527344,
        0.39418792724609375,
        0.5768547058105469,
        0.6391722559928894,
        0.6117364168167114,
        0.6966491937637329
    ]
}