{
    "seed": 1000000,
    "theta": [
        0.49510881304740906,
        0.31079280376434326,
        0.45172080397605896,
        0.5951458811759949
    ],
    "x": [
        0.6447073817253113,
        0.7829071283340454,
        1.0082323551177979,
        0.7017428278923035,
        0.30791282653808594,
        0.710184633731842,
        0.4636319577693939,
        0.5613363981246948,
        0.7155255675315857,
        0.5223996639251709,
        0.7597840428352356,
        0.37519964575767517,
        0.544800341129303,
        0.4801204800605774,
        0.5643245577812195,
        0.5845250487327576,
        0.49487584829330444,
        0.49577534198760986,
        0.47256025671958923,
        0.5011146664619446,
        0.46583837270736694,
        0.3449297547340393,
        0.4310431182384491,
        0.06304626166820526,
        0.5325480103492737,
        0.514816164970398,
        0.5125406980514526,
        0.4769350588321686,
        0.43748244643211365,
        0.4682271182537079,
        0.4948185086250305,
        0.4902392029762268,
        0.325298935174942,
        0.5573084354400635,
        0.5240001678466797,
        0.4463680386543274,
        0.4432220458984375,
        0.3747750520706177,
        0.4600602388381958,
        0.4583168029785156,
        0.1829579621553421,
        0.2787972688674927,
        0.35329678654670715,
        0.5250546932220459,
        0.39317041635513306,
        0.3237904906272888,
        0.43373388051986694,
        0.4286385774612427,
        0.3886287808418274,
        0.5280247926712036,
        0.36763063073158264,
        0.4564987123012543,
        0.2994074523448944,
        0.3665579557418823,
        0.2773841917514801,
        0.45648130774497986,
        0.44115179777145386,
        0.5052797794342041,
        0.5613262057304382,
        0.4636058807373047,
        0.4189675748348236,
        0.3753601014614105,
        0.35625535249710083,
        0.37431639432907104,
        0.44981256127357483,
        0.5780268311500549,
        0.38887277245521545,
        0.43763047456741333,
        0.41711756587028503,
        0.48150506615638733,
        0.44044989347457886,
        0.45054423809051514,
        0.3266468048095703,
        0.45397835969924927,
        0.2549692690372467,
        0.36417949199676514,
        0.4376239776611328,
        0.21763941645622253,
        0.5321611762046814,
        0.22863973677158356,
        0.4732449948787689,
        0.36459019780158997,
        0.32826805114746094,
        0.3662671446800232,
        0.4943951964378357,
        0.3461951017379761,
        0.427032470703125,
        0.4973032772541046,
        0.5000675320625305,
        0.46982651948928833,
        0.5591692328453064,
        0.42652231454849243,
        0.5090969204902649,
        0.5601610541343689,
        0.5152027010917664,
        0.43385758996009827,
        0.36804479360580444,
        0.5957659482955933,
        0.427465558052063,
        0.3217087984085083,
        0.5564396977424622
    ]
}