{
    "seed": 1000012,
    "theta": [
        0.4689162075519562,
        0.6096089482307434,
        0.23155370354652405,
        0.5537630319595337
    ],
    "x": [
        1.0313332080841064,
        0.8932105898857117,
        0.7171854376792908,
        0.875799834728241,
        0.9041597843170166,
        0.7797045111656189,
        0.8691120147705078,
        0.7103856205940247,
        0.764489471912384,
        0.817889392375946,
        0.7986888885498047,
        0.709856390953064,
        0.49209290742874146,
        0.682625949382782,
        0.6877985596656799,
        0.610876739025116,
        0.6221700310707092,
        0.6052552461624146,
        0.5633962154388428,
        0.34431710839271545,
        0.544317901134491,
        0.49947038292884827,
        0.38957467675209045,
        0.5816571712493896,
        0.4180258512496948,
        0.3727938234806061,
        0.32242852449417114,
        0.5337258577346802,
        0.371084600687027,
        0.23501713573932648,
        0.3932706117630005,
        0.5204939246177673,
        0.5215104222297668,
        0.39056116342544556,
        0.4501146972179413,
        0.2673758268356323,
        0.4191635251045227,
        0.40197741985321045,
        0.44114062190055847,
        0.31651586294174194,
        0.38965505361557007,
        0.467978298664093,
        0.5574004054069519,
        0.3282332122325897,
        0.45792847871780396,
        0.4800758361816406,
        0.5531463623046875,
        0.39958685636520386,
        0.31485188007354736,
        0.4174741208553314,
        0.2964614927768707,
        0.38402530550956726,
        0.442666620016098,
        0.40360769629478455,
        0.3954741060733795,
        0.17702916264533997,
        0.3324076235294342,
        0.465106338262558,
        0.38197529315948486,
        0.5316759943962097,
        0.421350359916687,
        0.28477349877357483,
        0.26047834753990173,
        0.4504966735839844,
        0.4726243317127228,
        0.47071024775505066,
        0.44110769033432007,
        0.4225102663040161,
        0.4603689908981323,
        0.4913196563720703,
        0.31579145789146423,
        0.3876180052757263,
        0.4841707944869995,
        0.17688293755054474,
        0.4726519286632538,
        0.5515902042388916,
        0.4991982877254486,
        0.4119187593460083,
        0.48525938391685486,
        0.5543528199195862,
        0.5320008397102356,
        0.5300437808036804,
        0.5397071838378906,
        0.49579086899757385,
        0.36390888690948486,
        0.15682271122932434,
        0.401294082403183,
        0.5127278566360474,
        0.5351590514183044,
        0.48569247126579285,
        0.4263806641101837,
        0.5690898895263672,
        0.43351250886917114,
        0.5623831152915955,
        0.5445749759674072,
        0.532454788684845,
        0.502214789390564,
        0.5903467535972595,
        0.5704648494720459,
        0.6665573120117188,
        0.7277210354804993
    ]
}