{
    "seed": 1000008,
    "theta": [
        0.5020335912704468,
        0.5022678375244141,
        0.4324496388435364,
        0.5868783593177795
    ],
    "x": [
        0.9159203767776489,
        0.907704770565033,
        0.9273139834403992,
        0.6642893552780151,
        0.8365873694419861,
        0.7845754027366638,
        0.7856845855712891,
        0.506269097328186,
        0.8081474304199219,
        0.7804483771324158,
        0.5942006707191467,
        0.6736940741539001,
        0.6447880864143372,
        0.6388683319091797,
        0.6908172369003296,
        0.5128334164619446,
        0.3559328615665436,
        0.6456270813941956,
        0.3410569429397583,
        0.54182368516922,
        0.4023727476596832,
        0.5891677737236023,
        0.5383886694908142,
        0.40817591547966003,
        0.44673410058021545,
        0.39076244831085205,
        0.454703152179718,
        0.4343395233154297,
        0.4803072512149811,
        0.4717099368572235,
        0.22035853564739227,
        0.2403513640165329,
        0.5303574800491333,
        0.46867191791534424,
        0.3763211667537689,
        0.32862064242362976,
        0.36516010761260986,
        0.5224800109863281,
        0.57911616563797,
        0.3510698974132538,
        0.3081062436103821,
        0.5544403195381165,
        0.43734970688819885,
        0.2916971743106842,
        0.4316655397415161,
        0.19701868295669556,
        0.48411446809768677,
        0.5301317572593689,
        0.32927653193473816,
        0.46356314420700073,
        0.4381427764892578,
        0.5180465579032898,
        0.31784769892692566,
        0.5195409059524536,
        0.2694535553455353,
        0.4384117126464844,
        0.5519390106201172,
        0.4818631410598755,
        0.5227831602096558,
        0.510940670967102,
        0.35235926508903503,
        0.47775840759277344,
        0.5155590176582336,
        0.24914918839931488,
        0.33415350317955017,
        0.2930337190628052,
        0.38007277250289917,
        0.17904256284236908,
        0.4214108884334564,
        0.42429211735725403,
        0.5598897337913513,
        0.43336373567581177,
        0.3601270020008087,
        0.3716016113758087,
        0.47467830777168274,
        0.38025587797164917,
        0.5738843083381653,
        0.46618714928627014,
        0.47192180156707764,
        0.49119871854782104,
        0.0007570902234874666,
        0.5687093138694763,
        0.3596159517765045,
        0.4417858123779297,
        0.4602717161178589,
        0.4042096436023712,
        0.5327884554862976,
        0.4290924072265625,
        0.4137076139450073,
        0.5352032780647278,
        0.46252110600471497,
        0.5208932161331177,
        0.3174441158771515,
        0.5814816951751709,
        0.4620979428291321,
        0.48744404315948486,
        0.5409215092658997,
        0.541461706161499,
        0.5561695098876953,
        0.6087827086448669,
        0.6605603694915771
    ]
}