{
    "seed": 1000001,
    "theta": [
        0.372305691242218,
        0.4013116657733917,
        0.4269563555717468,
        0.5426976084709167
    ],
    "x": [
        0.8052921295166016,
        0.8839448094367981,
        0.810995876789093,
        0.9354115724563599,
        0.7309069037437439,
        0.8081626892089844,
        0.7921183109283447,
        0.665045440196991,
        0.6758919954299927,
        0.7224223017692566,
        0.6892444491386414,
        0.5712807774543762,
        0.4586842954158783,
        0.625566840171814,
        0.486130028963089,
        0.5742431879043579,
        0.37434691190719604,
        0.484426885843277,
        0.527636706829071,
        0.48328158259391785,
        0.39504343271255493,
        0.46069207787513733,
        0.4526492953300476,
        0.23434168100357056,
        0.402047336101532,
        0.30098673701286316,
        0.4810630679130554,
        0.5416825413703918,
        0.4562118649482727,
        0.5385358333587646,
        0.39528733491897583,
        0.41684645414352417,
        0.5018684267997742,
        0.376947283744812,
        0.4758967161178589,
        0.355819433927536,
        0.41316577792167664,
        0.3390968441963196,
        0.4615521728992462,
        0.40287157893180847,
        0.3312113583087921,
        0.4852595031261444,
        0.42267417907714844,
        0.5172592401504517,
        0.5417987704277039,
        0.43264108896255493,
        0.5342388153076172,
        0.5231674313545227,
        0.3774026334285736,
        0.4630464017391205,
        0.35254719853401184,
        0.36198487877845764,
        0.32589542865753174,
        0.546258270740509,
        0.40577203035354614,
        0.4226331114768982,
        0.4357738494873047,
        0.25265273451805115,
        0.389727920293808,
        0.2380547821521759,
        0.28665274381637573,
        0.2965502440929413,
        0.457479864358902,
        0.5253051519393921,
        0.3966817259788513,
        0.4592580199241638,
        0.5023233890533447,
        0.4342009127140045,
        0.22882385551929474,
        0.44791996479034424,
        0.4634372591972351,
        0.48211339116096497,
        0.5907811522483826,
        0.5597226619720459,
        0.3262907564640045,
        0.5172832608222961,
        0.47010523080825806,
        0.41722285747528076,
        0.39296582341194153,
        0.3498165011405945,
        0.4907876253128052,
        0.3926563262939453,
        0.4617183804512024,
        0.5015906095504761,
        0.40819016098976135,
        0.4683462679386139,
        0.4594649076461792,
        0.5420429110527039,
        0.552561342716217,
        0.5108567476272583,
        0.345965713262558,
        0.3403207063674927,
        0.231101855635643,
        0.4925040006637573,
        0.49947357177734375,
        0.4056137204170227,
        0.5406242609024048,
        0.5728302001953125,
        0.5507532954216003,
        0.57542484998703,
        0.6990143060684204
    ]
}