{
    "seed": 1000009,
    "theta": [
        0.40358084440231323,
        0.5339723825454712,
        0.4421974718570709,
        0.5496973395347595
    ],
    "x": [
        0.9069445133209229,
        0.8813241124153137,
        0.8612257838249207,
        0.8287715911865234,
        0.8262048363685608,
        0.8161965608596802,
        0.8441591858863831,
        0.5889971256256104,
        0.6674247980117798,
        0.7353507876396179,
        0.6806023716926575,
        0.6171479821205139,
        0.5677818059921265,
        0.7852993011474609,
        0.6348627805709839,
        0.5086789727210999,
        0.6048811674118042,
        0.553033709526062,
        0.5502962470054626,
        0.5439783930778503,
        0.49981027841567993,
        0.5496413111686707,
        0.39716365933418274,
        0.3604099154472351,
        0.32853519916534424,
        0.43930166959762573,
        0.4464665651321411,
        0.4237808287143707,
        0.6013821959495544,
        0.43843701481819153,
        0.4887886047363281,
        0.3934403657913208,
        0.4869392514228821,
        0.426217257976532,
        0.322836309671402,
        0.4783739745616913,
        0.48893749713897705,
        0.3447137176990509,
        0.4535561800003052,
        0.3963356018066406,
        0.5161536931991577,
        0.46095213294029236,
        0.49875909090042114,
        0.33265331387519836,
        0.4452105164527893,
        0.3670593202114105,
        0.5212608575820923,
        0.4742390811443329,
        0.3890373110771179,
        0.43775099515914917,
        0.3725872039794922,
        0.5024840235710144,
        0.41605937480926514,
        0.45645713806152344,
        0.3932933807373047,
        0.24327188730239868,
        0.5119876861572266,
        0.5852342247962952,
        0.2488994598388672,
        0.4615057706832886,
        0.37034112215042114,
        0.4902273714542389,
        0.4542731046676636,
        0.40416857600212097,
        0.308646023273468,
        0.4841958284378052,
        0.5125572085380554,
        0.49610188603401184,
        0.3284277617931366,
        0.39746934175491333,
        0.28750672936439514,
        0.4833941161632538,
        0.46632206439971924,
        0.44269078969955444,
        0.4897158443927765,
        0.4906195402145386,
        0.4852004945278168,
        0.4188845455646515,
        0.429333359003067,
        0.36489132046699524,
        0.4329930543899536,
        0.37065747380256653,
        0.49393540620803833,
        0.3729309141635895,
        0.5806419253349304,
        0.4958640933036804,
        0.40721943974494934,
        0.270821750164032,
        0.4164474606513977,
        0.4901870787143707,
        0.5529621243476868,
        0.410418838262558,
        0.5972250699996948,
        0.5130400061607361,
        0.562847912311554,
        0.48616930842399597,
        0.5526518225669861,
        0.4415780305862427,
        0.5748448967933655,
        0.6860243678092957,
        0.6760209202766418
    ]
}