{
    "seed": 1000002,
    "theta": [
        0.06382502615451813,
        -0.21580162644386292,
        0.2064049243927002,
        0.21443404257297516,
        -0.052191708236932755,
        0.18398329615592957,
        0.1534159779548645,
        -0.15947066247463226,
        -0.36261409521102905,
        -0.23088307678699493,
        -0.39098361134529114,
        -0.0020053982734680176,
        0.21377195417881012,
        -0.2508464753627777,
        0.04096280038356781,
        0.5462033748626709,
        0.3537442684173584,
        -0.2911822497844696,
        0.37738481163978577,
        -0.42278265953063965
    ],
    "x": [
        0.7777872681617737,
        -0.03623408079147339,
        -0.14412835240364075,
        -0.14331887662410736,
        -0.5063446164131165,
        0.396487295627594,
        0.23547495901584625,
        0.3522387742996216,
        -0.3330731689929962,
        -0.31887221336364746,
        -0.16614215075969696,
        -0.06172851100564003,
        -0.011872455477714539,
        -0.8605163097381592,
        0.05572647973895073,
        0.625921905040741,
        -0.1381981372833252,
        -0.6719064712524414,
        0.915590763092041,
        -0.2783978581428528
    ]
}