{
    "seed": 1000005,
    "theta": [
        -0.06328948587179184,
        -0.22467848658561707,
        0.0764777883887291,
        0.13169628381729126,
        -0.07827098667621613,
        0.15221616625785828,
        0.31793105602264404,
        -0.16879573464393616,
        -0.5328832268714905,
        -0.25573137402534485,
        -0.41633790731430054,
        -0.017875071614980698,
        0.3134708106517792,
        -0.2961970567703247,
        0.11352293193340302,
        0.40544477105140686,
        0.4403657913208008,
        -0.26825663447380066,
        0.3665419816970825,
        -0.43280360102653503
    ],
    "x": [
        0.10197057574987411,
        -0.503466010093689,
        0.46666184067726135,
        -0.03371575474739075,
        -0.16565918922424316,
        0.34338974952697754,
        0.011490553617477417,
        -0.4582488536834717,
        -0.42236876487731934,
        -0.6219569444656372,
        -0.33352240920066833,
        -0.34330835938453674,
        0.6524665951728821,
        0.08589902520179749,
        -0.08148185908794403,
        0.6316920518875122,
        0.4563835561275482,
        -0.12407723069190979,
        0.6622188091278076,
        -0.2164449244737625
    ]
}