{
    "seed": 1000003,
    "theta": [
        -0.08580338954925537,
        -0.3473286032676697,
        0.17856153845787048,
        0.1646377593278885,
        -0.0016789436340332031,
        0.18749326467514038,
        0.26650869846343994,
        -0.2905143201351166,
        -0.37183070182800293,
        -0.270902156829834,
        -0.4462519884109497,
        0.025076210498809814,
        0.11209150403738022,
        -0.353039026260376,
        0.1489276885986328,
        0.305254727602005,
        0.3256988525390625,
        -0.3108760714530945,
        0.3361911177635193,
        -0.43521103262901306
    ],
    "x": [
        0.19292622804641724,
        -0.8194681406021118,
        0.4433855712413788,
        -0.008029073476791382,
        0.6037669777870178,
        -0.39626485109329224,
        0.14681071043014526,
        -0.08553208410739899,
        0.008580714464187622,
        -0.15662914514541626,
        0.007080882787704468,
        0.1521998643875122,
        0.5417637228965759,
        -0.08363077044487,
        0.3780483603477478,
        -0.1707977056503296,
        0.45375317335128784,
        -0.26059117913246155,
        0.5910412669181824,
        -0.6957722306251526
    ]
}