{
    "seed": 1000001,
    "theta": [
        -0.047345928847789764,
        -0.2824716866016388,
        0.06182097643613815,
        0.2422877699136734,
        -0.07189541310071945,
        0.12403937429189682,
        0.371105432510376,
        -0.10368798673152924,
        -0.3734278976917267,
        -0.22649960219860077,
        -0.3515643775463104,
        -0.06912695616483688,
        0.15927845239639282,
        -0.2910589575767517,
        0.16861946880817413,
        0.47614866495132446,
        0.22958073019981384,
        -0.09045906364917755,
        0.45656538009643555,
        -0.47207367420196533
    ],
    "x": [
        -0.4076611399650574,
        -0.43001967668533325,
        0.06708911061286926,
        0.004159137606620789,
        0.4899255037307739,
        -0.15363571047782898,
        0.10894796252250671,
        0.7068089246749878,
        -0.5992714762687683,
        -0.739553689956665,
        -0.21415476500988007,
        -0.010903213173151016,
        0.735109269618988,
        0.00059470534324646,
        0.27605676651000977,
        0.5334194302558899,
        0.2934928238391876,
        -0.31721049547195435,
        0.04336884617805481,
        -0.4131469428539276
    ]
}