{
    "seed": 1000009,
    "theta": [
        -0.013061240315437317,
        -0.2744565010070801,
        0.03418344631791115,
        0.19694823026657104,
        -0.173329159617424,
        0.2065928876399994,
        0.33352190256118774,
        -0.2080814391374588,
        -0.28174304962158203,
        -0.2838895916938782,
        -0.36040541529655457,
        -0.09526367485523224,
        0.15454460680484772,
        -0.3544923663139343,
        0.11873967945575714,
        0.4309438467025757,
        0.39268049597740173,
        -0.3042283356189728,
        0.4466736912727356,
        -0.4438953697681427
    ],
    "x": [
        -0.07546667754650116,
        -0.4118042588233948,
        -0.42563238739967346,
        0.3724875748157501,
        -0.364815354347229,
        0.15921032428741455,
        0.20770515501499176,
        0.09339253604412079,
        -0.11874957382678986,
        -0.660903811454773,
        -0.45681262016296387,
        -0.09095223248004913,
        0.6564207077026367,
        -0.10491812229156494,
        0.12595441937446594,
        0.12372881174087524,
        0.45552974939346313,
        -0.50303715467453,
        0.27587050199508667,
        -0.6979379653930664
    ]
}