{
    "seed": 1000008,
    "theta": [
        0.028036750853061676,
        -0.2175178974866867,
        0.12502801418304443,
        0.23012420535087585,
        0.051020022481679916,
        0.1672268509864807,
        0.37974783778190613,
        -0.17464113235473633,
        -0.2941029667854309,
        -0.18704478442668915,
        -0.2698976397514343,
        -0.07132159173488617,
        0.20277492702007294,
        -0.2702944874763489,
        0.07541227340698242,
        0.4659745395183563,
        0.4094751477241516,
        -0.22026199102401733,
        0.43760502338409424,
        -0.2728252112865448
    ],
    "x": [
        -0.17065581679344177,
        -0.502397894859314,
        -0.09375481307506561,
        0.3414616584777832,
        -0.17559541761875153,
        0.114977166056633,
        0.9440692663192749,
        -0.7257482409477234,
        0.09054228663444519,
        -0.22868949174880981,
        -0.6581178307533264,
        -0.28425249457359314,
        0.07557791471481323,
        -0.8755581974983215,
        0.1523505598306656,
        0.5640343427658081,
        0.4718224108219147,
        -0.18401379883289337,
        0.7371728420257568,
        0.5550451278686523
    ]
}