{
    "seed": 1000000,
    "theta": [
        -0.055658817291259766,
        -0.2240627259016037,
        -0.11162164062261581,
        0.30074596405029297,
        -0.06650438904762268,
        0.17307515442371368,
        0.4878295660018921,
        -0.04275646060705185,
        -0.429321825504303,
        -0.25999337434768677,
        -0.41690829396247864,
        -0.01429673656821251,
        0.24495142698287964,
        -0.38711076974868774,
        0.2008209079504013,
        0.4096492826938629,
        0.3268340229988098,
        -0.1327148675918579,
        0.39911723136901855,
        -0.46953335404396057
    ],
    "x": [
        -0.23112960159778595,
        -0.1086123138666153,
        0.007479175925254822,
        0.6254466772079468,
        0.19329258799552917,
        -0.12976078689098358,
        0.38972920179367065,
        -0.6513127684593201,
        -0.5234590768814087,
        -0.19904972612857819,
        -0.4705681800842285,
        -0.28131750226020813,
        0.035794809460639954,
        -0.42917102575302124,
        0.5171313881874084,
        -0.09677109122276306,
        0.07117605209350586,
        -0.19073833525180817,
        1.0513371229171753,
        -0.35627853870391846
    ]
}