{
    "seed": 1000005,
    "theta": [
        -0.06496236473321915,
        -0.4575440287590027,
        0.7447989583015442,
        1.3455289602279663,
        -1.1409411430358887
    ],
    "x": [
        0.08941581845283508,
        0.1994689255952835,
        -0.39029788970947266,
        -0.8913359045982361,
        -0.939954936504364,
        0.30492067337036133,
        -0.05963694304227829,
        -0.2941669225692749,
        1.024126648902893,
        -0.2563289403915405,
        -0.47901982069015503,
        -1.1498771905899048,
        -0.4522492587566376,
        -0.09886963665485382,
        -1.0266529321670532,
        0.6653609871864319,
        -0.7235480546951294,
        0.7029989361763,
        0.04925886541604996,
        0.3063980042934418,
        1.1520572900772095,
        -0.5095296502113342,
        -0.4940958023071289,
        -0.24061690270900726,
        0.40464240312576294,
        0.298457533121109,
        0.08358988910913467,
        -0.36681312322616577,
        0.6110867261886597,
        0.4549572765827179,
        0.3499183654785156,
        -0.8679938316345215,
        0.10829029232263565,
        0.06570765376091003,
        0.4644103944301605,
        -9.360305786132812,
        0.37598514556884766,
        0.7492021918296814,
        0.0503387488424778,
        0.16995707154273987,
        0.294747918844223,
        -0.4076913595199585,
        0.3176305890083313,
        0.5555880665779114,
        0.4299878478050232,
        0.5708012580871582,
        0.49645131826400757,
        -0.3602308928966522,
        0.21390748023986816,
        -0.6578677296638489,
        -0.27992022037506104,
        1.197373390197754,
        -0.5945440530776978,
        0.36938241124153137,
        0.6847530603408813,
        -4.887210845947266,
        -1.0466750860214233,
        -0.22967199981212616,
        -0.10870803147554398,
        0.6785935759544373,
        -0.3300528824329376,
        0.5205785632133484,
        0.554993212223053,
        -0.7084895372390747,
        -1.0456780195236206,
        -0.2952018976211548,
        0.39005962014198303,
        0.19693149626255035,
        0.8957556486129761,
        0.26104164123535156,
        -0.651192843914032,
        1.8693844079971313,
        -0.5187450647354126,
        -3.1587865352630615,
        0.5013543367385864,
        0.3938286602497101,
        0.8229160904884338,
        -0.7467804551124573,
        -0.1381993293762207,
        -0.42608001828193665,
        -0.9527782201766968,
        -0.18186508119106293,
        0.8429561853408813,
        0.47314658761024475,
        -0.7747064828872681,
        -0.30243247747421265,
        0.036181751638650894,
        -0.09646265208721161,
        0.24326743185520172,
        0.6946815848350525,
        0.6619764566421509,
        -0.7160266637802124,
        -0.5561962723731995,
        -0.19266971945762634,
        0.37354135513305664,
        -0.6807321906089783,
        0.4904412627220154,
        0.7880467176437378
    ]
}