{
    "seed": 1000003,
    "theta": [
        0.24924328923225403,
        -0.63336580991745,
        0.4834616184234619,
        0.9531006217002869,
        -1.1085536479949951
    ],
    "x": [
        -0.47972238063812256,
        -0.08193773776292801,
        -0.1999049037694931,
        -0.7830154895782471,
        0.6482289433479309,
        -0.8737150430679321,
        -0.9267193675041199,
        -0.4092601239681244,
        -0.02651607245206833,
        0.3365694582462311,
        0.1843206137418747,
        0.14660252630710602,
        0.2603937089443207,
        0.21295294165611267,
        0.1303550899028778,
        0.6786112785339355,
        -0.33669090270996094,
        -1.1083472967147827,
        0.47747427225112915,
        -0.2925359606742859,
        0.005918467417359352,
        -0.2702019512653351,
        -0.27958711981773376,
        0.773632824420929,
        -0.39510953426361084,
        0.1323397159576416,
        0.10786527395248413,
        -0.027960143983364105,
        -0.22601564228534698,
        0.982573926448822,
        0.008673151023685932,
        -0.49783244729042053,
        -0.11939895898103714,
        0.5167391896247864,
        0.39611902832984924,
        0.2662127912044525,
        0.9431066513061523,
        0.4229273498058319,
        0.6830659508705139,
        1.2408207654953003,
        0.47372499108314514,
        0.37044331431388855,
        0.4779152274131775,
        0.42714816331863403,
        1.004655361175537,
        -0.006923316046595573,
        0.4933408498764038,
        0.5202497839927673,
        -0.6799736022949219,
        0.021196596324443817,
        -0.43791112303733826,
        0.16676662862300873,
        -0.1581350862979889,
        -0.2686712443828583,
        0.21032537519931793,
        1.3317298889160156,
        -0.5208621025085449,
        -0.05435720458626747,
        -0.27195268869400024,
        0.11978303641080856,
        0.6230323910713196,
        0.3040316104888916,
        0.36174896359443665,
        -1.1096256971359253,
        -0.591587245464325,
        -0.24228402972221375,
        -0.5133809447288513,
        -0.28380534052848816,
        0.7812045812606812,
        0.6527196764945984,
        -0.4278552830219269,
        -0.5315799713134766,
        -0.13551321625709534,
        -0.2041122168302536,
        0.9813494086265564,
        0.44419482350349426,
        0.5734925270080566,
        -0.21834085881710052,
        -0.15713828802108765,
        0.1855469048023224,
        -0.43809351325035095,
        0.3812001049518585,
        0.4733268916606903,
        0.8541500568389893,
        -0.1098470687866211,
        -0.43710100650787354,
        -0.1228303387761116,
        0.09658121317625046,
        0.14561505615711212,
        0.24003994464874268,
        0.61875319480896,
        -0.32985079288482666,
        -0.4859480559825897,
        -0.5351402759552002,
        0.23425991833209991,
        0.7631785869598389,
        0.5734658241271973,
        0.010969837196171284
    ]
}