{
    "seed": 1000001,
    "theta": [
        0.18557152152061462,
        -0.5394068360328674,
        0.5626164674758911,
        0.9576746225357056,
        -0.6761051416397095
    ],
    "x": [
        -0.18945597112178802,
        0.23451335728168488,
        -0.567764401435852,
        0.06017163395881653,
        -0.23171694576740265,
        -0.19295094907283783,
        -0.13860532641410828,
        -0.46728962659835815,
        -0.5793578624725342,
        -0.3385557532310486,
        -1.069229006767273,
        -0.4113067090511322,
        0.23361313343048096,
        -0.12192802131175995,
        0.7258491516113281,
        0.3875048756599426,
        0.3158748745918274,
        0.636493444442749,
        0.9395378828048706,
        -0.8445475697517395,
        -0.9304821491241455,
        1.16957688331604,
        0.049691520631313324,
        0.6697261333465576,
        0.7136984467506409,
        0.0928274467587471,
        -0.33698272705078125,
        -0.9539490938186646,
        -0.041663505136966705,
        -0.2925153970718384,
        0.24590343236923218,
        0.1312265545129776,
        0.5777708292007446,
        -9.685088157653809,
        -0.20260828733444214,
        0.27378666400909424,
        -0.09926064312458038,
        0.01401881780475378,
        -0.1340698003768921,
        0.06866555660963058,
        0.0022522350773215294,
        -0.2920231223106384,
        -0.5871226787567139,
        0.4508463144302368,
        -0.02500746212899685,
        0.3964342176914215,
        0.5792863965034485,
        0.43800950050354004,
        0.784595787525177,
        -0.8967381119728088,
        -0.034124210476875305,
        0.2301693707704544,
        0.10292955487966537,
        -0.3449263870716095,
        0.08896084129810333,
        0.6039150357246399,
        -0.5659833550453186,
        -0.46816486120224,
        0.3337770700454712,
        -0.2374868243932724,
        0.2019256204366684,
        0.20699186623096466,
        0.39265406131744385,
        -0.662815511226654,
        -0.4683004915714264,
        -0.4735066294670105,
        -0.40989258885383606,
        0.06490841507911682,
        0.6794058084487915,
        0.5476441383361816,
        -0.2214735597372055,
        -0.312366247177124,
        -0.36905989050865173,
        0.613903284072876,
        -0.038977690041065216,
        0.7270491719245911,
        0.31745678186416626,
        -1.0866872072219849,
        0.16615885496139526,
        0.023115070536732674,
        0.25863125920295715,
        0.8418105840682983,
        0.5977441668510437,
        0.1604994535446167,
        -0.46814799308776855,
        -0.5205540657043457,
        -0.3001070022583008,
        -0.20080217719078064,
        -0.3405928611755371,
        1.2028361558914185,
        -8.430216789245605,
        -0.48154038190841675,
        -0.2507874071598053,
        -0.04517073556780815,
        0.0579683743417263,
        0.006345206871628761,
        0.35304632782936096,
        0.43629077076911926
    ]
}