{
    "seed": 1000009,
    "theta": [
        0.08541519194841385,
        -0.7174347639083862,
        0.31707626581192017,
        1.1835649013519287,
        -1.089354157447815
    ],
    "x": [
        0.061990655958652496,
        -0.33926042914390564,
        -0.06222543120384216,
        0.4959155023097992,
        -1.3237818479537964,
        -0.03461255505681038,
        -0.006740559358149767,
        -0.16479341685771942,
        -0.6376422047615051,
        0.2875974178314209,
        0.022214973345398903,
        0.041100215166807175,
        -0.3640817701816559,
        -0.4696108102798462,
        -1.2111164331436157,
        0.4288663864135742,
        0.05420093238353729,
        -0.6130970120429993,
        -0.9913580417633057,
        -1.1584877967834473,
        -0.20441575348377228,
        -0.5495793223381042,
        0.3263193666934967,
        -0.14481651782989502,
        -0.13803565502166748,
        0.1183156818151474,
        -0.1491076648235321,
        -0.18133288621902466,
        0.4047089219093323,
        -0.039788618683815,
        -0.3394448757171631,
        0.3213908076286316,
        -0.4030185043811798,
        -0.20643608272075653,
        0.4141422212123871,
        0.6158280968666077,
        -0.21725526452064514,
        0.681816577911377,
        0.13664557039737701,
        1.2154067754745483,
        -0.15265697240829468,
        -0.37326574325561523,
        0.27254417538642883,
        0.9606025815010071,
        0.640375018119812,
        0.3585670590400696,
        -0.32902318239212036,
        -0.07539026439189911,
        0.6871453523635864,
        -0.6017887592315674,
        -0.2713572382926941,
        0.09895949810743332,
        -0.2800583839416504,
        0.25926971435546875,
        0.42819660902023315,
        0.5864075422286987,
        -0.3622472584247589,
        -0.24393148720264435,
        0.1318937987089157,
        0.2086096704006195,
        0.21181198954582214,
        0.5308219194412231,
        0.41042304039001465,
        -0.018510039895772934,
        -0.20503170788288116,
        -0.15355204045772552,
        -0.38124826550483704,
        0.2992019057273865,
        0.27612823247909546,
        -0.22322773933410645,
        -0.6494758129119873,
        -0.6313544511795044,
        0.3847210705280304,
        -0.013150339014828205,
        0.21525585651397705,
        0.45822960138320923,
        0.2929660975933075,
        -0.4769441485404968,
        -0.48326578736305237,
        -0.2309362143278122,
        -0.0016942688962444663,
        -0.36839210987091064,
        0.5309320092201233,
        0.45935651659965515,
        -0.46027615666389465,
        -0.21438725292682648,
        -0.9419699907302856,
        0.09630811214447021,
        -0.060315825045108795,
        0.2764040231704712,
        0.5930204391479492,
        -0.6236556172370911,
        -0.6216021180152893,
        -0.16058337688446045,
        -0.441948264837265,
        0.039295848459005356,
        -0.09150082617998123,
        0.20210058987140656
    ]
}