{
    "seed": 1000010,
    "theta": [
        0.17396947741508484,
        -0.162830650806427,
        0.25767454504966736,
        1.2259690761566162,
        -1.2923651933670044
    ],
    "x": [
        -0.8307915329933167,
        -0.6004613041877747,
        -0.10930299758911133,
        -0.5323614478111267,
        -0.33866697549819946,
        -0.5214958190917969,
        -0.14019638299942017,
        0.11777985841035843,
        -0.3709867000579834,
        -0.02582656778395176,
        -0.31634482741355896,
        -0.2557447850704193,
        -0.5801542401313782,
        0.1964735984802246,
        -0.03681444749236107,
        0.6831297874450684,
        -0.2595364451408386,
        0.08307083696126938,
        0.5801708698272705,
        -0.9080795049667358,
        0.12872739136219025,
        0.04276903718709946,
        -0.25222939252853394,
        0.822428822517395,
        0.08948125690221786,
        0.542171835899353,
        0.5716657638549805,
        -0.23849119246006012,
        0.5428390502929688,
        0.26260697841644287,
        -0.041253503412008286,
        0.923687756061554,
        -0.7956753969192505,
        0.2811031937599182,
        -0.19139514863491058,
        0.040656253695487976,
        -0.37083199620246887,
        0.43494275212287903,
        0.7223055958747864,
        -0.3357848525047302,
        0.21401333808898926,
        -7.011927604675293,
        0.10141203552484512,
        0.4224792420864105,
        0.12081147730350494,
        0.10102847218513489,
        -0.21212881803512573,
        0.06473816931247711,
        0.6563590168952942,
        -0.3940475881099701,
        0.429129421710968,
        -0.1430896818637848,
        0.11443168669939041,
        -0.3620724081993103,
        0.15465225279331207,
        0.22553527355194092,
        -0.10707537084817886,
        -0.2914102077484131,
        -0.5379078984260559,
        -6.654251575469971,
        0.29292014241218567,
        0.8144900798797607,
        0.14972379803657532,
        -0.5861802697181702,
        -0.07240438461303711,
        -0.11579570919275284,
        0.5393708348274231,
        0.10424165427684784,
        0.40983378887176514,
        0.7704229354858398,
        -0.4698467552661896,
        -0.533915638923645,
        -0.8105443716049194,
        -0.18755872547626495,
        0.8758307695388794,
        0.19505338370800018,
        -0.04116487875580788,
        -0.9185219407081604,
        -0.19883008301258087,
        -0.5949128270149231,
        -0.48409831523895264,
        0.5906751155853271,
        -0.35010844469070435,
        0.24086542427539825,
        -0.904327392578125,
        0.24309436976909637,
        -0.5924049019813538,
        -0.06176414340734482,
        -0.14187441766262054,
        0.7466803193092346,
        0.40473780035972595,
        -0.3787183463573456,
        -0.7034664154052734,
        -0.15667738020420074,
        -0.5374138355255127,
        -1.0125267505645752,
        0.2609442174434662,
        0.5153305530548096
    ]
}