{
    "seed": 1000004,
    "theta": [
        -0.06290186941623688,
        -0.1375124156475067,
        0.0721798986196518,
        0.3034348487854004,
        -0.2597784101963043,
        -0.07587803900241852,
        0.06020542234182358,
        0.12879160046577454,
        -0.22155728936195374,
        -0.22182628512382507
    ],
    "x": [
        -0.5255960822105408,
        0.4647130072116852,
        -0.4720122218132019,
        0.4458840489387512,
        -0.20425671339035034,
        -0.3405384421348572,
        0.5260504484176636,
        0.08492780476808548,
        -0.6313304305076599,
        -0.05879729986190796
    ]
}