{
    "seed": 1000010,
    "theta": [
        -0.034439411014318466,
        0.07743404060602188,
        0.08146234601736069,
        0.2441052943468094,
        -0.20366933941841125,
        -0.12688490748405457,
        0.11935539543628693,
        0.18679574131965637,
        -0.17304012179374695,
        -0.15377572178840637
    ],
    "x": [
        0.028391536325216293,
        -0.33179181814193726,
        -0.26402971148490906,
        0.20308446884155273,
        -0.8295555114746094,
        0.23448306322097778,
        0.7028656005859375,
        0.10675595700740814,
        0.005233213305473328,
        -0.5656183958053589
    ]
}