{
    "seed": 1000003,
    "theta": [
        -0.03762253001332283,
        0.3498484790325165,
        0.00101456418633461,
        -0.024157434701919556,
        0.44612905383110046,
        0.32862481474876404,
        0.0025451108813285828,
        -0.11364741623401642,
        0.2558639943599701,
        0.3157931864261627
    ],
    "x": [
        -0.28125864267349243,
        -0.23779144883155823,
        -0.11503858864307404,
        0.024763144552707672,
        0.22534935176372528,
        0.4722791314125061,
        -0.4661669135093689,
        -0.08641693741083145,
        0.0041033923625946045,
        0.32910317182540894
    ]
}