{
    "seed": 1000005,
    "theta": [
        -0.011194517835974693,
        0.0033909082412719727,
        0.21140743792057037,
        0.34225380420684814,
        -0.19783034920692444,
        -0.1046866625547409,
        0.048060208559036255,
        0.12594923377037048,
        -0.2397054135799408,
        -0.0928683653473854
    ],
    "x": [
        -0.08466598391532898,
        0.23733621835708618,
        -0.49587637186050415,
        0.8875254988670349,
        -0.29320162534713745,
        0.04029254615306854,
        0.09583158046007156,
        0.1672937422990799,
        -0.5603312253952026,
        -0.6368541717529297
    ]
}