{
    "seed": 1000000,
    "theta": [
        -0.19749827682971954,
        0.283883273601532,
        -0.07832846790552139,
        -0.11927508562803268,
        0.3886379301548004,
        0.33953359723091125,
        0.03188880532979965,
        -0.15302036702632904,
        0.3926123082637787,
        0.3752225339412689
    ],
    "x": [
        -0.16882188618183136,
        0.0492166131734848,
        -0.12759563326835632,
        -0.26736095547676086,
        -0.026693671941757202,
        0.5723257660865784,
        0.11352375894784927,
        -0.06067514419555664,
        0.12988772988319397,
        0.5351956486701965
    ]
}