{
    "seed": 1000012,
    "theta": [
        -0.11185204237699509,
        0.3301972448825836,
        0.07633142918348312,
        -0.14265234768390656,
        0.3939114809036255,
        0.38785165548324585,
        0.05402738228440285,
        -0.2730494439601898,
        0.17567512392997742,
        0.2922970950603485
    ],
    "x": [
        -0.09294754266738892,
        -0.0479680597782135,
        0.2903459668159485,
        -0.276572048664093,
        0.29326924681663513,
        0.9251823425292969,
        -0.5261837840080261,
        -0.5250852108001709,
        0.044860705733299255,
        0.2421848177909851
    ]
}