{
    "seed": 1000001,
    "theta": [
        0.14171402156352997,
        -0.09161914885044098,
        0.0006223618984222412,
        0.5200513601303101,
        -0.1078069731593132,
        -0.1439567357301712,
        0.039305951446294785,
        0.17587965726852417,
        -0.09030340611934662,
        -0.16839560866355896
    ],
    "x": [
        1.0096546411514282,
        -0.12545624375343323,
        -0.07739433646202087,
        0.628757119178772,
        0.09783967584371567,
        -0.22417378425598145,
        0.2638891637325287,
        -0.8416773676872253,
        -0.26973068714141846,
        -0.5864143371582031
    ]
}