{
    "seed": 1000005,
    "theta": [
        -0.2722800374031067,
        -0.02462213672697544
    ],
    "x": [
        0.11026778817176819,
        0.1102277860045433
    ]
}