{
    "seed": 1000012,
    "theta": [
        -0.38963133096694946,
        -0.17375361919403076
    ],
    "x": [
        -0.14775952696800232,
        0.2713356018066406
    ]
}