{
    "seed": 1000009,
    "theta": [
        -0.04063618183135986,
        -0.3467462956905365
    ],
    "x": [
        0.061335623264312744,
        -0.16951216757297516
    ]
}