{
    "seed": 1000002,
    "theta": [
        -0.03967304527759552,
        -0.07280028611421585
    ],
    "x": [
        0.21224606037139893,
        0.07464616000652313
    ]
}