{
    "seed": 1000010,
    "theta": [
        0.14155937731266022,
        -0.10668686032295227
    ],
    "x": [
        0.24774962663650513,
        -0.26583731174468994
    ]
}