{
    "seed": 1000008,
    "theta": [
        -0.052842363715171814,
        -0.02298833802342415
    ],
    "x": [
        0.2551341652870178,
        -0.054356008768081665
    ]
}