{
    "seed": 1000001,
    "theta": [
        -0.2098681628704071,
        -0.20248082280158997
    ],
    "x": [
        -0.03550463914871216,
        0.08831088989973068
    ]
}