{
    "seed": 1000003,
    "theta": [
        -0.3158390522003174,
        -0.023207414895296097
    ],
    "x": [
        0.06887412071228027,
        0.264404296875
    ]
}