{
    "seed": 1000004,
    "theta": [
        0.019983649253845215,
        0.09929507970809937
    ],
    "x": [
        0.17212067544460297,
        -0.052836429327726364
    ]
}