{
    "seed": 1000002,
    "theta": [
        0.7902540564537048,
        0.5119471549987793,
        0.3523656725883484,
        -0.5766669511795044,
        -1.3486707210540771
    ],
    "x": [
        0.005926547106355429,
        -0.30820032954216003,
        -0.2542090117931366,
        -0.44485536217689514,
        -0.2323581725358963,
        0.02025742642581463,
        -0.7026001214981079,
        0.014296912588179111,
        0.6321030855178833,
        -0.07437630742788315,
        -0.25979769229888916,
        -0.30173587799072266,
        0.1486843228340149,
        -0.23233221471309662,
        -0.21091555058956146,
        1.2220548391342163,
        0.16915281116962433,
        -0.5636234283447266,
        0.13556979596614838,
        0.0063807908445596695,
        0.022807590663433075,
        -0.32971081137657166,
        -0.7458537220954895,
        -0.3272508382797241,
        -0.39389631152153015,
        0.008753249421715736,
        0.7344011664390564,
        -0.435153990983963,
        0.5701735019683838,
        -0.6549215316772461,
        0.3322485089302063,
        0.03243273124098778,
        -0.5464229583740234,
        -0.2099510133266449,
        0.41883522272109985,
        -0.8146673440933228,
        0.1441938579082489,
        0.0643632784485817,
        1.175054907798767,
        -0.5617534518241882,
        -0.22199687361717224,
        0.7648488283157349,
        -0.8967424631118774,
        1.0101687908172607,
        0.18515603244304657,
        0.8591961860656738,
        -0.09380211681127548,
        0.6668266654014587,
        0.32347628474235535,
        0.06472690403461456,
        0.7411356568336487,
        0.13913822174072266,
        0.18763881921768188,
        -0.05128275975584984,
        0.16903156042099,
        0.09685339778661728,
        -0.0067719887010753155,
        0.05939149484038353,
        -0.39058923721313477,
        -0.22063873708248138,
        0.9307507276535034,
        -0.3469272255897522,
        0.18592017889022827,
        -0.6282705664634705,
        -1.046862006187439,
        -0.08532757312059402,
        0.9460753202438354,
        -0.3637491464614868,
        0.036578040570020676,
        1.0445506572723389,
        -0.6549860239028931,
        0.2277183085680008,
        -0.1756046861410141,
        -0.05341222882270813,
        0.8296105861663818,
        0.17560486495494843,
        0.533189058303833,
        -1.0991753339767456,
        0.06152511015534401,
        -0.5776336789131165,
        -0.11181044578552246,
        0.35795122385025024,
        -0.11268911510705948,
        -0.21300630271434784,
        -0.019055305048823357,
        0.6595612168312073,
        -1.2422816753387451,
        0.0640292838215828,
        -0.1135549321770668,
        0.2748965620994568,
        0.2671259045600891,
        -0.5269648432731628,
        -0.4009387791156769,
        -0.335530161857605,
        -0.27223891019821167,
        0.8219539523124695,
        -0.46267521381378174,
        -0.11332030594348907
    ]
}