{
    "seed": 1000003,
    "theta": [
        0.413696825504303,
        0.006355375051498413,
        -0.10568433254957199,
        -0.6475794315338135,
        -0.4711841642856598
    ],
    "x": [
        -0.3512982726097107,
        0.12758329510688782,
        0.19414301216602325,
        -0.5431154370307922,
        0.8425284624099731,
        -0.5631856322288513,
        -0.6318777799606323,
        -0.9101702570915222,
        -0.1771625280380249,
        0.46869996190071106,
        0.4197187125682831,
        0.30426129698753357,
        0.40028151869773865,
        0.3759608864784241,
        0.22370490431785583,
        0.6663728952407837,
        -0.25444504618644714,
        -0.8464731574058533,
        0.591184139251709,
        -0.20527805387973785,
        0.14548400044441223,
        -0.24806039035320282,
        -0.44506239891052246,
        0.721718430519104,
        -0.4381965100765228,
        0.18910200893878937,
        0.08832766115665436,
        -0.005354790482670069,
        -0.2802734375,
        0.8249713778495789,
        -0.15162912011146545,
        -0.5260215401649475,
        -0.1570931375026703,
        0.7447659373283386,
        0.29446151852607727,
        0.06470165401697159,
        0.6669321656227112,
        0.2374914288520813,
        0.43766677379608154,
        0.7990037798881531,
        0.4681370258331299,
        0.4202239513397217,
        0.21833832561969757,
        0.1484886109828949,
        0.7159647941589355,
        -0.2688031792640686,
        0.257502943277359,
        0.374056339263916,
        -0.29394835233688354,
        0.5392450094223022,
        -0.2626715898513794,
        0.20521792769432068,
        -0.27327704429626465,
        -0.4692098796367645,
        0.03497330844402313,
        1.092021107673645,
        -0.0022340023424476385,
        0.19257116317749023,
        -0.1727469265460968,
        0.11919978260993958,
        0.5634338855743408,
        -0.019535716623067856,
        0.039071258157491684,
        -0.8790130019187927,
        -0.33569827675819397,
        -0.14988356828689575,
        -0.5982668995857239,
        -0.46795812249183655,
        0.5757253766059875,
        0.31898805499076843,
        -0.05640954524278641,
        -0.2730211019515991,
        0.008968081325292587,
        -0.16244448721408844,
        0.8379636406898499,
        0.20207086205482483,
        0.2549099028110504,
        0.13917046785354614,
        0.14553126692771912,
        0.3500617742538452,
        -0.44891825318336487,
        0.19587421417236328,
        0.20728836953639984,
        0.5871660113334656,
        0.21310855448246002,
        -0.2167014479637146,
        0.020858725532889366,
        0.031823933124542236,
        0.011302479542791843,
        0.05036722123622894,
        0.0933842658996582,
        -0.026744388043880463,
        -0.2518783509731293,
        -0.4693830907344818,
        0.27226492762565613,
        0.7631785869598389,
        0.37240955233573914,
        -0.23916186392307281
    ]
}