{
    "seed": 1000012,
    "theta": [
        0.151605486869812,
        0.4370642900466919,
        0.5261626243591309,
        0.33024466037750244,
        -0.1322774589061737
    ],
    "x": [
        -0.2809818983078003,
        -0.28040042519569397,
        -0.5878024101257324,
        -0.8575088977813721,
        -0.2805250883102417,
        -0.3801806569099426,
        0.10324615240097046,
        0.40805062651634216,
        0.020872220396995544,
        0.10857091099023819,
        -1.2097835540771484,
        -0.8646120429039001,
        -0.6232869029045105,
        -0.2908555865287781,
        0.3703222870826721,
        -0.8306319117546082,
        -0.7623827457427979,
        0.4395112991333008,
        0.293881356716156,
        0.3511228859424591,
        0.5888950228691101,
        0.264220267534256,
        -1.1603399515151978,
        -0.20849551260471344,
        0.3551342189311981,
        0.03606124594807625,
        0.10728858411312103,
        -0.6638668179512024,
        -0.35158950090408325,
        0.4015800654888153,
        1.0732452869415283,
        1.5240347385406494,
        0.2913656234741211,
        0.4894334375858307,
        0.2939485013484955,
        0.8540773987770081,
        -0.0686640590429306,
        -0.12130260467529297,
        -0.6622310876846313,
        0.1339966505765915,
        0.34615182876586914,
        0.5586169958114624,
        0.1170288696885109,
        0.7370795011520386,
        -0.1918303668498993,
        0.44323983788490295,
        0.4703122675418854,
        -0.08738688379526138,
        0.7640330791473389,
        0.2326551228761673,
        -0.06027404963970184,
        -0.23997706174850464,
        0.7842934131622314,
        -0.6471335887908936,
        0.5624807476997375,
        1.2252922058105469,
        -1.0935766696929932,
        -0.5160519480705261,
        -0.17995527386665344,
        1.056708812713623,
        -0.21704399585723877,
        0.24287757277488708,
        0.3618168532848358,
        -0.6648407578468323,
        -0.2070426642894745,
        -0.36495068669319153,
        0.0038476954214274883,
        0.16569998860359192,
        0.5802379250526428,
        0.6342576742172241,
        -0.4156583845615387,
        -1.3377015590667725,
        -1.010844111442566,
        0.08202141523361206,
        0.800388514995575,
        -0.38584598898887634,
        0.7631084322929382,
        -1.0390551090240479,
        -0.36416834592819214,
        -0.412271648645401,
        -1.204505443572998,
        0.23625068366527557,
        0.5385076403617859,
        -0.32048362493515015,
        0.053926773369312286,
        0.3267081379890442,
        -0.43270763754844666,
        -1.1495169401168823,
        0.15293271839618683,
        -0.5567649602890015,
        -0.1914508044719696,
        -0.5510352253913879,
        -0.5859128832817078,
        -0.887941300868988,
        -0.08092154562473297,
        0.4698686897754669,
        -0.0044389283284544945,
        0.5873910784721375
    ]
}