{
    "seed": 1000001,
    "theta": [
        0.25451740622520447,
        0.24125279486179352,
        0.09220272302627563,
        -0.6361445188522339,
        0.6099369525909424
    ],
    "x": [
        -0.008800926618278027,
        0.43436869978904724,
        -0.1291315257549286,
        0.3002625107765198,
        -0.1314808577299118,
        -0.08912395685911179,
        0.009726438671350479,
        -0.9399434924125671,
        -0.4674530327320099,
        -0.3222486674785614,
        -0.9014827013015747,
        -0.2330169528722763,
        0.3107013404369354,
        0.012338998727500439,
        0.7588637471199036,
        0.050714123994112015,
        0.21181218326091766,
        0.6857958436012268,
        0.9463330507278442,
        -0.724947452545166,
        -0.8565580248832703,
        1.068616509437561,
        0.05836483836174011,
        0.46719229221343994,
        0.7948394417762756,
        0.2953968048095703,
        -0.28571557998657227,
        -0.8962466716766357,
        -0.15342630445957184,
        -0.2872500419616699,
        0.13337785005569458,
        0.06493836641311646,
        0.4087994694709778,
        -9.685088157653809,
        -0.14252252876758575,
        0.13519695401191711,
        -0.19438739120960236,
        -0.06493078172206879,
        -0.4076789617538452,
        -0.12111014872789383,
        -0.14962470531463623,
        -0.09366055577993393,
        -0.6798596978187561,
        0.2581474184989929,
        -0.2279393970966339,
        0.22414398193359375,
        0.2738545835018158,
        0.3657644987106323,
        0.586345374584198,
        -0.4726307690143585,
        0.04333890974521637,
        0.32238608598709106,
        0.10131803154945374,
        -0.5679036378860474,
        -0.2759873867034912,
        0.3037632405757904,
        -0.17703112959861755,
        -0.2820211946964264,
        0.553962767124176,
        -0.5728381872177124,
        0.04590970277786255,
        -0.07121404260396957,
        0.07954759895801544,
        -0.3678702116012573,
        -0.11402381956577301,
        -0.2867632508277893,
        -0.5165819525718689,
        -0.10315072536468506,
        0.3868502080440521,
        0.2125714123249054,
        0.07707223296165466,
        -0.04272613301873207,
        -0.14461369812488556,
        0.6672280430793762,
        -0.3400503695011139,
        0.5248447060585022,
        0.07350324094295502,
        -0.8186759948730469,
        0.5274642705917358,
        0.19495117664337158,
        0.5328941345214844,
        0.573866069316864,
        0.1999940276145935,
        -0.19455820322036743,
        -0.18094810843467712,
        -0.35445436835289,
        -0.21650922298431396,
        -0.07985597848892212,
        -0.3453958034515381,
        0.920068085193634,
        -8.430216789245605,
        -0.14511878788471222,
        -0.015517085790634155,
        0.060250602662563324,
        0.16781464219093323,
        0.37274134159088135,
        0.3536701798439026,
        0.12608903646469116
    ]
}