{
    "seed": 1000004,
    "theta": [
        0.5555345416069031,
        -0.02098098397254944,
        0.15684601664543152,
        -0.1966017782688141,
        -0.8164160847663879
    ],
    "x": [
        0.376361221075058,
        0.0016058465698733926,
        -1.014890193939209,
        0.5247113108634949,
        -0.3873901665210724,
        0.4318042993545532,
        -0.90123051404953,
        -0.775850772857666,
        -0.15071606636047363,
        -0.30703413486480713,
        -1.505893349647522,
        -0.23254211246967316,
        0.7311961650848389,
        0.6637345552444458,
        0.1388544887304306,
        0.9189324378967285,
        2.7771198749542236,
        0.36050933599472046,
        0.8727540969848633,
        -0.13336564600467682,
        0.3505558669567108,
        -0.49893462657928467,
        0.9939369559288025,
        -0.44111955165863037,
        -0.4600912630558014,
        -0.04206562414765358,
        0.28964290022850037,
        0.2257426679134369,
        -0.23588572442531586,
        0.48550403118133545,
        -0.2831684947013855,
        -0.6284101009368896,
        -0.7282958030700684,
        -0.3893495202064514,
        -0.07257436960935593,
        0.19206219911575317,
        0.9944038391113281,
        -0.15924929082393646,
        0.06332791596651077,
        -0.029031263664364815,
        -0.8351635932922363,
        0.5392695665359497,
        0.06365671753883362,
        0.043693698942661285,
        0.35584649443626404,
        0.13911788165569305,
        0.48866721987724304,
        0.21836113929748535,
        0.2525564432144165,
        -0.4150230884552002,
        -0.23604974150657654,
        -0.043981604278087616,
        -0.6456679701805115,
        0.16392382979393005,
        -0.0536377988755703,
        0.6371641755104065,
        -0.2296755611896515,
        0.2812674939632416,
        0.6033943295478821,
        -0.9606300592422485,
        0.2428792268037796,
        -7.465919494628906,
        0.11187268793582916,
        -0.6127416491508484,
        -0.13592444360256195,
        0.27367132902145386,
        0.5846197009086609,
        -0.26223406195640564,
        0.14018015563488007,
        0.20492272078990936,
        -0.19731353223323822,
        0.10220862925052643,
        0.4915144741535187,
        0.42270687222480774,
        0.39485421776771545,
        -0.3295239210128784,
        0.1814136505126953,
        0.28487420082092285,
        0.15294983983039856,
        0.08308625221252441,
        8.440900802612305,
        -0.7079477906227112,
        0.6805504560470581,
        0.3151707947254181,
        -0.31874898076057434,
        0.19937193393707275,
        -0.3783003091812134,
        0.0028082155622541904,
        -0.5433939099311829,
        0.2805987000465393,
        -0.2819933295249939,
        -0.4687526822090149,
        -0.5315921306610107,
        -0.3226067125797272,
        0.505518913269043,
        0.3383626639842987,
        -0.5154270529747009,
        0.05793129652738571
    ]
}