{
    "seed": 1000000,
    "theta": [
        0.854446530342102,
        0.12280701100826263,
        0.4107748568058014,
        0.26659083366394043,
        -0.9385057091712952
    ],
    "x": [
        -0.10599470883607864,
        -0.07035432010889053,
        -0.1982160061597824,
        0.058123186230659485,
        -1.000139594078064,
        -0.272081196308136,
        -0.2115156650543213,
        -0.906313419342041,
        -0.6192549467086792,
        0.4708597660064697,
        0.1598416417837143,
        0.389085054397583,
        1.4236795902252197,
        0.3515844941139221,
        5.0350565910339355,
        0.5991646647453308,
        -0.2929648458957672,
        -0.6247602701187134,
        -1.0738463401794434,
        -0.13386978209018707,
        0.6914519667625427,
        0.5107744932174683,
        -1.3618160486221313,
        0.4398823082447052,
        -0.08928976953029633,
        0.6408458352088928,
        -0.1963122934103012,
        0.22480326890945435,
        0.07682177424430847,
        -0.11976955831050873,
        -0.6450294256210327,
        0.023829923942685127,
        -0.3126680850982666,
        -0.6351642608642578,
        0.6221389174461365,
        0.08161501586437225,
        -0.032179027795791626,
        0.6471002697944641,
        0.11514079570770264,
        -0.38621604442596436,
        -0.02713611163198948,
        -0.5155145525932312,
        -0.7023135423660278,
        -0.10828839242458344,
        0.8888390064239502,
        0.15962868928909302,
        0.06500300765037537,
        0.44268515706062317,
        -0.9050614833831787,
        0.467111200094223,
        -0.09406904131174088,
        -0.2848895192146301,
        0.1878768801689148,
        0.03898584097623825,
        0.10050935298204422,
        0.4589120149612427,
        -1.035731554031372,
        -0.23603962361812592,
        -7.671506881713867,
        -0.6752124428749084,
        -0.06563875079154968,
        -0.3974146544933319,
        0.5633514523506165,
        -0.10515900701284409,
        -0.2449502944946289,
        -0.6411666870117188,
        0.5541534423828125,
        -0.3739475905895233,
        0.46715033054351807,
        0.7909576296806335,
        -0.6017813086509705,
        -0.42361515760421753,
        -0.2988922595977783,
        0.2615816593170166,
        0.1561771035194397,
        0.7361065745353699,
        0.7309813499450684,
        -0.9442439675331116,
        0.2038276344537735,
        -0.2940766513347626,
        -0.2538480758666992,
        -0.15333500504493713,
        -0.5419567227363586,
        -0.06365755200386047,
        -0.7019438743591309,
        -0.3865339457988739,
        -0.6571575999259949,
        -0.10440624505281448,
        0.4985695481300354,
        -0.385898232460022,
        1.1497198343276978,
        -0.21354129910469055,
        -0.6969067454338074,
        -0.2975989282131195,
        -0.15635286271572113,
        0.14396771788597107,
        -0.09748674184083939,
        -0.10245036333799362
    ]
}