{
    "seed": 1000010,
    "theta": [
        0.22551229596138,
        1.1826932430267334,
        -0.6701520681381226,
        0.03459155559539795,
        -0.9307129383087158
    ],
    "x": [
        -0.19192710518836975,
        -0.23758138716220856,
        0.3236531913280487,
        -0.05486368015408516,
        0.11554988473653793,
        -0.04278095066547394,
        0.27411147952079773,
        -0.03786754608154297,
        -0.00801158044487238,
        0.1348307877779007,
        0.02526937983930111,
        0.056009355932474136,
        -0.21271738409996033,
        0.4408630132675171,
        -0.006075556855648756,
        0.7299718260765076,
        0.04077591374516487,
        0.18156468868255615,
        0.6606521010398865,
        -0.6345899701118469,
        0.27031683921813965,
        0.013761695474386215,
        -0.2756577730178833,
        0.7276771068572998,
        0.033697985112667084,
        0.3854016363620758,
        0.652481734752655,
        -0.20740145444869995,
        0.2746017277240753,
        0.028681680560112,
        -0.20419104397296906,
        0.6333328485488892,
        -0.8110184073448181,
        0.2575422525405884,
        -0.2074512392282486,
        -0.2682137191295624,
        -0.5924351215362549,
        0.1068563386797905,
        0.3388708531856537,
        -0.5510595440864563,
        -0.18632584810256958,
        -7.011927604675293,
        -0.29160308837890625,
        -0.04618772491812706,
        -0.2773340940475464,
        -0.38665592670440674,
        -0.5370520353317261,
        -0.26165321469306946,
        0.015935486182570457,
        0.2591758668422699,
        0.8907437324523926,
        -0.45715126395225525,
        0.054794248193502426,
        -0.8893818259239197,
        -0.7116501927375793,
        -0.8955788016319275,
        0.7978183627128601,
        0.7035865187644958,
        -0.3316600024700165,
        -6.654251575469971,
        -0.09403643012046814,
        -0.023370692506432533,
        -0.9533990025520325,
        0.6091512441635132,
        0.7149914503097534,
        0.19320857524871826,
        0.47875845432281494,
        -0.4522216022014618,
        -0.4888254404067993,
        -0.33747461438179016,
        0.6281536817550659,
        0.3053598999977112,
        -0.253800630569458,
        -0.16461919248104095,
        0.35533061623573303,
        -0.79764723777771,
        -1.1419252157211304,
        0.15262553095817566,
        0.7170131206512451,
        -0.06041683256626129,
        -0.39662376046180725,
        0.23402631282806396,
        -1.0171440839767456,
        -0.9625264406204224,
        0.2181040644645691,
        1.143779993057251,
        -0.11325167119503021,
        0.020738620311021805,
        -0.3484661281108856,
        -0.24663417041301727,
        -0.8009607195854187,
        0.7801819443702698,
        0.20546139776706696,
        0.4033457636833191,
        -0.5450637936592102,
        -1.4544399976730347,
        0.1021391823887825,
        -0.1301075518131256
    ]
}