{
    "seed": 1000005,
    "theta": [
        -0.37181729078292847,
        0.4459097981452942,
        0.5476589202880859,
        0.3334914445877075,
        -0.5521529912948608
    ],
    "x": [
        0.2579641044139862,
        0.18525657057762146,
        -0.3829129934310913,
        -0.810235321521759,
        -0.8737472891807556,
        0.19907476007938385,
        -0.0993279293179512,
        -0.2821486294269562,
        0.8585757613182068,
        -0.3306097090244293,
        -0.46686920523643494,
        -1.0384551286697388,
        -0.44219738245010376,
        -0.13146165013313293,
        -0.9214861392974854,
        0.5183020830154419,
        -0.6943925023078918,
        0.5923037528991699,
        0.06639507412910461,
        0.24367815256118774,
        1.0038862228393555,
        -0.42352232336997986,
        -0.4539306163787842,
        -0.23064835369586945,
        0.3610354959964752,
        0.26239752769470215,
        0.08097783476114273,
        -0.3153493404388428,
        0.578717052936554,
        0.3923121690750122,
        0.35698840022087097,
        -0.7481407523155212,
        0.1337871253490448,
        0.14603491127490997,
        0.4457225203514099,
        -9.360305786132812,
        0.3632645010948181,
        0.714282751083374,
        0.08653592318296432,
        0.22698284685611725,
        0.16818024218082428,
        -0.3502177596092224,
        0.32432591915130615,
        0.5005328059196472,
        0.4455217123031616,
        0.5292295217514038,
        0.4869877099990845,
        -0.22433215379714966,
        0.22808361053466797,
        -0.1966920644044876,
        -0.26823851466178894,
        1.5114638805389404,
        -0.7258985638618469,
        0.3139807879924774,
        0.5534005761146545,
        -4.887210845947266,
        -0.9073282480239868,
        -0.06720943003892899,
        -0.24632875621318817,
        0.7655884623527527,
        -0.5323100686073303,
        0.4331951439380646,
        0.3895138204097748,
        -0.48390039801597595,
        -0.9499213099479675,
        -0.1357143223285675,
        0.4136159121990204,
        0.1584143191576004,
        0.7284578084945679,
        0.01852932572364807,
        -0.4785478115081787,
        1.8693844079971313,
        -0.425749272108078,
        -3.1587865352630615,
        0.3860771954059601,
        0.35164874792099,
        0.6342959403991699,
        -0.6014134883880615,
        0.12031722813844681,
        -0.41375666856765747,
        -1.1246241331100464,
        -0.26389527320861816,
        0.7804981470108032,
        0.16759093105793,
        -0.6066197156906128,
        -0.2562060058116913,
        0.21862740814685822,
        -0.10388258099555969,
        0.27334922552108765,
        0.5263036489486694,
        0.2824288308620453,
        -0.5364897847175598,
        -0.48542916774749756,
        -0.05733564496040344,
        0.4152311384677887,
        -0.9170350432395935,
        0.5069522261619568,
        0.566548764705658
    ]
}