{
    "seed": 1000004,
    "theta": [
        0.36980512738227844,
        0.38388532400131226
    ],
    "x": [
        1.8935235738754272,
        1.1502647399902344,
        0.6999492645263672,
        0.1952296495437622,
        -0.09088927507400513,
        -0.15399980545043945,
        -0.24307510256767273,
        -0.33893975615501404,
        -0.3002719283103943,
        -0.4356829822063446,
        -0.40028974413871765,
        -0.4747927188873291,
        -0.34392574429512024,
        -0.4121876060962677,
        -0.3938171863555908,
        -0.460441917181015,
        -0.45538362860679626,
        -0.6624256372451782,
        -0.6592355370521545,
        -0.6664361953735352,
        -0.6189558506011963,
        -0.5793465375900269,
        -0.7591816782951355,
        -0.786071240901947,
        -0.9685244560241699
    ]
}