{
    "seed": 1000005,
    "theta": [
        -0.30926236510276794,
        -0.18139085173606873
    ],
    "x": [
        1.8935235738754272,
        1.4800543785095215,
        1.1674977540969849,
        0.800473690032959,
        0.5615757703781128,
        0.33290451765060425,
        0.20550140738487244,
        0.00812656618654728,
        -0.11251285672187805,
        -0.3272830545902252,
        -0.5587725639343262,
        -0.6133530735969543,
        -0.709528923034668,
        -0.8175727725028992,
        -0.9279683828353882,
        -1.0316228866577148,
        -1.1149699687957764,
        -1.0937283039093018,
        -1.1338907480239868,
        -1.1410958766937256,
        -1.1253491640090942,
        -1.0637437105178833,
        -0.9822027087211609,
        -1.0537359714508057,
        -1.1145001649856567
    ]
}