{
    "seed": 1000001,
    "theta": [
        0.5378221869468689,
        0.33894941210746765
    ],
    "x": [
        1.8935235738754272,
        1.1462608575820923,
        0.5434885025024414,
        0.16949275135993958,
        -0.057820338755846024,
        -0.29697155952453613,
        -0.29781532287597656,
        -0.4417250156402588,
        -0.5941625237464905,
        -0.6273984909057617,
        -0.6436715126037598,
        -0.6778661012649536,
        -0.6154822707176208,
        -0.7496204376220703,
        -0.7564465999603271,
        -0.640703022480011,
        -0.5826910138130188,
        -0.6340020298957825,
        -0.6249610185623169,
        -0.6972653865814209,
        -0.7745848894119263,
        -0.7452215552330017,
        -0.8010228276252747,
        -0.8320371508598328,
        -0.9460854530334473
    ]
}