{
    "seed": 1000009,
    "theta": [
        0.37532907724380493,
        0.24830090999603271
    ],
    "x": [
        1.8935235738754272,
        1.1251195669174194,
        0.5508289337158203,
        0.1616763472557068,
        -0.04428346827626228,
        -0.3344978392124176,
        -0.3840913772583008,
        -0.40056851506233215,
        -0.4959380626678467,
        -0.6267049908638,
        -0.5976892113685608,
        -0.5230700969696045,
        -0.6145724058151245,
        -0.5924283266067505,
        -0.5640416741371155,
        -0.6813097596168518,
        -0.7024795413017273,
        -0.7922970652580261,
        -0.8747617602348328,
        -0.6930724382400513,
        -0.6307412981987,
        -0.7601922750473022,
        -0.821736216545105,
        -0.7482320666313171,
        -0.8141258358955383
    ]
}