{
    "seed": 1000005,
    "theta": [
        0.07445070147514343,
        0.23946520686149597
    ],
    "x": [
        1.8935235738754272,
        1.311692714691162,
        0.898684561252594,
        0.47678142786026,
        0.22296380996704102,
        0.0009126206277869642,
        -0.10374428331851959,
        -0.27348342537879944,
        -0.35727885365486145,
        -0.5338642597198486,
        -0.7188924551010132,
        -0.7192307114601135,
        -0.7686316967010498,
        -0.8325713872909546,
        -0.9000488519668579,
        -0.9615358114242554,
        -1.0038219690322876,
        -0.9439467787742615,
        -0.9554077386856079,
        -0.9369969367980957,
        -0.900585949420929,
        -0.8239651322364807,
        -0.735363245010376,
        -0.8076105117797852,
        -0.8634457588195801
    ]
}