{
    "seed": 1000012,
    "theta": [
        0.3321245312690735,
        0.588493824005127
    ],
    "x": [
        1.8935235738754272,
        1.1847097873687744,
        0.9260610342025757,
        0.688414454460144,
        0.540361225605011,
        0.2878040075302124,
        0.21453608572483063,
        0.1621897667646408,
        -0.03292287141084671,
        -0.07915838062763214,
        -0.1333158016204834,
        -0.11286450922489166,
        -0.17082221806049347,
        -0.2592090368270874,
        -0.17003771662712097,
        -0.22434711456298828,
        -0.21891653537750244,
        -0.33664071559906006,
        -0.2954403758049011,
        -0.36041298508644104,
        -0.2869868874549866,
        -0.2048717588186264,
        -0.17632094025611877,
        -0.2314356565475464,
        -0.29750484228134155
    ]
}