{
    "seed": 1000001,
    "theta": [
        0.23011669516563416,
        0.6292868852615356
    ],
    "x": [
        1.8935235738754272,
        1.4316325187683105,
        0.9980363845825195,
        0.7145002484321594,
        0.5323753356933594,
        0.31330594420433044,
        0.31288576126098633,
        0.16924349963665009,
        0.008151428773999214,
        -0.0409911647439003,
        -0.07130274176597595,
        -0.11708357185125351,
        -0.06553985178470612,
        -0.2040119767189026,
        -0.22236096858978271,
        -0.11572536081075668,
        -0.05745765194296837,
        -0.10500568151473999,
        -0.09628520905971527,
        -0.1682748645544052,
        -0.2498067170381546,
        -0.22837775945663452,
        -0.2883543372154236,
        -0.3259508013725281,
        -0.44687044620513916
    ]
}