{
    "seed": 1000008,
    "theta": [
        0.332232266664505,
        0.5020289421081543
    ],
    "x": [
        1.8935235738754272,
        1.2441277503967285,
        0.7586042284965515,
        0.41711628437042236,
        0.1923881471157074,
        -0.12681961059570312,
        -0.24026623368263245,
        -0.28940826654434204,
        -0.3551054000854492,
        -0.3467444181442261,
        -0.38037431240081787,
        -0.3524076044559479,
        -0.3538798987865448,
        -0.4593829810619354,
        -0.4343371093273163,
        -0.4599896967411041,
        -0.5108813047409058,
        -0.4517626166343689,
        -0.3881937563419342,
        -0.34208357334136963,
        -0.30794909596443176,
        -0.3593961000442505,
        -0.5559741854667664,
        -0.5378879904747009,
        -0.6504254341125488
    ]
}