{
    "seed": 1000002,
    "theta": [
        0.3108937740325928,
        0.7297539710998535
    ],
    "x": [
        1.8935235738754272,
        1.5331268310546875,
        1.2565075159072876,
        0.9586061239242554,
        0.7550553679466248,
        0.5356009602546692,
        0.34532925486564636,
        0.16271266341209412,
        0.03419506922364235,
        0.03640584275126457,
        -0.05133207514882088,
        0.06744815409183502,
        -0.04629937559366226,
        -0.033367760479450226,
        -0.027195721864700317,
        -0.04523058608174324,
        -0.12655645608901978,
        -0.11397743225097656,
        -0.04511186480522156,
        0.14874178171157837,
        0.006659349426627159,
        0.048005275428295135,
        0.03621874749660492,
        0.054651882499456406,
        -0.1095464900135994
    ]
}