{
    "seed": 1000003,
    "theta": [
        0.16721507906913757,
        0.4682028293609619
    ],
    "x": [
        1.8935235738754272,
        1.1616134643554688,
        0.7249090671539307,
        0.48496657609939575,
        0.18068459630012512,
        -0.1181732639670372,
        -0.14986969530582428,
        -0.16485141217708588,
        -0.19790536165237427,
        -0.23705263435840607,
        -0.2890832722187042,
        -0.3151739239692688,
        -0.3392844796180725,
        -0.32118040323257446,
        -0.3312722146511078,
        -0.36378973722457886,
        -0.39753666520118713,
        -0.409556120634079,
        -0.40674933791160583,
        -0.47102591395378113,
        -0.5267568826675415,
        -0.5785571336746216,
        -0.5873935222625732,
        -0.6087460517883301,
        -0.543124258518219
    ]
}