{
    "seed": 1000010,
    "theta": [
        -0.3613869547843933,
        -0.6976220011711121
    ],
    "x": [
        1.8935235738754272,
        1.3873530626296997,
        1.02008855342865,
        0.6558218002319336,
        0.4340669512748718,
        0.11756272614002228,
        -0.13914170861244202,
        -0.4084351062774658,
        -0.5756378173828125,
        -0.6972113847732544,
        -0.8284188508987427,
        -0.9220516681671143,
        -1.0439475774765015,
        -1.1263220310211182,
        -1.1536915302276611,
        -1.1252707242965698,
        -1.1700233221054077,
        -1.3085017204284668,
        -1.3151651620864868,
        -1.4188075065612793,
        -1.4079746007919312,
        -1.4890892505645752,
        -1.532364845275879,
        -1.4843566417694092,
        -1.4147948026657104
    ]
}