{
    "seed": 1000000,
    "theta": [
        -0.10898123681545258,
        -0.42670679092407227
    ],
    "x": [
        1.8935235738754272,
        1.3485329151153564,
        0.789358913898468,
        0.4505149722099304,
        0.070192851126194,
        -0.1358063668012619,
        -0.39532020688056946,
        -0.5580979585647583,
        -0.6605511903762817,
        -0.6822449564933777,
        -0.7933990955352783,
        -0.9554965496063232,
        -1.026679277420044,
        -1.0211609601974487,
        -1.0613802671432495,
        -1.1328060626983643,
        -1.0486503839492798,
        -1.1162604093551636,
        -1.0776784420013428,
        -1.1237001419067383,
        -1.1970479488372803,
        -1.351346492767334,
        -1.3547916412353516,
        -1.241966962814331,
        -1.1695406436920166
    ]
}