{
    "seed": 1000009,
    "theta": [
        -0.26340413093566895,
        -0.5496755242347717
    ],
    "x": [
        1.8935235738754272,
        1.4101252555847168,
        0.9806926846504211,
        0.6416940093040466,
        0.42878657579421997,
        0.10633748024702072,
        -0.007815936580300331,
        -0.08567740768194199,
        -0.23549318313598633,
        -0.4248684346675873,
        -0.4625319242477417,
        -0.44106218218803406,
        -0.5683516263961792,
        -0.5884117484092712,
        -0.5931829214096069,
        -0.7350977659225464,
        -0.7922639846801758,
        -0.915479302406311,
        -1.0378955602645874,
        -0.9008067846298218,
        -0.8532953858375549,
        -0.9874202609062195,
        -1.0694866180419922,
        -1.0213435888290405,
        -1.0994722843170166
    ]
}