{
    "seed": 1000002,
    "theta": [
        -0.1569541096687317,
        -0.3612455725669861
    ],
    "x": [
        1.8935235738754272,
        1.4970148801803589,
        1.156650424003601,
        0.779868483543396,
        0.4828627109527588,
        0.16666445136070251,
        -0.12457341700792313,
        -0.40893611311912537,
        -0.6391317844390869,
        -0.7334805727005005,
        -0.9012903571128845,
        -0.8572908043861389,
        -1.0220959186553955,
        -1.0622566938400269,
        -1.0990148782730103,
        -1.1521642208099365,
        -1.2643712759017944,
        -1.285076379776001,
        -1.2427057027816772,
        -1.0644360780715942,
        -1.201336145401001,
        -1.168976068496704,
        -1.184364676475525,
        -1.1700292825698853,
        -1.3359096050262451
    ]
}