{
    "seed": 1000012,
    "theta": [
        -0.13572333753108978,
        -0.5025345087051392
    ],
    "x": [
        1.8935235738754272,
        1.2285491228103638,
        0.9398384690284729,
        0.6531248092651367,
        0.44224947690963745,
        0.12387601286172867,
        -0.027462998405098915,
        -0.15124112367630005,
        -0.41033610701560974,
        -0.5277509689331055,
        -0.6451103091239929,
        -0.6820036172866821,
        -0.7854799628257751,
        -0.9169403910636902,
        -0.8716673851013184,
        -0.9539434313774109,
        -0.9767269492149353,
        -1.1172802448272705,
        -1.1059781312942505,
        -1.1918258666992188,
        -1.1417460441589355,
        -1.0720711946487427,
        -1.0461267232894897,
        -1.1007258892059326,
        -1.1715255975723267
    ]
}