{
    "seed": 1000005,
    "theta": [
        -0.39339718222618103,
        -0.8511660099029541
    ],
    "x": [
        1.8935235738754272,
        1.5107738971710205,
        1.2182528972625732,
        0.8635740876197815,
        0.6293479204177856,
        0.4007616639137268,
        0.2695853114128113,
        0.06675136834383011,
        -0.0620061494410038,
        -0.2859395146369934,
        -0.529094398021698,
        -0.5978204607963562,
        -0.7073439955711365,
        -0.8287345767021179,
        -0.9526757597923279,
        -1.0700900554656982,
        -1.1672717332839966,
        -1.1595888137817383,
        -1.2113075256347656,
        -1.2293428182601929,
        -1.223233699798584,
        -1.169831395149231,
        -1.0944617986679077,
        -1.1700456142425537,
        -1.2355725765228271
    ]
}