{
    "seed": 1000004,
    "theta": [
        -0.10580526292324066,
        -0.4477931261062622
    ],
    "x": [
        1.8935235738754272,
        1.2916579246520996,
        0.8867488503456116,
        0.37648019194602966,
        0.03779458627104759,
        -0.09569790214300156,
        -0.24857133626937866,
        -0.40529757738113403,
        -0.4257257878780365,
        -0.6059859991073608,
        -0.6203017234802246,
        -0.7322571277618408,
        -0.6392313838005066,
        -0.726118803024292,
        -0.7295359969139099,
        -0.8123045563697815,
        -0.8268404603004456,
        -1.0494911670684814,
        -1.078812837600708,
        -1.1124072074890137,
        -1.0872852802276611,
        -1.0615195035934448,
        -1.2489546537399292,
        -1.2991914749145508,
        -1.5033740997314453
    ]
}