{
    "seed": 1000008,
    "theta": [
        -0.13561561703681946,
        -0.5889989733695984
    ],
    "x": [
        1.8935235738754272,
        1.329411506652832,
        0.8536646962165833,
        0.4748329520225525,
        0.1872640699148178,
        -0.20494844019412994,
        -0.4086471498012543,
        -0.5430538654327393,
        -0.6838735938072205,
        -0.7437955141067505,
        -0.8331214785575867,
        -0.8543689250946045,
        -0.8939306735992432,
        -1.0310760736465454,
        -1.042074203491211,
        -1.0951961278915405,
        -1.1712085008621216,
        -1.1376296281814575,
        -1.089653730392456,
        -1.050492763519287,
        -1.0177916288375854,
        -1.067230224609375,
        -1.2669609785079956,
        -1.2698761224746704,
        -1.3980919122695923
    ]
}