{
    "seed": 1000003,
    "theta": [
        -0.4240357577800751,
        -0.338853120803833
    ],
    "x": [
        1.8935235738754272,
        1.371979832649231,
        1.034860372543335,
        0.8313910365104675,
        0.5310072302818298,
        0.19961731135845184,
        0.1037963405251503,
        0.02832869067788124,
        -0.06001525744795799,
        -0.15199220180511475,
        -0.2553960978984833,
        -0.3330948054790497,
        -0.4059537351131439,
        -0.4338335692882538,
        -0.4824715852737427,
        -0.5502883195877075,
        -0.6191135048866272,
        -0.6661611199378967,
        -0.6957687735557556,
        -0.7883939743041992,
        -0.8768086433410645,
        -0.9641178846359253,
        -1.010498285293579,
        -1.066114902496338,
        -1.0333352088928223
    ]
}