{
    "seed": 1000004,
    "theta": [
        -0.22920824587345123,
        -0.16381524503231049
    ],
    "x": [
        1.8935235738754272,
        1.3844904899597168,
        1.0432482957839966,
        0.5768384337425232,
        0.26265665888786316,
        0.1415315717458725,
        -0.004175709560513496,
        -0.15861348807811737,
        -0.1809740960597992,
        -0.3633729815483093,
        -0.38394662737846375,
        -0.5015485286712646,
        -0.4160620868206024,
        -0.5070304870605469,
        -0.5160440802574158,
        -0.6036306023597717,
        -0.6242844462394714,
        -0.8524687886238098,
        -0.8919661045074463,
        -0.9348912239074707,
        -0.9184907674789429,
        -0.8994818925857544,
        -1.0919965505599976,
        -1.1511555910110474,
        -1.36412513256073
    ]
}