{
    "seed": 1000001,
    "theta": [
        -0.3611341714859009,
        -0.1777612566947937
    ],
    "x": [
        1.8935235738754272,
        1.5639228820800781,
        1.1910953521728516,
        0.909290611743927,
        0.6951475143432617,
        0.42661479115486145,
        0.35714638233184814,
        0.1532287448644638,
        -0.07742303609848022,
        -0.20628653466701508,
        -0.311943918466568,
        -0.4270278215408325,
        -0.4413457214832306,
        -0.6311690211296082,
        -0.7106821537017822,
        -0.6595654487609863,
        -0.6371130347251892,
        -0.7090100049972534,
        -0.7271497845649719,
        -0.821536660194397,
        -0.9311167001724243,
        -0.9437932372093201,
        -1.0309836864471436,
        -1.0994088649749756,
        -1.251664161682129
    ]
}