{
    "seed": 1000002,
    "theta": [
        -0.28035709261894226,
        -0.07726660370826721
    ],
    "x": [
        1.8935235738754272,
        1.5909534692764282,
        1.3212207555770874,
        0.9965046644210815,
        0.7347716689109802,
        0.44143909215927124,
        0.16197191178798676,
        -0.11950202286243439,
        -0.35424312949180603,
        -0.45816439390182495,
        -0.6364974975585938,
        -0.6056483387947083,
        -0.7806252837181091,
        -0.8335612416267395,
        -0.8822471499443054,
        -0.9465146660804749,
        -1.0695514678955078,
        -1.1022968292236328,
        -1.0707447528839111,
        -0.9006906151771545,
        -1.0402240753173828,
        -1.013496994972229,
        -1.0329092741012573,
        -1.0223982334136963,
        -1.191198706626892
    ]
}