{
    "seed": 1000009,
    "theta": [
        0.4115085005760193,
        -0.635568380355835,
        -0.751935601234436,
        0.506172239780426,
        0.07420653104782104
    ],
    "x": [
        -0.11669197678565979,
        -0.07366303354501724,
        0.7010667324066162,
        1.1057158708572388,
        -0.5871630311012268,
        0.5173478722572327,
        0.5590518712997437,
        -1.0985859632492065,
        -0.5222135782241821,
        0.5289143323898315,
        0.5661036372184753,
        0.4418571889400482,
        0.09195661544799805,
        0.013980519957840443,
        -2.259140968322754,
        0.32793161273002625,
        0.07339394837617874,
        -0.20392818748950958,
        -0.6426402926445007,
        -0.7788142561912537,
        0.03173540532588959,
        -0.4684702754020691,
        0.29956182837486267,
        -0.31204888224601746,
        -0.07258819788694382,
        0.23496350646018982,
        -0.1277305632829666,
        -0.1611527055501938,
        0.12649081647396088,
        -0.27382999658584595,
        -0.5354428291320801,
        -0.01671295054256916,
        -0.4181806147098541,
        -0.20442496240139008,
        0.18134884536266327,
        0.11903560906648636,
        -0.6108168959617615,
        0.17215712368488312,
        -0.4256810247898102,
        0.449346125125885,
        -0.04771631211042404,
        -0.6959837079048157,
        -0.3166595995426178,
        0.274775892496109,
        -0.0047840247862041,
        -0.22165445983409882,
        -0.8740140795707703,
        -0.29693707823753357,
        0.43246591091156006,
        -0.2467104196548462,
        -0.03636309131979942,
        0.10205492377281189,
        -0.2465926706790924,
        0.08727981895208359,
        0.125571146607399,
        0.19975270330905914,
        0.036737002432346344,
        -0.003106381744146347,
        0.18288372457027435,
        0.1401476413011551,
        0.03987643122673035,
        0.19989125430583954,
        0.030041474848985672,
        0.34683483839035034,
        0.1412958800792694,
        -0.010542676784098148,
        -0.3721662163734436,
        0.11361008137464523,
        -0.0072817192412912846,
        -0.5307756662368774,
        -0.25654783844947815,
        -0.30154094099998474,
        0.5172776579856873,
        0.009993195533752441,
        0.019665395841002464,
        0.1547812670469284,
        -0.061213281005620956,
        -0.08963124454021454,
        -0.1700558215379715,
        -0.07961229234933853,
        0.07372286915779114,
        -0.45555630326271057,
        0.15514127910137177,
        0.07791442424058914,
        -0.07075139880180359,
        0.08909956365823746,
        -0.7015843987464905,
        0.10428398102521896,
        -0.13412916660308838,
        -0.11736875027418137,
        0.10069329291582108,
        -0.22457090020179749,
        -0.3023477792739868,
        0.009677992202341557,
        -0.38768285512924194,
        0.12772373855113983,
        -0.29301872849464417,
        -0.08520472049713135
    ]
}