{
    "seed": 1000000,
    "theta": [
        1.2618284225463867,
        -0.3089442253112793,
        0.18048694729804993,
        0.8441817760467529,
        -0.44111377000808716
    ],
    "x": [
        -0.1588788479566574,
        0.08133666217327118,
        0.24351847171783447,
        0.30444958806037903,
        -0.7844622731208801,
        -0.045223623514175415,
        0.03725578635931015,
        -1.1314043998718262,
        -0.7440088987350464,
        0.547530472278595,
        0.4150417447090149,
        0.6035822033882141,
        1.6783391237258911,
        0.5544289350509644,
        5.0350565910339355,
        0.6717562079429626,
        -0.2789485454559326,
        -0.4647027850151062,
        -1.0503324270248413,
        -0.06234043836593628,
        0.8066645860671997,
        0.5503643751144409,
        -1.691652536392212,
        0.3835490047931671,
        -0.1382226198911667,
        0.8429217338562012,
        -0.21362410485744476,
        0.25939619541168213,
        -0.0067194802686572075,
        -0.2277064323425293,
        -0.8803654313087463,
        -0.11883478611707687,
        -0.3031362295150757,
        -0.7297689318656921,
        0.7238768339157104,
        -0.09411465376615524,
        -0.20554402470588684,
        0.4915006160736084,
        -0.09031464904546738,
        -0.6371753811836243,
        0.1331615298986435,
        -0.6599711775779724,
        -1.007581114768982,
        -0.3759441077709198,
        0.697561502456665,
        -0.09609056264162064,
        -0.2970516085624695,
        0.32441002130508423,
        -1.0611716508865356,
        0.3610367178916931,
        -0.08759921044111252,
        -0.1904308944940567,
        0.1609461009502411,
        0.08186095952987671,
        0.13308800756931305,
        0.4974122941493988,
        -0.8828948140144348,
        -0.2846949100494385,
        -7.671506881713867,
        -0.536652684211731,
        -0.03276101499795914,
        -0.2865462899208069,
        0.5609081387519836,
        -0.20034953951835632,
        -0.24740809202194214,
        -0.6186527609825134,
        0.45175379514694214,
        -0.2882952392101288,
        0.48020198941230774,
        0.7375898361206055,
        -0.5683056712150574,
        -0.4551602303981781,
        -0.30756381154060364,
        0.22445553541183472,
        0.2368207722902298,
        0.6558137536048889,
        0.7015333771705627,
        -0.8948354721069336,
        0.12344998866319656,
        -0.2629983723163605,
        -0.19980908930301666,
        -0.10187897086143494,
        -0.42272230982780457,
        0.010905464179813862,
        -0.7200369834899902,
        -0.3618820905685425,
        -0.6297760605812073,
        -0.09686066955327988,
        0.4170268177986145,
        -0.3275827467441559,
        1.0680139064788818,
        -0.2608063220977783,
        -0.6805077195167542,
        -0.30734536051750183,
        -0.11087676882743835,
        0.05404077097773552,
        -0.0241434033960104,
        -0.05520598962903023
    ]
}