{
    "seed": 1000002,
    "theta": [
        1.1976358890533447,
        0.08019593358039856,
        0.12207776308059692,
        0.0009239912033081055,
        -0.8512788414955139
    ],
    "x": [
        -0.1244032233953476,
        -0.2163689285516739,
        0.09814800322055817,
        -0.19827565550804138,
        0.017104998230934143,
        0.27921634912490845,
        -0.46808409690856934,
        -0.09872880578041077,
        0.6997610330581665,
        0.1719381958246231,
        -0.0977514237165451,
        -0.13357053697109222,
        0.3633583188056946,
        -0.06816177815198898,
        -0.17335078120231628,
        1.3691836595535278,
        0.15994656085968018,
        -0.4259207546710968,
        0.2642490863800049,
        0.10596827417612076,
        0.1291956603527069,
        -0.340232789516449,
        -0.8919345140457153,
        -0.4338071942329407,
        -0.4061073958873749,
        0.09732186794281006,
        0.892217218875885,
        -0.45028963685035706,
        0.4933721721172333,
        -0.7649585008621216,
        0.24685245752334595,
        -0.07801986485719681,
        -0.5894812941551208,
        -0.22470822930335999,
        0.381367564201355,
        -1.043774127960205,
        -0.04665788263082504,
        -0.10780904442071915,
        1.0257713794708252,
        -0.6903589963912964,
        -0.2587074637413025,
        1.2094409465789795,
        -1.1822640895843506,
        0.7897258996963501,
        -0.04486525058746338,
        0.6361650228500366,
        -0.36966457962989807,
        0.478778600692749,
        0.39470815658569336,
        0.001291987719014287,
        0.5368655920028687,
        0.06842191517353058,
        0.19005733728408813,
        -0.0025391490198671818,
        0.20382225513458252,
        0.10687527805566788,
        -0.11070918291807175,
        0.007047195918858051,
        -0.34159955382347107,
        -0.20861351490020752,
        0.874585747718811,
        -0.23730513453483582,
        0.1961268037557602,
        -0.6321751475334167,
        -0.9704486727714539,
        -0.11921358853578568,
        0.8191747665405273,
        -0.301626592874527,
        0.07899770140647888,
        0.9864071607589722,
        -0.609826922416687,
        0.15939779579639435,
        -0.17762155830860138,
        -0.03143346309661865,
        0.8118569254875183,
        0.1939607709646225,
        0.5262422561645508,
        -0.9981952905654907,
        0.01902734860777855,
        -0.5465145707130432,
        -0.11001890152692795,
        0.3315316140651703,
        -0.012763735838234425,
        -0.1462603658437729,
        -0.045016415417194366,
        0.5363762974739075,
        -1.1033999919891357,
        0.03206293284893036,
        -0.09039481729269028,
        0.279214084148407,
        0.29982322454452515,
        -0.5092407464981079,
        -0.38895708322525024,
        -0.3531833291053772,
        -0.2992345094680786,
        0.7372823357582092,
        -0.22657820582389832,
        -0.019305028021335602
    ]
}