{
    "seed": 1000004,
    "theta": [
        0.9629164338111877,
        -0.45273223519325256,
        -0.07344189286231995,
        0.3809891641139984,
        -0.31902414560317993
    ],
    "x": [
        0.2952542006969452,
        0.05812173709273338,
        -0.6156951189041138,
        0.8068225979804993,
        -0.1430596560239792,
        0.6921404600143433,
        -0.6927220821380615,
        -1.0294432640075684,
        -0.2319132387638092,
        -0.046079810708761215,
        -1.505893349647522,
        -0.0380643866956234,
        0.940051794052124,
        0.8727734088897705,
        0.23762717843055725,
        1.0340837240219116,
        2.7771198749542236,
        0.4677102267742157,
        1.1319302320480347,
        -0.04437512159347534,
        0.474393367767334,
        -0.5184949040412903,
        1.048400640487671,
        -0.6308649182319641,
        -0.4202786087989807,
        0.0014943048590794206,
        0.3002631366252899,
        0.23727017641067505,
        -0.3161533772945404,
        0.4134671986103058,
        -0.4616771936416626,
        -0.7855372428894043,
        -0.7837986946105957,
        -0.4771745502948761,
        -0.1685023158788681,
        -0.0020062895491719246,
        0.8420676589012146,
        -0.3455072343349457,
        -0.17598649859428406,
        -0.12955299019813538,
        -0.946867823600769,
        1.086902141571045,
        -0.17332416772842407,
        -0.20498552918434143,
        0.1085999459028244,
        -0.15997625887393951,
        0.21693667769432068,
        -0.012680977582931519,
        0.31714749336242676,
        -0.4810470640659332,
        -0.16539113223552704,
        -0.07976653426885605,
        -0.5412736535072327,
        0.16985391080379486,
        -0.021883029490709305,
        0.6363797783851624,
        -0.31843411922454834,
        0.2384624034166336,
        0.6218531727790833,
        -0.7992741465568542,
        0.26988685131073,
        -7.465919494628906,
        0.17689073085784912,
        -0.5800358057022095,
        -0.1727944314479828,
        0.21410232782363892,
        0.5008645057678223,
        -0.18534265458583832,
        0.15870416164398193,
        0.237837016582489,
        -0.23279151320457458,
        0.04900849238038063,
        0.4484388828277588,
        0.3464040458202362,
        0.33035728335380554,
        -0.2523578107357025,
        0.25171566009521484,
        0.18832045793533325,
        0.07185928523540497,
        0.045478615909814835,
        8.440900802612305,
        -0.5841445922851562,
        0.6430535316467285,
        0.34945571422576904,
        -0.3497839868068695,
        0.09758533537387848,
        -0.3268381357192993,
        0.04953741654753685,
        -0.4179506003856659,
        0.2887171804904938,
        -0.17583608627319336,
        -0.4803822338581085,
        -0.4774293601512909,
        -0.28334638476371765,
        0.45110052824020386,
        0.2833664119243622,
        -0.4957306981086731,
        0.13114987313747406
    ]
}