{
    "seed": 1000012,
    "theta": [
        0.5589873790740967,
        0.005313023924827576,
        0.2958747148513794,
        0.9078356027603149,
        0.3651144802570343
    ],
    "x": [
        -0.5274121165275574,
        -0.14743974804878235,
        -0.34055039286613464,
        -0.7689738273620605,
        -0.10020845383405685,
        -0.2237093448638916,
        0.31037506461143494,
        0.5172780156135559,
        -0.08828497678041458,
        0.28756898641586304,
        -1.1596050262451172,
        -0.8194183111190796,
        -0.535728931427002,
        -0.16526152193546295,
        0.4652787148952484,
        -1.0240252017974854,
        -0.7573441863059998,
        0.5945971608161926,
        0.45345067977905273,
        0.44905784726142883,
        0.7210988998413086,
        0.2877514660358429,
        -1.4721730947494507,
        -0.37292811274528503,
        0.28832995891571045,
        0.15825772285461426,
        0.11754698306322098,
        -0.7069178819656372,
        -0.4526169002056122,
        0.3653653860092163,
        1.083176851272583,
        1.5619792938232422,
        0.43557456135749817,
        0.658368706703186,
        0.2875874638557434,
        0.7871736884117126,
        -0.22174407541751862,
        -0.28140491247177124,
        -0.9367964267730713,
        0.031632207334041595,
        0.5073220729827881,
        0.8632560968399048,
        -0.046213988214731216,
        0.6113470792770386,
        -0.41341432929039,
        0.28494739532470703,
        0.19680185616016388,
        -0.17213721573352814,
        0.757159411907196,
        0.14645791053771973,
        -0.02052631974220276,
        -0.2728827893733978,
        0.7168735861778259,
        -0.5366717576980591,
        0.5802831649780273,
        1.1101619005203247,
        -1.0206719636917114,
        -0.5431658029556274,
        -0.1884356588125229,
        0.9033508896827698,
        -0.16624638438224792,
        0.27261659502983093,
        0.3793192505836487,
        -0.6648407578468323,
        -0.2736605405807495,
        -0.33156320452690125,
        -0.030420133844017982,
        0.11515762656927109,
        0.5894248485565186,
        0.6158183217048645,
        -0.42121973633766174,
        -1.2014137506484985,
        -0.9102713465690613,
        0.07982975244522095,
        0.7374588847160339,
        -0.26610779762268066,
        0.7037471532821655,
        -0.9862778782844543,
        -0.3935003876686096,
        -0.41155731678009033,
        -1.0494979619979858,
        0.24755539000034332,
        0.43267932534217834,
        -0.18961887061595917,
        -0.033583734184503555,
        0.2533057630062103,
        -0.4306274652481079,
        -0.9499794840812683,
        0.09230390191078186,
        -0.5567649602890015,
        -0.10567248612642288,
        -0.5675220489501953,
        -0.5814783573150635,
        -0.8620787858963013,
        -0.08244448155164719,
        0.4190618693828583,
        -0.07205723971128464,
        0.6712676882743835
    ]
}