{
    "seed": 1000003,
    "theta": [
        0.8210787177085876,
        -0.4253958761692047,
        -0.33597224950790405,
        -0.06998845934867859,
        0.026207786053419113
    ],
    "x": [
        -0.45440050959587097,
        0.2481752336025238,
        0.6010185480117798,
        -0.27120986580848694,
        1.1414884328842163,
        -0.31028127670288086,
        -0.37207308411598206,
        -1.225578784942627,
        -0.2566821277141571,
        0.6015496850013733,
        0.7227404117584229,
        0.5193760395050049,
        0.620835542678833,
        0.5920525193214417,
        0.32978665828704834,
        0.7565743327140808,
        -0.2995069622993469,
        -0.7104108929634094,
        0.7548952698707581,
        -0.09313119202852249,
        0.247576504945755,
        -0.2566431164741516,
        -0.5712313055992126,
        0.724151074886322,
        -0.43399396538734436,
        0.32723942399024963,
        0.10565445572137833,
        -0.01172700710594654,
        -0.40666043758392334,
        0.73740553855896,
        -0.255532443523407,
        -0.7687900066375732,
        -0.10499250888824463,
        0.9621884822845459,
        0.19632254540920258,
        -0.13640087842941284,
        0.492752343416214,
        0.03575855493545532,
        0.17051632702350616,
        0.5322944521903992,
        0.5290851593017578,
        0.5877212882041931,
        -0.056314826011657715,
        -0.1189936026930809,
        0.45553407073020935,
        -0.572467565536499,
        -0.10362358391284943,
        0.25658535957336426,
        -0.2216378152370453,
        0.4143213629722595,
        -0.22149105370044708,
        0.03941991552710533,
        -0.25723904371261597,
        -0.38438767194747925,
        0.03807155042886734,
        1.0140671730041504,
        -0.055270373821258545,
        0.13797281682491302,
        -0.12886489927768707,
        0.07024853676557541,
        0.5041254758834839,
        0.048914484679698944,
        0.08384929597377777,
        -0.8074369430541992,
        -0.3494691550731659,
        -0.13624991476535797,
        -0.49981579184532166,
        -0.39885327219963074,
        0.5465648174285889,
        0.3449290692806244,
        -0.1207512766122818,
        -0.29280826449394226,
        -0.00523705780506134,
        -0.15155503153800964,
        0.790497899055481,
        0.21867476403713226,
        0.2810289263725281,
        0.06474354863166809,
        0.07416500896215439,
        0.2864188253879547,
        -0.39421218633651733,
        0.22363987565040588,
        0.2324604094028473,
        0.5679301619529724,
        0.1469191312789917,
        -0.2231038510799408,
        -0.0026461086235940456,
        0.04955623298883438,
        -0.0033037846442312002,
        0.08075649291276932,
        0.1369647979736328,
        -0.06473288685083389,
        -0.26099076867103577,
        -0.4194483458995819,
        0.23191946744918823,
        0.7631785869598389,
        0.3515016436576843,
        -0.2043488472700119
    ]
}