{
    "seed": 1000001,
    "theta": [
        0.6618993282318115,
        -0.1904984563589096,
        -0.13808518648147583,
        -0.05855357646942139,
        1.1073288917541504
    ],
    "x": [
        -0.028762077912688255,
        0.60347580909729,
        0.24523219466209412,
        0.564021646976471,
        0.11436665058135986,
        0.15646009147167206,
        0.25031641125679016,
        -1.1357678174972534,
        -0.5281422734260559,
        -0.1873934417963028,
        -0.7629920244216919,
        -0.08256268501281738,
        0.5078360438346863,
        0.18555928766727448,
        0.8806359171867371,
        -0.03867608308792114,
        0.12278174608945847,
        0.8278035521507263,
        1.160551905632019,
        -0.6722642183303833,
        -0.7962244749069214,
        1.1342579126358032,
        0.05416592210531235,
        0.41387641429901123,
        0.772250771522522,
        0.48200222849845886,
        -0.3067382574081421,
        -0.9444219470024109,
        -0.24248027801513672,
        -0.4110479950904846,
        0.046251557767391205,
        -0.0876055359840393,
        0.3826279044151306,
        -9.685088157653809,
        -0.23566506803035736,
        -0.030897868797183037,
        -0.3835456967353821,
        -0.2528006136417389,
        -0.7351139187812805,
        -0.4937557876110077,
        -0.11934531480073929,
        0.13273417949676514,
        -0.9613357186317444,
        0.03958019241690636,
        -0.46317729353904724,
        0.001061674440279603,
        -0.18385277688503265,
        0.26338326930999756,
        0.6625547409057617,
        -0.5842083692550659,
        0.11705651879310608,
        0.15080584585666656,
        0.09783996641635895,
        -0.4751223027706146,
        -0.17367412149906158,
        0.3243260979652405,
        -0.22888492047786713,
        -0.31815508008003235,
        0.5487337112426758,
        -0.5235468149185181,
        0.07118572294712067,
        -0.017034757882356644,
        0.12045267224311829,
        -0.3346866965293884,
        -0.17317457497119904,
        -0.3178473114967346,
        -0.42154231667518616,
        -0.06316377222537994,
        0.41613680124282837,
        0.25315144658088684,
        0.030273951590061188,
        -0.08859209716320038,
        -0.13096755743026733,
        0.6442232131958008,
        -0.23944519460201263,
        0.5113480687141418,
        0.08878462761640549,
        -0.791463315486908,
        0.4145376980304718,
        0.18934272229671478,
        0.4806745946407318,
        0.6016414761543274,
        0.26741212606430054,
        -0.13024863600730896,
        -0.20477111637592316,
        -0.33569392561912537,
        -0.201483815908432,
        -0.08031899482011795,
        -0.3665708601474762,
        0.9923363924026489,
        -8.430216789245605,
        -0.19084107875823975,
        -0.047186464071273804,
        0.04859846085309982,
        0.13435667753219604,
        0.2690916955471039,
        0.24068036675453186,
        0.20450791716575623
    ]
}