{
    "seed": 1000008,
    "theta": [
        -0.19825294613838196,
        0.0034754425287246704,
        -0.6742939949035645,
        -0.1833978295326233,
        0.11386873573064804
    ],
    "x": [
        0.25239139795303345,
        0.4388604164123535,
        -0.03863019868731499,
        0.01754009537398815,
        -0.1451977789402008,
        -0.28487634658813477,
        0.13719426095485687,
        -0.23095394670963287,
        0.15253329277038574,
        0.3542942404747009,
        -0.08601468801498413,
        -0.11406179517507553,
        0.18875491619110107,
        0.4542727768421173,
        0.3887344300746918,
        0.7630586624145508,
        0.10578671842813492,
        0.16271696984767914,
        0.053356822580099106,
        0.03448417782783508,
        -4.17354154586792,
        -0.8769071698188782,
        -0.15915356576442719,
        0.07880834490060806,
        -0.35064467787742615,
        -0.5698440074920654,
        -0.3747462332248688,
        0.8664172887802124,
        0.5559407472610474,
        0.09163030236959457,
        0.7774197459220886,
        -0.2672848105430603,
        -0.14571793377399445,
        0.3807665705680847,
        -0.4205235242843628,
        0.32752424478530884,
        -0.1130785346031189,
        0.036186423152685165,
        -0.303119033575058,
        -0.348079651594162,
        -0.012156927026808262,
        -0.15877220034599304,
        -0.2574208974838257,
        -0.18799853324890137,
        -0.23122836649417877,
        -0.12998464703559875,
        -0.14962993562221527,
        0.49738559126853943,
        0.20325084030628204,
        0.09560275077819824,
        0.3596501350402832,
        -0.39054352045059204,
        0.29625263810157776,
        7.901585578918457,
        -0.06781529635190964,
        -0.3330439627170563,
        -0.5455005168914795,
        0.649753212928772,
        -0.46557652950286865,
        0.5142141580581665,
        -0.004568751435726881,
        0.46898168325424194,
        -0.2426115721464157,
        0.2632046937942505,
        0.28488537669181824,
        -0.0395100973546505,
        0.398823618888855,
        0.08734244108200073,
        -0.6082906723022461,
        0.2467901110649109,
        -0.015621430240571499,
        -0.4912276566028595,
        0.18692651391029358,
        0.7293413877487183,
        0.2290826290845871,
        -0.06562602519989014,
        -0.102632075548172,
        0.2518037259578705,
        0.09194818884134293,
        0.26401597261428833,
        0.295009046792984,
        -0.10433369874954224,
        -0.03324263170361519,
        0.26646408438682556,
        0.0037039308808743954,
        0.05178852379322052,
        0.39552032947540283,
        0.1185975968837738,
        0.07309745252132416,
        -0.15449759364128113,
        -0.25520607829093933,
        -0.2776273190975189,
        0.24508170783519745,
        0.9101296663284302,
        -0.0427834577858448,
        0.30249136686325073,
        0.029830023646354675,
        -0.34147047996520996
    ]
}