{
    "seed": 1000009,
    "theta": [
        0.09603114426136017,
        0.08493026345968246,
        0.34042948484420776,
        0.15910516679286957,
        -0.18831215798854828,
        -0.06208124756813049,
        -0.03330576419830322,
        -0.03524439036846161,
        0.09606663137674332,
        -0.2849184572696686
    ],
    "x": [
        0.31717273592948914,
        0.8231937885284424,
        0.2090321183204651,
        0.6200892925262451,
        -0.49570232629776,
        0.5177912712097168,
        -0.21021971106529236,
        0.2427028864622116,
        0.3658778667449951,
        -0.6445115804672241
    ]
}