{
    "seed": 1000001,
    "theta": [
        0.15076540410518646,
        -0.08449216187000275,
        0.07089364528656006,
        0.16641555726528168,
        0.03199385851621628,
        -0.14442026615142822,
        0.05328834801912308,
        -0.43090546131134033,
        0.26598766446113586,
        0.006171295419335365
    ],
    "x": [
        -0.2790988087654114,
        -0.40411168336868286,
        0.1563883125782013,
        0.322598397731781,
        0.7072941660881042,
        -0.15507139265537262,
        0.6469787955284119,
        0.35945188999176025,
        0.49747854471206665,
        0.0491657555103302
    ]
}