{
    "seed": 1000004,
    "theta": [
        -0.09031781554222107,
        0.11333349347114563,
        0.13954539597034454,
        0.1878555715084076,
        -0.017518434673547745,
        -0.13903772830963135,
        0.3258924186229706,
        -0.09593901038169861,
        0.040166303515434265,
        0.04776972904801369
    ],
    "x": [
        0.15493358671665192,
        0.4347441792488098,
        0.03861115127801895,
        -0.3371630609035492,
        -0.009987128898501396,
        -0.5716543197631836,
        0.20661339163780212,
        0.18824642896652222,
        0.5071231722831726,
        0.24438482522964478
    ]
}