{
    "seed": 1000005,
    "theta": [
        -0.07978809624910355,
        0.1792970597743988,
        0.4159518778324127,
        -0.018250945955514908,
        0.14402936398983002,
        -0.09865479171276093,
        0.09719192236661911,
        -0.033884406089782715,
        -0.17821845412254333,
        -0.020006734877824783
    ],
    "x": [
        0.3617503345012665,
        0.2306899130344391,
        0.29899200797080994,
        -0.5223693251609802,
        -0.13312838971614838,
        0.22840450704097748,
        -0.3764837682247162,
        0.4451146125793457,
        -0.029220640659332275,
        -0.26214826107025146
    ]
}