{
    "seed": 1000012,
    "theta": [
        0.08852872997522354,
        0.6110416054725647,
        -0.008967354893684387,
        -0.17078129947185516,
        0.0028441250324249268,
        -0.1582440435886383,
        0.1830841600894928,
        -0.1776578426361084,
        -0.02910609543323517,
        -0.26027318835258484
    ],
    "x": [
        0.16683784127235413,
        0.8784261345863342,
        0.017407754436135292,
        -0.058270543813705444,
        0.11982376128435135,
        -0.4939073920249939,
        0.03622214496135712,
        0.08817005157470703,
        -0.30562734603881836,
        0.12612178921699524
    ]
}