{
    "seed": 1000010,
    "theta": [
        0.2050422877073288,
        0.11521892249584198,
        0.08748245239257812,
        -0.10867419838905334,
        0.3082371652126312,
        -0.1408633440732956,
        0.007987555116415024,
        -0.09043285250663757,
        0.07989384233951569,
        0.12428957223892212
    ],
    "x": [
        -0.12134714424610138,
        0.6510285139083862,
        -0.19847717881202698,
        -0.4173930883407593,
        0.3231949806213379,
        -0.14524859189987183,
        0.36922749876976013,
        0.17235684394836426,
        -0.0800057202577591,
        -0.00729900598526001
    ]
}