{
    "seed": 1000008,
    "theta": [
        -0.07041829824447632,
        -0.076197549700737,
        -0.2510679364204407,
        0.28051355481147766,
        0.28099605441093445,
        0.02369404211640358,
        0.12540310621261597,
        -0.20535629987716675,
        -0.05738712102174759,
        0.1218467652797699
    ],
    "x": [
        -0.20100519061088562,
        0.1120261698961258,
        0.2068437933921814,
        0.3112272322177887,
        0.5920196175575256,
        0.7521687150001526,
        -0.08684021234512329,
        -0.31589046120643616,
        -0.3089906871318817,
        -0.33176401257514954
    ]
}