{
    "seed": 1000003,
    "theta": [
        0.09771622717380524,
        -0.2593725323677063,
        0.11251398175954819,
        -0.17448276281356812,
        -0.013952713459730148,
        0.1042059063911438,
        -0.25511547923088074,
        0.010641232132911682,
        -0.1331605613231659,
        -0.37262415885925293
    ],
    "x": [
        0.1505010724067688,
        -0.3041341006755829,
        -0.6190162897109985,
        -0.3598937392234802,
        -0.16617679595947266,
        -0.027124658226966858,
        -0.9640272855758667,
        -0.19406142830848694,
        0.16770151257514954,
        -0.31839075684547424
    ]
}