{
    "seed": 1000001,
    "theta": [
        0.28683146834373474,
        -0.46258318424224854,
        0.16304543614387512,
        0.4303780794143677,
        -0.14665818214416504,
        0.219417542219162,
        -0.02625771425664425,
        -0.19745032489299774,
        -0.03423893824219704,
        -0.11538328230381012
    ],
    "x": [
        1.154772162437439,
        -0.496420294046402,
        0.085028737783432,
        0.5390838384628296,
        0.05898846685886383,
        0.13920049369335175,
        0.198325514793396,
        -1.2150073051452637,
        -0.21366620063781738,
        -0.5334020256996155
    ]
}