{
    "seed": 1000003,
    "theta": [
        -0.33860743045806885,
        0.43261921405792236,
        -0.3680156171321869,
        0.3393007516860962,
        0.4378248155117035,
        0.06046915799379349,
        -0.4565604627132416,
        -0.3399365544319153,
        -0.520665168762207,
        -0.39365217089653015
    ],
    "x": [
        -0.5822435617446899,
        -0.15502071380615234,
        -0.48406875133514404,
        0.3882213234901428,
        0.2170451134443283,
        0.20412349700927734,
        -0.9252724647521973,
        -0.3127060830593109,
        -0.7724257707595825,
        -0.38034218549728394
    ]
}