{
    "seed": 1000012,
    "theta": [
        -0.4128369390964508,
        0.4129679799079895,
        -0.29269877076148987,
        0.2208058387041092,
        0.3856072425842285,
        0.1196959987282753,
        -0.4050781726837158,
        -0.4993385970592499,
        -0.6008540391921997,
        -0.41714826226234436
    ],
    "x": [
        -0.39393243193626404,
        0.03480267524719238,
        -0.07868422567844391,
        0.08688613772392273,
        0.28496500849723816,
        0.6570267081260681,
        -0.9852893352508545,
        -0.751374363899231,
        -0.7316684722900391,
        -0.46726053953170776
    ]
}