{
    "seed": 1000008,
    "theta": [
        0.12936294078826904,
        -0.4563068747520447,
        0.3429398536682129,
        0.3005751371383667,
        -0.16561853885650635,
        0.4186660051345825,
        -0.01097485888749361,
        -0.2020712047815323,
        0.05545712262392044,
        -0.05403747037053108
    ],
    "x": [
        0.12168706208467484,
        -0.8575353622436523,
        0.13444159924983978,
        0.32430848479270935,
        -0.3923549950122833,
        0.8412439227104187,
        -0.4421961307525635,
        -0.26983141899108887,
        -0.031701333820819855,
        0.26420828700065613
    ]
}