{
    "seed": 1000004,
    "theta": [
        0.08221559226512909,
        -0.5084764361381531,
        0.23460297286510468,
        0.21376153826713562,
        -0.29862961173057556,
        0.2874962389469147,
        -0.005358243361115456,
        -0.24453838169574738,
        -0.16549280285835266,
        -0.16881397366523743
    ],
    "x": [
        -0.3804786205291748,
        0.09374898672103882,
        -0.309589147567749,
        0.35621070861816406,
        -0.24310791492462158,
        0.022835850715637207,
        0.4604867994785309,
        -0.28840216994285583,
        -0.5752659440040588,
        -0.0057849884033203125
    ]
}