{
    "seed": 1000005,
    "theta": [
        0.13392293453216553,
        -0.3675731122493744,
        0.37383049726486206,
        0.2525804936885834,
        -0.23668155074119568,
        0.2586876153945923,
        -0.017503459006547928,
        -0.24738074839115143,
        -0.1836409568786621,
        -0.03985604643821716
    ],
    "x": [
        0.06045147031545639,
        -0.13362780213356018,
        -0.33345329761505127,
        0.7978521585464478,
        -0.3320528268814087,
        0.40366682410240173,
        0.03026791289448738,
        -0.20603623986244202,
        -0.5042667984962463,
        -0.5838418006896973
    ]
}