{
    "seed": 1000002,
    "theta": [
        -0.2964867949485779,
        0.32166364789009094,
        -0.35520660877227783,
        0.24646788835525513,
        0.44704142212867737,
        0.10048822313547134,
        -0.401292085647583,
        -0.3670181632041931,
        -0.38644224405288696,
        -0.33684712648391724
    ],
    "x": [
        -0.26115426421165466,
        0.5405535697937012,
        0.09088841080665588,
        0.7534071207046509,
        0.5748996734619141,
        -0.07613656669855118,
        -1.0497561693191528,
        -0.5103104710578918,
        -0.3256385624408722,
        -0.5820984244346619
    ]
}