{
    "seed": 1000000,
    "theta": [
        -0.49848318099975586,
        0.36665400862693787,
        -0.4473586678504944,
        0.24418309330940247,
        0.38033369183540344,
        0.07137791812419891,
        -0.4272167682647705,
        -0.3793095052242279,
        -0.38391685485839844,
        -0.33422282338142395
    ],
    "x": [
        -0.4698067903518677,
        0.13198734819889069,
        -0.4966258406639099,
        0.09609723091125488,
        -0.034997910261154175,
        0.30417007207870483,
        -0.3455818295478821,
        -0.2869642972946167,
        -0.6466414332389832,
        -0.17424969375133514
    ]
}