{
    "seed": 1000003,
    "theta": [
        -0.4679110646247864,
        0.797389805316925,
        0.6759835481643677,
        1.3054497241973877,
        -1.2101036310195923
    ],
    "x": [
        -0.2789410352706909,
        -0.346182256937027,
        -0.44729048013687134,
        -0.8176560401916504,
        0.34801384806632996,
        -0.9420034885406494,
        -0.9704135060310364,
        -0.441662073135376,
        0.07179438322782516,
        0.10708124935626984,
        -0.005683811381459236,
        -0.017331285402178764,
        0.08784549683332443,
        0.032333798706531525,
        0.051568061113357544,
        0.46551087498664856,
        -0.28968170285224915,
        -1.0518349409103394,
        0.2804975211620331,
        -0.30465343594551086,
        -0.10991135984659195,
        -0.22595062851905823,
        -0.1885218620300293,
        0.6644315719604492,
        -0.3394668698310852,
        0.08338367938995361,
        0.09320572763681412,
        -0.044812191277742386,
        -0.13142427802085876,
        0.9035665392875671,
        0.14533209800720215,
        -0.32696816325187683,
        -0.06328538805246353,
        0.35918793082237244,
        0.36862871050834656,
        0.3752177953720093,
        0.9676551818847656,
        0.48750039935112,
        0.6645413041114807,
        1.2436054944992065,
        0.30042803287506104,
        0.17957793176174164,
        0.5894091129302979,
        0.5647048950195312,
        1.027466893196106,
        0.20725789666175842,
        0.5952345132827759,
        0.7194100022315979,
        -0.43371492624282837,
        0.594950795173645,
        -0.4631580114364624,
        0.287645548582077,
        -0.3175790309906006,
        -0.6335960030555725,
        0.0023548826575279236,
        1.5252413749694824,
        -0.13443969190120697,
        0.2083636075258255,
        -0.35917311906814575,
        0.14137540757656097,
        0.7518844604492188,
        0.029399970546364784,
        0.06510181725025177,
        -1.201372742652893,
        -0.44841650128364563,
        -0.1596616506576538,
        -0.8080868721008301,
        -0.6792106628417969,
        0.8020396828651428,
        0.47641557455062866,
        -0.12349987030029297,
        -0.39543524384498596,
        0.07882516831159592,
        -0.2546996772289276,
        1.2639769315719604,
        0.2810618579387665,
        0.3725450932979584,
        0.16697748005390167,
        0.16867606341838837,
        0.5047440528869629,
        -0.6039494872093201,
        0.2989482879638672,
        0.264948308467865,
        0.805282473564148,
        0.2983410954475403,
        -0.2960873246192932,
        0.030402135103940964,
        0.13532240688800812,
        0.16073213517665863,
        0.02151133492588997,
        0.325309157371521,
        -0.03333771601319313,
        -0.3574306070804596,
        -0.6241461634635925,
        0.3849436938762665,
        0.7631785869598389,
        0.5713325142860413,
        -0.2535317838191986
    ]
}