{
    "seed": 1000008,
    "theta": [
        -0.6582883596420288,
        -0.9283605813980103,
        1.0342689752578735,
        -0.7159227728843689,
        0.17614059150218964
    ],
    "x": [
        -0.21265991032123566,
        0.07842893898487091,
        -0.6269001364707947,
        -0.5042069554328918,
        -0.6708030104637146,
        -0.8316860795021057,
        -0.38749366998672485,
        0.09878125786781311,
        0.27856504917144775,
        0.11735516041517258,
        -0.48631805181503296,
        -0.515895426273346,
        -0.20957709848880768,
        0.08551821857690811,
        0.19412371516227722,
        0.5716211199760437,
        -0.020988479256629944,
        -0.021293338388204575,
        -0.16579002141952515,
        -0.17144249379634857,
        -4.17354154586792,
        -0.9054951071739197,
        -0.15285079181194305,
        0.15821218490600586,
        -0.32523900270462036,
        -0.6315823793411255,
        -0.3927571177482605,
        0.9048510789871216,
        0.7937946319580078,
        0.30473417043685913,
        1.0171012878417969,
        -0.10425611585378647,
        0.0758073553442955,
        0.5448184013366699,
        -0.21797659993171692,
        0.7456465363502502,
        0.2954036295413971,
        0.4348326623439789,
        0.10061391443014145,
        -0.1051459014415741,
        -0.06668180227279663,
        -0.1686524748802185,
        0.27745893597602844,
        0.33003729581832886,
        0.28910529613494873,
        0.39050665497779846,
        0.613961935043335,
        1.4746817350387573,
        0.6397151350975037,
        -0.6346330642700195,
        0.06850194185972214,
        -0.10643710196018219,
        0.2868959605693817,
        7.901585578918457,
        0.5053683519363403,
        0.4220760762691498,
        -1.2784833908081055,
        0.22425127029418945,
        -0.5098804831504822,
        0.48728668689727783,
        0.31222987174987793,
        1.0028679370880127,
        0.5065558552742004,
        -0.47245991230010986,
        -0.5117675065994263,
        -0.2773113548755646,
        0.375899076461792,
        0.40719518065452576,
        0.014065615832805634,
        0.9517428874969482,
        -0.7393943071365356,
        -1.0134326219558716,
        -0.18305902183055878,
        0.6351586580276489,
        0.5848740339279175,
        0.5000701546669006,
        0.6303504109382629,
        -0.5005472302436829,
        -0.4924588203430176,
        -0.08792620897293091,
        0.1379697322845459,
        0.14907559752464294,
        0.6509912610054016,
        0.9617626667022705,
        -0.7163454294204712,
        -0.5256523489952087,
        0.0499759167432785,
        0.0709669217467308,
        0.27707502245903015,
        0.44902125000953674,
        0.6980206966400146,
        -0.9916513562202454,
        -0.34661316871643066,
        0.5131056904792786,
        -0.0385151244699955,
        0.018387606367468834,
        0.4000706374645233,
        0.27054446935653687
    ]
}