{
    "seed": 1000000,
    "theta": [
        -0.45745810866355896,
        0.5319637060165405,
        0.2889639735221863,
        1.2325351238250732,
        -1.4232555627822876
    ],
    "x": [
        0.013876072131097317,
        -0.3389219045639038,
        -0.364933043718338,
        -0.27074113488197327,
        -0.9522063136100769,
        -0.5112909078598022,
        -0.4033357799053192,
        -0.5353743433952332,
        -0.41099122166633606,
        0.08219773322343826,
        -0.1482563614845276,
        0.09002586454153061,
        0.8234211206436157,
        0.04267839342355728,
        5.0350565910339355,
        0.3140079975128174,
        -0.3124135732650757,
        -0.5938140153884888,
        -0.9990372061729431,
        -0.29770979285240173,
        0.3127894103527069,
        0.4375404417514801,
        -0.7493940591812134,
        0.319084107875824,
        -0.027562089264392853,
        0.25120943784713745,
        -0.20067833364009857,
        0.2444576919078827,
        0.21977439522743225,
        0.02399822324514389,
        -0.3137204647064209,
        0.26472076773643494,
        -0.2353469878435135,
        -0.43749767541885376,
        0.47261545062065125,
        0.2939366102218628,
        0.2396724820137024,
        0.6716210842132568,
        0.3217933177947998,
        0.0811748206615448,
        0.04854884743690491,
        -0.29156824946403503,
        -0.302253395318985,
        0.1551513373851776,
        0.9902322292327881,
        0.3442440629005432,
        0.4774632453918457,
        0.5104575157165527,
        -0.5029436945915222,
        0.5630838871002197,
        -0.22159820795059204,
        -0.28833794593811035,
        0.19751793146133423,
        -0.028756193816661835,
        -0.04734452813863754,
        0.3370935320854187,
        -1.0123080015182495,
        -0.10852204263210297,
        -7.671506881713867,
        -0.8492669463157654,
        -0.16482090950012207,
        -0.5840176939964294,
        0.42810603976249695,
        0.034700099378824234,
        -0.08121751993894577,
        -0.5417807102203369,
        0.6178157329559326,
        -0.45255953073501587,
        0.3797525465488434,
        0.6602487564086914,
        -0.448686420917511,
        -0.3418002128601074,
        -0.2744503617286682,
        0.24052199721336365,
        0.12797895073890686,
        0.6951621174812317,
        0.6087760329246521,
        -0.8497353792190552,
        0.373638391494751,
        -0.2518431544303894,
        -0.2788737118244171,
        -0.23382191359996796,
        -0.7967807054519653,
        -0.2476835995912552,
        -0.6136277914047241,
        -0.249851793050766,
        -0.6592295169830322,
        -0.12382271885871887,
        0.5189469456672668,
        -0.5160168409347534,
        1.0476398468017578,
        -0.0471637025475502,
        -0.6334002614021301,
        -0.2560213506221771,
        -0.159194216132164,
        0.18403036892414093,
        -0.260902464389801,
        -0.22335153818130493
    ]
}