{
    "seed": 1000002,
    "theta": [
        -0.8727989196777344,
        -1.1483925580978394,
        0.46536484360694885,
        -0.8364626169204712,
        -0.40714943408966064
    ],
    "x": [
        -0.1770477145910263,
        -0.3949778974056244,
        -0.5999793410301208,
        -0.6523683071136475,
        -0.5140963792800903,
        -0.35163500905036926,
        -0.8093316555023193,
        0.008914976380765438,
        0.2483331561088562,
        -0.2895791530609131,
        -0.49065181612968445,
        -0.4821854829788208,
        -0.15163660049438477,
        -0.4513185918331146,
        -0.22080522775650024,
        0.7423778772354126,
        -0.10888563096523285,
        -0.5595865845680237,
        -0.10000653564929962,
        -0.15257839858531952,
        -0.13345448672771454,
        -0.1968931406736374,
        -0.41398224234580994,
        -0.07203375548124313,
        -0.2625558078289032,
        -0.08010685443878174,
        0.36451584100723267,
        -0.28234565258026123,
        0.5169383883476257,
        -0.23419895768165588,
        0.38353654742240906,
        0.06202128529548645,
        -0.2211899608373642,
        -0.08706479519605637,
        0.38020089268684387,
        -0.24996763467788696,
        0.35821595788002014,
        0.34284648299217224,
        1.0601248741149902,
        -0.17519600689411163,
        0.11477291584014893,
        0.2604348957538605,
        -0.18404045701026917,
        1.005834937095642,
        0.5189195275306702,
        0.9152357578277588,
        0.3998638689517975,
        0.6477658152580261,
        0.5723597407341003,
        -0.23069724440574646,
        0.1332063525915146,
        0.08020492643117905,
        0.16359497606754303,
        0.1703563630580902,
        0.44560712575912476,
        0.45422735810279846,
        -0.5049045085906982,
        -0.1943463236093521,
        -0.44911983609199524,
        -0.05183165520429611,
        0.8019166588783264,
        0.13127084076404572,
        0.5201194286346436,
        -0.8387427926063538,
        -1.0260233879089355,
        -0.20729699730873108,
        0.667098879814148,
        -0.032364800572395325,
        0.365691214799881,
        1.0904181003570557,
        -0.816519558429718,
        -0.18712083995342255,
        -0.3451020121574402,
        -0.0252764243632555,
        0.7705011367797852,
        0.4415784776210785,
        0.7584301233291626,
        -1.0944726467132568,
        -0.2841746509075165,
        -0.5753042697906494,
        -0.16216492652893066,
        0.3343985080718994,
        0.18907463550567627,
        0.27655941247940063,
        -0.4110891819000244,
        0.0859183520078659,
        -0.9607545733451843,
        -0.06198308244347572,
        0.16635316610336304,
        0.34509915113449097,
        0.7446778416633606,
        -0.7455692291259766,
        -0.5759885311126709,
        -0.42734965682029724,
        -0.23263777792453766,
        0.3838271498680115,
        0.018215928226709366,
        0.2983004152774811
    ]
}