{
    "seed": 1000004,
    "theta": [
        -0.2583838999271393,
        -0.9571222066879272,
        0.5315766930580139,
        -0.7703040242195129,
        0.008895516395568848
    ],
    "x": [
        0.04591887444257736,
        -0.16689957678318024,
        -1.2583059072494507,
        0.13808408379554749,
        -0.6254026889801025,
        0.06362952291965485,
        -1.0549960136413574,
        -0.40544649958610535,
        -0.35721853375434875,
        -0.4061700999736786,
        -1.505893349647522,
        -0.4193177819252014,
        0.3908371925354004,
        0.33244752883911133,
        0.022154338657855988,
        0.6953812837600708,
        2.7771198749542236,
        0.3144521415233612,
        0.5455104112625122,
        -0.232463076710701,
        0.17109441757202148,
        -0.4147939085960388,
        0.8403099179267883,
        -0.30455833673477173,
        -0.31757453083992004,
        -0.06813667714595795,
        0.2333824187517166,
        0.18538694083690643,
        -0.0799761563539505,
        0.5274590253829956,
        -0.04215346276760101,
        -0.5227705836296082,
        -0.4337092339992523,
        -0.2597736120223999,
        0.033457428216934204,
        0.3860671818256378,
        1.0567800998687744,
        0.08884335309267044,
        0.3006875813007355,
        0.07565867155790329,
        -0.45717543363571167,
        0.262939989566803,
        0.35409221053123474,
        0.3366983234882355,
        0.6000919938087463,
        0.448669970035553,
        0.7313889265060425,
        0.3665001094341278,
        0.41989874839782715,
        -0.555416464805603,
        -0.35831940174102783,
        0.005707844626158476,
        -0.4919368028640747,
        0.2719399034976959,
        0.20795109868049622,
        0.8218518495559692,
        -0.3482332229614258,
        0.02702713944017887,
        0.3738001883029938,
        -0.8445703387260437,
        0.337824285030365,
        -7.465919494628906,
        0.41222524642944336,
        -0.8012398481369019,
        -0.41316574811935425,
        0.14326484501361847,
        0.4951188564300537,
        -0.048830170184373856,
        0.36046233773231506,
        0.4826843738555908,
        -0.4764966070652008,
        -0.17455245554447174,
        0.2889922559261322,
        0.24625283479690552,
        0.4840957820415497,
        -0.0038886626716703176,
        0.46675431728363037,
        -0.09981659054756165,
        -0.134572371840477,
        -0.12438277900218964,
        8.440900802612305,
        -0.4619320333003998,
        0.8288924098014832,
        0.5702389478683472,
        -0.5727621912956238,
        -0.09996125102043152,
        -0.43641355633735657,
        -0.04497663304209709,
        -0.35174500942230225,
        0.38983070850372314,
        0.13477928936481476,
        -0.6896553635597229,
        -0.663303792476654,
        -0.39344173669815063,
        0.3598170578479767,
        0.25069907307624817,
        -0.21053791046142578,
        0.27090030908584595
    ]
}