{
    "seed": 1000005,
    "theta": [
        -0.49571409821510315,
        0.5483099222183228,
        0.5727809071540833,
        0.8685023784637451,
        -1.4082859754562378
    ],
    "x": [
        0.26487743854522705,
        0.11472465097904205,
        -0.4213727116584778,
        -0.8484902381896973,
        -0.8912104964256287,
        0.18366973102092743,
        -0.12957611680030823,
        -0.2637723684310913,
        0.8678433895111084,
        -0.3588851988315582,
        -0.47933903336524963,
        -1.0527149438858032,
        -0.45026853680610657,
        -0.1448332816362381,
        -0.9106577634811401,
        0.5449127554893494,
        -0.5975642800331116,
        0.5118041634559631,
        0.015911320224404335,
        0.23184487223625183,
        0.9659404754638672,
        -0.43571045994758606,
        -0.4229702949523926,
        -0.14688362181186676,
        0.4026188254356384,
        0.22155560553073883,
        0.0658794641494751,
        -0.31920939683914185,
        0.5626409649848938,
        0.42323917150497437,
        0.34138837456703186,
        -0.7045958638191223,
        0.14760391414165497,
        0.06961816549301147,
        0.4185163080692291,
        -9.360305786132812,
        0.38311222195625305,
        0.7090151309967041,
        0.10882040858268738,
        0.2635689377784729,
        0.17010053992271423,
        -0.3394589424133301,
        0.35296863317489624,
        0.5547851324081421,
        0.45244741439819336,
        0.5712885856628418,
        0.5218627452850342,
        -0.2765814960002899,
        0.17764073610305786,
        -0.28409072756767273,
        -0.23336338996887207,
        1.5801374912261963,
        -0.7601420283317566,
        0.31120502948760986,
        0.5582863092422485,
        -4.887210845947266,
        -0.9135743975639343,
        -0.062493614852428436,
        -0.09746047109365463,
        0.8036033511161804,
        -0.5727500319480896,
        0.4150539040565491,
        0.36601921916007996,
        -0.4842689335346222,
        -0.9780142307281494,
        -0.16201046109199524,
        0.488407164812088,
        0.13429555296897888,
        0.7588422894477844,
        -0.017904849722981453,
        -0.4650931656360626,
        1.8693844079971313,
        -0.48900115489959717,
        -3.1587865352630615,
        0.44821974635124207,
        0.3126194477081299,
        0.639594554901123,
        -0.5919312238693237,
        0.14252318441867828,
        -0.4059227705001831,
        -1.1936661005020142,
        -0.34164249897003174,
        0.7803705334663391,
        0.16116288304328918,
        -0.6036447882652283,
        -0.2108815759420395,
        0.23581799864768982,
        -0.10630673915147781,
        0.18009217083454132,
        0.6180288195610046,
        0.38303008675575256,
        -0.5302760601043701,
        -0.4678586721420288,
        -0.052780598402023315,
        0.44563502073287964,
        -0.9590741395950317,
        0.49682289361953735,
        0.5578411221504211
    ]
}