{
    "seed": 1000012,
    "theta": [
        -0.56590735912323,
        0.7574292421340942,
        0.6747960448265076,
        0.9009696245193481,
        -1.4299870729446411
    ],
    "x": [
        0.0497753731906414,
        -0.4262468218803406,
        -0.7425673604011536,
        -0.9727585315704346,
        -0.3752870261669159,
        -0.4986007809638977,
        -0.08002310991287231,
        0.30367228388786316,
        0.14250141382217407,
        -0.11219848692417145,
        -1.11117684841156,
        -0.9110931754112244,
        -0.6495130062103271,
        -0.35328203439712524,
        0.2586391568183899,
        -0.5631193518638611,
        -0.709467887878418,
        0.19732972979545593,
        0.13998445868492126,
        0.18610559403896332,
        0.42103439569473267,
        0.228054016828537,
        -0.7559716701507568,
        -0.04528611898422241,
        0.3887544572353363,
        -0.11163661628961563,
        0.06380985677242279,
        -0.5140739679336548,
        -0.19702164828777313,
        0.4244580566883087,
        0.9532508850097656,
        1.3324360847473145,
        0.12495485693216324,
        0.2396729588508606,
        0.3169971704483032,
        0.8445692658424377,
        0.0657353550195694,
        0.01498962938785553,
        -0.33615240454673767,
        0.19117900729179382,
        0.1591760218143463,
        0.2467411309480667,
        0.3365495800971985,
        0.7952693700790405,
        -0.012037661857903004,
        0.533851146697998,
        0.6486660242080688,
        0.04529804736375809,
        0.7114545702934265,
        0.2540767788887024,
        -0.10868959873914719,
        -0.00470986170694232,
        0.8746241927146912,
        -0.7480199337005615,
        0.5867651104927063,
        1.2893333435058594,
        -1.135176420211792,
        -0.5877739787101746,
        0.015117033384740353,
        1.164991855621338,
        -0.2637555003166199,
        0.22256165742874146,
        0.33724135160446167,
        -0.6648407578468323,
        -0.27060624957084656,
        -0.3002493977546692,
        0.13022327423095703,
        0.13156810402870178,
        0.6038394570350647,
        0.6392975449562073,
        -0.39512887597084045,
        -1.4270718097686768,
        -1.1039994955062866,
        0.18097323179244995,
        0.850584864616394,
        -0.40406036376953125,
        0.7745689749717712,
        -1.0944933891296387,
        -0.3616117238998413,
        -0.43190625309944153,
        -1.3253146409988403,
        0.0966591089963913,
        0.6279774904251099,
        -0.38856685161590576,
        0.11907831579446793,
        0.4191766083240509,
        -0.4581672251224518,
        -1.2456411123275757,
        0.18329910933971405,
        -0.5567649602890015,
        -0.16004501283168793,
        -0.5546819567680359,
        -0.6067790985107422,
        -0.9755778908729553,
        -0.08695542812347412,
        0.26967212557792664,
        -0.08883742243051529,
        0.5682827830314636
    ]
}