{
    "seed": 1000001,
    "theta": [
        -0.5392794013023376,
        0.7440211176872253,
        0.4336685836315155,
        0.6754240989685059,
        -1.3322654962539673
    ],
    "x": [
        0.03113051876425743,
        -0.1069263145327568,
        -0.6517193913459778,
        -0.12766778469085693,
        -0.3189602196216583,
        -0.28889229893684387,
        -0.2583521008491516,
        -0.34505024552345276,
        -0.35950446128845215,
        -0.49179723858833313,
        -0.9787473082542419,
        -0.45551860332489014,
        0.08257771283388138,
        -0.21402907371520996,
        0.5487045049667358,
        0.304443359375,
        0.25544390082359314,
        0.3583191931247711,
        0.5836936235427856,
        -0.7450079321861267,
        -0.7989575862884521,
        0.95513516664505,
        0.04895033314824104,
        0.5760786533355713,
        0.6267778873443604,
        -0.005341383628547192,
        -0.29242047667503357,
        -0.7734370827674866,
        0.04167448729276657,
        -0.18679998815059662,
        0.276005357503891,
        0.28560343384742737,
        0.5586910247802734,
        -9.685088157653809,
        -0.15099842846393585,
        0.3348354399204254,
        0.028471477329730988,
        0.11456019431352615,
        0.041743844747543335,
        0.24560746550559998,
        -0.12119510769844055,
        -0.22007828950881958,
        -0.3291206657886505,
        0.5167814493179321,
        0.1446124166250229,
        0.4714580774307251,
        0.6415597796440125,
        0.5286155939102173,
        0.4624966084957123,
        -0.4973805546760559,
        -0.008526701480150223,
        0.4263165295124054,
        0.11690106242895126,
        -0.7057123780250549,
        -0.34081751108169556,
        0.31964877247810364,
        -0.19785425066947937,
        -0.2717510759830475,
        0.5281434655189514,
        -0.4574311077594757,
        0.03689167648553848,
        -0.1207522451877594,
        0.04236132279038429,
        -0.4125458002090454,
        -0.15153013169765472,
        -0.4122033715248108,
        -0.6411720514297485,
        -0.15001443028450012,
        0.46200674772262573,
        0.2192503958940506,
        0.16179628670215607,
        -0.01471784058958292,
        -0.32889819145202637,
        0.7071332335472107,
        -0.30770015716552734,
        0.5923031568527222,
        0.004778294358402491,
        -0.9542195200920105,
        0.6548645496368408,
        0.22561198472976685,
        0.4336230456829071,
        0.8763403296470642,
        0.44026803970336914,
        -0.2720906436443329,
        -0.15903538465499878,
        -0.36701756715774536,
        -0.22085914015769958,
        -0.1572246551513672,
        -0.6686639189720154,
        1.0510557889938354,
        -8.430216789245605,
        -0.13517455756664276,
        0.0294906347990036,
        0.11696365475654602,
        0.1664382964372635,
        -0.02336411364376545,
        0.405965119600296,
        0.08486054837703705
    ]
}