{
    "seed": 1000009,
    "theta": [
        -0.5919044017791748,
        0.7035704851150513,
        0.49028387665748596,
        1.2647454738616943,
        -1.3714268207550049
    ],
    "x": [
        0.15587764978408813,
        -0.4457886815071106,
        -0.2537960708141327,
        0.20467521250247955,
        -1.3045456409454346,
        -0.20208723843097687,
        -0.21104732155799866,
        -0.23381337523460388,
        -0.43332234025001526,
        0.07556705921888351,
        -0.0893988236784935,
        -0.10363230854272842,
        -0.4353600740432739,
        -0.5478865504264832,
        -1.0893808603286743,
        0.39033910632133484,
        0.11380743980407715,
        -0.6068809628486633,
        -0.9208045601844788,
        -1.0559433698654175,
        -0.2065584808588028,
        -0.46768254041671753,
        0.2592804729938507,
        -0.05971144139766693,
        -0.1535109281539917,
        -0.018510527908802032,
        -0.1321467012166977,
        -0.15201660990715027,
        0.4175381660461426,
        0.08918236941099167,
        -0.20845505595207214,
        0.44898590445518494,
        -0.36266177892684937,
        -0.1690746694803238,
        0.4065629243850708,
        0.6550130248069763,
        -0.017024634405970573,
        0.7338658571243286,
        0.29260867834091187,
        1.2208964824676514,
        -0.11938688904047012,
        -0.23334045708179474,
        0.3980371952056885,
        0.991362452507019,
        0.7298659682273865,
        0.4508932828903198,
        -0.01602058857679367,
        -0.03237783908843994,
        0.39973920583724976,
        -0.28396886587142944,
        -0.21427680552005768,
        0.27985891699790955,
        -0.436489999294281,
        0.19369781017303467,
        0.2947465181350708,
        0.4521994888782501,
        0.03759660944342613,
        -0.026832643896341324,
        0.14265798032283783,
        0.25175049901008606,
        0.09116464853286743,
        0.3734714984893799,
        0.14260926842689514,
        0.47562429308891296,
        0.19031615555286407,
        0.019953105598688126,
        -0.6386699080467224,
        0.16785582900047302,
        0.07323203980922699,
        -0.7684516906738281,
        -0.5370850563049316,
        -0.5302817821502686,
        0.8397377729415894,
        -0.07965138554573059,
        0.1311701238155365,
        0.3223980665206909,
        0.014058245345950127,
        -0.23746077716350555,
        -0.3472420573234558,
        -0.1896047592163086,
        0.12939892709255219,
        -0.6496981978416443,
        0.33308160305023193,
        0.19355930387973785,
        -0.1993664801120758,
        0.1204165369272232,
        -1.2008614540100098,
        0.11565795540809631,
        -0.07076188921928406,
        -0.04250863939523697,
        0.33705446124076843,
        -0.4704747200012207,
        -0.5934053659439087,
        -0.014655057340860367,
        -0.583791196346283,
        0.017350826412439346,
        -0.09426294267177582,
        -0.0682763084769249
    ]
}