{
    "seed": 1000010,
    "theta": [
        -0.5372174382209778,
        0.8624644875526428,
        0.32361942529678345,
        0.7253773212432861,
        -1.3574843406677246
    ],
    "x": [
        -0.5737231373786926,
        -0.6101205348968506,
        -0.3100934624671936,
        -0.6298419237136841,
        -0.4688833951950073,
        -0.6185091733932495,
        -0.304777592420578,
        -0.026292795315384865,
        -0.29259780049324036,
        -0.14716975390911102,
        -0.409515380859375,
        -0.3504787087440491,
        -0.6170563697814941,
        0.022014686837792397,
        -0.08331776410341263,
        0.5320156812667847,
        -0.22397303581237793,
        -0.05349969491362572,
        0.3944477140903473,
        -0.8233094811439514,
        0.028976742178201675,
        0.040869854390621185,
        -0.19959253072738647,
        0.6912766695022583,
        0.06875548511743546,
        0.3810974657535553,
        0.4585060775279999,
        -0.19872832298278809,
        0.5256806015968323,
        0.29699423909187317,
        0.04943734407424927,
        0.8497067093849182,
        -0.6082062125205994,
        0.2542198896408081,
        -0.10644318163394928,
        0.17530930042266846,
        -0.16567416489124298,
        0.49704599380493164,
        0.7431727051734924,
        -0.17559903860092163,
        0.1211867481470108,
        -7.011927604675293,
        0.2723454535007477,
        0.5378444790840149,
        0.28812167048454285,
        0.26759424805641174,
        0.0737505704164505,
        0.09605029970407486,
        0.4025675356388092,
        -0.14804963767528534,
        0.5248667597770691,
        -0.2026548981666565,
        0.07554752379655838,
        -0.6623380780220032,
        -0.08391368389129639,
        -0.08957423269748688,
        0.32455506920814514,
        0.014629306271672249,
        -0.6369544863700867,
        -6.654251575469971,
        0.33649003505706787,
        0.7887327075004578,
        -0.16121511161327362,
        -0.38968315720558167,
        0.2777954339981079,
        -0.06096717715263367,
        0.6326031684875488,
        -0.07501865178346634,
        0.1931779533624649,
        0.6171488165855408,
        -0.24353714287281036,
        -0.40883296728134155,
        -0.7926203012466431,
        -0.1948520541191101,
        0.9325549602508545,
        -0.1433618813753128,
        -0.40124204754829407,
        -0.8493117690086365,
        0.09097853302955627,
        -0.5422042608261108,
        -0.5161258578300476,
        0.5466814041137695,
        -0.7166661024093628,
        -0.07469011843204498,
        -0.7696588635444641,
        0.6301365494728088,
        -0.5977435111999512,
        -0.04618183150887489,
        -0.25592920184135437,
        0.5133117437362671,
        0.062499646097421646,
        -0.05695437267422676,
        -0.5557348728179932,
        0.04468219354748726,
        -0.6788108348846436,
        -1.337140440940857,
        0.342023104429245,
        0.2759830057621002
    ]
}