{
    "seed": 1000010,
    "theta": [
        -0.17574822902679443,
        -0.36998409032821655
    ],
    "x": [
        1.8935235738754272,
        1.281679630279541,
        0.8449550867080688,
        0.43631455302238464,
        0.19102534651756287,
        -0.13690032064914703,
        -0.3913922905921936,
        -0.649307131767273,
        -0.7970088124275208,
        -0.896088182926178,
        -1.0039958953857422,
        -1.073298454284668,
        -1.171398639678955,
        -1.2293742895126343,
        -1.2333087921142578,
        -1.1843000650405884,
        -1.212913990020752,
        -1.3362525701522827,
        -1.3251304626464844,
        -1.4136720895767212,
        -1.386379599571228,
        -1.4541504383087158,
        -1.4832700490951538,
        -1.4218330383300781,
        -1.3428384065628052
    ]
}