{
    "seed": 1000002,
    "theta": [
        0.33494335412979126,
        0.4700070917606354
    ],
    "x": [
        1.8935235738754272,
        1.372473955154419,
        0.9798279404640198,
        0.5982080101966858,
        0.3347233831882477,
        0.07231582701206207,
        -0.14838546514511108,
        -0.35239216685295105,
        -0.4957105815410614,
        -0.5037307739257812,
        -0.5989787578582764,
        -0.4852815568447113,
        -0.6033262610435486,
        -0.5929975509643555,
        -0.5887953042984009,
        -0.6083039045333862,
        -0.6906232833862305,
        -0.6783813834190369,
        -0.60982346534729,
        -0.4165264070034027,
        -0.5599493980407715,
        -0.5189025402069092,
        -0.5311072468757629,
        -0.5129240155220032,
        -0.6773942112922668
    ]
}