{
    "seed": 1000005,
    "theta": [
        -0.25570160150527954,
        -0.7495546936988831
    ],
    "x": [
        1.8935235738754272,
        1.4246572256088257,
        1.0693790912628174,
        0.6693411469459534,
        0.4062754809856415,
        0.1595931500196457,
        0.0193093940615654,
        -0.18766365945339203,
        -0.31435826420783997,
        -0.5329899787902832,
        -0.765465497970581,
        -0.8184055089950562,
        -0.9126004576683044,
        -1.0179280042648315,
        -1.1248542070388794,
        -1.2243732213974,
        -1.30308997631073,
        -1.2770146131515503,
        -1.3132903575897217,
        -1.3167569637298584,
        -1.2977514266967773,
        -1.233540654182434,
        -1.150442123413086,
        -1.2215230464935303,
        -1.281136155128479
    ]
}