{
    "seed": 1000000,
    "theta": [
        0.4545716345310211,
        0.3067741394042969
    ],
    "x": [
        1.8935235738754272,
        1.1315923929214478,
        0.48001545667648315,
        0.13867482542991638,
        -0.20522643625736237,
        -0.34253382682800293,
        -0.5301210284233093,
        -0.6126466393470764,
        -0.6398473978042603,
        -0.5966331958770752,
        -0.659316897392273,
        -0.7745164036750793,
        -0.7941743731498718,
        -0.7440975308418274,
        -0.7533431053161621,
        -0.7982726693153381,
        -0.6872783899307251,
        -0.7453428506851196,
        -0.6923718452453613,
        -0.7325391173362732,
        -0.7965484261512756,
        -0.935958206653595,
        -0.9114549160003662,
        -0.778424084186554,
        -0.7043863534927368
    ]
}