{
    "seed": 1000012,
    "theta": [
        0.38791510462760925,
        0.11738122999668121
    ],
    "x": [
        1.8935235738754272,
        0.9810381531715393,
        0.5831626057624817,
        0.24782226979732513,
        0.03184507042169571,
        -0.26812943816185,
        -0.37283435463905334,
        -0.4470737874507904,
        -0.6574181914329529,
        -0.7124804258346558,
        -0.7724984884262085,
        -0.755676805973053,
        -0.8164846897125244,
        -0.9062839150428772,
        -0.8171466588973999,
        -0.8724756240844727,
        -0.8671756386756897,
        -0.9850547909736633,
        -0.9426527619361877,
        -1.0072169303894043,
        -0.932770848274231,
        -0.8507381677627563,
        -0.8231632113456726,
        -0.8793014287948608,
        -0.945495069026947
    ]
}