{
    "seed": 1000008,
    "theta": [
        0.38818371295928955,
        -0.09866885840892792
    ],
    "x": [
        1.8935235738754272,
        1.044945478439331,
        0.42280736565589905,
        -0.011932752095162868,
        -0.30020153522491455,
        -0.6627939939498901,
        -0.8040080666542053,
        -0.8719388842582703,
        -0.9506582617759705,
        -0.9509689807891846,
        -0.9909565448760986,
        -0.9672060012817383,
        -0.9720369577407837,
        -1.0799497365951538,
        -1.0554637908935547,
        -1.081801414489746,
        -1.1329004764556885,
        -1.0733623504638672,
        -1.0101518630981445,
        -0.9650121927261353,
        -0.9320946335792542,
        -0.9848026633262634,
        -1.181715965270996,
        -1.1616722345352173,
        -1.2729978561401367
    ]
}