{
    "seed": 1000004,
    "theta": [
        -0.9016070365905762,
        0.2799234092235565,
        -0.32427239418029785,
        0.3193446099758148,
        1.0868465900421143
    ],
    "x": [
        0.4040437340736389,
        -0.16996094584465027,
        -0.7487446665763855,
        0.10965896397829056,
        -0.465623676776886,
        0.027476467192173004,
        -0.8514984250068665,
        -0.513791024684906,
        -0.13591265678405762,
        -0.3360223174095154,
        -1.505893349647522,
        -0.2763528525829315,
        0.28648054599761963,
        0.2447928488254547,
        0.05411088094115257,
        0.5727317333221436,
        2.7771198749542236,
        0.14439718425273895,
        0.4311181902885437,
        -0.20417238771915436,
        0.15789006650447845,
        -0.31728029251098633,
        0.7237553000450134,
        -0.3386399745941162,
        -0.30934420228004456,
        -0.08642549812793732,
        0.15903986990451813,
        0.14554987847805023,
        0.02899184636771679,
        0.4453766942024231,
        -0.13920626044273376,
        -0.3804393410682678,
        -0.26548880338668823,
        -0.261096715927124,
        -0.010628399439156055,
        0.2599793076515198,
        0.814478874206543,
        0.09019353985786438,
        0.19583675265312195,
        0.1030239686369896,
        -0.3951959013938904,
        0.7061682939529419,
        0.319857120513916,
        0.2682487964630127,
        0.4433627128601074,
        0.29178324341773987,
        0.5383774638175964,
        0.30800801515579224,
        -0.02982424385845661,
        -0.10664831101894379,
        -0.36140984296798706,
        -0.3555219769477844,
        -0.6340401768684387,
        0.01731562428176403,
        -0.32313990592956543,
        0.31825780868530273,
        0.21416395902633667,
        0.2618158757686615,
        0.4568723738193512,
        -1.327486515045166,
        0.1147712767124176,
        -7.465919494628906,
        -0.20661550760269165,
        -0.2819344699382782,
        0.405875563621521,
        0.4877006411552429,
        0.5304054021835327,
        -0.4099939465522766,
        -0.12218746542930603,
        -0.1251552402973175,
        0.13055460155010223,
        0.3629198372364044,
        0.8791414499282837,
        0.12082310765981674,
        0.07068613171577454,
        -0.591851532459259,
        -0.12668856978416443,
        0.6120429039001465,
        0.40014323592185974,
        0.2696685194969177,
        8.440900802612305,
        -0.6746286749839783,
        0.2737734317779541,
        -0.0005377921042963862,
        0.004607267677783966,
        0.4390392005443573,
        -0.21505272388458252,
        0.03858022391796112,
        -0.3683072626590729,
        0.16331283748149872,
        -1.0022364854812622,
        -0.14510409533977509,
        -0.2542000114917755,
        -0.16064442694187164,
        0.48977193236351013,
        0.8128969669342041,
        -0.27201709151268005,
        -0.10275853425264359
    ]
}