{
    "seed": 1000000,
    "theta": [
        -0.7820422053337097,
        0.3374386131763458,
        -0.22270084917545319,
        0.5046216249465942,
        1.0380107164382935
    ],
    "x": [
        0.04319894313812256,
        -0.19907188415527344,
        -0.2280336320400238,
        -0.21274466812610626,
        -0.8121458888053894,
        -0.4165593683719635,
        -0.3346862494945526,
        -0.5860905647277832,
        -0.46612802147865295,
        0.15236873924732208,
        -0.11358765512704849,
        0.08585315942764282,
        0.7224208116531372,
        0.05055207014083862,
        5.0350565910339355,
        0.23005573451519012,
        -0.250063955783844,
        -0.39784979820251465,
        -0.8427866697311401,
        -0.23556004464626312,
        0.28996530175209045,
        0.3687197268009186,
        -0.7984254360198975,
        0.17179258167743683,
        -0.12391617149114609,
        0.3586936891078949,
        -0.17357493937015533,
        0.19194896519184113,
        0.17342008650302887,
        0.015717055648565292,
        -0.2952532172203064,
        0.10822656750679016,
        -0.11739853769540787,
        -0.33927464485168457,
        0.41108766198158264,
        0.23525972664356232,
        0.18357129395008087,
        0.5679760575294495,
        0.2696060836315155,
        -0.06353501975536346,
        0.36873480677604675,
        -0.21851693093776703,
        -0.2651984989643097,
        0.12378967553377151,
        0.8237683773040771,
        0.2912724018096924,
        0.3819030821323395,
        0.43691712617874146,
        -0.3906649649143219,
        0.5549522042274475,
        -0.26396793127059937,
        -0.7422216534614563,
        0.1805649846792221,
        -0.10322163254022598,
        -0.16507554054260254,
        0.12085477262735367,
        -0.3073793351650238,
        -0.009072458371520042,
        -7.671506881713867,
        -1.0368244647979736,
        -0.21085913479328156,
        -0.6393837332725525,
        0.210854172706604,
        0.23996861279010773,
        0.07910142838954926,
        -0.43529146909713745,
        0.38421839475631714,
        -0.6027237176895142,
        0.19892413914203644,
        0.4224361479282379,
        -0.24070042371749878,
        -0.16496500372886658,
        0.07804547250270844,
        0.2696230113506317,
        -0.15626904368400574,
        0.47795015573501587,
        0.37296634912490845,
        -0.5787743330001831,
        0.45235222578048706,
        -0.1471598893404007,
        -0.027700405567884445,
        -0.3608916103839874,
        -1.050366997718811,
        -0.44884151220321655,
        -0.3579285442829132,
        -0.102687306702137,
        -0.4963609576225281,
        -0.10224436968564987,
        0.737528920173645,
        -0.4591890573501587,
        0.7681263089179993,
        0.12325321137905121,
        -0.41886961460113525,
        -0.14490702748298645,
        -0.1510552167892456,
        0.5918221473693848,
        0.3314943313598633,
        -0.24717342853546143
    ]
}