{
    "seed": 1000002,
    "theta": [
        -0.8077192306518555,
        0.49309468269348145,
        -0.24606452882289886,
        0.16731853783130646,
        0.8739446997642517
    ],
    "x": [
        -0.02893364243209362,
        -0.3002358376979828,
        -0.37485167384147644,
        -0.472137451171875,
        -0.34001219272613525,
        -0.18204326927661896,
        -0.6197507381439209,
        -0.37484216690063477,
        0.15556000173091888,
        -0.13331036269664764,
        -0.414497435092926,
        -0.3760194778442383,
        0.00874246098101139,
        -0.3636191487312317,
        -0.2080894112586975,
        0.7748868465423584,
        -0.043756965547800064,
        -0.3824140727519989,
        -0.04400733485817909,
        -0.0945921465754509,
        -0.06383206695318222,
        -0.18284079432487488,
        -0.4468978941440582,
        -0.18649308383464813,
        -0.30091020464897156,
        0.09025454521179199,
        0.44419634342193604,
        -0.2717098891735077,
        0.4479500949382782,
        -0.24432003498077393,
        0.3267865777015686,
        0.1277123987674713,
        -0.10948420315980911,
        0.12368559837341309,
        0.34319525957107544,
        -0.3694653809070587,
        0.22029945254325867,
        0.2565528452396393,
        0.8826140761375427,
        -0.22209346294403076,
        -0.1578161120414734,
        0.7220678329467773,
        -0.31426888704299927,
        0.813594400882721,
        0.3937954604625702,
        0.7309174537658691,
        0.08693142235279083,
        0.6767516732215881,
        0.2666083872318268,
        0.14390449225902557,
        0.16431017220020294,
        0.05079378932714462,
        0.21396009624004364,
        -0.1509515643119812,
        -0.05271105095744133,
        -0.23067305982112885,
        0.3863983452320099,
        0.05293161794543266,
        -0.569957435131073,
        -0.40394923090934753,
        0.7563537955284119,
        -0.5072526931762695,
        -0.1381276398897171,
        -0.3230181932449341,
        -0.7222671508789062,
        -0.07529423385858536,
        0.768141508102417,
        -0.47071000933647156,
        -0.16701696813106537,
        0.6812621355056763,
        -0.29056456685066223,
        0.4273468554019928,
        0.24152213335037231,
        -0.03152288496494293,
        0.3673582077026367,
        -0.06109050661325455,
        0.20807164907455444,
        -0.6903512477874756,
        0.2836902141571045,
        -0.4224195182323456,
        0.17370319366455078,
        0.22049769759178162,
        -0.41592490673065186,
        -0.48799246549606323,
        0.2943306267261505,
        0.8178110122680664,
        -0.988655686378479,
        0.2766306698322296,
        0.23554620146751404,
        0.046742651611566544,
        -0.37768906354904175,
        -0.18686451017856598,
        -0.1370253562927246,
        -0.21724016964435577,
        -0.31282156705856323,
        1.3100459575653076,
        0.19243113696575165,
        -0.29429998993873596
    ]
}