{
    "seed": 1000009,
    "theta": [
        -1.1221702098846436,
        0.20678895711898804,
        -0.5956698656082153,
        0.36941784620285034,
        1.2441388368606567
    ],
    "x": [
        0.12870633602142334,
        -0.28780776262283325,
        -0.13745804131031036,
        0.2384297251701355,
        -0.9461364150047302,
        -0.09272083640098572,
        -0.090262271463871,
        -0.6065266728401184,
        -0.3513205647468567,
        0.16677385568618774,
        0.08102694153785706,
        -0.03307046368718147,
        -0.2912672460079193,
        -0.3720279037952423,
        -1.0861427783966064,
        0.1563844233751297,
        0.06093878298997879,
        -0.35560283064842224,
        -0.6987885236740112,
        -0.7957857847213745,
        -0.14397817850112915,
        -0.3573176860809326,
        0.22117967903614044,
        -0.1760949194431305,
        -0.06503479927778244,
        0.07117528468370438,
        -0.10536292940378189,
        -0.12417196482419968,
        0.2976643145084381,
        0.03233189880847931,
        -0.18218101561069489,
        0.23996737599372864,
        -0.26089051365852356,
        -0.06221608445048332,
        0.2785518765449524,
        0.459381639957428,
        -0.07089047878980637,
        0.5174041390419006,
        0.0677986890077591,
        0.8129869103431702,
        -0.07433190196752548,
        -0.14322899281978607,
        0.24548296630382538,
        0.7035247087478638,
        0.49870964884757996,
        0.297556072473526,
        -0.20960679650306702,
        -0.09089118242263794,
        0.23276714980602264,
        0.018935760483145714,
        -0.3681824803352356,
        0.37786298990249634,
        -0.30682167410850525,
        -0.004342248197644949,
        -0.043574050068855286,
        -0.0005541194113902748,
        0.7946007251739502,
        0.1528598815202713,
        -0.14604631066322327,
        0.18155542016029358,
        -0.07554122060537338,
        0.013628748245537281,
        -0.22708074748516083,
        0.8438512682914734,
        0.5627198219299316,
        -0.013587551191449165,
        -0.7001943588256836,
        -0.009376704692840576,
        -0.20193424820899963,
        -0.8916035294532776,
        -0.06446544080972672,
        -0.1408124566078186,
        0.9949411749839783,
        0.1552625596523285,
        -0.24914124608039856,
        -0.012650830671191216,
        -0.3166123032569885,
        0.15664036571979523,
        0.002518770284950733,
        -0.00564217334613204,
        0.42937707901000977,
        -0.4317111670970917,
        -0.29747557640075684,
        -0.18165934085845947,
        0.18547965586185455,
        0.34614279866218567,
        -0.7355394959449768,
        0.08984291553497314,
        0.18957069516181946,
        -0.35149532556533813,
        -0.5879380702972412,
        -0.013082156889140606,
        -0.17523624002933502,
        0.13598088920116425,
        -0.4382840692996979,
        0.5649289488792419,
        -0.050934553146362305,
        -0.19217835366725922
    ]
}