{
    "seed": 1000010,
    "theta": [
        -1.0336159467697144,
        0.7613930702209473,
        -0.6550716161727905,
        0.41182196140289307,
        1.0411278009414673
    ],
    "x": [
        -0.29979366064071655,
        -0.3946712017059326,
        -0.15401068329811096,
        -0.423618346452713,
        -0.29225122928619385,
        -0.40985414385795593,
        -0.15573915839195251,
        -0.15320871770381927,
        -0.13911467790603638,
        -0.09949231147766113,
        -0.27435559034347534,
        -0.21120727062225342,
        -0.42131006717681885,
        0.08841025829315186,
        -0.11479286849498749,
        0.4603496491909027,
        -0.15103298425674438,
        0.05483651161193848,
        0.3471149504184723,
        -0.6105813980102539,
        0.05544019117951393,
        0.04809938743710518,
        -0.1836378127336502,
        0.5024426579475403,
        0.07167362421751022,
        0.3047904670238495,
        0.40745559334754944,
        -0.15231046080589294,
        0.3958743214607239,
        0.2214977741241455,
        0.018422288820147514,
        0.5765869617462158,
        -0.41380226612091064,
        0.3736265003681183,
        -0.061414316296577454,
        0.08100032806396484,
        -0.19940143823623657,
        0.32083871960639954,
        0.534964919090271,
        -0.17654207348823547,
        0.028432806953787804,
        -7.011927604675293,
        0.12205397337675095,
        0.34604743123054504,
        0.13770274817943573,
        0.08112659305334091,
        -0.12832728028297424,
        5.564025923376903e-05,
        0.18109503388404846,
        0.10016988962888718,
        0.3108166456222534,
        -0.9906113147735596,
        0.08120231330394745,
        -0.7550206780433655,
        -0.5107060670852661,
        -0.6347033977508545,
        0.7671101689338684,
        0.5991195440292358,
        -0.5450612306594849,
        -6.654251575469971,
        -0.01715579256415367,
        0.15604877471923828,
        -0.6971914172172546,
        0.31703805923461914,
        0.7040212154388428,
        0.10586746782064438,
        0.260100781917572,
        -0.3440614640712738,
        -0.2808131277561188,
        -0.0909300297498703,
        0.37858110666275024,
        0.11826025694608688,
        -0.30948179960250854,
        -0.15164366364479065,
        0.3991555869579315,
        -0.6195104718208313,
        -0.877946674823761,
        -0.07934649288654327,
        0.4982697367668152,
        -0.18504859507083893,
        -0.1031942367553711,
        0.2458159327507019,
        -0.8184876441955566,
        -0.7686355710029602,
        -0.030633222311735153,
        0.9238181710243225,
        -0.21477872133255005,
        0.04253321886062622,
        0.29594579339027405,
        -0.16223865747451782,
        -0.7979140877723694,
        0.5097700953483582,
        0.00046902388567104936,
        0.2682158350944519,
        -0.5337713956832886,
        -1.3419069051742554,
        0.3830781877040863,
        0.01319151185452938
    ]
}