{
    "seed": 1000012,
    "theta": [
        -1.0631786584854126,
        0.463141530752182,
        -0.17654573917388916,
        0.530083179473877,
        1.360502004623413
    ],
    "x": [
        -0.20564931631088257,
        -0.3022191524505615,
        -0.5623851418495178,
        -0.8043738603591919,
        -0.2907325327396393,
        -0.39937451481819153,
        -0.05352184921503067,
        0.09957731515169144,
        -0.06470635533332825,
        0.0065353685058653355,
        -0.9048245549201965,
        -0.7509282827377319,
        -0.5240615606307983,
        -0.2777482569217682,
        0.2368737757205963,
        -0.6053987741470337,
        -0.5887748003005981,
        0.25082170963287354,
        0.12650218605995178,
        0.14706012606620789,
        0.34793058037757874,
        0.19088014960289001,
        -0.7701103091239929,
        -0.14272978901863098,
        0.20583254098892212,
        0.014470567926764488,
        0.03832561522722244,
        -0.4157044291496277,
        -0.15943752229213715,
        0.3483111560344696,
        0.7798179984092712,
        1.092692255973816,
        0.3140108585357666,
        0.35043448209762573,
        0.2811296582221985,
        0.6832970976829529,
        0.045330293476581573,
        0.004092602524906397,
        -0.3916390836238861,
        0.1643335223197937,
        0.30419960618019104,
        0.5193953514099121,
        0.2771453261375427,
        0.640914797782898,
        -0.024631626904010773,
        0.4278773069381714,
        0.48552343249320984,
        0.005341256503015757,
        0.5317255854606628,
        0.3294391334056854,
        -0.0787617415189743,
        -0.5616178512573242,
        0.725972592830658,
        -0.7192621827125549,
        0.29051071405410767,
        0.7938254475593567,
        -0.6740149259567261,
        -0.1579073816537857,
        -0.47447580099105835,
        0.9627352952957153,
        -0.3229328989982605,
        -0.01266048289835453,
        0.023691432550549507,
        -0.6648407578468323,
        0.33071422576904297,
        -0.15453611314296722,
        -0.2884642481803894,
        -0.0077957347966730595,
        0.30530282855033875,
        0.2697702646255493,
        -0.07218611240386963,
        -0.9700387120246887,
        -0.7697811126708984,
        -0.021582232788205147,
        0.5923381447792053,
        -0.6586565375328064,
        0.3769586682319641,
        -0.6443616151809692,
        -0.10601623356342316,
        -0.254462331533432,
        -1.0936418771743774,
        0.22298230230808258,
        -0.014723352156579494,
        -0.7126539945602417,
        0.3437086343765259,
        0.5407509207725525,
        -0.2708503305912018,
        -1.0170146226882935,
        0.27441227436065674,
        -0.5567649602890015,
        -0.7449108362197876,
        -0.20637774467468262,
        -0.3030340075492859,
        -0.6959110498428345,
        -0.08035991340875626,
        0.8364199995994568,
        0.14415767788887024,
        0.218967005610466
    ]
}