{
    "seed": 1000003,
    "theta": [
        -0.07639310508966446,
        -0.17588452994823456,
        0.15902887284755707,
        -0.22344693541526794,
        0.25062626600265503,
        -0.055078476667404175,
        0.08492177724838257,
        -0.3762753903865814,
        -0.06185693293809891,
        0.01850825548171997,
        -0.15702708065509796,
        0.26051753759384155,
        -0.16204065084457397,
        -0.06165158748626709,
        -0.033191464841365814,
        -0.46503007411956787,
        0.0066225603222846985,
        -0.1793094426393509,
        -0.18666434288024902,
        0.015237081795930862
    ],
    "x": [
        0.20233651995658875,
        -0.6480240225791931,
        0.42385292053222656,
        -0.3961137533187866,
        0.856072187423706,
        -0.6388366222381592,
        -0.03477620333433151,
        -0.17129315435886383,
        0.31855449080467224,
        0.1327812671661377,
        0.296305775642395,
        0.38764119148254395,
        0.2676315903663635,
        0.2077566683292389,
        0.19592919945716858,
        -0.9410824775695801,
        0.13467690348625183,
        -0.12902455031871796,
        0.06818580627441406,
        -0.24532411992549896
    ]
}