{
    "seed": 1000012,
    "theta": [
        -0.05013119429349899,
        -0.030651751905679703,
        -0.18426063656806946,
        -0.09920892864465714,
        0.3765302896499634,
        0.2086184173822403,
        0.25411418080329895,
        -0.2024279236793518,
        -0.19240090250968933,
        0.1665753424167633,
        -0.028321407735347748,
        -0.13798750936985016,
        -0.004754208028316498,
        -0.1980096995830536,
        -0.019999954849481583,
        -0.44684141874313354,
        0.0774165689945221,
        -0.17867468297481537,
        0.08438456803560257,
        -0.017312973737716675
    ],
    "x": [
        0.3449830114841461,
        0.031455881893634796,
        -0.23038938641548157,
        -0.0967690572142601,
        0.6436706781387329,
        -0.4592662453651428,
        -0.2719743549823761,
        -0.24230612814426422,
        0.17722228169441223,
        -0.09193965792655945,
        0.17445221543312073,
        -0.4384438395500183,
        0.30721819400787354,
        -0.16799139976501465,
        -0.1203041672706604,
        -0.6517415046691895,
        0.2314937859773636,
        0.3980494737625122,
        -0.5854307413101196,
        -0.3941486179828644
    ]
}