{
    "seed": 1000004,
    "theta": [
        -0.35179129242897034,
        -0.07641824334859848,
        -0.04960139840841293,
        0.12448671460151672,
        0.37446361780166626,
        -0.07817661017179489,
        0.045705221593379974,
        -0.220342755317688,
        0.15496711432933807,
        0.18094512820243835,
        0.16851390898227692,
        0.1912752091884613,
        0.18122564256191254,
        0.015120282769203186,
        -0.24585071206092834,
        -0.48806726932525635,
        -0.05477888137102127,
        -0.16980817914009094,
        -0.26565730571746826,
        0.0932772159576416
    ],
    "x": [
        -0.479827880859375,
        -0.46412843465805054,
        -0.5443941950798035,
        0.1668836772441864,
        0.25054144859313965,
        -0.17395883798599243,
        -0.21954762935638428,
        -0.2547403573989868,
        0.059828221797943115,
        0.29801732301712036,
        0.3325536251068115,
        -0.05828171968460083,
        -0.058362483978271484,
        0.4636579751968384,
        -0.4699130952358246,
        -0.2682715058326721,
        0.005463805049657822,
        -0.546661376953125,
        0.11492577195167542,
        0.26604264974594116
    ]
}