{
    "seed": 1000001,
    "theta": [
        0.019750535488128662,
        -0.013742277398705482,
        -0.13282251358032227,
        -0.029321901500225067,
        0.0750851109623909,
        -0.21371321380138397,
        0.3464135527610779,
        0.09079042077064514,
        -0.06584994494915009,
        0.12951460480690002,
        0.07969190180301666,
        0.025009622797369957,
        -0.04407329112291336,
        0.0932985171675682,
        0.016037993133068085,
        -0.037795260548591614,
        -0.23367267847061157,
        0.37173303961753845,
        0.11427126079797745,
        -0.07691953331232071
    ],
    "x": [
        -0.34056466817855835,
        -0.16129028797149658,
        -0.12755438685417175,
        -0.2674505412578583,
        0.6369060277938843,
        -0.49138832092285156,
        0.08425608277320862,
        0.901287317276001,
        -0.2916935086250305,
        -0.38353946805000305,
        0.21710151433944702,
        0.08323336392641068,
        0.5317575335502625,
        0.384952187538147,
        0.12347529083490372,
        0.019475486129522324,
        -0.1697605848312378,
        0.14498159289360046,
        -0.2989252805709839,
        -0.01799279823899269
    ]
}