{
    "seed": 1000002,
    "theta": [
        0.2976779043674469,
        0.15293289721012115,
        0.22863733768463135,
        -0.09895621985197067,
        0.1243443712592125,
        -0.06385341286659241,
        -0.19781002402305603,
        -0.04866626113653183,
        -0.03881540894508362,
        0.11855591088533401,
        -0.018856167793273926,
        0.19281351566314697,
        0.0921604335308075,
        0.1938297152519226,
        -0.3031036853790283,
        0.1373414546251297,
        0.07673616707324982,
        -0.1300748735666275,
        -0.0836801528930664,
        0.0463079959154129
    ],
    "x": [
        1.011640191078186,
        0.3325004577636719,
        -0.1218959391117096,
        -0.4567091464996338,
        -0.3298085331916809,
        0.14865057170391083,
        -0.11575104296207428,
        0.4630431830883026,
        -0.009274480864405632,
        0.030566759407520294,
        0.20598529279232025,
        0.13309040665626526,
        -0.13348397612571716,
        -0.4158400893211365,
        -0.2883400022983551,
        0.21705996990203857,
        -0.41520625352859497,
        -0.5107991099357605,
        0.45452582836151123,
        0.19069281220436096
    ]
}