{
    "seed": 1000009,
    "theta": [
        0.10546225309371948,
        0.006295742932707071,
        -0.20191632211208344,
        -0.14267075061798096,
        -0.1784992516040802,
        -0.007329428568482399,
        0.2524547576904297,
        -0.17019319534301758,
        0.16336219012737274,
        -0.013960324227809906,
        0.057589344680309296,
        -0.040332164615392685,
        -0.05590792000293732,
        -0.06528498232364655,
        -0.10866148769855499,
        -0.15080733597278595,
        0.17407669126987457,
        -0.16269007325172424,
        0.08954203128814697,
        -0.006473764777183533
    ],
    "x": [
        0.04305681213736534,
        -0.13105203211307526,
        -0.6617321372032166,
        0.03286859393119812,
        -0.3699854612350464,
        -0.05471198260784149,
        0.1266380101442337,
        0.131280779838562,
        0.3263556659221649,
        -0.39097458124160767,
        -0.0388178750872612,
        -0.03602072596549988,
        0.4459682106971741,
        0.18428926169872284,
        -0.10144675523042679,
        -0.4580223560333252,
        0.23692594468593597,
        -0.3614988923072815,
        -0.08126117289066315,
        -0.26051634550094604
    ]
}