{
    "seed": 1000008,
    "theta": [
        0.20820721983909607,
        0.14864222705364227,
        0.02519509196281433,
        -0.059730805456638336,
        0.3823736906051636,
        -0.10574453324079514,
        0.36801958084106445,
        -0.08659243583679199,
        0.13246238231658936,
        0.22815163433551788,
        0.2838587164878845,
        0.019523033872246742,
        0.06466786563396454,
        0.1452096700668335,
        -0.21697998046875,
        -0.06323055922985077,
        0.21606329083442688,
        0.04722578078508377,
        0.06687036156654358,
        0.42120158672332764
    ],
    "x": [
        0.009514659643173218,
        -0.13623778522014618,
        -0.19358773529529572,
        0.051606662571430206,
        0.15575824677944183,
        -0.15799422562122345,
        0.9323409795761108,
        -0.637699544429779,
        0.5171076059341431,
        0.18650692701339722,
        -0.10436147451400757,
        -0.19340786337852478,
        -0.06252914667129517,
        -0.46005403995513916,
        -0.14004169404506683,
        0.034829214215278625,
        0.27841055393218994,
        0.08347398042678833,
        0.36643821001052856,
        1.2490719556808472
    ]
}