{
    "seed": 1000005,
    "theta": [
        -0.020108364522457123,
        0.13074073195457458,
        -0.09618047624826431,
        -0.3058006167411804,
        0.05914619565010071,
        -0.14327122271060944,
        0.21347761154174805,
        -0.07197895646095276,
        -0.46448826789855957,
        0.05643519386649132,
        -0.08224190771579742,
        0.15313932299613953,
        0.34140753746032715,
        0.08045332878828049,
        -0.12170335650444031,
        -0.214555025100708,
        0.2932899594306946,
        -0.07276080548763275,
        -0.11078718304634094,
        0.02125566452741623
    ],
    "x": [
        0.14515170454978943,
        -0.14804676175117493,
        0.29400357604026794,
        -0.4712126553058624,
        -0.028242014348506927,
        0.04790234565734863,
        -0.09296289086341858,
        -0.3614320755004883,
        -0.3539738059043884,
        -0.30979040265083313,
        0.0005735978484153748,
        -0.17229396104812622,
        0.6804033517837524,
        0.4625494182109833,
        -0.31670814752578735,
        0.011692240834236145,
        0.309307724237442,
        0.07141859829425812,
        0.18488967418670654,
        0.23761433362960815
    ]
}