{
    "seed": 1000010,
    "theta": [
        0.16496777534484863,
        -0.4599558711051941,
        -0.25252798199653625,
        -0.4486388862133026,
        -0.19170595705509186,
        -0.038412779569625854,
        0.13617148995399475,
        -0.32373884320259094,
        -0.22068898379802704,
        0.053508371114730835,
        0.15994930267333984,
        -0.15462815761566162,
        0.09149179607629776,
        0.32687950134277344,
        -0.17059734463691711,
        -0.2973809838294983,
        -0.1657029688358307,
        0.15926174819469452,
        0.07116293907165527,
        0.2663765549659729
    ],
    "x": [
        0.42614302039146423,
        -0.23583252727985382,
        -0.7486307621002197,
        -0.48608824610710144,
        -0.41290900111198425,
        -1.0557000637054443,
        -0.3487779498100281,
        -0.2507757544517517,
        -0.35448309779167175,
        -0.30041855573654175,
        0.11220613121986389,
        -0.2632652521133423,
        0.14181751012802124,
        -0.13163155317306519,
        -0.07824178785085678,
        0.09386464953422546,
        -0.08446002751588821,
        0.36434921622276306,
        0.28123223781585693,
        -0.12076812982559204
    ]
}