{
    "seed": 1000005,
    "theta": [
        0.3180970847606659,
        -0.37833893299102783,
        -0.27314040064811707,
        -0.47546637058258057,
        -0.20004108548164368,
        -0.11767423897981644,
        0.16790351271629333,
        -0.394804447889328,
        -0.31940943002700806,
        0.011995958164334297,
        0.06256136298179626,
        -0.053314607590436935,
        0.2419145107269287,
        0.45106035470962524,
        -0.35737186670303345,
        -0.3002529442310333,
        -0.035757876932621,
        0.2574102580547333,
        0.07700192183256149,
        0.28857478499412537
    ],
    "x": [
        0.48335713148117065,
        -0.6571264266967773,
        0.1170436441898346,
        -0.640878438949585,
        -0.2874293029308319,
        0.07349932938814163,
        -0.1385369896888733,
        -0.6842575669288635,
        -0.20889496803283691,
        -0.3542296290397644,
        0.14537686109542847,
        -0.3787478804588318,
        0.580910325050354,
        0.8331564664840698,
        -0.5523766279220581,
        -0.07400567829608917,
        -0.019740121439099312,
        0.40158966183662415,
        0.3726787865161896,
        0.5049334764480591
    ]
}