{
    "seed": 1000004,
    "theta": [
        0.18542391061782837,
        -0.4612025320529938,
        -0.25450876355171204,
        -0.30335140228271484,
        -0.07391410320997238,
        -0.09163638949394226,
        0.10079455375671387,
        -0.4541499614715576,
        -0.07162725925445557,
        0.06179993599653244,
        0.16286370158195496,
        -0.038060255348682404,
        0.17784173786640167,
        0.42492711544036865,
        -0.4070308208465576,
        -0.40965786576271057,
        -0.17498542368412018,
        0.21859130263328552,
        0.01505386084318161,
        0.31738340854644775
    ],
    "x": [
        0.057387322187423706,
        -0.8489127159118652,
        -0.749301552772522,
        -0.26095443964004517,
        -0.1978362649679184,
        -0.1874186247587204,
        -0.16445830464363098,
        -0.48854756355285645,
        -0.16676615178585052,
        0.17887210845947266,
        0.32690340280532837,
        -0.28761717677116394,
        -0.06174638867378235,
        0.873464822769165,
        -0.6310932040214539,
        -0.18986210227012634,
        -0.11474274098873138,
        -0.15826192498207092,
        0.3956369459629059,
        0.4901488423347473
    ]
}