{
    "seed": 1000012,
    "theta": [
        0.3060879707336426,
        -0.44289594888687134,
        -0.308372437953949,
        -0.39282968640327454,
        -0.07308745384216309,
        0.02308163046836853,
        0.18415814638137817,
        -0.44698402285575867,
        -0.21057447791099548,
        0.05605202168226242,
        0.08412955701351166,
        -0.16976535320281982,
        0.10344979166984558,
        0.3396751284599304,
        -0.31669050455093384,
        -0.39316749572753906,
        -0.12210723757743835,
        0.21504470705986023,
        0.15507063269615173,
        0.2731473445892334
    ],
    "x": [
        0.7012021541595459,
        -0.38078832626342773,
        -0.3545011878013611,
        -0.3903898000717163,
        0.19405296444892883,
        -0.6448030471801758,
        -0.3419303894042969,
        -0.4868622124195099,
        0.15904870629310608,
        -0.20246297121047974,
        0.2869032025337219,
        -0.4702216684818268,
        0.4154222011566162,
        0.36969342827796936,
        -0.41699472069740295,
        -0.598067581653595,
        0.03196997940540314,
        0.7917689085006714,
        -0.5147446393966675,
        -0.1036882996559143
    ]
}