{
    "seed": 1000002,
    "theta": [
        0.44521161913871765,
        -0.3694620728492737,
        -0.14321324229240417,
        -0.3927285969257355,
        -0.1739618182182312,
        -0.08590711653232574,
        0.003388449549674988,
        -0.3854793608188629,
        -0.14914026856422424,
        0.036844246089458466,
        0.08791565895080566,
        -0.037444934248924255,
        0.14221565425395966,
        0.49641090631484985,
        -0.42993199825286865,
        -0.15949437022209167,
        -0.12237939983606339,
        0.23448464274406433,
        0.08784472942352295,
        0.29859572649002075
    ],
    "x": [
        1.159173846244812,
        -0.18989452719688416,
        -0.4937465190887451,
        -0.7504814863204956,
        -0.6281147003173828,
        0.1265968680381775,
        0.08544743061065674,
        0.12623009085655212,
        -0.1195993423461914,
        -0.051144905388355255,
        0.31275713443756104,
        -0.09716804325580597,
        -0.083428755402565,
        -0.11325889825820923,
        -0.41516831517219543,
        -0.0797758623957634,
        -0.6143218278884888,
        -0.14623960852622986,
        0.6260507106781006,
        0.4429805278778076
    ]
}