{
    "seed": 1000008,
    "theta": [
        0.4094233512878418,
        -0.3711783289909363,
        -0.22459015250205994,
        -0.3770384192466736,
        -0.07075008749961853,
        -0.1026635617017746,
        0.2297203093767166,
        -0.4006498456001282,
        -0.08062915503978729,
        0.08068253844976425,
        0.20900161564350128,
        -0.10676112771034241,
        0.13121862709522247,
        0.4769628942012787,
        -0.39548254013061523,
        -0.23972317576408386,
        -0.06664855033159256,
        0.3054049015045166,
        0.14806494116783142,
        0.4485531747341156
    ],
    "x": [
        0.21073079109191895,
        -0.6560583114624023,
        -0.4433729648590088,
        -0.26570093631744385,
        -0.29736554622650146,
        -0.15491324663162231,
        0.7940416932106018,
        -0.9517569541931152,
        0.30401611328125,
        0.03903782367706299,
        -0.1792185753583908,
        -0.3196920156478882,
        0.0040216147899627686,
        -0.12830081582069397,
        -0.31854426860809326,
        -0.14166340231895447,
        -0.0043012835085392,
        0.34165310859680176,
        0.4476327896118164,
        1.2764235734939575
    ]
}