{
    "seed": 1000000,
    "theta": [
        0.32572776079177856,
        -0.37772315740585327,
        -0.4612398147583008,
        -0.30641669034957886,
        -0.18827450275421143,
        -0.09681526571512222,
        0.33780205249786377,
        -0.2687651515007019,
        -0.21584801375865936,
        0.007733941078186035,
        0.06199098378419876,
        -0.04973627254366875,
        0.17339512705802917,
        0.3601466119289398,
        -0.27007389068603516,
        -0.29604843258857727,
        -0.14928966760635376,
        0.392952024936676,
        0.10957717895507812,
        0.25184503197669983
    ],
    "x": [
        0.15025697648525238,
        -0.26227274537086487,
        -0.34213900566101074,
        0.01828402280807495,
        0.07152247428894043,
        -0.3996511995792389,
        0.23970168828964233,
        -0.8773214817047119,
        -0.3099852502346039,
        0.06867758929729462,
        0.008331108838319778,
        -0.3167570233345032,
        -0.03576149046421051,
        0.3180863559246063,
        0.04623660445213318,
        -0.8024687767028809,
        -0.4049476385116577,
        0.33492857217788696,
        0.7617970705032349,
        0.36509984731674194
    ]
}