{
    "seed": 1000001,
    "theta": [
        0.33404067158699036,
        -0.43613213300704956,
        -0.287797212600708,
        -0.36487486958503723,
        -0.1936655193567276,
        -0.1458510458469391,
        0.22107788920402527,
        -0.3296966850757599,
        -0.15995408594608307,
        0.04122772440314293,
        0.12733489274978638,
        -0.10456649214029312,
        0.08772215247154236,
        0.45619842410087585,
        -0.30227532982826233,
        -0.22954905033111572,
        -0.24654296040534973,
        0.4352078437805176,
        0.16702529788017273,
        0.24930471181869507
    ],
    "x": [
        -0.026274532079696655,
        -0.5836801528930664,
        -0.2825290858745575,
        -0.6030035018920898,
        0.36815541982650757,
        -0.4235261380672455,
        -0.041079580783843994,
        0.48080024123191833,
        -0.3857976496219635,
        -0.47182634472846985,
        0.26474452018737793,
        -0.046342749148607254,
        0.66355299949646,
        0.747852087020874,
        -0.1948380321264267,
        -0.1722782999277115,
        -0.18263086676597595,
        0.2084563970565796,
        -0.246171236038208,
        0.3082314431667328
    ]
}