{
    "seed": 1000003,
    "theta": [
        0.29558318853378296,
        -0.5009890794754028,
        -0.1710566282272339,
        -0.44252488017082214,
        -0.12344905734062195,
        -0.08239714056253433,
        0.11648118495941162,
        -0.516523003578186,
        -0.15835689008235931,
        -0.00317482091486454,
        0.03264728933572769,
        -0.010363325476646423,
        0.040535204112529755,
        0.394218385219574,
        -0.32196712493896484,
        -0.4004429876804352,
        -0.15042483806610107,
        0.21479080617427826,
        0.04665105789899826,
        0.28616735339164734
    ],
    "x": [
        0.5743128061294556,
        -0.9731285572052002,
        0.09376740455627441,
        -0.6151916980743408,
        0.4819968640804291,
        -0.6661552786827087,
        -0.0032167956233024597,
        -0.31154078245162964,
        0.22205452620983124,
        0.11109820008277893,
        0.48598015308380127,
        0.11676032841205597,
        0.47020745277404785,
        0.6636266708374023,
        -0.09284646809101105,
        -0.8764954209327698,
        -0.02237050235271454,
        0.2650757133960724,
        0.30150121450424194,
        0.025606155395507812
    ]
}