{
    "seed": 1000005,
    "theta": [
        0.0392891988158226,
        -0.06663509458303452,
        0.18105646967887878,
        -0.12773190438747406,
        0.15970876812934875,
        0.08502820134162903,
        0.12240839749574661,
        0.04922160506248474,
        -0.1064266487956047,
        -0.04147801920771599
    ],
    "x": [
        0.4808276295661926,
        -0.015242233872413635,
        0.0640965923666954,
        -0.6318503022193909,
        -0.11744898557662964,
        0.41208750009536743,
        -0.3512673079967499,
        0.5282206535339355,
        0.042571164667606354,
        -0.2836195230484009
    ]
}