{
    "seed": 1000000,
    "theta": [
        0.24417558312416077,
        0.24869611859321594,
        0.001353830099105835,
        -0.08654391020536423,
        -0.3369215428829193,
        0.13951902091503143,
        -0.10031845420598984,
        -0.13087376952171326,
        0.04963909089565277,
        0.0920749306678772
    ],
    "x": [
        1.0194679498672485,
        0.12907201051712036,
        -0.40672388672828674,
        -0.016477905213832855,
        -0.5205498337745667,
        0.10729804635047913,
        0.2034115493297577,
        -0.2593531608581543,
        -0.19980837404727936,
        0.06745444238185883
    ]
}