{
    "seed": 1000004,
    "theta": [
        0.028759479522705078,
        -0.1325986534357071,
        -0.0953500047326088,
        0.07837461680173874,
        -0.0018390417098999023,
        0.04464525729417801,
        0.3511088788509369,
        -0.01283300295472145,
        0.11195811629295349,
        0.026298444718122482
    ],
    "x": [
        0.27401089668273926,
        0.1888120323419571,
        -0.1962842494249344,
        -0.44664400815963745,
        0.005692263599485159,
        -0.38797131180763245,
        0.23182985186576843,
        0.2713524401187897,
        0.578914999961853,
        0.22291354835033417
    ]
}