{
    "seed": 1000001,
    "theta": [
        0.2698426842689514,
        -0.33042430877685547,
        -0.16400176286697388,
        0.056934602558612823,
        0.04767324775457382,
        0.03926272690296173,
        0.07850481569766998,
        -0.34779947996139526,
        0.3377794623374939,
        -0.01529998891055584
    ],
    "x": [
        -0.16002151370048523,
        -0.6500438451766968,
        -0.07850710302591324,
        0.21311745047569275,
        0.7229735255241394,
        0.028611594811081886,
        0.6721952557563782,
        0.4425578713417053,
        0.5692703723907471,
        0.027694473043084145
    ]
}