{
    "seed": 1000012,
    "theta": [
        0.2076060175895691,
        0.3651094436645508,
        -0.24386276304721832,
        -0.2802622616291046,
        0.01852351799607277,
        0.02543894201517105,
        0.2083006352186203,
        -0.09455183893442154,
        0.04268571734428406,
        -0.28174445033073425
    ],
    "x": [
        0.2859151363372803,
        0.6324939727783203,
        -0.2174876481294632,
        -0.1677515059709549,
        0.1355031579732895,
        -0.31022441387176514,
        0.06143862009048462,
        0.1712760627269745,
        -0.23383554816246033,
        0.10465052723884583
    ]
}