{
    "seed": 1000010,
    "theta": [
        0.32411956787109375,
        -0.13071322441101074,
        -0.1474129557609558,
        -0.2181551456451416,
        0.32391655445098877,
        0.04281964153051376,
        0.03320402652025223,
        -0.007326845079660416,
        0.1516856551170349,
        0.10281828045845032
    ],
    "x": [
        -0.0022698640823364258,
        0.4050963521003723,
        -0.4333725869655609,
        -0.5268740653991699,
        0.33887436985969543,
        0.03843439370393753,
        0.39444395899772644,
        0.2554628551006317,
        -0.008213907480239868,
        -0.02877029776573181
    ]
}