{
    "seed": 1000003,
    "theta": [
        0.21679352223873138,
        -0.5053046941757202,
        -0.12238142639398575,
        -0.28396371006965637,
        0.001726679503917694,
        0.28788888454437256,
        -0.22989901900291443,
        0.09374724328517914,
        -0.06136874109506607,
        -0.39409542083740234
    ],
    "x": [
        0.26957836747169495,
        -0.5500662922859192,
        -0.8539116978645325,
        -0.4693746864795685,
        -0.1504974067211151,
        0.1565583199262619,
        -0.9388108253479004,
        -0.11095541715621948,
        0.23949334025382996,
        -0.33986201882362366
    ]
}