{
    "seed": 1000002,
    "theta": [
        0.48445719480514526,
        -0.2943001985549927,
        -0.29530641436576843,
        0.20457762479782104,
        0.12721776962280273,
        0.3509919345378876,
        0.09618380665779114,
        -0.27072012424468994,
        0.13401874899864197,
        -0.41393569111824036
    ],
    "x": [
        0.19889995455741882,
        -0.9237841367721558,
        -0.296077698469162,
        -0.37895047664642334,
        0.08840879797935486,
        0.35060760378837585,
        -0.019475899636745453,
        -0.31355151534080505,
        -0.04266989231109619,
        -0.27215850353240967
    ]
}