{
    "seed": 1000002,
    "theta": [
        0.4167230725288391,
        0.24064578115940094,
        0.46443262696266174,
        0.591952919960022
    ],
    "x": [
        0.9552162289619446,
        0.936346173286438,
        0.9383450746536255,
        0.8359214663505554,
        0.8384222388267517,
        0.655633807182312,
        0.6883119940757751,
        0.6949991583824158,
        0.674669623374939,
        0.6070749759674072,
        0.5499839782714844,
        0.5505452752113342,
        0.5425528287887573,
        0.5769215822219849,
        0.4547882080078125,
        0.5041821599006653,
        0.3504043519496918,
        0.6028944849967957,
        0.4743942320346832,
        0.41107749938964844,
        0.3299528658390045,
        0.5072340369224548,
        0.5753166079521179,
        0.424243301153183,
        0.4753880798816681,
        0.5130355954170227,
        0.501555860042572,
        0.39021503925323486,
        0.39402833580970764,
        0.33497416973114014,
        0.548742949962616,
        0.5327581763267517,
        0.4286910891532898,
        0.5349197387695312,
        0.5338720679283142,
        0.2739819884300232,
        0.5294797420501709,
        0.45869624614715576,
        0.48383840918540955,
        0.38854649662971497,
        0.5334879755973816,
        0.48276278376579285,
        0.5135778784751892,
        0.5173675417900085,
        0.5040631890296936,
        0.3065742552280426,
        0.5134778618812561,
        0.4873090088367462,
        0.2658297121524811,
        0.4065348207950592,
        0.35342660546302795,
        0.5147996544837952,
        0.4687556028366089,
        0.611981213092804,
        0.39414864778518677,
        0.4994964599609375,
        0.5508467555046082,
        0.44124552607536316,
        0.37424328923225403,
        0.47923964262008667,
        0.47913768887519836,
        0.5295341610908508,
        0.2963497042655945,
        0.42553597688674927,
        0.3486374020576477,
        0.43433648347854614,
        0.357071191072464,
        0.44468459486961365,
        0.4586869478225708,
        0.4822402894496918,
        0.5347411036491394,
        0.5583244562149048,
        0.5268312096595764,
        0.5608624815940857,
        0.447406142950058,
        0.4009541869163513,
        0.473413348197937,
        0.4826347231864929,
        0.3568580746650696,
        0.5085055232048035,
        0.5564796328544617,
        0.5836179256439209,
        0.5563512444496155,
        0.5087235569953918,
        0.5509263277053833,
        0.5563616156578064,
        0.44488704204559326,
        0.44991034269332886,
        0.5279500484466553,
        0.45982056856155396,
        0.5409911870956421,
        0.5048677921295166,
        0.5658214688301086,
        0.5891990661621094,
        0.6203225255012512,
        0.5838470458984375,
        0.5982894897460938,
        0.6152586340904236,
        0.6801980137825012,
        0.7363610863685608,
        0.7719586491584778
    ]
}