{
    "seed": 1000009,
    "theta": [
        0.39663854241371155,
        0.513236939907074,
        0.42587918043136597,
        0.5378605723381042
    ],
    "x": [
        0.9432773590087891,
        0.8411829471588135,
        0.9025320410728455,
        0.8489987850189209,
        0.5745957493782043,
        0.8957712650299072,
        0.8576077818870544,
        0.7406388521194458,
        0.665425717830658,
        0.7693318724632263,
        0.7238901853561401,
        0.6033746004104614,
        0.7546461820602417,
        0.6163837313652039,
        0.6433544158935547,
        0.6286431550979614,
        0.523966372013092,
        0.6252207159996033,
        0.5888333916664124,
        0.40122413635253906,
        0.36048877239227295,
        0.619313657283783,
        0.32267507910728455,
        0.3566409945487976,
        0.5035428404808044,
        0.5576539635658264,
        0.5142092108726501,
        0.5125526189804077,
        0.529276430606842,
        0.48939335346221924,
        0.2994547486305237,
        0.46420592069625854,
        0.41067224740982056,
        0.49486491084098816,
        0.5059112310409546,
        0.48260217905044556,
        0.5121995210647583,
        0.4306953549385071,
        0.5885372161865234,
        0.42011019587516785,
        0.46031010150909424,
        0.5831101536750793,
        0.5073348879814148,
        0.4757128357887268,
        0.33191630244255066,
        0.5201489925384521,
        0.49133604764938354,
        0.3544047176837921,
        0.3454951047897339,
        0.4920028746128082,
        0.3497638702392578,
        0.5290941596031189,
        0.2819889187812805,
        0.4894063174724579,
        0.31574884057044983,
        0.49721500277519226,
        0.37477225065231323,
        0.3879573941230774,
        0.3911890685558319,
        0.53997802734375,
        0.4669559597969055,
        0.45633164048194885,
        0.4252079129219055,
        0.47973009943962097,
        0.3568739593029022,
        0.5319232940673828,
        0.5617141723632812,
        0.2941506803035736,
        0.5616773962974548,
        0.30556997656822205,
        0.389443963766098,
        0.3731831908226013,
        0.39913827180862427,
        0.5063261389732361,
        0.27467599511146545,
        0.44846025109291077,
        0.467856228351593,
        0.5957648158073425,
        0.4664960205554962,
        0.4231671690940857,
        0.49268990755081177,
        0.4145708680152893,
        0.4586349427700043,
        0.38643723726272583,
        0.5031260251998901,
        0.3686459958553314,
        0.4971396028995514,
        0.47120729088783264,
        0.5786749720573425,
        0.5297724604606628,
        0.4144480526447296,
        0.4313175082206726,
        0.5754193663597107,
        0.4782238006591797,
        0.654809296131134,
        0.6076585054397583,
        0.6684814691543579,
        0.6616165041923523,
        0.6873003840446472,
        0.7345497012138367,
        0.78742915391922
    ]
}