{
    "seed": 1000010,
    "theta": [
        0.591547429561615,
        0.31152886152267456,
        0.3157026171684265,
        0.3729867935180664
    ],
    "x": [
        0.9690864682197571,
        0.8117490410804749,
        0.900313675403595,
        0.8081602454185486,
        0.7273107171058655,
        0.7105383276939392,
        0.7730609774589539,
        0.5892144441604614,
        0.6766560673713684,
        0.6139729619026184,
        0.5972068905830383,
        0.6517118811607361,
        0.5906538367271423,
        0.38094407320022583,
        0.5294733643531799,
        0.5371206998825073,
        0.32567915320396423,
        0.4738937318325043,
        0.3764166533946991,
        0.5661785006523132,
        0.3731023073196411,
        0.46333807706832886,
        0.47105851769447327,
        0.4180469512939453,
        0.4159594178199768,
        0.5328570008277893,
        0.44293656945228577,
        0.4828859865665436,
        0.4686281979084015,
        0.4724215269088745,
        0.4059410095214844,
        0.4892869293689728,
        0.2721549868583679,
        0.4269266724586487,
        0.46828970313072205,
        0.4187314212322235,
        0.5849848389625549,
        0.3338649868965149,
        0.39876365661621094,
        0.4673544466495514,
        0.19458796083927155,
        0.4093971252441406,
        0.4491170346736908,
        0.46930795907974243,
        0.4379432797431946,
        0.20300649106502533,
        0.40663936734199524,
        0.19896723330020905,
        0.10592041164636612,
        0.25822269916534424,
        0.3732198178768158,
        0.4849283993244171,
        0.3389083743095398,
        0.38455453515052795,
        -0.09351018071174622,
        0.5317121148109436,
        0.4465104341506958,
        0.45249584317207336,
        0.49444884061813354,
        0.27340584993362427,
        0.38474172353744507,
        0.5709551572799683,
        0.5159861445426941,
        0.41849035024642944,
        0.3819466829299927,
        0.3944290280342102,
        0.39454588294029236,
        0.3725532591342926,
        0.5068836212158203,
        0.38060519099235535,
        0.4105275571346283,
        0.5176452398300171,
        0.534688413143158,
        0.4889416992664337,
        0.3586350679397583,
        0.42776843905448914,
        0.5278859734535217,
        0.4449358582496643,
        0.3104568421840668,
        0.5072900056838989,
        0.3719348907470703,
        0.10650990903377533,
        0.21872559189796448,
        0.4972127377986908,
        0.4300376772880554,
        0.4795851409435272,
        0.35853374004364014,
        0.4129306674003601,
        0.42291882634162903,
        0.495580792427063,
        0.47610360383987427,
        0.3997701108455658,
        0.5016916990280151,
        0.5351988673210144,
        0.533111572265625,
        0.4493449032306671,
        0.5783231258392334,
        0.6064363121986389,
        0.6161603331565857,
        0.6741989254951477,
        0.7636216282844543
    ]
}