{
    "seed": 1000008,
    "theta": [
        0.49508750438690186,
        0.4815388023853302,
        0.4161338806152344,
        0.5750500559806824
    ],
    "x": [
        0.861014187335968,
        0.9761553406715393,
        0.9069715142250061,
        0.7452126741409302,
        0.7598907351493835,
        0.7731876373291016,
        0.8252604007720947,
        0.5569816827774048,
        0.6332804560661316,
        0.4493827819824219,
        0.688647449016571,
        0.5231915712356567,
        0.6379141211509705,
        0.47516873478889465,
        0.5017082095146179,
        0.3511398434638977,
        0.6150234341621399,
        0.5946863889694214,
        0.33493322134017944,
        0.41163063049316406,
        0.4822090268135071,
        0.25822320580482483,
        0.2927050292491913,
        0.5361695885658264,
        0.45321211218833923,
        0.5728504061698914,
        0.42559802532196045,
        0.3070245087146759,
        0.4661417603492737,
        0.3711954653263092,
        0.5154450535774231,
        0.47375234961509705,
        0.3569384217262268,
        0.3334331512451172,
        0.4761010408401489,
        0.2617379426956177,
        0.5838795900344849,
        0.5546132326126099,
        0.3150217831134796,
        0.4308456480503082,
        0.49237632751464844,
        0.3794148862361908,
        0.3105158507823944,
        0.3597642183303833,
        0.2872418761253357,
        0.4880334138870239,
        0.4459506869316101,
        0.4640665650367737,
        0.37151768803596497,
        0.34144845604896545,
        0.38278552889823914,
        0.4978596866130829,
        0.4409599304199219,
        0.38092321157455444,
        0.4387167692184448,
        0.606150209903717,
        0.5097712278366089,
        0.5006318688392639,
        0.4022342562675476,
        0.5044151544570923,
        0.5149734616279602,
        0.44907939434051514,
        0.37283846735954285,
        0.5268404483795166,
        0.3918381929397583,
        0.36733105778694153,
        0.2683054506778717,
        0.46681416034698486,
        0.3805350065231323,
        0.1253657042980194,
        0.2663344144821167,
        0.2313392609357834,
        0.4323745667934418,
        0.4972103238105774,
        0.3388430178165436,
        0.44816017150878906,
        0.22958551347255707,
        0.42869579792022705,
        0.23211058974266052,
        0.4758954346179962,
        0.4000612795352936,
        0.4742787778377533,
        0.4305104613304138,
        0.48195967078208923,
        0.4214721620082855,
        0.41833674907684326,
        0.4167833924293518,
        0.4129938781261444,
        0.37764766812324524,
        0.3560255765914917,
        0.4711800813674927,
        0.5142723321914673,
        0.4393981993198395,
        0.431039035320282,
        0.15615208446979523,
        0.4710402190685272,
        0.4639745056629181,
        0.5618784427642822,
        0.5148130059242249,
        0.37205302715301514,
        0.47135481238365173
    ]
}