{
    "seed": 1000003,
    "theta": [
        0.4610080122947693,
        0.2520790100097656,
        0.590805172920227,
        0.6907709836959839
    ],
    "x": [
        0.8286146521568298,
        0.926127016544342,
        0.6868031620979309,
        0.9921978116035461,
        0.6548238396644592,
        0.6681613922119141,
        0.7472963929176331,
        0.6268502473831177,
        0.6669970154762268,
        0.6179632544517517,
        0.4836893677711487,
        0.45157164335250854,
        0.5723854303359985,
        0.516204833984375,
        0.5399996638298035,
        0.5010996460914612,
        0.41868704557418823,
        0.4205206632614136,
        0.36691105365753174,
        0.49794119596481323,
        0.47424304485321045,
        0.17126260697841644,
        0.4515366852283478,
        0.3581858277320862,
        0.5139936804771423,
        0.3168283998966217,
        0.3499196469783783,
        0.4825040102005005,
        0.43379324674606323,
        0.21011708676815033,
        0.2780013978481293,
        0.40644723176956177,
        0.534325897693634,
        0.5510591864585876,
        0.47362837195396423,
        0.49280816316604614,
        0.4850301146507263,
        0.3424719572067261,
        0.4035061001777649,
        0.42006033658981323,
        0.3395709991455078,
        0.3515368103981018,
        0.48361486196517944,
        0.49540597200393677,
        0.4084804654121399,
        0.4085374176502228,
        0.48175403475761414,
        0.5556500554084778,
        0.45751750469207764,
        0.28765690326690674,
        0.47332051396369934,
        0.47126439213752747,
        0.21971702575683594,
        0.47512704133987427,
        0.5140737891197205,
        0.3001542389392853,
        0.38365796208381653,
        0.4898885190486908,
        0.4533500671386719,
        0.35764554142951965,
        0.4899559020996094,
        0.4310123324394226,
        0.48083749413490295,
        0.3798287808895111,
        0.5074312686920166,
        0.31919237971305847,
        0.5205469727516174,
        0.5765830874443054,
        0.4609246551990509,
        0.3416707217693329,
        0.4395278990268707,
        0.3174374997615814,
        0.4235519468784332,
        0.4406377077102661,
        0.4091014862060547,
        0.4369707703590393,
        0.3794403076171875,
        0.3978780210018158,
        0.36551234126091003,
        0.3688798248767853,
        0.3244872987270355,
        0.37489116191864014,
        0.5171071290969849,
        0.21695835888385773,
        0.4794817566871643,
        0.3584637939929962,
        0.40257948637008667,
        0.36798807978630066,
        0.3944530487060547,
        0.44711023569107056,
        0.3485359251499176,
        0.45663580298423767,
        0.4585924744606018,
        0.3647158443927765,
        0.42841097712516785,
        0.5365346074104309,
        0.5537203550338745,
        0.5031896233558655,
        0.5103892087936401,
        0.45945078134536743,
        0.5207427740097046
    ]
}