{
    "seed": 1000005,
    "theta": [
        0.5069385170936584,
        0.5344921946525574,
        0.6268428564071655,
        0.41682755947113037
    ],
    "x": [
        0.8966266512870789,
        0.8793085813522339,
        0.8087665438652039,
        0.8993532657623291,
        0.7502315640449524,
        0.8365712761878967,
        0.8481704592704773,
        0.8122759461402893,
        0.7950439453125,
        0.6878846287727356,
        0.6639354825019836,
        0.7127583622932434,
        0.5834000706672668,
        0.46717044711112976,
        0.5827426910400391,
        0.4986628293991089,
        0.48982569575309753,
        0.45767492055892944,
        0.4354221224784851,
        0.5159901976585388,
        0.4409131407737732,
        0.4581644833087921,
        0.407763808965683,
        0.5240638852119446,
        0.4601224362850189,
        0.4151473939418793,
        0.506912350654602,
        0.3292945921421051,
        0.37036794424057007,
        0.3616831600666046,
        0.450067400932312,
        0.43697765469551086,
        0.3749087154865265,
        0.2632761597633362,
        0.42513734102249146,
        0.4431802034378052,
        0.44469261169433594,
        0.44898122549057007,
        0.5010051727294922,
        0.49770545959472656,
        0.299328476190567,
        0.45713818073272705,
        0.4105936586856842,
        0.5169156193733215,
        0.30613887310028076,
        0.5258405208587646,
        0.370532363653183,
        0.350384384393692,
        0.4401918947696686,
        0.17251409590244293,
        0.4879564940929413,
        0.3800773620605469,
        0.48957112431526184,
        0.5005873441696167,
        0.37878772616386414,
        0.5241355895996094,
        0.38631972670555115,
        0.3503674864768982,
        0.3468009829521179,
        0.2777131497859955,
        0.5498109459877014,
        0.36542537808418274,
        0.4481552243232727,
        0.49001872539520264,
        0.47461065649986267,
        0.3933829069137573,
        0.4231414794921875,
        0.24240697920322418,
        0.3633040189743042,
        0.49371007084846497,
        0.4433942139148712,
        0.45845553278923035,
        0.43600592017173767,
        0.22113418579101562,
        0.5624984502792358,
        0.4306372404098511,
        0.4618353545665741,
        0.48487231135368347,
        0.386361300945282,
        0.27685052156448364,
        0.43856149911880493,
        0.35496851801872253,
        0.4588867127895355,
        0.3727574646472931,
        0.5190545320510864,
        0.3282028138637543,
        0.5206766724586487,
        0.39952290058135986,
        0.2894396483898163,
        0.5414078831672668,
        0.4386955201625824,
        0.3986854553222656,
        0.5451009273529053,
        0.054000090807676315,
        0.5358824133872986,
        0.4681864380836487,
        0.5617968440055847,
        0.45941290259361267,
        0.6128863096237183,
        0.6336185336112976,
        0.7323369383811951
    ]
}