{
    "seed": 1000012,
    "theta": [
        0.46197035908699036,
        0.5888692140579224,
        0.21550002694129944,
        0.5419270396232605
    ],
    "x": [
        0.6763166785240173,
        0.8308441042900085,
        0.7650868892669678,
        0.9603696465492249,
        0.8761394619941711,
        0.8007654547691345,
        0.48764699697494507,
        0.6339960694313049,
        0.8868165612220764,
        0.8543656468391418,
        0.5052539706230164,
        0.6940081119537354,
        0.750476598739624,
        0.5799130797386169,
        0.5193082094192505,
        0.4289588928222656,
        0.5933966040611267,
        0.555684506893158,
        0.6197229027748108,
        0.5104084014892578,
        0.5423081517219543,
        0.32511329650878906,
        0.4277242124080658,
        0.23110134899616241,
        0.5335026979446411,
        0.42224857211112976,
        0.3422899842262268,
        0.48053181171417236,
        0.2805047333240509,
        0.4833642244338989,
        0.45692190527915955,
        0.44293543696403503,
        0.300040066242218,
        0.5386473536491394,
        0.418234258890152,
        0.37293726205825806,
        0.3215142488479614,
        0.3998522460460663,
        0.45366695523262024,
        0.5000007748603821,
        0.43456217646598816,
        0.42014721035957336,
        0.3058377504348755,
        0.36922428011894226,
        0.48676350712776184,
        0.5428619384765625,
        0.3939399719238281,
        0.3302200436592102,
        0.4617576599121094,
        0.4392293393611908,
        0.36009979248046875,
        0.325677752494812,
        0.5187733769416809,
        0.4578171968460083,
        0.527838408946991,
        0.4650508761405945,
        0.49917665123939514,
        0.43393439054489136,
        0.5172197818756104,
        0.2877534329891205,
        0.48936018347740173,
        0.4490852355957031,
        0.4646981656551361,
        0.4980224668979645,
        0.59027099609375,
        0.44604161381721497,
        0.2627878785133362,
        0.313390851020813,
        0.4935246706008911,
        0.5159773230552673,
        0.3837668001651764,
        0.2982162535190582,
        0.48157820105552673,
        0.4626625180244446,
        0.45323866605758667,
        0.4994696378707886,
        0.35370102524757385,
        0.4290121793746948,
        0.3393297791481018,
        0.5402457118034363,
        0.37209078669548035,
        0.484231173992157,
        0.303842157125473,
        0.41868019104003906,
        0.4747430086135864,
        0.4021644592285156,
        0.5405246615409851,
        0.4481314420700073,
        0.5354415774345398,
        0.3290442228317261,
        0.5045197606086731,
        0.40256741642951965,
        0.3614247739315033,
        0.3811533749103546,
        0.3560967743396759,
        0.4918338656425476,
        0.21742478013038635,
        0.5432426333427429,
        0.5038228631019592,
        0.49948006868362427,
        0.6144855618476868
    ]
}