{
    "seed": 1000009,
    "theta": [
        -0.3514258861541748,
        0.9667797088623047,
        -0.6688661575317383,
        1.4587998390197754,
        -0.7427561283111572
    ],
    "x": [
        0.40499454736709595,
        -0.11034245789051056,
        0.15971101820468903,
        0.5798445343971252,
        -0.8501044511795044,
        0.19554978609085083,
        0.16788510978221893,
        -0.5193250179290771,
        -0.23167942464351654,
        0.3320123851299286,
        0.22050240635871887,
        0.18045300245285034,
        -0.1226804330945015,
        -0.24203012883663177,
        -1.4847372770309448,
        0.3741682469844818,
        0.2696211338043213,
        -0.4050270915031433,
        -0.7229456305503845,
        -0.8448886871337891,
        -0.011183569207787514,
        -0.4438624978065491,
        0.2280389368534088,
        -0.0770295038819313,
        -0.1352166086435318,
        -0.042133066803216934,
        -0.09507431834936142,
        -0.14105187356472015,
        0.24177241325378418,
        -0.03676162287592888,
        -0.3589765727519989,
        0.30472537875175476,
        -0.47738051414489746,
        -0.1569357067346573,
        0.45906031131744385,
        0.3316922187805176,
        -0.27721503376960754,
        0.42246079444885254,
        0.02856331504881382,
        0.8615800738334656,
        -0.27635952830314636,
        -0.057778142392635345,
        -0.0210128054022789,
        0.5495644211769104,
        0.309240460395813,
        0.022683866322040558,
        -0.44282951951026917,
        -0.34381118416786194,
        0.07122429460287094,
        0.1877017319202423,
        -0.16044995188713074,
        0.48450490832328796,
        -0.3433452844619751,
        -0.21749556064605713,
        -0.41747647523880005,
        -0.48338788747787476,
        1.0436828136444092,
        0.34456977248191833,
        0.2923261821269989,
        0.1743597388267517,
        -0.2772919833660126,
        -0.3114337921142578,
        -0.7040870785713196,
        1.3312195539474487,
        0.637914776802063,
        0.2002004086971283,
        -0.5475192666053772,
        -0.1805078387260437,
        -0.5930691957473755,
        -1.450932502746582,
        0.4066053032875061,
        0.1770276129245758,
        1.07024085521698,
        0.010699446313083172,
        -0.3525080978870392,
        -0.39863121509552,
        -0.8266817331314087,
        0.6229265332221985,
        0.3545669615268707,
        0.24539048969745636,
        0.15507271885871887,
        -0.8194583058357239,
        -0.31973204016685486,
        -0.7446540594100952,
        0.6475800275802612,
        0.6908389925956726,
        -0.5982404351234436,
        0.18053559958934784,
        -0.22134508192539215,
        -0.5635755062103271,
        -0.8208049535751343,
        0.4465116858482361,
        0.18344660103321075,
        0.3429061770439148,
        -0.5063543915748596,
        0.11903958022594452,
        -0.37355393171310425,
        -0.39860695600509644
    ]
}