{
    "seed": 1000003,
    "theta": [
        -0.18759779632091522,
        1.0508487224578857,
        -0.5024808049201965,
        1.2283356189727783,
        -0.7619556188583374
    ],
    "x": [
        -0.010163907893002033,
        0.09288635104894638,
        -0.024253100156784058,
        -0.40722817182540894,
        0.7007271647453308,
        -0.5272919535636902,
        -0.549407422542572,
        -0.6004687547683716,
        0.15719635784626007,
        0.3806709945201874,
        0.28360500931739807,
        0.25732868909835815,
        0.35865864157676697,
        0.30724290013313293,
        0.17558538913726807,
        0.538956880569458,
        -0.16724646091461182,
        -0.8419643044471741,
        0.41416892409324646,
        -0.14033670723438263,
        0.042401380836963654,
        -0.2155962586402893,
        -0.24730952084064484,
        0.6210092306137085,
        -0.3311755061149597,
        0.09977685660123825,
        0.10699361562728882,
        -0.04525420069694519,
        -0.27525073289871216,
        0.7104668021202087,
        -0.003986879717558622,
        -0.4761863350868225,
        -0.15306591987609863,
        0.38696619868278503,
        0.2075852006673813,
        0.0808161124587059,
        0.6465681791305542,
        0.18906673789024353,
        0.3132551610469818,
        0.886384904384613,
        0.1596221774816513,
        -0.02080981433391571,
        0.18555331230163574,
        0.1661824882030487,
        0.6035267114639282,
        -0.17656764388084412,
        0.1882537454366684,
        0.372195839881897,
        -0.6029725670814514,
        0.9863406419754028,
        -0.14069508016109467,
        0.40158307552337646,
        -0.31184324622154236,
        -0.8453689813613892,
        -0.6217433214187622,
        0.482144296169281,
        0.7405009269714355,
        0.49213355779647827,
        -0.10140211880207062,
        0.07812567800283432,
        0.26430249214172363,
        -0.5463465452194214,
        -0.708193302154541,
        -0.18312788009643555,
        0.27970144152641296,
        0.18047700822353363,
        -0.6617608070373535,
        -0.9338774085044861,
        0.06213914230465889,
        -0.3594648540019989,
        0.6361069679260254,
        0.2569097578525543,
        0.4371285140514374,
        -0.20860160887241364,
        0.5939938426017761,
        -0.3706640303134918,
        -0.4447840452194214,
        0.8867446184158325,
        0.7142499089241028,
        0.7493264675140381,
        -0.4679574966430664,
        0.013016929849982262,
        -0.449808269739151,
        -0.08530710637569427,
        1.0111182928085327,
        0.3598075211048126,
        0.3594089150428772,
        0.13042506575584412,
        -0.029534563422203064,
        -0.27873489260673523,
        -0.6164031624794006,
        0.740242063999176,
        0.3022553026676178,
        -0.15374958515167236,
        0.3100194036960602,
        0.7631785869598389,
        0.14861999452114105,
        -0.5283803343772888
    ]
}