{
    "seed": 1000010,
    "theta": [
        -0.2628716230392456,
        1.5213837623596191,
        -0.7282679080963135,
        1.501204013824463,
        -0.9457671642303467
    ],
    "x": [
        -0.14666375517845154,
        -0.19949431717395782,
        0.10093992203474045,
        -0.21524712443351746,
        -0.06124260276556015,
        -0.19930937886238098,
        0.11459743976593018,
        0.06221747025847435,
        0.03664105385541916,
        0.12066816538572311,
        -0.10184451937675476,
        -0.013823624700307846,
        -0.26652267575263977,
        0.3467923104763031,
        -0.11648485064506531,
        0.6191365718841553,
        -0.12639360129833221,
        0.11023993790149689,
        0.5522274374961853,
        -0.5801833868026733,
        0.18318381905555725,
        0.07895228266716003,
        -0.24117136001586914,
        0.6456762552261353,
        0.11922705918550491,
        0.3289758265018463,
        0.4896380603313446,
        -0.14098966121673584,
        0.38078993558883667,
        0.18447773158550262,
        -0.0963229164481163,
        0.6331962943077087,
        -0.7310155034065247,
        0.22415614128112793,
        -0.12508630752563477,
        -0.11374929547309875,
        -0.47214359045028687,
        0.1297435760498047,
        0.39586368203163147,
        -0.43413612246513367,
        -0.15035608410835266,
        -7.011927604675293,
        -0.17466960847377777,
        0.1250108778476715,
        -0.14977511763572693,
        -0.16431528329849243,
        -0.3666651248931885,
        -0.28186002373695374,
        0.024826759472489357,
        0.2942159175872803,
        0.9200345277786255,
        -0.4838320016860962,
        0.11137913167476654,
        -0.9789044857025146,
        -0.9207243919372559,
        -1.144738793373108,
        0.9483258128166199,
        0.8632707595825195,
        -0.3264259397983551,
        -6.654251575469971,
        -0.3289935290813446,
        -0.2507271468639374,
        -1.2295368909835815,
        0.9274686574935913,
        0.8317986726760864,
        0.34595149755477905,
        0.4860408306121826,
        -0.5509250164031982,
        -0.6459112167358398,
        -0.5883173942565918,
        0.8937344551086426,
        0.5162839889526367,
        -0.18229708075523376,
        -0.19458512961864471,
        0.23429882526397705,
        -0.92805415391922,
        -1.4315345287322998,
        0.44144418835639954,
        0.8659644722938538,
        0.003186353947967291,
        -0.436219185590744,
        0.15608404576778412,
        -1.1218925714492798,
        -1.2488070726394653,
        0.4485520124435425,
        1.324191689491272,
        -0.0022329494822770357,
        0.03390295058488846,
        -0.42297568917274475,
        -0.3085627555847168,
        -0.9810123443603516,
        0.979412317276001,
        0.344509094953537,
        0.4402278959751129,
        -0.5494229197502136,
        -1.6057192087173462,
        0.09869331866502762,
        -0.14882336556911469
    ]
}