{
    "seed": 1000005,
    "theta": [
        -0.501803457736969,
        1.226670503616333,
        -0.24114350974559784,
        1.620763897895813,
        -0.7943431735038757
    ],
    "x": [
        0.47851383686065674,
        0.28981834650039673,
        -0.10855419933795929,
        -0.6884297728538513,
        -0.6917315721511841,
        0.3804025650024414,
        0.044099077582359314,
        -0.5820897817611694,
        0.8723613619804382,
        -0.20702819526195526,
        -0.3252876102924347,
        -0.9063594937324524,
        -0.2949999272823334,
        0.0008965814486145973,
        -1.114834189414978,
        0.546433687210083,
        -0.5387240648269653,
        0.5600035786628723,
        0.07990841567516327,
        0.2995518445968628,
        0.9854243397712708,
        -0.4552266001701355,
        -0.40074387192726135,
        -0.11298217624425888,
        0.3655943274497986,
        0.2763763666152954,
        0.04051707684993744,
        -0.3245699405670166,
        0.44004490971565247,
        0.38588565587997437,
        0.20977821946144104,
        -0.7374234199523926,
        -0.001304417965002358,
        0.08590183407068253,
        0.3542509973049164,
        -9.360305786132812,
        0.24844159185886383,
        0.5289264917373657,
        -0.01734921894967556,
        0.035219624638557434,
        0.03950883448123932,
        -0.1791771650314331,
        0.17433911561965942,
        0.4225044846534729,
        0.2355775386095047,
        0.4181196987628937,
        0.3280390202999115,
        -0.3538399636745453,
        0.06484777480363846,
        0.3834185302257538,
        -0.1526120901107788,
        1.883954405784607,
        -0.8085366487503052,
        -0.0176665261387825,
        6.171795394038782e-05,
        -4.887210845947266,
        -0.029858089983463287,
        0.2553163766860962,
        -0.09087784588336945,
        0.8122179508209229,
        -0.9086480140686035,
        -0.18392960727214813,
        -0.3834420442581177,
        0.2646474540233612,
        -0.30217093229293823,
        0.011426758952438831,
        0.40092065930366516,
        -0.220286026597023,
        0.2441643923521042,
        -0.7581706047058105,
        0.266433447599411,
        1.8693844079971313,
        -0.06576129794120789,
        -3.1587865352630615,
        0.034912530332803726,
        -0.3166995644569397,
        -0.0637030154466629,
        0.14548525214195251,
        0.6912122368812561,
        -0.06390492618083954,
        -1.152190923690796,
        -0.5594518780708313,
        0.13655056059360504,
        -0.5700796842575073,
        0.12116510421037674,
        0.43037042021751404,
        0.5394119024276733,
        -0.062115900218486786,
        0.14332686364650726,
        -0.21814441680908203,
        -0.44360774755477905,
        0.19387632608413696,
        0.13294628262519836,
        0.2554754316806793,
        0.48037371039390564,
        -1.2299202680587769,
        0.3657630681991577,
        0.27413132786750793
    ]
}