{
    "seed": 1000008,
    "theta": [
        -0.5953304767608643,
        1.2223972082138062,
        -0.6378095149993896,
        1.1829718351364136,
        -0.7268912196159363
    ],
    "x": [
        0.4501616060733795,
        0.5005908608436584,
        -0.18659275770187378,
        -0.14171485602855682,
        -0.3205529451370239,
        -0.39604970812797546,
        -0.030088996514678,
        0.19565999507904053,
        0.37127724289894104,
        0.33212369680404663,
        -0.18153439462184906,
        -0.19553418457508087,
        0.10978240519762039,
        0.28728821873664856,
        0.32298269867897034,
        0.7039579153060913,
        0.17195264995098114,
        0.05432884395122528,
        -0.002252141246572137,
        -0.038085516542196274,
        -4.17354154586792,
        -0.8571284413337708,
        -0.19936957955360413,
        0.1889486461877823,
        -0.31347036361694336,
        -0.4565722644329071,
        -0.3399347960948944,
        0.8432549238204956,
        0.5765369534492493,
        0.15539038181304932,
        0.7921640872955322,
        -0.15449084341526031,
        -0.19888849556446075,
        0.14544014632701874,
        -0.37254321575164795,
        0.39119914174079895,
        -0.053771451115608215,
        0.1250312328338623,
        -0.21654248237609863,
        -0.34660378098487854,
        -0.22000116109848022,
        0.049006856977939606,
        -0.12386830896139145,
        -0.007591728586703539,
        -0.0597049854695797,
        0.023598287254571915,
        0.16275356709957123,
        0.797152578830719,
        -0.05176563560962677,
        0.30222174525260925,
        0.7191163301467896,
        -0.3254891037940979,
        0.29243203997612,
        7.901585578918457,
        -0.538284957408905,
        -0.993805468082428,
        0.36300671100616455,
        1.7700779438018799,
        -0.46960705518722534,
        0.5634664297103882,
        -0.24532142281532288,
        0.0842500850558281,
        -0.8875190019607544,
        0.9936802983283997,
        0.7320271730422974,
        0.14325544238090515,
        0.44677260518074036,
        -0.19765478372573853,
        -1.2408421039581299,
        -0.2871764004230499,
        0.5741187930107117,
        -0.11922211945056915,
        0.557637095451355,
        0.898891031742096,
        -0.05419711768627167,
        -0.5485385060310364,
        -0.7210710048675537,
        0.9174664616584778,
        0.6196869611740112,
        0.6250815391540527,
        0.4388279318809509,
        -0.3094717860221863,
        -0.6379263997077942,
        -0.30496302247047424,
        0.5584564208984375,
        0.5453621745109558,
        0.7055893540382385,
        0.23450492322444916,
        0.0028033636044710875,
        -0.41385143995285034,
        -0.9297140836715698,
        0.30741798877716064,
        0.7734671235084534,
        1.3422945737838745,
        -0.06195792183279991,
        0.0989166796207428,
        -0.027292897924780846,
        -0.5732948184013367
    ]
}