{
    "seed": 1000012,
    "theta": [
        -0.29243433475494385,
        1.2231322526931763,
        -0.2497420310974121,
        1.6194652318954468,
        -0.6263929009437561
    ],
    "x": [
        -0.05776944011449814,
        -0.15616165101528168,
        -0.44014009833335876,
        -0.7748491168022156,
        -0.06837207078933716,
        -0.22950471937656403,
        0.21144163608551025,
        0.17858710885047913,
        0.13203370571136475,
        0.1323830783367157,
        -0.8884196281433105,
        -0.766221821308136,
        -0.4488429129123688,
        -0.12942838668823242,
        0.36203691363334656,
        -0.5570788383483887,
        -0.6411876678466797,
        0.31539058685302734,
        0.28427809476852417,
        0.2718912661075592,
        0.5427895188331604,
        0.23458895087242126,
        -0.8539356589317322,
        -0.10163135826587677,
        0.3636869192123413,
        -0.10245191305875778,
        0.05422309413552284,
        -0.4841128885746002,
        -0.29180416464805603,
        0.3320344090461731,
        0.8380995988845825,
        1.205535650253296,
        0.15346702933311462,
        0.20851759612560272,
        0.40518414974212646,
        0.6468209028244019,
        -0.15043963491916656,
        -0.20679347217082977,
        -0.5812671780586243,
        0.014363349415361881,
        0.20316724479198456,
        0.43154260516166687,
        0.10925258696079254,
        0.5273634791374207,
        -0.32054683566093445,
        0.24932146072387695,
        0.3437380790710449,
        -0.21897505223751068,
        0.48058030009269714,
        0.5416382551193237,
        0.1600649505853653,
        -0.15659306943416595,
        0.8352161049842834,
        -0.9890084862709045,
        0.04452097788453102,
        0.4523763954639435,
        -0.24286606907844543,
        -0.09632701426744461,
        0.004222429357469082,
        1.046730637550354,
        -0.5652701258659363,
        -0.3258303701877594,
        -0.38626256585121155,
        -0.6648407578468323,
        0.374120831489563,
        -0.04759051278233528,
        -0.0156694483011961,
        -0.2605157792568207,
        0.054809119552373886,
        -0.11211659014225006,
        0.34126174449920654,
        -0.745273768901825,
        -0.6796889305114746,
        0.13696470856666565,
        0.4665669798851013,
        -0.9717544317245483,
        -0.015907136723399162,
        -0.3259279727935791,
        0.17670315504074097,
        -0.11654139310121536,
        -1.197697401046753,
        -0.020459778606891632,
        -0.23170021176338196,
        -1.164949655532837,
        0.7790293097496033,
        0.946652889251709,
        -0.14522473514080048,
        -1.0575199127197266,
        0.012812456116080284,
        -0.5567649602890015,
        -0.8936738967895508,
        0.15692612528800964,
        -0.038869939744472504,
        -0.6563342809677124,
        -0.09114275127649307,
        0.43922755122184753,
        -0.17497889697551727,
        0.14796312153339386
    ]
}