{
    "seed": 1000002,
    "theta": [
        -0.03697490692138672,
        1.2530853748321533,
        -0.319260835647583,
        1.2567005157470703,
        -1.112950325012207
    ],
    "x": [
        0.16731661558151245,
        -0.12158963084220886,
        -0.16940876841545105,
        -0.2654576003551483,
        -0.11846849322319031,
        0.07180915772914886,
        -0.4506193995475769,
        -0.25221672654151917,
        0.4899107813835144,
        -0.08858003467321396,
        -0.3173138201236725,
        -0.25630679726600647,
        0.258158415555954,
        -0.2567848563194275,
        -0.2715553045272827,
        1.0299583673477173,
        0.16137757897377014,
        -0.3941240608692169,
        0.06271924823522568,
        -0.0032407091930508614,
        0.04247806593775749,
        -0.21872270107269287,
        -0.5872944593429565,
        -0.060038331896066666,
        -0.3215770125389099,
        -0.0037671145983040333,
        0.512892484664917,
        -0.32107630372047424,
        0.4311150014400482,
        -0.37644946575164795,
        0.2818433940410614,
        0.08851967006921768,
        -0.43170827627182007,
        -0.004415879491716623,
        0.41554513573646545,
        -0.6703127026557922,
        0.04126090183854103,
        0.12411139905452728,
        0.8626885414123535,
        -0.38645246624946594,
        -0.35503047704696655,
        0.6646231412887573,
        -0.6532856225967407,
        0.687432587146759,
        0.22261038422584534,
        0.5888507962226868,
        -0.050905682146549225,
        0.6345828175544739,
        0.15777382254600525,
        0.3355061411857605,
        1.1611566543579102,
        0.2937391698360443,
        0.26531538367271423,
        -0.33410489559173584,
        -0.37466949224472046,
        -0.7249305248260498,
        0.4643418788909912,
        0.32406705617904663,
        -0.33405694365501404,
        -0.30861276388168335,
        0.6955714225769043,
        -0.8664242029190063,
        -0.608310878276825,
        0.03529667481780052,
        -0.44836199283599854,
        0.11659292876720428,
        0.9358829855918884,
        -0.7407110333442688,
        -0.5150356888771057,
        0.3525744378566742,
        0.1271802932024002,
        0.8220176696777344,
        0.19442427158355713,
        0.0028017559088766575,
        0.5315973162651062,
        -0.41369152069091797,
        -0.18799306452274323,
        -0.3161014914512634,
        0.6593953371047974,
        -0.2943456768989563,
        -0.07778512686491013,
        0.04153946414589882,
        -0.5037766098976135,
        -1.0081835985183716,
        0.78811115026474,
        1.2442896366119385,
        -0.8965883851051331,
        0.08335480093955994,
        -0.16030722856521606,
        -0.11799158155918121,
        -0.45499324798583984,
        0.22761833667755127,
        0.18686017394065857,
        -0.09686151891946793,
        -0.4154197573661804,
        1.0805145502090454,
        -0.6805788278579712,
        -0.5077700018882751
    ]
}