{
    "seed": 1000001,
    "theta": [
        -0.2512695789337158,
        1.1448076963424683,
        -0.4233259856700897,
        1.2329095602035522,
        -0.32950714230537415
    ],
    "x": [
        0.33132311701774597,
        0.30263596773147583,
        -0.2700895667076111,
        0.1263754665851593,
        0.01649308390915394,
        0.04197147116065025,
        0.05027460306882858,
        -0.3933812081813812,
        -0.23208044469356537,
        -0.3052380084991455,
        -0.7390825748443604,
        -0.25618186593055725,
        0.3158075213432312,
        0.0031680474057793617,
        0.6561459898948669,
        0.32924070954322815,
        0.23297268152236938,
        0.5044878721237183,
        0.6749399304389954,
        -0.6291070580482483,
        -0.6529451608657837,
        0.970798134803772,
        0.03927168250083923,
        0.5448075532913208,
        0.6535959839820862,
        0.05696704611182213,
        -0.30859118700027466,
        -0.7732622623443604,
        -0.05027361586689949,
        -0.33414170145988464,
        0.17247365415096283,
        0.17079302668571472,
        0.4568654000759125,
        -9.685088157653809,
        -0.14699138700962067,
        0.11530965566635132,
        -0.20112180709838867,
        -0.12626394629478455,
        -0.20911270380020142,
        -0.04116241633892059,
        -0.3377763330936432,
        0.09624886512756348,
        -0.6448199152946472,
        0.22240114212036133,
        -0.12874607741832733,
        0.17300954461097717,
        0.2823486924171448,
        0.28039607405662537,
        0.22625014185905457,
        -0.15478819608688354,
        0.2106015384197235,
        0.5692801475524902,
        0.11345137655735016,
        -0.9353386163711548,
        -0.8058273196220398,
        -0.4051969647407532,
        0.8163871765136719,
        0.11297263950109482,
        0.6275169253349304,
        -0.6515880823135376,
        -0.2637980878353119,
        -0.6467077732086182,
        -0.6630972623825073,
        0.5331563353538513,
        0.51717609167099,
        -0.1111735850572586,
        -0.5330554246902466,
        -0.4513716697692871,
        -0.07898406684398651,
        -0.48153096437454224,
        0.8616961240768433,
        0.5188144445419312,
        0.16388237476348877,
        0.7019294500350952,
        -0.5727817416191101,
        0.00029055553022772074,
        -0.730171799659729,
        -0.18069003522396088,
        1.1470553874969482,
        0.6009886860847473,
        0.6098452210426331,
        0.4465520977973938,
        -0.295821875333786,
        -1.1173774003982544,
        0.5663163661956787,
        0.24459543824195862,
        0.12826740741729736,
        -0.13025502860546112,
        -0.694159984588623,
        0.688764750957489,
        -8.430216789245605,
        0.5602585077285767,
        0.5811962485313416,
        0.4431002140045166,
        0.13873198628425598,
        0.23016628623008728,
        0.18508398532867432,
        -0.2048841416835785
    ]
}