{
    "seed": 1000000,
    "theta": [
        -0.011297911405563354,
        1.0974293947219849,
        -0.29589712619781494,
        1.594003677368164,
        -0.9488842487335205
    ],
    "x": [
        0.28732821345329285,
        -0.052949633449316025,
        0.016832033172249794,
        0.011752042919397354,
        -0.6918439269065857,
        -0.24247419834136963,
        -0.11533054709434509,
        -0.45887279510498047,
        -0.3755103349685669,
        0.2902938425540924,
        0.07570173591375351,
        0.32393160462379456,
        1.0933799743652344,
        0.27145639061927795,
        5.0350565910339355,
        0.3530232310295105,
        -0.224531888961792,
        -0.46867528557777405,
        -0.9479257464408875,
        -0.2064184546470642,
        0.4408312141895294,
        0.47058922052383423,
        -0.9138113856315613,
        0.2863660454750061,
        -0.04061179235577583,
        0.3337153196334839,
        -0.2152874767780304,
        0.2736787497997284,
        0.11816496402025223,
        -0.09834517538547516,
        -0.4894024133682251,
        0.16248443722724915,
        -0.3482767939567566,
        -0.500568151473999,
        0.5940887928009033,
        0.08780768513679504,
        0.035813163965940475,
        0.4825909733772278,
        0.11173724383115768,
        -0.1622486412525177,
        0.18083733320236206,
        -0.24276992678642273,
        -0.6375654339790344,
        -0.14836615324020386,
        0.7504339814186096,
        0.05214044451713562,
        0.19510124623775482,
        0.30506888031959534,
        -0.7249300479888916,
        0.8805900812149048,
        -0.04697706550359726,
        -0.34012866020202637,
        0.1893473118543625,
        -0.2783321738243103,
        -0.5106292366981506,
        -0.23844225704669952,
        0.050077810883522034,
        0.12863683700561523,
        -7.671506881713867,
        -0.8090673089027405,
        -0.4251718521118164,
        -1.0291450023651123,
        -0.1672571450471878,
        0.6935626864433289,
        0.4372554421424866,
        -0.4091376066207886,
        0.5436632037162781,
        -0.7652925848960876,
        -0.0724465474486351,
        0.04773101210594177,
        0.16048069298267365,
        0.10475466400384903,
        0.03441886976361275,
        0.24731267988681793,
        -0.14881867170333862,
        0.17668861150741577,
        0.011313267983496189,
        -0.2490156590938568,
        0.8296416997909546,
        0.04274117574095726,
        -0.20408488810062408,
        -0.46558159589767456,
        -1.2470418214797974,
        -0.9493732452392578,
        -0.03851306065917015,
        0.23186393082141876,
        -0.40480533242225647,
        -0.09596337378025055,
        0.5095641016960144,
        -0.8147474527359009,
        0.4069820046424866,
        0.5368760228157043,
        -0.17491482198238373,
        -3.2368614029110176e-06,
        -0.1406938135623932,
        0.15005971491336823,
        -0.21656472980976105,
        -0.4928372800350189
    ]
}