{
    "seed": 1000000,
    "theta": [
        -0.6510058045387268,
        -0.09739181399345398
    ],
    "x": [
        -0.2764851450920105,
        0.4898081421852112
    ]
}