{
    "seed": 1000010,
    "theta": [
        0.6874057054519653,
        -0.24781401455402374
    ],
    "x": [
        -0.03843006491661072,
        -0.7516009211540222
    ]
}