{
    "seed": 1000005,
    "theta": [
        -0.34438467025756836,
        -0.04283248260617256
    ],
    "x": [
        0.04640546441078186,
        0.14833679795265198
    ]
}