{
    "seed": 1000009,
    "theta": [
        0.23411522805690765,
        -0.833234965801239
    ],
    "x": [
        -0.08838522434234619,
        -0.7077901363372803
    ]
}