{
    "seed": 1000012,
    "theta": [
        -0.6351335644721985,
        -0.4151093065738678
    ],
    "x": [
        -0.49202004075050354,
        0.27426767349243164
    ]
}