{
    "seed": 1000003,
    "theta": [
        -0.4528413414955139,
        -0.03929781913757324
    ],
    "x": [
        -0.03937876224517822,
        0.3499019145965576
    ]
}