{
    "seed": 1000008,
    "theta": [
        0.20362041890621185,
        -0.03875042870640755
    ],
    "x": [
        0.19217386841773987,
        -0.24684806168079376
    ]
}