{
    "seed": 1000001,
    "theta": [
        -0.18865381181240082,
        -0.48659589886665344
    ],
    "x": [
        -0.22140350937843323,
        -0.1275896430015564
    ]
}