{
    "seed": 1000012,
    "theta": [
        0.9401836395263672,
        -0.2141520082950592,
        -0.8462493419647217,
        -0.712101399898529,
        0.990807294845581
    ],
    "x": [
        -0.36632123589515686,
        0.24049223959445953,
        0.6669291853904724,
        0.20112961530685425,
        0.6519070267677307,
        0.5803276300430298,
        0.9882071614265442,
        -0.1022062823176384,
        -0.09327667951583862,
        0.5561335682868958,
        -0.37677431106567383,
        -0.04265320301055908,
        0.14261847734451294,
        0.42076796293258667,
        0.6722827553749084,
        -0.9085801839828491,
        -0.4858360290527344,
        0.7196043133735657,
        0.8260322213172913,
        0.6658511757850647,
        0.8588412404060364,
        0.22333472967147827,
        -1.664088487625122,
        -0.5691444873809814,
        0.16225361824035645,
        0.25452831387519836,
        0.1207151859998703,
        -0.5770118236541748,
        -0.6658287644386292,
        -0.028587672859430313,
        0.5587096810340881,
        0.9052810072898865,
        0.4055638015270233,
        0.6721241474151611,
        0.5672060251235962,
        0.04477839544415474,
        -0.7246173620223999,
        -0.7646499872207642,
        -1.1937896013259888,
        -0.19475683569908142,
        0.3571811318397522,
        0.9278996586799622,
        -0.8337487578392029,
        -0.28606194257736206,
        -1.0568584203720093,
        -0.5353426337242126,
        -0.7403476238250732,
        -0.48537352681159973,
        0.3095788061618805,
        0.4552069306373596,
        0.29141512513160706,
        -0.13634951412677765,
        0.5483841896057129,
        -0.5937947034835815,
        0.11178649216890335,
        0.4844956398010254,
        -0.34737515449523926,
        -0.24452625215053558,
        0.011893214657902718,
        0.6542555689811707,
        -0.34971320629119873,
        -0.10721223056316376,
        -0.10259543359279633,
        -0.6648407578468323,
        0.17967742681503296,
        -0.20884428918361664,
        0.04393879324197769,
        -0.028747888281941414,
        0.12735149264335632,
        0.08357511460781097,
        0.09769683331251144,
        -0.6503605842590332,
        -0.4899436831474304,
        0.06373364478349686,
        0.41346296668052673,
        -0.5899830460548401,
        0.174247607588768,
        -0.3600479066371918,
        0.02170005440711975,
        -0.13569149374961853,
        -0.8056864738464355,
        0.08150853216648102,
        0.009137113578617573,
        -0.6516163945198059,
        0.3846226930618286,
        0.49494627118110657,
        -0.1460958570241928,
        -0.8014690279960632,
        -0.1245332583785057,
        -0.5567649602890015,
        -0.4686208963394165,
        -0.02788517437875271,
        -0.12776413559913635,
        -0.45203518867492676,
        -0.06869542598724365,
        0.15203998982906342,
        -0.3995342254638672,
        0.2771742343902588
    ]
}