{
    "seed": 1000004,
    "theta": [
        1.1017552614212036,
        -0.3973701298236847,
        -0.9939759373664856,
        -0.9228399991989136,
        0.7171518206596375
    ],
    "x": [
        0.5025666356086731,
        0.4071923494338989,
        0.2601590156555176,
        1.3715862035751343,
        0.6118270754814148,
        1.223039984703064,
        0.22834883630275726,
        -0.8028610348701477,
        0.01284825336188078,
        0.3648195266723633,
        -1.505893349647522,
        0.4890078902244568,
        1.2172837257385254,
        1.1729203462600708,
        0.3566966652870178,
        1.074367880821228,
        2.7771198749542236,
        0.5744833946228027,
        1.3907848596572876,
        0.25649067759513855,
        0.6304657459259033,
        -0.3844873309135437,
        0.7644028067588806,
        -0.7975863218307495,
        -0.30584952235221863,
        0.20528697967529297,
        0.22577592730522156,
        0.1718764752149582,
        -0.5354933738708496,
        0.007564110215753317,
        -0.7681015729904175,
        -0.8644928336143494,
        -0.5841382741928101,
        -0.2772906720638275,
        -0.2966824471950531,
        -0.5305288434028625,
        0.07630842924118042,
        -0.7850033044815063,
        -0.8041625022888184,
        -0.2955433130264282,
        -0.7792973518371582,
        1.244710087776184,
        -0.8612580299377441,
        -0.872183084487915,
        -0.6387467980384827,
        -1.0515269041061401,
        -0.7871584296226501,
        -0.3540625274181366,
        -0.005116624757647514,
        -0.04782712459564209,
        0.18117296695709229,
        -0.009389943443238735,
        -0.6167663335800171,
        -0.04069565236568451,
        -0.33183667063713074,
        0.10865947604179382,
        0.03212869539856911,
        0.4756178855895996,
        0.7187426090240479,
        -0.7128852009773254,
        0.01772063970565796,
        -7.465919494628906,
        -0.28592449426651,
        0.04945572465658188,
        0.1594819575548172,
        0.4107459783554077,
        0.37862417101860046,
        -0.3822990953922272,
        -0.18283995985984802,
        -0.21681813895702362,
        0.21963101625442505,
        0.3684575855731964,
        0.5223875641822815,
        0.24787116050720215,
        0.08930954337120056,
        -0.5285698771476746,
        -0.22819551825523376,
        0.583551824092865,
        0.4049464762210846,
        0.275355726480484,
        8.440900802612305,
        -0.7370393872261047,
        0.1193530261516571,
        -0.11686959862709045,
        0.13121044635772705,
        0.4369620680809021,
        -0.12205146253108978,
        0.12448979914188385,
        -0.3340366780757904,
        -0.02196926809847355,
        -0.6024453639984131,
        0.01808849722146988,
        -0.10694663971662521,
        -0.07549633085727692,
        0.6237388849258423,
        0.1358557641506195,
        -0.7811205387115479,
        -0.27529335021972656
    ]
}