{
    "seed": 1000005,
    "theta": [
        0.730814516544342,
        -0.21061381697654724,
        -0.8376507759094238,
        -0.7108026742935181,
        0.8228570222854614
    ],
    "x": [
        0.4915367662906647,
        0.7103123664855957,
        0.6008637547492981,
        0.16241586208343506,
        0.08500948548316956,
        1.0806940793991089,
        0.8271539211273193,
        -1.1883525848388672,
        0.9846262335777283,
        0.14790697395801544,
        0.31821340322494507,
        -0.30533456802368164,
        0.24808494746685028,
        0.5504575967788696,
        -1.9499390125274658,
        0.602012574672699,
        -0.6951773166656494,
        0.9827210903167725,
        0.6504817605018616,
        0.5916991233825684,
        1.3518024682998657,
        -0.37996378540992737,
        -0.8905938267707825,
        -0.5048800110816956,
        0.19288204610347748,
        0.5888555645942688,
        0.11333782970905304,
        -0.2912740707397461,
        0.20550553500652313,
        -0.02184055745601654,
        -0.02622023969888687,
        -0.9884213209152222,
        -0.13589516282081604,
        0.6425820589065552,
        1.1437888145446777,
        -9.360305786132812,
        -0.33896908164024353,
        0.02354266121983528,
        -0.5940149426460266,
        -0.5328667163848877,
        -0.05786529928445816,
        -0.041864436119794846,
        -0.6187785863876343,
        -0.4784870743751526,
        -0.4754352271556854,
        -0.4603504240512848,
        -0.7628726959228516,
        -0.4305918514728546,
        0.10326136648654938,
        0.1127140000462532,
        0.1961357295513153,
        1.2522668838500977,
        -0.5729947090148926,
        0.06014015153050423,
        0.1045999750494957,
        -4.887210845947266,
        -0.21001654863357544,
        0.11074627935886383,
        -0.0893285870552063,
        0.4836048483848572,
        -0.5193828344345093,
        0.020937465131282806,
        -0.08420796692371368,
        0.08269084990024567,
        -0.2375449538230896,
        0.01710587926208973,
        0.22395746409893036,
        -0.03322704881429672,
        0.22898685932159424,
        -0.3351883292198181,
        0.019176479429006577,
        1.8693844079971313,
        -0.10066156834363937,
        -3.1587865352630615,
        0.06840569525957108,
        -0.024655960500240326,
        0.08861479163169861,
        -0.0615103654563427,
        0.3501270115375519,
        -0.1406400054693222,
        -0.68278968334198,
        -0.322098970413208,
        0.23736512660980225,
        -0.23585070669651031,
        -0.06445294618606567,
        0.10013426840305328,
        0.29633983969688416,
        0.019844209775328636,
        -0.0009102526237256825,
        0.0567978210747242,
        -0.03350092098116875,
        -0.017472365871071815,
        -0.05750342458486557,
        0.11454672366380692,
        0.31772586703300476,
        -0.496500164270401,
        0.03373819217085838,
        0.29431280493736267
    ]
}