{
    "seed": 1000008,
    "theta": [
        0.6372874975204468,
        -0.21488705277442932,
        -1.2343168258666992,
        -1.148594856262207,
        0.8903089761734009
    ],
    "x": [
        0.5029228329658508,
        0.7261382937431335,
        0.9113646745681763,
        0.8007251620292664,
        0.6131919026374817,
        0.46651795506477356,
        0.8671616911888123,
        -0.2171766310930252,
        0.2092556208372116,
        0.5967658162117004,
        0.5695841312408447,
        0.4297082722187042,
        0.7037035822868347,
        0.9724275469779968,
        0.6416999101638794,
        0.9526531100273132,
        0.10851972550153732,
        0.49210360646247864,
        0.45207035541534424,
        0.33046069741249084,
        -4.17354154586792,
        -1.139671802520752,
        -0.25885552167892456,
        -0.17425762116909027,
        -0.337740033864975,
        -0.4776745140552521,
        -0.35183101892471313,
        1.9105907678604126,
        0.2142448127269745,
        -0.21272726356983185,
        0.4228760302066803,
        -0.5796499252319336,
        -0.2385009527206421,
        0.36113181710243225,
        -0.6521795392036438,
        -0.2412981539964676,
        -0.6329900622367859,
        -0.5082488059997559,
        -0.9470896124839783,
        -0.5793831944465637,
        -0.11194658279418945,
        0.49239420890808105,
        -0.9674638509750366,
        -0.9148301482200623,
        -0.9512739777565002,
        -0.9077794551849365,
        -0.7021403908729553,
        -0.3091341555118561,
        -0.051790669560432434,
        0.32851555943489075,
        0.72453773021698,
        -0.36229079961776733,
        0.20730234682559967,
        7.901585578918457,
        -0.2977064251899719,
        -0.5799645781517029,
        0.08513100445270538,
        0.7849587202072144,
        -0.16021251678466797,
        0.4111124575138092,
        -0.1431877166032791,
        0.1478283405303955,
        -0.5059769749641418,
        0.5678345561027527,
        0.4137791097164154,
        0.049640752375125885,
        0.37631434202194214,
        -0.04653701186180115,
        -0.7896372675895691,
        -0.1069490909576416,
        0.2915657162666321,
        -0.1687978357076645,
        0.3127136826515198,
        0.537291944026947,
        0.0034454897977411747,
        -0.35455700755119324,
        -0.3868025243282318,
        0.5072445869445801,
        0.30183061957359314,
        0.397294282913208,
        0.3258918523788452,
        -0.18398945033550262,
        -0.32848259806632996,
        -0.09977185726165771,
        0.32069769501686096,
        0.27751535177230835,
        0.46939095854759216,
        0.2561665177345276,
        -0.15861964225769043,
        -0.29564693570137024,
        -0.5537247657775879,
        0.06661350280046463,
        0.4364970326423645,
        0.8876684308052063,
        -0.01878579519689083,
        0.05644843727350235,
        -0.2753160297870636,
        -0.560481607913971
    ]
}