{
    "seed": 1000009,
    "theta": [
        0.8811920285224915,
        -0.4705045819282532,
        -1.2653734683990479,
        -0.8727667927742004,
        0.8744440674781799
    ],
    "x": [
        0.15975631773471832,
        0.23320357501506805,
        1.1863751411437988,
        1.6333776712417603,
        0.1613161265850067,
        1.0563350915908813,
        1.1243515014648438,
        -0.9422704577445984,
        -0.2956260144710541,
        0.7478061318397522,
        0.874538779258728,
        0.8379620313644409,
        0.5430991649627686,
        0.5034722685813904,
        -2.2016189098358154,
        -0.3169543147087097,
        0.10589399933815002,
        0.1834709793329239,
        -0.2791474759578705,
        -0.3844299614429474,
        0.2504562437534332,
        -0.3782346546649933,
        0.2758675515651703,
        -0.4861282408237457,
        -0.02548876591026783,
        0.3161291778087616,
        0.012289930135011673,
        -0.1403224617242813,
        -0.15473155677318573,
        -0.5447397828102112,
        -0.8930389285087585,
        -0.2683749496936798,
        -0.4613431990146637,
        0.44528114795684814,
        1.2464804649353027,
        -0.3792906105518341,
        -1.0064828395843506,
        -0.3603534698486328,
        -0.741779088973999,
        0.15359827876091003,
        -0.2452855408191681,
        0.199868842959404,
        -0.8935562968254089,
        -0.414779931306839,
        -0.6521859765052795,
        -0.7923177480697632,
        -1.1006739139556885,
        -0.5980857014656067,
        0.08019454032182693,
        0.08477658033370972,
        0.30738839507102966,
        -0.09432434290647507,
        -0.24023129045963287,
        -0.07504193484783173,
        -0.16195514798164368,
        -0.16324791312217712,
        0.5193020105361938,
        0.21297524869441986,
        0.3013454079627991,
        0.00982259027659893,
        -0.13004255294799805,
        -0.1311245858669281,
        -0.3394717872142792,
        0.786784291267395,
        0.3560212552547455,
        0.1695132553577423,
        -0.33319005370140076,
        -0.07840513437986374,
        -0.27631229162216187,
        -0.8283631801605225,
        0.11376039683818817,
        0.0243728905916214,
        0.6386814117431641,
        -0.0010237365495413542,
        -0.13314789533615112,
        -0.1887294203042984,
        -0.3959585726261139,
        0.28708773851394653,
        0.13379937410354614,
        0.07500860095024109,
        0.11683934926986694,
        -0.5535584092140198,
        -0.04716193675994873,
        -0.4138270914554596,
        0.3112734258174896,
        0.401963472366333,
        -0.47793298959732056,
        0.18926934897899628,
        -0.27767473459243774,
        -0.3647107481956482,
        -0.3693963587284088,
        0.15865783393383026,
        -0.002989709610119462,
        0.1787479668855667,
        -0.2771974503993988,
        -0.06953251361846924,
        -0.5245327949523926,
        -0.42401814460754395
    ]
}