{
    "seed": 1000010,
    "theta": [
        0.9697463512420654,
        0.08409956097602844,
        -1.324775218963623,
        -0.8303626775741577,
        0.6714330911636353
    ],
    "x": [
        0.013180284760892391,
        0.11864318698644638,
        1.1711268424987793,
        0.804851233959198,
        0.9421907663345337,
        0.8100623488426208,
        1.0720950365066528,
        -0.24165016412734985,
        0.16030165553092957,
        0.34981483221054077,
        0.7462851405143738,
        0.6624987125396729,
        0.45053064823150635,
        0.9843606948852539,
        -0.23207664489746094,
        0.8338314890861511,
        0.17601794004440308,
        0.5563159584999084,
        1.137317419052124,
        -0.18386678397655487,
        0.5623413920402527,
        0.002709745429456234,
        -0.5982383489608765,
        0.44559600949287415,
        0.02830156870186329,
        0.43858081102371216,
        1.3059484958648682,
        -0.16902001202106476,
        -0.12375642359256744,
        -0.3236970603466034,
        -0.5967358946800232,
        0.07951469719409943,
        -0.7264887094497681,
        0.5321695804595947,
        -0.14325372874736786,
        -0.8507989645004272,
        -1.1076399087905884,
        -0.5295646786689758,
        -0.371791809797287,
        -0.7365131974220276,
        -0.2640489637851715,
        -7.011927604675293,
        -1.0852978229522705,
        -0.8884022831916809,
        -1.0703356266021729,
        -1.2401474714279175,
        -1.1136491298675537,
        -0.46407562494277954,
        -0.12975957989692688,
        0.4161260724067688,
        1.0263336896896362,
        -0.23749341070652008,
        -0.061532553285360336,
        -0.684659481048584,
        -0.5976173877716064,
        -0.7531702518463135,
        0.6896011233329773,
        0.6457578539848328,
        -0.08257387578487396,
        -6.654251575469971,
        -0.12075711041688919,
        -0.10726543515920639,
        -0.7955554127693176,
        0.6300742030143738,
        0.5854060649871826,
        0.17637954652309418,
        0.2849119007587433,
        -0.4163041412830353,
        -0.43587204813957214,
        -0.35456526279449463,
        0.5610643625259399,
        0.29801687598228455,
        -0.11501475423574448,
        -0.13141614198684692,
        0.16568748652935028,
        -0.6895446181297302,
        -0.9301306009292603,
        0.22408761084079742,
        0.6007251739501953,
        0.0382748618721962,
        -0.26819273829460144,
        0.16119824349880219,
        -0.8199483752250671,
        -0.844788134098053,
        0.2691846191883087,
        0.9048662781715393,
        -0.034541744738817215,
        0.1553538590669632,
        -0.2059302181005478,
        -0.2677668333053589,
        -0.6496855616569519,
        0.6686714887619019,
        0.2334384173154831,
        0.33660390973091125,
        -0.38938209414482117,
        -0.8682294487953186,
        -0.3705459535121918,
        -0.32517388463020325
    ]
}