{
    "seed": 1000001,
    "theta": [
        0.9813483953475952,
        -0.2924765944480896,
        -1.0198333263397217,
        -1.0986571311950684,
        1.2876930236816406
    ],
    "x": [
        0.29536178708076477,
        0.9108364582061768,
        0.6994057893753052,
        1.3220398426055908,
        0.8100477457046509,
        0.840457022190094,
        0.9253774881362915,
        -0.8855432868003845,
        -0.23584045469760895,
        0.09012756496667862,
        0.06784991919994354,
        0.4844112992286682,
        0.9264295697212219,
        0.6900898218154907,
        0.9834019541740417,
        -0.11657440662384033,
        0.18267197906970978,
        0.8776722550392151,
        1.2011590003967285,
        -0.22382047772407532,
        -0.3183763325214386,
        0.8679163455963135,
        0.020224276930093765,
        0.18431426584720612,
        0.6742006540298462,
        0.5229473114013672,
        -0.2325754016637802,
        -0.7271270155906677,
        -0.4857073128223419,
        -0.6097384691238403,
        -0.3045787811279297,
        -0.2560582160949707,
        0.15129223465919495,
        -9.685088157653809,
        0.056989047676324844,
        -0.5705145001411438,
        -0.8358464241027832,
        -0.7417567372322083,
        -1.0990791320800781,
        -0.8506119251251221,
        -0.34318384528160095,
        0.8029181957244873,
        -1.4701796770095825,
        -0.7052958011627197,
        -1.0960019826889038,
        -0.7424225807189941,
        -0.8230939507484436,
        -0.12253110855817795,
        0.26174265146255493,
        -0.1666366159915924,
        0.4282843768596649,
        -0.08187653124332428,
        0.07207463681697845,
        -0.5655158162117004,
        -0.4665408730506897,
        -0.13625678420066833,
        0.3367443084716797,
        -0.04838111624121666,
        0.7036290168762207,
        -0.5375435948371887,
        -0.11925618350505829,
        -0.3288283944129944,
        -0.30059483647346497,
        0.2782987952232361,
        0.2140013575553894,
        -0.13329294323921204,
        -0.33563509583473206,
        -0.2350088208913803,
        0.015827469527721405,
        -0.19818292558193207,
        0.415265291929245,
        0.23610235750675201,
        -0.0013605238636955619,
        0.5412579774856567,
        -0.3089945316314697,
        0.11135044693946838,
        -0.31045031547546387,
        -0.2399183213710785,
        0.6838768720626831,
        0.3623434901237488,
        0.4205915331840515,
        0.36428889632225037,
        0.04657847434282303,
        -0.5995595455169678,
        0.22942093014717102,
        0.030293017625808716,
        0.008363236673176289,
        0.08597570657730103,
        -0.5341877937316895,
        0.5983526110649109,
        -8.430216789245605,
        0.24778392910957336,
        0.2698154151439667,
        0.20898739993572235,
        0.3064171373844147,
        0.03747726231813431,
        -0.11611362546682358,
        -0.15890714526176453
    ]
}