{
    "seed": 1000003,
    "theta": [
        1.0450201034545898,
        -0.3864355683326721,
        -1.0989880561828613,
        -1.1032310724258423,
        0.8552445769309998
    ],
    "x": [
        -0.05906142294406891,
        0.5638855695724487,
        1.0245033502578735,
        0.4717831611633301,
        1.557709813117981,
        0.4564928114414215,
        0.4141903817653656,
        -0.9819753766059875,
        -0.10154429823160172,
        0.7822612524032593,
        1.089306116104126,
        0.9229927062988281,
        0.977324903011322,
        0.9628271460533142,
        0.4779275953769684,
        0.5885748267173767,
        -0.1755674183368683,
        -0.11096279323101044,
        1.0816866159439087,
        0.20023126900196075,
        0.4715947210788727,
        -0.19684834778308868,
        -0.9559109210968018,
        0.48276105523109436,
        -0.4003368318080902,
        0.45211055874824524,
        0.2016483098268509,
        -0.01153065636754036,
        -0.580775260925293,
        0.2818724513053894,
        -0.5465720295906067,
        -0.9147845506668091,
        -0.08615059405565262,
        0.9094371199607849,
        0.31366366147994995,
        -0.6193789839744568,
        -0.14677949249744415,
        -0.47960343956947327,
        -0.5417500734329224,
        0.14908292889595032,
        0.26926594972610474,
        0.34584617614746094,
        -0.7390717267990112,
        -0.7846783399581909,
        -0.34822267293930054,
        -1.28977632522583,
        -0.9985175728797913,
        -0.11117570102214813,
        -0.3296368420124054,
        0.7588351964950562,
        0.1282530128955841,
        -0.05596601590514183,
        -0.42356687784194946,
        -0.5123170018196106,
        -0.26583313941955566,
        0.4634017050266266,
        0.3389110565185547,
        0.4009852707386017,
        0.07710457593202591,
        -0.04249386116862297,
        0.25988078117370605,
        -0.2908049523830414,
        -0.3331877887248993,
        -0.09388711303472519,
        0.05073150247335434,
        0.030720721930265427,
        -0.42580685019493103,
        -0.566641092300415,
        0.15486979484558105,
        -0.11690579354763031,
        0.31074851751327515,
        0.0769202932715416,
        0.206146702170372,
        -0.1024000346660614,
        0.5693645477294922,
        -0.1553371250629425,
        -0.16377271711826324,
        0.464199036359787,
        0.3864283263683319,
        0.4212058484554291,
        -0.34611499309539795,
        0.024754993617534637,
        -0.16440267860889435,
        0.09541094303131104,
        0.5259271264076233,
        0.12117715924978256,
        0.18913966417312622,
        0.062279533594846725,
        -0.20536589622497559,
        -0.18998298048973083,
        -0.20601828396320343,
        0.3440428674221039,
        0.09221041202545166,
        -0.18906240165233612,
        0.2797468602657318,
        0.7631785869598389,
        -0.0010988789144903421,
        -0.546063244342804
    ]
}