{
    "seed": 1000012,
    "theta": [
        0.32894885540008545,
        0.006961032748222351
    ],
    "x": [
        1.8935235738754272,
        0.9929050207138062,
        0.5929810404777527,
        0.25144463777542114,
        0.026963410899043083,
        -0.2818019688129425,
        -0.3964988589286804,
        -0.4793093502521515,
        -0.6968222260475159,
        -0.7596282362937927,
        -0.8259813785552979,
        -0.8145185708999634,
        -0.879062831401825,
        -0.9723223447799683,
        -0.8867846727371216,
        -0.9437053203582764,
        -0.9402264356613159,
        -1.0593801736831665,
        -1.0193041563034058,
        -1.085076093673706,
        -1.0122780799865723,
        -0.9305775165557861,
        -0.9022789597511292,
        -0.957560658454895,
        -1.0237876176834106
    ]
}