{
    "seed": 1000003,
    "theta": [
        -0.08304081857204437,
        -0.29337799549102783
    ],
    "x": [
        1.8935235738754272,
        1.163906455039978,
        0.6924413442611694,
        0.40225547552108765,
        0.044934872537851334,
        -0.3124644160270691,
        -0.40692445635795593,
        -0.4747459590435028,
        -0.5516991019248962,
        -0.6283491849899292,
        -0.7129643559455872,
        -0.7682679295539856,
        -0.8175398707389832,
        -0.8211895227432251,
        -0.8481394648551941,
        -0.8949285745620728,
        -0.9419573545455933,
        -0.9665120244026184,
        -0.9745432138442993,
        -1.047529697418213,
        -1.1135902404785156,
        -1.1766151189804077,
        -1.1972103118896484,
        -1.228607416152954,
        -1.1722569465637207
    ]
}