{
    "seed": 1000009,
    "theta": [
        0.009970445185899734,
        -0.11079350113868713
    ],
    "x": [
        1.8935235738754272,
        1.2687015533447266,
        0.7528417706489563,
        0.36835283041000366,
        0.13767875730991364,
        -0.18730765581130981,
        -0.2858559191226959,
        -0.3450230658054352,
        -0.47566354274749756,
        -0.6415456533432007,
        -0.6501075029373169,
        -0.6033552289009094,
        -0.711642861366272,
        -0.7095798850059509,
        -0.6955999135971069,
        -0.8222904205322266,
        -0.8595482707023621,
        -0.9637510776519775,
        -1.0642584562301636,
        -0.9029931426048279,
        -0.8436840772628784,
        -0.9709920287132263,
        -1.0402851104736328,
        -0.9774619340896606,
        -1.0465079545974731
    ]
}