{
    "seed": 1000000,
    "theta": [
        0.39570626616477966,
        0.19641360640525818
    ],
    "x": [
        1.8935235738754272,
        1.1295957565307617,
        0.4676092267036438,
        0.11109372973442078,
        -0.24776507914066315,
        -0.3999035060405731,
        -0.5997983813285828,
        -0.693404495716095,
        -0.729564368724823,
        -0.6931286454200745,
        -0.7601900100708008,
        -0.8792830109596252,
        -0.9031039476394653,
        -0.8562594652175903,
        -0.8672453761100769,
        -0.9135385751724243,
        -0.8040561079978943,
        -0.861903727054596,
        -0.809459924697876,
        -0.8493836522102356,
        -0.9136902689933777,
        -1.0540679693222046,
        -1.031903624534607,
        -0.9002703428268433,
        -0.8256739974021912
    ]
}