{
    "seed": 1000002,
    "theta": [
        0.2759266495704651,
        0.35993388295173645
    ],
    "x": [
        1.8935235738754272,
        1.3590246438980103,
        0.9502113461494446,
        0.551915168762207,
        0.2715055048465729,
        -0.006618170067667961,
        -0.24212230741977692,
        -0.4597594141960144,
        -0.6156378984451294,
        -0.63470458984375,
        -0.7382748126983643,
        -0.631900429725647,
        -0.7540572881698608,
        -0.7481846809387207,
        -0.7471796274185181,
        -0.7690199017524719,
        -0.8533060550689697,
        -0.8435006141662598,
        -0.7766130566596985,
        -0.5837509632110596,
        -0.725216269493103,
        -0.684404194355011,
        -0.6962992548942566,
        -0.6780295372009277,
        -0.8422206044197083
    ]
}