{
    "seed": 1000008,
    "theta": [
        0.32921791076660156,
        -0.20897945761680603
    ],
    "x": [
        1.8935235738754272,
        1.0661423206329346,
        0.4495585262775421,
        0.01155918836593628,
        -0.2842292785644531,
        -0.6557419300079346,
        -0.8077809810638428,
        -0.8853244185447693,
        -0.9719020128250122,
        -0.9789103269577026,
        -1.0238186120986938,
        -1.0041522979736328,
        -1.0117014646530151,
        -1.1216667890548706,
        -1.0999605655670166,
        -1.1280499696731567,
        -1.1807458400726318,
        -1.1229826211929321,
        -1.060373067855835,
        -1.0149290561676025,
        -0.9812557697296143,
        -1.0330208539962769,
        -1.2298634052276611,
        -1.2120898962020874,
        -1.3248459100723267
    ]
}