{
    "seed": 1000004,
    "theta": [
        0.4036314785480499,
        0.14372947812080383
    ],
    "x": [
        1.8935235738754272,
        1.0577768087387085,
        0.545965313911438,
        5.9670754126273096e-05,
        -0.31226855516433716,
        -0.39229512214660645,
        -0.493110716342926,
        -0.5968172550201416,
        -0.5631413459777832,
        -0.7024045586585999,
        -0.6688659191131592,
        -0.7449424266815186,
        -0.6147030591964722,
        -0.6843017339706421,
        -0.6664310097694397,
        -0.7335394620895386,
        -0.728378415107727,
        -0.9353806972503662,
        -0.9307613968849182,
        -0.9369555711746216,
        -0.8887025713920593,
        -0.8488587141036987,
        -1.028793215751648,
        -1.0545375347137451,
        -1.2359851598739624
    ]
}