{
    "seed": 1000005,
    "theta": [
        -0.3146640658378601,
        -0.845407247543335
    ],
    "x": [
        1.8935235738754272,
        1.4604883193969727,
        1.1306008100509644,
        0.7482836842536926,
        0.4957924783229828,
        0.2551330327987671,
        0.11713773012161255,
        -0.08951491117477417,
        -0.21837374567985535,
        -0.44036704301834106,
        -0.6783216595649719,
        -0.7387312054634094,
        -0.8399962186813354,
        -0.9525353908538818,
        -1.0669270753860474,
        -1.1741490364074707,
        -1.2606865167617798,
        -1.2422881126403809,
        -1.2848811149597168,
        -1.294227123260498,
        -1.280335545539856,
        -1.2203140258789062,
        -1.1400731801986694,
        -1.2126401662826538,
        -1.2743738889694214
    ]
}