{
    "seed": 1000010,
    "theta": [
        -0.23477478325366974,
        -0.4795810580253601
    ],
    "x": [
        1.8935235738754272,
        1.3136314153671265,
        0.8967455625534058,
        0.49975186586380005,
        0.2595028281211853,
        -0.06704964488744736,
        -0.32424992322921753,
        -0.5874629020690918,
        -0.7426965832710266,
        -0.8498989939689636,
        -0.96585613489151,
        -1.0432502031326294,
        -1.1490216255187988,
        -1.214652419090271,
        -1.2257550954818726,
        -1.1828638315200806,
        -1.2160804271697998,
        -1.343654990196228,
        -1.3375767469406128,
        -1.430258870124817,
        -1.4075185060501099,
        -1.4788225889205933,
        -1.5117348432540894,
        -1.4538536071777344,
        -1.377145528793335
    ]
}