{
    "seed": 1000001,
    "theta": [
        0.07411648333072662,
        0.10888566821813583
    ],
    "x": [
        1.8935235738754272,
        1.3381013870239258,
        0.8166558146476746,
        0.45061424374580383,
        0.19486168026924133,
        -0.08770077675580978,
        -0.14480918645858765,
        -0.3329748511314392,
        -0.5335074067115784,
        -0.6186437606811523,
        -0.6787500977516174,
        -0.748870849609375,
        -0.7178664803504944,
        -0.8708575963973999,
        -0.9049267768859863,
        -0.8112069368362427,
        -0.7597531676292419,
        -0.8108335137367249,
        -0.8063700199127197,
        -0.8814300298690796,
        -0.9676187634468079,
        -0.9523901343345642,
        -1.0165663957595825,
        -1.0593316555023193,
        -1.1854828596115112
    ]
}