{
    "seed": 1000009,
    "theta": [
        0.12133092433214188,
        -0.036639321595430374,
        -0.1039065271615982,
        0.09110074490308762,
        -0.22263780236244202,
        0.14620013535022736,
        0.2559674084186554,
        -0.14248055219650269,
        0.1109393984079361,
        -0.26457443833351135,
        0.008297575637698174,
        0.044467851519584656,
        -0.23259447515010834,
        -0.08169050514698029,
        0.008088827133178711,
        -0.08254089951515198,
        0.12857933342456818,
        -0.3012664318084717,
        0.16927260160446167,
        0.10008832812309265
    ],
    "x": [
        0.058925483375787735,
        -0.17398709058761597,
        -0.5637223720550537,
        0.2666400969028473,
        -0.4141240119934082,
        0.09881757944822311,
        0.1301506608724594,
        0.1589934229850769,
        0.27393287420272827,
        -0.6415886878967285,
        -0.08810964226722717,
        0.04877929016947746,
        0.26928162574768066,
        0.1678837388753891,
        0.015303559601306915,
        -0.3897559344768524,
        0.19142858684062958,
        -0.5000752806663513,
        -0.0015306025743484497,
        -0.15395426750183105
    ]
}