{
    "seed": 1000012,
    "theta": [
        -0.0342625193297863,
        -0.07358682155609131,
        -0.08625084161758423,
        0.13456256687641144,
        0.33239173889160156,
        0.3621479868888855,
        0.25762683153152466,
        -0.17471528053283691,
        -0.24482369422912598,
        -0.08403876423835754,
        -0.07761317491531372,
        -0.05318748950958252,
        -0.18144077062606812,
        -0.21441522240638733,
        0.09675036370754242,
        -0.3785749673843384,
        0.031919218599796295,
        -0.3172510266304016,
        0.16411513090133667,
        0.08924911916255951
    ],
    "x": [
        0.3608517050743103,
        -0.01147918775677681,
        -0.13237959146499634,
        0.13700243830680847,
        0.5995321273803711,
        -0.3057366609573364,
        -0.2684617042541504,
        -0.21459348499774933,
        0.12479948997497559,
        -0.3425537645816803,
        0.12516045570373535,
        -0.3536438047885895,
        0.13053163886070251,
        -0.1843969225883484,
        -0.0035538449883461,
        -0.5834750533103943,
        0.18599644303321838,
        0.25947314500808716,
        -0.5057001709938049,
        -0.287586510181427
    ]
}