{
    "seed": 1000004,
    "theta": [
        -0.33592262864112854,
        -0.11935330927371979,
        0.048408396542072296,
        0.3582581877708435,
        0.33032509684562683,
        0.07535295933485031,
        0.04921785742044449,
        -0.1926301121711731,
        0.10254432260990143,
        -0.0696689710021019,
        0.11922213435173035,
        0.27607524394989014,
        0.004539087414741516,
        -0.0012852400541305542,
        -0.12910039722919464,
        -0.41980084776878357,
        -0.10027623176574707,
        -0.3083845376968384,
        -0.18592676520347595,
        0.19983930885791779
    ],
    "x": [
        -0.4639592170715332,
        -0.5070635080337524,
        -0.44638440012931824,
        0.4006551504135132,
        0.20640292763710022,
        -0.020429275929927826,
        -0.21603500843048096,
        -0.22702769935131073,
        0.00740543007850647,
        0.047403208911418915,
        0.28326183557510376,
        0.026518315076828003,
        -0.2350490391254425,
        0.44725245237350464,
        -0.3531627655029297,
        -0.20000508427619934,
        -0.04003354534506798,
        -0.6852377653121948,
        0.19465631246566772,
        0.37260475754737854
    ]
}