{
    "seed": 1000002,
    "theta": [
        0.3135465681552887,
        0.10999783128499985,
        0.3266471326351166,
        0.1348152756690979,
        0.08020582795143127,
        0.0896761566400528,
        -0.19429738819599152,
        -0.020953623577952385,
        -0.09123820066452026,
        -0.13205820322036743,
        -0.0681479424238205,
        0.2776135206222534,
        -0.08452612161636353,
        0.17742419242858887,
        -0.18635337054729462,
        0.20560789108276367,
        0.03123881109058857,
        -0.26865121722221375,
        -0.003949590027332306,
        0.1528700888156891
    ],
    "x": [
        1.0275088548660278,
        0.28956538438796997,
        -0.023886144161224365,
        -0.22293764352798462,
        -0.3739470839500427,
        0.30218014121055603,
        -0.11223840713500977,
        0.4907558262348175,
        -0.06169727444648743,
        -0.22004735469818115,
        0.15669351816177368,
        0.2178904116153717,
        -0.3101705312728882,
        -0.4322456121444702,
        -0.1715896874666214,
        0.28532639145851135,
        -0.460703581571579,
        -0.6493754386901855,
        0.5342563986778259,
        0.29725492000579834
    ]
}