{
    "seed": 1000008,
    "theta": [
        0.22407589852809906,
        0.10570716112852097,
        0.12320488691329956,
        0.17404067516326904,
        0.33823513984680176,
        0.04778503626585007,
        0.3715322017669678,
        -0.058879803866147995,
        0.08003959059715271,
        -0.022462472319602966,
        0.23456694185733795,
        0.10432305186986923,
        -0.11201868951320648,
        0.12880414724349976,
        -0.1002296656370163,
        0.005035873502492905,
        0.17056593298912048,
        -0.09135055541992188,
        0.14660093188285828,
        0.5277637243270874
    ],
    "x": [
        0.02538333833217621,
        -0.1791728436946869,
        -0.09557794034481049,
        0.2853781580924988,
        0.11161969602108002,
        -0.004464652389287949,
        0.9358536005020142,
        -0.6099869012832642,
        0.4646848440170288,
        -0.06410718709230423,
        -0.15365324914455414,
        -0.10860785096883774,
        -0.2392157018184662,
        -0.4764595627784729,
        -0.02329137921333313,
        0.1030956506729126,
        0.23291319608688354,
        -0.055102359503507614,
        0.44616878032684326,
        1.355634093284607
    ]
}