{
    "seed": 1000000,
    "theta": [
        0.014836989343166351,
        0.08934507519006729,
        -0.46841922402381897,
        0.35059499740600586,
        0.04442413151264191,
        0.0624057874083519,
        0.6417365670204163,
        0.2708318531513214,
        -0.2580075263977051,
        -0.2048339545726776,
        -0.13295961916446686,
        0.24688518047332764,
        -0.006577432155609131,
        -0.16323648393154144,
        0.21329188346862793,
        -0.13577724993228912,
        -0.03603683039546013,
        0.1275172233581543,
        0.050381507724523544,
        0.03599339723587036
    ],
    "x": [
        -0.16063380241394043,
        0.2047954797744751,
        -0.34931841492652893,
        0.6752957105636597,
        0.30422109365463257,
        -0.24043014645576477,
        0.5436362028121948,
        -0.3377244770526886,
        -0.3521447479724884,
        -0.14389030635356903,
        -0.18661949038505554,
        -0.020135581493377686,
        -0.21573404967784882,
        -0.20529675483703613,
        0.5296024084091187,
        -0.6421976089477539,
        -0.2916947901248932,
        0.06949375569820404,
        0.7026013731956482,
        0.14924819767475128
    ]
}