{
    "seed": 1000002,
    "theta": [
        0.40543249249458313,
        -0.31942933797836304,
        -0.20734438300132751,
        0.33114299178123474,
        -0.06782984733581543,
        0.17323416471481323,
        0.03999459743499756,
        -0.3705703318119049,
        0.01123743038624525,
        -0.3329917788505554
    ],
    "x": [
        0.11987525224685669,
        -0.9489132761955261,
        -0.20811568200588226,
        -0.25238510966300964,
        -0.1066388189792633,
        0.17284981906414032,
        -0.07566510885953903,
        -0.41340172290802,
        -0.16545121371746063,
        -0.19121460616588593
    ]
}