{
    "seed": 1000003,
    "theta": [
        0.13776880502700806,
        -0.5304338335990906,
        -0.03441939502954483,
        -0.15739834308624268,
        -0.19332094490528107,
        0.11013112962245941,
        -0.286088228225708,
        -0.006102964282035828,
        -0.18415005505084991,
        -0.3131515085697174
    ],
    "x": [
        0.19055363535881042,
        -0.5751954317092896,
        -0.7659496665000916,
        -0.3428093194961548,
        -0.3455450236797333,
        -0.021199434995651245,
        -0.9950000643730164,
        -0.21080562472343445,
        0.11671201884746552,
        -0.2589181065559387
    ]
}