{
    "seed": 1000001,
    "theta": [
        0.19081798195838928,
        -0.3555534780025482,
        -0.07603973150253296,
        0.18349997699260712,
        -0.14737437665462494,
        -0.1384950429201126,
        0.022315610200166702,
        -0.44764965772628784,
        0.21499815583229065,
        0.06564393639564514
    ],
    "x": [
        -0.23904621601104736,
        -0.6751730442047119,
        0.00945492833852768,
        0.33968281745910645,
        0.5279259085655212,
        -0.149146169424057,
        0.616006076335907,
        0.34270769357681274,
        0.44648903608322144,
        0.10863839834928513
    ]
}