{
    "seed": 1000000,
    "theta": [
        0.16515086591243744,
        0.2235669493675232,
        0.08931586146354675,
        0.04002146050333977,
        -0.5319691896438599,
        -0.03823874518275261,
        -0.156507670879364,
        -0.23072397708892822,
        -0.07314223051071167,
        0.17301885783672333
    ],
    "x": [
        0.940443217754364,
        0.10394284874200821,
        -0.3187618553638458,
        0.11008746922016144,
        -0.7155975103378296,
        -0.07045972347259521,
        0.1472223401069641,
        -0.35920339822769165,
        -0.3225896954536438,
        0.14839836955070496
    ]
}