{
    "seed": 1000009,
    "theta": [
        0.136083722114563,
        -0.1861310601234436,
        0.19349612295627594,
        0.1761895716190338,
        -0.3676804006099701,
        -0.05615602433681488,
        -0.0642784982919693,
        -0.05198858678340912,
        0.0450771227478981,
        -0.22544580698013306
    ],
    "x": [
        0.35722529888153076,
        0.5521324872970581,
        0.062098756432533264,
        0.6371737122535706,
        -0.675070583820343,
        0.5237165093421936,
        -0.24119244515895844,
        0.2259586900472641,
        0.3148883581161499,
        -0.5850389003753662
    ]
}