{
    "seed": 1000003,
    "theta": [
        -0.15020278096199036,
        -0.055135577917099,
        0.2590256631374359,
        -0.15287458896636963,
        0.030887529253959656,
        -0.13528838753700256,
        -0.20636683702468872,
        -0.2690899968147278,
        0.17800074815750122,
        -0.17896896600723267,
        -0.1584831029176712,
        0.2973640561103821,
        -0.20816878974437714,
        -0.11300841718912125,
        -0.14403381943702698,
        -0.25939586758613586,
        -0.21768513321876526,
        -0.16889335215091705,
        -0.07561200857162476,
        -0.1567802131175995
    ],
    "x": [
        0.12852683663368225,
        -0.5272750854492188,
        0.5238497257232666,
        -0.3255414366722107,
        0.6363334655761719,
        -0.7190464735031128,
        -0.3260648250579834,
        -0.06410776078701019,
        0.5584121942520142,
        -0.06469594687223434,
        0.2948497533798218,
        0.4244877099990845,
        0.22150345146656036,
        0.15639984607696533,
        0.08508683741092682,
        -0.7354483008384705,
        -0.08963079750537872,
        -0.11860845983028412,
        0.17923814058303833,
        -0.417341411113739
    ]
}