{
    "seed": 1000005,
    "theta": [
        -0.09391804039478302,
        0.25148969888687134,
        0.003816301003098488,
        -0.2352282851934433,
        -0.16059255599975586,
        -0.22348114848136902,
        -0.07781101018190384,
        0.035206425935029984,
        -0.22463056445121765,
        -0.14104202389717102,
        -0.08369792997837067,
        0.18998587131500244,
        0.2952794134616852,
        0.02909649908542633,
        -0.23254571855068207,
        -0.008920788764953613,
        0.06898225098848343,
        -0.06234470754861832,
        0.0002651512622833252,
        -0.15076163411140442
    ],
    "x": [
        0.07134202122688293,
        -0.027297794818878174,
        0.3940003514289856,
        -0.4006403088569641,
        -0.2479807734489441,
        -0.03230758011341095,
        -0.38425150513648987,
        -0.25424668192863464,
        -0.11411609500646591,
        -0.5072675943374634,
        -0.0008824244141578674,
        -0.1354474127292633,
        0.6342751979827881,
        0.4111925959587097,
        -0.4275504946708679,
        0.21732647716999054,
        0.08500000834465027,
        0.08183469623327255,
        0.2959420084953308,
        0.0655970424413681
    ]
}