{
    "seed": 1000002,
    "theta": [
        0.2238682210445404,
        0.2736818492412567,
        0.328634113073349,
        -0.028383877128362656,
        -0.09539437294006348,
        -0.144063338637352,
        -0.4890986382961273,
        0.05851912498474121,
        0.2010422796010971,
        -0.07892130315303802,
        -0.020312190055847168,
        0.2296600639820099,
        0.04603229835629463,
        0.14247287809848785,
        -0.4139460325241089,
        0.3429756760597229,
        -0.14757153391838074,
        -0.11965877562761307,
        0.02737218141555786,
        -0.12570929527282715
    ],
    "x": [
        0.9378304481506348,
        0.45324939489364624,
        -0.021899163722991943,
        -0.3861368000507355,
        -0.5495473146438599,
        0.06844064593315125,
        -0.4070396423339844,
        0.5702285766601562,
        0.23058320581912994,
        -0.16691045463085175,
        0.204529270529747,
        0.16993695497512817,
        -0.17961211502552032,
        -0.4671969413757324,
        -0.39918234944343567,
        0.4226941764354706,
        -0.6395139694213867,
        -0.5003830194473267,
        0.5655781626701355,
        0.01867552101612091
    ]
}