{
    "seed": 1000000,
    "theta": [
        -0.07484135776758194,
        0.25302910804748535,
        -0.46643224358558655,
        0.1873958706855774,
        -0.13117606937885284,
        -0.1713337004184723,
        0.34693530201911926,
        0.35030460357666016,
        0.0342729389667511,
        -0.1516970694065094,
        -0.08512386679649353,
        0.19893169403076172,
        0.12398098409175873,
        -0.19818779826164246,
        -0.014300785958766937,
        0.001590542495250702,
        -0.21484717726707458,
        0.27650967240333557,
        0.08170327544212341,
        -0.24258598685264587
    ],
    "x": [
        -0.2503121495246887,
        0.36847952008247375,
        -0.3473314344882965,
        0.5120965838432312,
        0.128620907664299,
        -0.47416964173316956,
        0.24883493781089783,
        -0.25825172662734985,
        -0.059864290058612823,
        -0.09075342118740082,
        -0.13878373801708221,
        -0.0680890679359436,
        -0.08517563343048096,
        -0.24024805426597595,
        0.3020097017288208,
        -0.5048298239707947,
        -0.47050514817237854,
        0.21848620474338531,
        0.7339231967926025,
        -0.12933118641376495
    ]
}