{
    "seed": 1000001,
    "theta": [
        -0.054059140384197235,
        0.10700667649507523,
        -0.03282572701573372,
        0.04125043749809265,
        -0.14465363323688507,
        -0.29392313957214355,
        0.05512493848800659,
        0.19797581434249878,
        0.17400774359703064,
        -0.06796260923147202,
        0.07823587954044342,
        0.061856161803007126,
        -0.09020143002271652,
        0.04194168746471405,
        -0.09480436891317368,
        0.1678389608860016,
        -0.4579803943634033,
        0.3821491599082947,
        0.22532358765602112,
        -0.24893683195114136
    ],
    "x": [
        -0.41437435150146484,
        -0.040541328489780426,
        -0.027557596564292908,
        -0.19687819480895996,
        0.4171673059463501,
        -0.57159823179245,
        -0.20703253149986267,
        1.0084726810455322,
        -0.05183582007884979,
        -0.5810166597366333,
        0.21564549207687378,
        0.120079904794693,
        0.4856293797492981,
        0.333595335483551,
        0.012632928788661957,
        0.22510971128940582,
        -0.39406830072402954,
        0.1553977131843567,
        -0.18787294626235962,
        -0.19001010060310364
    ]
}