{
    "seed": 1000012,
    "theta": [
        -0.12394087016582489,
        0.09009720385074615,
        -0.0842638611793518,
        -0.02863658405840397,
        0.1567915380001068,
        0.1284084916114807,
        -0.03717443346977234,
        -0.09524253755807877,
        0.047456786036491394,
        -0.030901871621608734,
        -0.02977742999792099,
        -0.10114096850156784,
        -0.05088234692811966,
        -0.24936652183532715,
        -0.13084231317043304,
        -0.24120718240737915,
        -0.14689113199710846,
        -0.16825859248638153,
        0.19543689489364624,
        -0.18933026492595673
    ],
    "x": [
        0.271173357963562,
        0.15220484137535095,
        -0.13039261102676392,
        -0.026196710765361786,
        0.42393195629119873,
        -0.5394761562347412,
        -0.563262939453125,
        -0.13512073457241058,
        0.41707998514175415,
        -0.2894168794155121,
        0.17299619317054749,
        -0.4015972912311554,
        0.26109007000923157,
        -0.2193482220172882,
        -0.23114651441574097,
        -0.44610726833343506,
        0.007186084985733032,
        0.40846556425094604,
        -0.47437840700149536,
        -0.5661659240722656
    ]
}