{
    "seed": 1000010,
    "theta": [
        -0.47674131393432617,
        0.0474473237991333,
        0.05534732714295387,
        -0.1681595742702484,
        -0.13975471258163452,
        -0.025327496230602264,
        -0.1571410745382309,
        0.21287041902542114,
        0.02217051386833191,
        -0.0372609980404377,
        0.15977193415164948,
        -0.06329796463251114,
        -0.08077733218669891,
        -0.2813555896282196,
        0.23439060151576996,
        -0.0017408505082130432,
        -0.2558804452419281,
        -0.3077159821987152,
        -0.014332294464111328,
        -0.20625722408294678
    ],
    "x": [
        -0.21556606888771057,
        0.27157068252563477,
        -0.4407554864883423,
        -0.20560893416404724,
        -0.3609577417373657,
        -1.0426146984100342,
        -0.6420904994010925,
        0.2858335077762604,
        -0.1116236001253128,
        -0.3911879360675812,
        0.11202876269817352,
        -0.1719350516796112,
        -0.030451618134975433,
        -0.7398666143417358,
        0.3267461657524109,
        0.3895047903060913,
        -0.17463749647140503,
        -0.10262851417064667,
        0.19573701918125153,
        -0.5934019088745117
    ]
}