{
    "seed": 1000003,
    "theta": [
        -0.10581643879413605,
        -0.25661730766296387,
        -0.1023460254073143,
        0.10964220762252808,
        -0.36846742033958435,
        -0.03307218849658966,
        0.25053462386131287,
        -0.5731961131095886,
        0.0939200147986412,
        0.2955666482448578,
        -0.3117679953575134,
        0.07527323812246323,
        -0.2451348900794983,
        0.37262552976608276,
        0.24540871381759644,
        -0.271007239818573,
        0.09797024726867676,
        0.12095008790493011,
        0.03600303828716278,
        -0.29959455132484436
    ],
    "x": [
        0.17291317880153656,
        -0.7287567853927612,
        0.1624779999256134,
        -0.0630246251821518,
        0.23697850108146667,
        -0.6168302893638611,
        0.1308366358280182,
        -0.3682138919830322,
        0.47433143854141235,
        0.4098396599292755,
        0.14156487584114075,
        0.20239689946174622,
        0.1845373511314392,
        0.6420338153839111,
        0.4745293855667114,
        -0.74705970287323,
        0.2260245829820633,
        0.17123498022556305,
        0.29085320234298706,
        -0.5601557493209839
    ]
}