{
    "seed": 1000005,
    "theta": [
        -0.08330253511667252,
        -0.13396717607975006,
        -0.2044297754764557,
        0.07670072466135025,
        -0.44505947828292847,
        -0.06834928691387177,
        0.30195698142051697,
        -0.4514775574207306,
        -0.06713253259658813,
        0.3107374310493469,
        -0.28185391426086426,
        0.032321952283382416,
        -0.043755583465099335,
        0.42946749925613403,
        0.21000395715236664,
        -0.17081722617149353,
        0.21263721585273743,
        0.16356953978538513,
        0.06635390222072601,
        -0.29718711972236633
    ],
    "x": [
        0.08195752650499344,
        -0.4127546548843384,
        0.18575426936149597,
        -0.08871131390333176,
        -0.5324476957321167,
        0.1228242814540863,
        -0.004483520984649658,
        -0.7409306764602661,
        0.043381936848163605,
        -0.05548816919326782,
        -0.19903841614723206,
        -0.29311132431030273,
        0.295240193605423,
        0.8115636110305786,
        0.014999166131019592,
        0.05543003976345062,
        0.22865496575832367,
        0.307748943567276,
        0.3620307445526123,
        -0.08082844316959381
    ]
}