{
    "seed": 1000010,
    "theta": [
        -0.23643186688423157,
        -0.21558412909507751,
        -0.18381735682487488,
        0.1035282090306282,
        -0.43672433495521545,
        0.010912176221609116,
        0.270224928855896,
        -0.38041195273399353,
        0.031587909907102585,
        0.3522498607635498,
        -0.18446597456932068,
        -0.06899158656597137,
        -0.19417829811573029,
        0.3052866458892822,
        0.39677849411964417,
        -0.1679452508687973,
        0.08269212394952774,
        0.06542102992534637,
        0.06051492318511009,
        -0.3193853497505188
    ],
    "x": [
        0.024743378162384033,
        0.008539214730262756,
        -0.6799201965332031,
        0.06607885658740997,
        -0.657927393913269,
        -1.0063750743865967,
        -0.21472451090812683,
        -0.3074488639831543,
        -0.10220620036125183,
        -0.0016770660877227783,
        -0.23220914602279663,
        -0.17762868106365204,
        -0.1438525915145874,
        -0.1532244086265564,
        0.4891340434551239,
        0.22330038249492645,
        0.16393506526947021,
        0.2705084979534149,
        0.27058422565460205,
        -0.7065300345420837
    ]
}