{
    "seed": 1000004,
    "theta": [
        -0.21597573161125183,
        -0.216830775141716,
        -0.18579813838005066,
        0.24881567060947418,
        -0.3189324736595154,
        -0.04231143742799759,
        0.2348480075597763,
        -0.5108230710029602,
        0.18064963817596436,
        0.3605414032936096,
        -0.18155157566070557,
        0.047576308250427246,
        -0.10782834887504578,
        0.40333425998687744,
        0.16034501791000366,
        -0.2802221179008484,
        0.07340967655181885,
        0.12475059181451797,
        0.00440584123134613,
        -0.26837849617004395
    ],
    "x": [
        -0.3440123200416565,
        -0.6045409440994263,
        -0.6805909276008606,
        0.29121261835098267,
        -0.442854642868042,
        -0.13809368014335632,
        -0.030404850840568542,
        -0.545220673084259,
        0.0855107456445694,
        0.47761356830596924,
        -0.017511874437332153,
        -0.2019806206226349,
        -0.3474164605140686,
        0.8518719673156738,
        -0.06371736526489258,
        -0.06042635440826416,
        0.13365235924720764,
        -0.25210264325141907,
        0.3849889039993286,
        -0.09561304748058319
    ]
}