{
    "seed": 1000001,
    "theta": [
        -0.06735897809267044,
        -0.19176039099693298,
        -0.21908658742904663,
        0.187292218208313,
        -0.4386838972568512,
        -0.09652608633041382,
        0.3551313579082489,
        -0.3863697946071625,
        0.09232281148433685,
        0.3399691879749298,
        -0.21708038449287415,
        -0.01892993412911892,
        -0.1979479342699051,
        0.43460556864738464,
        0.26510050892829895,
        -0.10011331737041473,
        0.0018521398305892944,
        0.34136712551116943,
        0.15637728571891785,
        -0.33645719289779663
    ],
    "x": [
        -0.42767417430877686,
        -0.33930838108062744,
        -0.21381846070289612,
        -0.050836414098739624,
        0.12313702702522278,
        -0.3742011785507202,
        0.09297388792037964,
        0.42412713170051575,
        -0.13352075219154358,
        -0.17308488488197327,
        -0.07967077195644379,
        0.0392938107252121,
        0.3778828978538513,
        0.7262592315673828,
        0.3725377917289734,
        -0.042842570692300797,
        0.06576424092054367,
        0.11461567878723145,
        -0.2568192481994629,
        -0.2775304615497589
    ]
}