{
    "seed": 1000002,
    "theta": [
        0.04381197690963745,
        -0.1250903159379959,
        -0.07450263947248459,
        0.15943849086761475,
        -0.4189801812171936,
        -0.03658216446638107,
        0.13744190335273743,
        -0.4421524703502655,
        0.10313662141561508,
        0.33558571338653564,
        -0.25649961829185486,
        0.048191629350185394,
        -0.1434544324874878,
        0.47481805086135864,
        0.13744382560253143,
        -0.03005862981081009,
        0.12601569294929504,
        0.1406439244747162,
        0.07719671726226807,
        -0.28716617822647095
    ],
    "x": [
        0.7577742338180542,
        0.054477229714393616,
        -0.42503592371940613,
        -0.19831442832946777,
        -0.8731330633163452,
        0.17592182755470276,
        0.21950088441371918,
        0.06955698132514954,
        0.13267755508422852,
        0.24759656190872192,
        -0.03165815770626068,
        -0.011531483381986618,
        -0.36909884214401245,
        -0.13485175371170044,
        0.15220750868320465,
        0.04965987801551819,
        -0.36592671275138855,
        -0.240080326795578,
        0.6154026985168457,
        -0.1427813619375229
    ]
}