{
    "seed": 1000012,
    "theta": [
        -0.09531167149543762,
        -0.19852417707443237,
        -0.23966184258460999,
        0.15933741629123688,
        -0.3181058168411255,
        0.0724065825343132,
        0.3182116150856018,
        -0.5036571025848389,
        0.04170241951942444,
        0.3547934889793396,
        -0.26028570532798767,
        -0.08412878960371017,
        -0.18222029507160187,
        0.3180822730064392,
        0.25068533420562744,
        -0.26373177766799927,
        0.12628784775733948,
        0.12120398879051208,
        0.14442260563373566,
        -0.3126145601272583
    ],
    "x": [
        0.2998025417327881,
        -0.13641653954982758,
        -0.2857905924320221,
        0.1617772877216339,
        -0.05096539855003357,
        -0.5954780578613281,
        -0.20787692070007324,
        -0.5435352921485901,
        0.411325603723526,
        0.09627848863601685,
        -0.0575120747089386,
        -0.38458511233329773,
        0.12975211441516876,
        0.34810057282447815,
        0.15038111805915833,
        -0.4686318635940552,
        0.2803650498390198,
        0.6979281902313232,
        -0.5253927111625671,
        -0.689450204372406
    ]
}