{
    "seed": 1000009,
    "theta": [
        1.2575653791427612,
        -0.28533852100372314,
        1.078117847442627,
        0.3338868319988251,
        1.0549073219299316
    ],
    "x": [
        -0.3482513725757599,
        -0.40187597274780273,
        0.5477524995803833,
        1.4392406940460205,
        -1.7885395288467407,
        0.03188338875770569,
        0.1927851289510727,
        -1.1161248683929443,
        -0.9282254576683044,
        0.48055529594421387,
        0.548376739025116,
        0.16219279170036316,
        -0.46975648403167725,
        -0.5366682410240173,
        -2.844571352005005,
        -0.2407963126897812,
        -0.1694169044494629,
        -0.25283241271972656,
        -1.352644920349121,
        -1.6178919076919556,
        -0.4033530354499817,
        -0.7811189293861389,
        0.5434783101081848,
        -0.8027033805847168,
        -0.007457882631570101,
        0.5111035108566284,
        -0.013914046809077263,
        -0.2706698477268219,
        0.5312286615371704,
        -0.3323509693145752,
        -1.0829484462738037,
        -0.06204705685377121,
        -0.23740434646606445,
        0.3245927393436432,
        0.7702558040618896,
        0.8110077381134033,
        -0.5203763842582703,
        0.8087468147277832,
        -0.39671722054481506,
        1.1201915740966797,
        0.11235374212265015,
        -0.4816930890083313,
        0.33961284160614014,
        1.287326455116272,
        0.7891712188720703,
        0.5323666930198669,
        -0.8050121068954468,
        -0.10961797833442688,
        0.8756359815597534,
        -0.7510994672775269,
        -0.26417845487594604,
        0.06590817868709564,
        -0.33217209577560425,
        0.32828059792518616,
        0.5394538640975952,
        0.750811755657196,
        -0.39217448234558105,
        -0.34928515553474426,
        0.047854531556367874,
        -0.004571524914354086,
        0.24453020095825195,
        0.5917878746986389,
        0.5027083158493042,
        0.06618060916662216,
        -0.1343877762556076,
        -0.1316286027431488,
        -0.48480039834976196,
        0.3034285306930542,
        0.3664630651473999,
        -0.20658670365810394,
        -0.8162402510643005,
        -0.717021644115448,
        0.5829933285713196,
        0.02985226735472679,
        0.1392233967781067,
        0.51009601354599,
        0.4064580202102661,
        -0.5755383372306824,
        -0.5766875743865967,
        -0.28700876235961914,
        0.19915610551834106,
        -0.4058930575847626,
        0.5480886697769165,
        0.5208100080490112,
        -0.5445062518119812,
        -0.20144785940647125,
        -1.1161842346191406,
        0.2571828067302704,
        -0.005386899225413799,
        0.22355397045612335,
        0.6460692286491394,
        -0.7603858113288879,
        -0.774283766746521,
        -0.1840115636587143,
        -0.42793282866477966,
        0.2029639631509781,
        -0.02878040261566639,
        0.25985094904899597
    ]
}