{
    "seed": 1000012,
    "theta": [
        1.012967586517334,
        -0.876278281211853,
        1.2196871042251587,
        0.325113981962204,
        0.6006288528442383
    ],
    "x": [
        -0.47985348105430603,
        -0.21215476095676422,
        -0.5440109968185425,
        -0.9899620413780212,
        -0.321850061416626,
        -0.4196489751338959,
        0.2159770131111145,
        0.48780110478401184,
        -0.2052062749862671,
        0.2964126467704773,
        -1.577272653579712,
        -1.0434268712997437,
        -0.7747981548309326,
        -0.34527450799942017,
        0.4918971657752991,
        -1.3485357761383057,
        -0.7989937663078308,
        0.7341792583465576,
        0.6083492040634155,
        0.5422701835632324,
        0.8268907070159912,
        0.34475553035736084,
        -1.9612637758255005,
        -0.697303056716919,
        0.19953836500644684,
        0.40804851055145264,
        0.1808129847049713,
        -0.9248729348182678,
        -0.5315201282501221,
        0.48665741086006165,
        1.4117130041122437,
        2.0057411193847656,
        0.657427191734314,
        0.9881226420402527,
        0.35509616136550903,
        1.084060788154602,
        -0.14996084570884705,
        -0.21715255081653595,
        -1.1599023342132568,
        0.03956812992691994,
        0.679456889629364,
        0.9162182807922363,
        0.015195338055491447,
        0.901911735534668,
        -0.3196680545806885,
        0.5159657597541809,
        0.3330744802951813,
        -0.04315787926316261,
        0.952936589717865,
        -0.257168173789978,
        -0.1984788328409195,
        -0.17951804399490356,
        0.5849781036376953,
        -0.27176934480667114,
        0.7455506920814514,
        1.2449020147323608,
        -1.1995385885238647,
        -0.779923141002655,
        -0.15201012790203094,
        0.6988959312438965,
        0.02285754680633545,
        0.49806833267211914,
        0.6604849100112915,
        -0.6648407578468323,
        -0.5545966029167175,
        -0.42568734288215637,
        0.03748328238725662,
        0.25278574228286743,
        0.7522761821746826,
        0.8500027060508728,
        -0.6931228041648865,
        -1.2420802116394043,
        -0.8887291550636292,
        0.086046002805233,
        0.768304169178009,
        0.0906803235411644,
        0.917835533618927,
        -1.147330641746521,
        -0.5950556993484497,
        -0.4939936399459839,
        -0.8552017211914062,
        0.3012743890285492,
        0.6643067002296448,
        0.2251836359500885,
        -0.3837798535823822,
        -0.07457975298166275,
        -0.5051772594451904,
        -0.7769017815589905,
        0.13083800673484802,
        -0.5567649602890015,
        0.40700727701187134,
        -0.8120604157447815,
        -0.745144248008728,
        -0.8532224893569946,
        -0.07513849437236786,
        0.29925858974456787,
        0.025555353611707687,
        0.9859659671783447
    ]
}