{
    "seed": 1000002,
    "theta": [
        1.0927317142486572,
        -0.7444811463356018,
        0.8882243633270264,
        0.627300500869751,
        0.8102635741233826
    ],
    "x": [
        -0.5077499747276306,
        -0.33801332116127014,
        -0.0957421287894249,
        -0.5946534872055054,
        -0.35135719180107117,
        -0.05563265085220337,
        -0.8957769274711609,
        -0.2692379355430603,
        0.15479426085948944,
        0.20376940071582794,
        -0.38374385237693787,
        -0.4309285581111908,
        0.14764493703842163,
        -0.36958688497543335,
        -0.3108372688293457,
        1.3764294385910034,
        -0.28046494722366333,
        -0.3361667990684509,
        0.22823302447795868,
        -0.031075887382030487,
        -0.004728534258902073,
        -0.3813681900501251,
        -1.155809998512268,
        -0.8417800068855286,
        -0.38997310400009155,
        0.5230741500854492,
        1.2412370443344116,
        -0.5014796257019043,
        0.7057457566261292,
        -0.6936146020889282,
        0.4229632616043091,
        -0.16240523755550385,
        -0.0716138482093811,
        0.06135823577642441,
        0.5749091506004333,
        -0.8976062536239624,
        0.2200196236371994,
        0.16811947524547577,
        1.443340539932251,
        -0.47780466079711914,
        0.0589112713932991,
        1.416599154472351,
        -0.9432440400123596,
        1.2567157745361328,
        0.3397197127342224,
        1.0784331560134888,
        -0.37642213702201843,
        0.5990762114524841,
        0.761019229888916,
        -0.3456760346889496,
        0.2391299158334732,
        -0.0023791592102497816,
        0.2108505815267563,
        0.18364262580871582,
        0.47226086258888245,
        0.4043853282928467,
        -0.42631587386131287,
        -0.24158817529678345,
        -0.41364234685897827,
        -0.2653672993183136,
        0.9449537992477417,
        0.11665262281894684,
        0.4959733784198761,
        -0.9250908493995667,
        -1.115731120109558,
        -0.2717336118221283,
        0.5994164943695068,
        -0.10455560684204102,
        0.365212082862854,
        1.215078353881836,
        -0.8465842008590698,
        -0.1403055191040039,
        -0.23187825083732605,
        -0.011115536093711853,
        0.8564724922180176,
        0.43905216455459595,
        0.8091615438461304,
        -1.1734663248062134,
        -0.25413885712623596,
        -0.6406873464584351,
        -0.04415858909487724,
        0.3901979625225067,
        0.2470945119857788,
        0.21050366759300232,
        -0.3616020679473877,
        0.17135882377624512,
        -1.0745337009429932,
        0.06705692410469055,
        0.08972226828336716,
        0.45044776797294617,
        0.6629769802093506,
        -0.7794790267944336,
        -0.6021138429641724,
        -0.5077213644981384,
        -0.33731764554977417,
        0.6812593340873718,
        0.036166369915008545,
        0.3774091601371765
    ]
}