{
    "seed": 1000005,
    "theta": [
        -0.58737713098526,
        -0.7439075708389282,
        -0.08369068801403046,
        -1.4711639881134033,
        -1.3458139896392822
    ],
    "x": [
        0.07457707822322845,
        0.20791976153850555,
        -0.40339070558547974,
        -0.6128664016723633,
        -0.6940215229988098,
        0.20169681310653687,
        -0.02561461552977562,
        -0.12148837000131607,
        0.8044653534889221,
        -0.2437620460987091,
        -0.37761834263801575,
        -0.8416628241539001,
        -0.3498633801937103,
        -0.0812549814581871,
        -0.6987501978874207,
        0.5760669708251953,
        -0.6009685397148132,
        0.4831308126449585,
        0.06176391616463661,
        0.22476047277450562,
        0.9022052884101868,
        -0.33342665433883667,
        -0.4095889627933502,
        -0.13964977860450745,
        0.3647119700908661,
        0.1134641095995903,
        0.08056934177875519,
        -0.26198142766952515,
        0.5042619705200195,
        0.2795068323612213,
        0.32909277081489563,
        -0.6607338786125183,
        0.1625971496105194,
        0.027953652665019035,
        0.3878682553768158,
        -9.360305786132812,
        0.26591208577156067,
        0.5987817049026489,
        0.04010947421193123,
        0.23635558784008026,
        0.19087724387645721,
        -0.4342556297779083,
        0.21660135686397552,
        0.32615986466407776,
        0.3508840501308441,
        0.3721003830432892,
        0.3768651485443115,
        -0.13131330907344818,
        0.29832878708839417,
        -0.3327135145664215,
        -0.20819343626499176,
        1.025762915611267,
        -0.4646310806274414,
        0.29007619619369507,
        0.501194417476654,
        -4.887210845947266,
        -0.8136570453643799,
        -0.17219732701778412,
        -0.0804181694984436,
        0.536281943321228,
        -0.2677611708641052,
        0.43624404072761536,
        0.4430203437805176,
        -0.49733710289001465,
        -0.8012967705726624,
        -0.14596807956695557,
        0.3968323767185211,
        0.2094368189573288,
        0.6041920185089111,
        0.194746732711792,
        -0.49813151359558105,
        1.8693844079971313,
        -0.46765872836112976,
        -3.1587865352630615,
        0.4371170103549957,
        0.4031270146369934,
        0.5913362503051758,
        -0.5795738697052002,
        -0.053957872092723846,
        -0.3740813136100769,
        -0.8228833675384521,
        -0.1480671763420105,
        0.6950089931488037,
        0.2822062373161316,
        -0.5779014825820923,
        -0.3347744047641754,
        0.06804598122835159,
        -0.11066310107707977,
        0.11708580702543259,
        0.5809913277626038,
        0.5151746869087219,
        -0.5316391587257385,
        -0.4718399941921234,
        -0.11215021461248398,
        0.25167086720466614,
        -0.643447756767273,
        0.40605592727661133,
        0.5643619298934937
    ]
}