{
    "seed": 1000008,
    "theta": [
        1.3072422742843628,
        -0.5244491100311279,
        1.4571285247802734,
        0.7478403449058533,
        1.393553614616394
    ],
    "x": [
        -0.2669062614440918,
        0.36175310611724854,
        -0.07321543246507645,
        -0.3013848662376404,
        -0.6505311727523804,
        -0.9700890779495239,
        -0.12429139763116837,
        -0.6851985454559326,
        0.03543177992105484,
        0.2963739037513733,
        -0.14544281363487244,
        -0.5236034989356995,
        0.04201529175043106,
        0.6182721853256226,
        0.48346012830734253,
        1.0791274309158325,
        -0.35463520884513855,
        0.608091413974762,
        0.4692644774913788,
        -0.06490401923656464,
        -4.17354154586792,
        -1.7722351551055908,
        -0.489997535943985,
        -0.5932142734527588,
        -0.43067416548728943,
        -0.8992076516151428,
        -0.6908367276191711,
        2.245898962020874,
        1.2512012720108032,
        0.32086434960365295,
        1.6362565755844116,
        -0.7323896288871765,
        0.16871505975723267,
        0.9562720060348511,
        -0.5197722911834717,
        0.9615271091461182,
        0.12270704656839371,
        0.36491087079048157,
        -0.9370608925819397,
        -0.2523546814918518,
        0.30667513608932495,
        -0.27522680163383484,
        -0.07509332150220871,
        0.014524249359965324,
        -0.06266885995864868,
        0.06018240004777908,
        -0.2265198975801468,
        2.219747304916382,
        0.7717829942703247,
        -0.690981388092041,
        0.31721603870391846,
        -0.3109157085418701,
        0.1558828353881836,
        7.901585578918457,
        0.5275115370750427,
        0.3996799886226654,
        -1.3280665874481201,
        0.34974125027656555,
        -0.5147982239723206,
        0.48361992835998535,
        0.3470516800880432,
        1.0948306322097778,
        0.4981939494609833,
        -0.4728460907936096,
        -0.3040080666542053,
        -0.3613003194332123,
        0.42212989926338196,
        0.39615440368652344,
        -0.20243322849273682,
        1.0363825559616089,
        -0.7741203904151917,
        -1.1078670024871826,
        -0.09817598015069962,
        0.6525631546974182,
        0.41626274585723877,
        0.4792477488517761,
        0.6398370265960693,
        -0.47130095958709717,
        -0.45936381816864014,
        0.07223863899707794,
        0.4075494110584259,
        0.18472754955291748,
        0.4933352470397949,
        1.0167652368545532,
        -0.7873091101646423,
        -0.5257338285446167,
        0.07020743191242218,
        0.24420380592346191,
        0.1626221239566803,
        0.4585045874118805,
        0.6897099614143372,
        -1.0271762609481812,
        -0.3171502947807312,
        0.6348423957824707,
        -0.056945040822029114,
        0.2078431099653244,
        0.4751022458076477,
        0.32220032811164856
    ]
}