{
    "seed": 1000004,
    "theta": [
        1.7071466445922852,
        -0.5532107353210449,
        0.954436182975769,
        0.6934590935707092,
        1.2263084650039673
    ],
    "x": [
        0.1034521758556366,
        -0.058743420988321304,
        -1.1666864156723022,
        1.246814489364624,
        -0.5196836590766907,
        0.7126347422599792,
        -1.2762467861175537,
        -1.4140242338180542,
        -0.482351690530777,
        0.013460619375109673,
        -1.505893349647522,
        -0.30693507194519043,
        1.148918628692627,
        1.0412495136260986,
        0.11717437207698822,
        1.2710987329483032,
        2.7771198749542236,
        0.5627602338790894,
        1.997736930847168,
        -0.16204018890857697,
        0.5438205599784851,
        -0.7721483707427979,
        1.4417270421981812,
        -1.4048099517822266,
        -0.3576763868331909,
        0.6609658598899841,
        0.5059774518013,
        0.356029212474823,
        -0.39926186203956604,
        0.686981737613678,
        -1.021571397781372,
        -1.0026698112487793,
        -0.3983081579208374,
        -0.12137865275144577,
        -0.01838037557899952,
        0.24895140528678894,
        1.4389774799346924,
        -0.3063606023788452,
        -0.518898069858551,
        -0.03501110523939133,
        -0.653014600276947,
        1.7579113245010376,
        0.02215043641626835,
        0.0016100583598017693,
        0.4729607105255127,
        -0.2937511205673218,
        0.4853266477584839,
        0.08862118422985077,
        0.5630699396133423,
        -0.7707447409629822,
        -0.2759002149105072,
        -0.13112613558769226,
        -0.5698969960212708,
        0.2807982861995697,
        0.15437814593315125,
        0.903213620185852,
        -0.5897715091705322,
        0.10954394191503525,
        0.6221978664398193,
        -0.77589350938797,
        0.3693772554397583,
        -7.465919494628906,
        0.42336222529411316,
        -0.7781085968017578,
        -0.35694295167922974,
        0.18985724449157715,
        0.40556901693344116,
        -0.1498645842075348,
        0.3426492214202881,
        0.4816398620605469,
        -0.47541412711143494,
        -0.10339275747537613,
        0.4043465256690979,
        0.276935338973999,
        0.35865557193756104,
        -0.09140641987323761,
        0.5027174949645996,
        -0.03652077913284302,
        -0.09834188222885132,
        0.00485268235206604,
        8.440900802612305,
        -0.5570687651634216,
        0.7588455080986023,
        0.5941341519355774,
        -0.6019741892814636,
        -0.08791670203208923,
        -0.4350755512714386,
        0.17593306303024292,
        -0.2732737064361572,
        0.45097559690475464,
        0.03880249336361885,
        -0.7379837036132812,
        -0.6727005243301392,
        -0.3936779201030731,
        0.6081755757331848,
        0.30484145879745483,
        -0.3863549828529358,
        0.37505608797073364
    ]
}