{
    "seed": 1000000,
    "theta": [
        1.3886361122131348,
        -0.45209500193595886,
        1.2290775775909424,
        0.33195385336875916,
        1.1075551509857178
    ],
    "x": [
        -0.38387367129325867,
        -0.0622328519821167,
        -0.0021842489950358868,
        -0.013382076285779476,
        -1.4035000801086426,
        -0.44778305292129517,
        -0.39654555916786194,
        -1.3996106386184692,
        -1.0110331773757935,
        0.4338274598121643,
        0.590334415435791,
        0.45480188727378845,
        1.7317261695861816,
        0.36055147647857666,
        5.0350565910339355,
        0.5356162190437317,
        -0.38097697496414185,
        -0.29608282446861267,
        -1.3586069345474243,
        -0.181490957736969,
        0.857723593711853,
        0.6201120615005493,
        -2.2497968673706055,
        0.03292544186115265,
        -0.3006308674812317,
        1.3613605499267578,
        -0.21690131723880768,
        0.25938114523887634,
        0.124844029545784,
        -0.1097559928894043,
        -1.3871104717254639,
        -0.2978472411632538,
        0.06971259415149689,
        -0.5383292436599731,
        1.2353036403656006,
        0.18062546849250793,
        0.02549075148999691,
        0.9062914848327637,
        0.025749865919351578,
        -0.7346141338348389,
        0.6867381930351257,
        -0.41071048378944397,
        -0.74625563621521,
        -0.003777778008952737,
        1.2200713157653809,
        0.32922816276550293,
        -0.3414512872695923,
        0.4875706136226654,
        -0.6488322615623474,
        0.16264821588993073,
        -0.20797325670719147,
        -0.29972290992736816,
        0.16272516548633575,
        0.1698833853006363,
        0.3117610812187195,
        0.7061066627502441,
        -1.1180648803710938,
        -0.4310488998889923,
        -7.671506881713867,
        -0.541743278503418,
        0.06712412089109421,
        -0.12251757830381393,
        0.788138210773468,
        -0.37038034200668335,
        -0.4332817792892456,
        -0.724483072757721,
        0.3523249328136444,
        -0.33457449078559875,
        0.6459516286849976,
        0.980688214302063,
        -0.8095953464508057,
        -0.6058492064476013,
        -0.2809816896915436,
        0.2802436053752899,
        0.20738106966018677,
        0.7291557788848877,
        0.9325095415115356,
        -1.1251451969146729,
        -0.03771307319402695,
        -0.2417127937078476,
        -0.07796410471200943,
        -0.09682781249284744,
        -0.35124465823173523,
        0.1857619732618332,
        -0.9256611466407776,
        -0.5567628145217896,
        -0.7194128632545471,
        -0.037013690918684006,
        0.5428637266159058,
        -0.16851307451725006,
        1.3135521411895752,
        -0.48025304079055786,
        -0.849685788154602,
        -0.39900925755500793,
        -0.06976457685232162,
        0.15332205593585968,
        0.08994006365537643,
        0.15269561111927032
    ]
}