{
    "seed": 1000001,
    "theta": [
        0.9629554748535156,
        -0.5509007573127747,
        1.5785086154937744,
        0.8889240622520447,
        0.9326503276824951
    ],
    "x": [
        -0.3254006803035736,
        0.40038150548934937,
        -0.3160112500190735,
        0.26778000593185425,
        -0.34813639521598816,
        -0.2900620400905609,
        -0.1726049929857254,
        -1.243910551071167,
        -0.8024079203605652,
        -0.30132272839546204,
        -1.3989834785461426,
        -0.4854016602039337,
        0.31202203035354614,
        -0.1301172971725464,
        0.950363278388977,
        -0.06239354982972145,
        -0.03104317933320999,
        0.916902482509613,
        1.375236988067627,
        -1.1070986986160278,
        -1.2770882844924927,
        1.5268820524215698,
        0.05355327948927879,
        0.5083048939704895,
        0.8013640642166138,
        0.7003965973854065,
        -0.39665064215660095,
        -1.2675702571868896,
        -0.11978554725646973,
        -0.3585909307003021,
        0.2486027479171753,
        -0.1084030270576477,
        0.5708203315734863,
        -9.685088157653809,
        -0.14331430196762085,
        0.33819130063056946,
        -0.14089827239513397,
        0.028345422819256783,
        -0.7423087358474731,
        -0.3756399154663086,
        0.11457833647727966,
        -0.13399893045425415,
        -0.7866345643997192,
        0.5647597312927246,
        -0.11136563122272491,
        0.49863624572753906,
        0.5166962742805481,
        0.48195093870162964,
        1.0171171426773071,
        -1.0788203477859497,
        -0.0727832168340683,
        0.1616533398628235,
        0.10375053435564041,
        -0.3055197298526764,
        0.1729370355606079,
        0.7352877259254456,
        -0.6901735067367554,
        -0.5972330570220947,
        0.3976856470108032,
        -0.3870905339717865,
        0.2562350034713745,
        0.3014334738254547,
        0.519503116607666,
        -0.7837783694267273,
        -0.541967511177063,
        -0.5107374787330627,
        -0.39008474349975586,
        0.11217100918292999,
        0.7794113755226135,
        0.6748179793357849,
        -0.3458736538887024,
        -0.40654367208480835,
        -0.2800280451774597,
        0.6800990104675293,
        -0.060110799968242645,
        0.834823489189148,
        0.44828230142593384,
        -1.2291172742843628,
        0.09354588389396667,
        0.05122412368655205,
        0.4130730926990509,
        0.8469072580337524,
        0.5991187691688538,
        0.2721036970615387,
        -0.5986620187759399,
        -0.6306906938552856,
        -0.36218950152397156,
        -0.16297547519207,
        -0.2936096787452698,
        1.3762016296386719,
        -8.430216789245605,
        -0.6074051856994629,
        -0.34955769777297974,
        -0.10261476039886475,
        0.0786956176161766,
        0.19909387826919556,
        0.40741005539894104,
        0.6074828505516052
    ]
}