{
    "seed": 1000010,
    "theta": [
        -0.6288804411888123,
        -0.42975300550460815,
        -0.33285218477249146,
        -1.6142890453338623,
        -1.295012354850769
    ],
    "x": [
        -0.6180816292762756,
        -0.5403404235839844,
        -0.1499568074941635,
        -0.43575823307037354,
        -0.2857782244682312,
        -0.4263615012168884,
        -0.16082030534744263,
        0.11047844588756561,
        -0.3513478934764862,
        -0.11538553237915039,
        -0.2792131304740906,
        -0.2620362341403961,
        -0.49627915024757385,
        0.06994103640317917,
        0.011790439486503601,
        0.5457009673118591,
        -0.08644690364599228,
        -0.024747487157583237,
        0.38328924775123596,
        -0.7433629631996155,
        0.0793437734246254,
        -0.012296818196773529,
        -0.17149078845977783,
        0.7032321095466614,
        -0.003519912250339985,
        0.401669979095459,
        0.4559032618999481,
        -0.21425800025463104,
        0.3713994026184082,
        0.1434953510761261,
        -0.019832586869597435,
        0.7721371650695801,
        -0.5888252854347229,
        0.1259090006351471,
        -0.1437036395072937,
        0.049774300307035446,
        -0.21018144488334656,
        0.4200698733329773,
        0.6090094447135925,
        -0.21691738069057465,
        0.1796312928199768,
        -7.011927604675293,
        0.1660088151693344,
        0.3473854660987854,
        0.17148151993751526,
        0.10929735749959946,
        -0.028819642961025238,
        0.1759490966796875,
        0.4730158746242523,
        -0.21404042840003967,
        0.2753755748271942,
        -0.03939148411154747,
        0.04126191884279251,
        -0.3751845955848694,
        0.06920796632766724,
        0.09260670095682144,
        0.0326656736433506,
        -0.14885154366493225,
        -0.518689751625061,
        -6.654251575469971,
        0.3434898555278778,
        0.6499411463737488,
        0.05680041015148163,
        -0.42263567447662354,
        0.03023376502096653,
        -0.13945619761943817,
        0.48003095388412476,
        0.02935662493109703,
        0.2317071557044983,
        0.5580382943153381,
        -0.3198370039463043,
        -0.4027799963951111,
        -0.6045559644699097,
        -0.12130646407604218,
        0.7174796462059021,
        0.00685900030657649,
        -0.0974331870675087,
        -0.7258056998252869,
        -0.0407775454223156,
        -0.4177258610725403,
        -0.39258334040641785,
        0.43993574380874634,
        -0.44556725025177,
        0.1136893481016159,
        -0.6492785811424255,
        0.3009733557701111,
        -0.46437308192253113,
        -0.07472681254148483,
        -0.16778461635112762,
        0.41449934244155884,
        0.3002386689186096,
        -0.168738454580307,
        -0.46070560812950134,
        -0.008664743043482304,
        -0.45910680294036865,
        -0.8976883292198181,
        0.3982698321342468,
        0.3021945059299469
    ]
}