{
    "seed": 1000001,
    "theta": [
        0.2683213949203491,
        -0.18188562989234924,
        -0.15710926055908203,
        0.0011501088738441467,
        0.05203121155500412,
        -0.21417103707790375,
        -0.07638773322105408,
        -0.26211875677108765,
        0.23813436925411224,
        0.14807555079460144
    ],
    "x": [
        -0.16154280304908752,
        -0.5015051364898682,
        -0.07161460071802139,
        0.15733295679092407,
        0.7273315191268921,
        -0.22482216358184814,
        0.5173027515411377,
        0.5282385945320129,
        0.4696252644062042,
        0.19107002019882202
    ]
}