{
    "seed": 1000004,
    "theta": [
        0.027238167822360992,
        0.015940017998218536,
        -0.08845750242471695,
        0.022590123116970062,
        0.0025189220905303955,
        -0.20878851413726807,
        0.19621632993221283,
        0.07284769415855408,
        0.01231301948428154,
        0.1896739900112152
    ],
    "x": [
        0.2724895775318146,
        0.3373506963253021,
        -0.18939174711704254,
        -0.5024285316467285,
        0.010050227865576744,
        -0.6414051055908203,
        0.07693731039762497,
        0.3570331335067749,
        0.4792698621749878,
        0.3862890899181366
    ]
}