{
    "seed": 1000000,
    "theta": [
        0.24265426397323608,
        0.39723479747772217,
        0.00824633240699768,
        -0.1423284113407135,
        -0.332563579082489,
        -0.11391474306583405,
        -0.2552109956741333,
        -0.04519306868314743,
        -0.05000600963830948,
        0.2554504871368408
    ],
    "x": [
        1.0179466009140015,
        0.2776106894016266,
        -0.3998313844203949,
        -0.07226240634918213,
        -0.5161918997764587,
        -0.14613571763038635,
        0.048519015312194824,
        -0.17367246747016907,
        -0.299453467130661,
        0.23082999885082245
    ]
}