{
    "seed": 1000002,
    "theta": [
        0.4829358756542206,
        -0.14576151967048645,
        -0.2884139120578766,
        0.14879313111305237,
        0.13157573342323303,
        0.0975581705570221,
        -0.05870874226093292,
        -0.1850394308567047,
        0.034373652189970016,
        -0.2505601644515991
    ],
    "x": [
        0.19737863540649414,
        -0.7752454280853271,
        -0.28918519616127014,
        -0.434734970331192,
        0.09276676177978516,
        0.09717382490634918,
        -0.17436844110488892,
        -0.22787082195281982,
        -0.14231498539447784,
        -0.10878299176692963
    ]
}