{
    "seed": 1000008,
    "theta": [
        0.047137681394815445,
        -0.1735910177230835,
        -0.47907084226608276,
        0.11524810642004013,
        0.3010334074497223,
        -0.046056732535362244,
        -0.004272967576980591,
        -0.03656959533691406,
        -0.08524040877819061,
        0.2637510299682617
    ],
    "x": [
        -0.08344921469688416,
        0.014632701873779297,
        -0.021159112453460693,
        0.14596177637577057,
        0.6120569705963135,
        0.6824179291725159,
        -0.21651628613471985,
        -0.14710375666618347,
        -0.33684396743774414,
        -0.18985974788665771
    ]
}