{
    "seed": 1000005,
    "theta": [
        0.037767887115478516,
        0.08190357685089111,
        0.18794897198677063,
        -0.18351639807224274,
        0.16406673192977905,
        -0.16840556263923645,
        -0.03248415142297745,
        0.13490229845046997,
        -0.20607174932956696,
        0.12189751863479614
    ],
    "x": [
        0.47930631041526794,
        0.1332964301109314,
        0.07098909467458725,
        -0.6876347661018372,
        -0.11309102177619934,
        0.15865373611450195,
        -0.5061598420143127,
        0.6139013171195984,
        -0.057073935866355896,
        -0.12024399638175964
    ]
}