{
    "seed": 1000010,
    "theta": [
        0.32259827852249146,
        0.017825443297624588,
        -0.14052045345306396,
        -0.2739396393299103,
        0.32827451825141907,
        -0.21061411499977112,
        -0.12168852239847183,
        0.07835385203361511,
        0.05204055458307266,
        0.26619380712509155
    ],
    "x": [
        -0.0037911534309387207,
        0.5536350011825562,
        -0.42648008465766907,
        -0.5826585292816162,
        0.34323233366012573,
        -0.21499936282634735,
        0.23955142498016357,
        0.34114354848861694,
        -0.10785900801420212,
        0.13460522890090942
    ]
}