{
    "seed": 1000003,
    "theta": [
        0.2152722179889679,
        -0.3567659854888916,
        -0.1154889240860939,
        -0.33974820375442505,
        0.006084643304347992,
        0.034455135464668274,
        -0.3847915530204773,
        0.17942795157432556,
        -0.16101384162902832,
        -0.2307198941707611
    ],
    "x": [
        0.26805704832077026,
        -0.4015275537967682,
        -0.8470191955566406,
        -0.5251591801643372,
        -0.14613944292068481,
        -0.09687542915344238,
        -1.0937033891677856,
        -0.02527470886707306,
        0.1398482322692871,
        -0.17648649215698242
    ]
}