{
    "seed": 1000012,
    "theta": [
        0.2060847133398056,
        0.5136480927467346,
        -0.23697026073932648,
        -0.3360467553138733,
        0.022881481796503067,
        -0.22799482941627502,
        0.05340808629989624,
        -0.008871138095855713,
        -0.05695938318967819,
        -0.11836892366409302
    ],
    "x": [
        0.284393846988678,
        0.7810326218605042,
        -0.21059514582157135,
        -0.22353599965572357,
        0.1398611217737198,
        -0.5636581778526306,
        -0.09345392882823944,
        0.2569567561149597,
        -0.3334806561470032,
        0.26802605390548706
    ]
}