{
    "seed": 1000009,
    "theta": [
        0.21358713507652283,
        -0.012463212013244629,
        0.11242659389972687,
        -0.00616028904914856,
        -0.16827480494976044,
        -0.13183201849460602,
        -0.16298183798789978,
        0.13354232907295227,
        0.06821334362030029,
        -0.14301419258117676
    ],
    "x": [
        0.434728741645813,
        0.7258003354072571,
        -0.018970772624015808,
        0.4548238515853882,
        -0.47566497325897217,
        0.44804054498672485,
        -0.3398957848548889,
        0.4114896059036255,
        0.3380245864391327,
        -0.5026072859764099
    ]
}