{
    "seed": 1000001,
    "theta": [
        0.062174513936042786,
        -0.6551529169082642
    ],
    "x": [
        1.8935235738754272,
        1.2775185108184814,
        0.7070333361625671,
        0.3011244237422943,
        0.013099594973027706,
        -0.2954903542995453,
        -0.37377193570137024,
        -0.5787492990493774,
        -0.7929715514183044,
        -0.8893684148788452,
        -0.9585464000701904,
        -1.0359551906585693,
        -1.0108582973480225,
        -1.1684277057647705,
        -1.2064679861068726,
        -1.1159570217132568,
        -1.0668067932128906,
        -1.119578242301941,
        -1.1165685653686523,
        -1.1927629709243774,
        -1.2800244092941284,
        -1.2658464908599854,
        -1.3308137655258179,
        -1.374355435371399,
        -1.5012201070785522
    ]
}