{
    "seed": 1000000,
    "theta": [
        0.10365583002567291,
        -0.552729070186615
    ],
    "x": [
        1.8935235738754272,
        1.2090206146240234,
        0.5643061399459839,
        0.18258364498615265,
        -0.21674242615699768,
        -0.42137667536735535,
        -0.6710662245750427,
        -0.8151517510414124,
        -0.8961161971092224,
        -0.89670729637146,
        -0.9904943108558655,
        -1.1343308687210083,
        -1.1843899488449097,
        -1.1593834161758423,
        -1.1846507787704468,
        -1.242714762687683,
        -1.1451088190078735,
        -1.205816626548767,
        -1.1589806079864502,
        -1.2002109289169312,
        -1.2678678035736084,
        -1.4146124124526978,
        -1.405608892440796,
        -1.2829370498657227,
        -1.2076351642608643
    ]
}