{
    "seed": 1000010,
    "theta": [
        -0.7375801801681519,
        -0.279392808675766
    ],
    "x": [
        1.8935235738754272,
        1.6320109367370605,
        1.4584800004959106,
        1.2501463890075684,
        1.1487337350845337,
        0.9295712113380432,
        0.7412863373756409,
        0.5175073146820068,
        0.37316906452178955,
        0.2606797516345978,
        0.1289326399564743,
        0.02491673454642296,
        -0.11386220902204514,
        -0.2214047610759735,
        -0.27881920337677,
        -0.2809257209300995,
        -0.3524651825428009,
        -0.519691526889801,
        -0.5640130639076233,
        -0.7038385272026062,
        -0.735087513923645,
        -0.8552604913711548,
        -0.9416473507881165,
        -0.9377436637878418,
        -0.9063595533370972
    ]
}