{
    "seed": 1000002,
    "theta": [
        0.07992690801620483,
        -0.45179182291030884
    ],
    "x": [
        1.8935235738754272,
        1.3444597721099854,
        0.9032750129699707,
        0.463573694229126,
        0.13508868217468262,
        -0.1917187124490738,
        -0.4762941300868988,
        -0.7416355013847351,
        -0.9434462785720825,
        -1.004634976387024,
        -1.1419768333435059,
        -1.0661399364471436,
        -1.208068609237671,
        -1.222485899925232,
        -1.2371582984924316,
        -1.271250605583191,
        -1.3659985065460205,
        -1.3676995038986206,
        -1.3094485998153687,
        -1.120735764503479,
        -1.2578940391540527,
        -1.2192506790161133,
        -1.231245994567871,
        -1.2135212421417236,
        -1.3774235248565674
    ]
}