{
    "seed": 1000003,
    "theta": [
        -0.5904828310012817,
        -0.4883538782596588
    ],
    "x": [
        1.8935235738754272,
        1.4714524745941162,
        1.2082966566085815,
        1.0615108013153076,
        0.8063945770263672,
        0.5065650939941406,
        0.4286877512931824,
        0.36650413274765015,
        0.28784409165382385,
        0.20181690156459808,
        0.10081358253955841,
        0.021876635029911995,
        -0.054705649614334106,
        -0.08842933923006058,
        -0.14336061477661133,
        -0.21857427060604095,
        -0.2964481711387634,
        -0.3540944755077362,
        -0.39499902725219727,
        -0.49898144602775574,
        -0.6009065508842468,
        -0.7035629749298096,
        -0.7669401168823242,
        -0.8397053480148315,
        -0.8245210647583008
    ]
}