{
    "seed": 1000009,
    "theta": [
        -0.10031864047050476,
        -0.7457367181777954
    ],
    "x": [
        1.8935235738754272,
        1.3010368347167969,
        0.7979120016098022,
        0.4124877452850342,
        0.17256563901901245,
        -0.16509288549423218,
        -0.2812016010284424,
        -0.3569432199001312,
        -0.5024809837341309,
        -0.6834614276885986,
        -0.7080637812614441,
        -0.6746546030044556,
        -0.7928532361984253,
        -0.801306426525116,
        -0.7959048748016357,
        -0.9293219447135925,
        -0.9748905301094055,
        -1.0867304801940918,
        -1.1957991123199463,
        -1.043771743774414,
        -0.9884812235832214,
        -1.1177762746810913,
        -1.19150710105896,
        -1.1338517665863037,
        -1.2057499885559082
    ]
}