{
    "seed": 1000004,
    "theta": [
        -0.10584259778261185,
        -0.6102283000946045
    ],
    "x": [
        1.8935235738754272,
        1.2850801944732666,
        0.8747648596763611,
        0.3600536286830902,
        0.017716309055685997,
        -0.11877734959125519,
        -0.27411624789237976,
        -0.43286818265914917,
        -0.45496106147766113,
        -0.6365883350372314,
        -0.6520280838012695,
        -0.7649064660072327,
        -0.6726397275924683,
        -0.7601494193077087,
        -0.7640785574913025,
        -0.8472673296928406,
        -0.8621490001678467,
        -1.0850837230682373,
        -1.114640235900879,
        -1.1484276056289673,
        -1.123464584350586,
        -1.097828984260559,
        -1.285370945930481,
        -1.3356966972351074,
        -1.5399529933929443
    ]
}