{
    "seed": 1000005,
    "theta": [
        -0.7762741446495056,
        -0.45660078525543213
    ],
    "x": [
        1.8935235738754272,
        1.75896418094635,
        1.674219012260437,
        1.4956191778182983,
        1.4024336338043213,
        1.2906410694122314,
        1.253528356552124,
        1.1305042505264282,
        1.062453269958496,
        0.8866506814956665,
        0.6723249554634094,
        0.6125185489654541,
        0.5062527060508728,
        0.3795872628688812,
        0.24131178855895996,
        0.10071366280317307,
        -0.027605492621660233,
        -0.05710848420858383,
        -0.14376090466976166,
        -0.19912712275981903,
        -0.23005957901477814,
        -0.21157369017601013,
        -0.16546885669231415,
        -0.26323652267456055,
        -0.3557426631450653
    ]
}