{
    "seed": 1000004,
    "theta": [
        -0.1004798412322998,
        0.5758215188980103
    ],
    "x": [
        -0.0044994056224823,
        0.4989028573036194
    ]
}