{
    "seed": 1000010,
    "theta": [
        -0.25432902574539185,
        0.5434278249740601
    ],
    "x": [
        0.17176391184329987,
        0.6133800745010376
    ]
}