{
    "seed": 1000002,
    "theta": [
        0.5437778830528259,
        0.6201926469802856
    ],
    "x": [
        -0.5636194348335266,
        -0.05862277001142502
    ]
}