{
    "seed": 1000003,
    "theta": [
        0.29430150985717773,
        0.48748016357421875
    ],
    "x": [
        -0.20266437530517578,
        0.10908463597297668
    ]
}