{
    "seed": 1000001,
    "theta": [
        0.25024741888046265,
        0.5596815347671509
    ],
    "x": [
        -0.2725154161453247,
        0.1553446352481842
    ]
}