{
    "seed": 1000012,
    "theta": [
        0.5114469528198242,
        0.56265789270401
    ],
    "x": [
        -0.41049665212631226,
        0.023343028500676155
    ]
}