{
    "seed": 1000009,
    "theta": [
        -0.20812296867370605,
        0.4870621860027313
    ],
    "x": [
        0.10637019574642181,
        0.41159069538116455
    ]
}