{
    "seed": 1000008,
    "theta": [
        0.3418087065219879,
        0.6141105890274048
    ],
    "x": [
        -0.38780248165130615,
        0.2905297875404358
    ]
}