{
    "seed": 1000001,
    "theta": [
        0.31581002473831177,
        0.35556530952453613,
        -0.5631333589553833,
        -0.22688986361026764,
        0.033403463661670685,
        -0.3840293288230896,
        -0.018607065081596375,
        0.0029306747019290924,
        0.13917753100395203,
        -0.28598710894584656
    ],
    "x": [
        1.1837506294250488,
        0.3217281997203827,
        -0.6411500573158264,
        -0.11818411201238632,
        0.23905012011528015,
        -0.46424639225006104,
        0.20597615838050842,
        -1.014626383781433,
        -0.04024973511695862,
        -0.7040058374404907
    ]
}