{
    "seed": 1000000,
    "theta": [
        -0.29457756876945496,
        0.15554296970367432,
        0.02515299618244171,
        -0.1929475963115692,
        0.2347109615802765,
        -0.2879592776298523,
        -0.06475096195936203,
        -0.07820723950862885,
        0.0930117517709732,
        0.4433070123195648
    ],
    "x": [
        -0.2659011781215668,
        -0.07912369072437286,
        -0.024114176630973816,
        -0.3410334587097168,
        -0.18062064051628113,
        -0.055167123675346375,
        0.01688399165868759,
        0.014137983322143555,
        -0.1697128266096115,
        0.6032801270484924
    ]
}