{
    "seed": 1000004,
    "theta": [
        0.11119414865970612,
        0.3096720576286316,
        -0.49157580733299255,
        -0.4435063898563385,
        -0.11856798082590103,
        -0.3159506320953369,
        0.002292405813932419,
        -0.04415738210082054,
        0.007923662662506104,
        -0.33941778540611267
    ],
    "x": [
        -0.35150009393692017,
        0.9118974804878235,
        -1.035767912864685,
        -0.30105721950531006,
        -0.06304627656936646,
        -0.580610990524292,
        0.4681374430656433,
        -0.0880211740732193,
        -0.4018494784832001,
        -0.17638880014419556
    ]
}