{
    "seed": 1000008,
    "theta": [
        0.15834151208400726,
        0.36184161901474,
        -0.38323891162872314,
        -0.3566927909851074,
        0.014443102292716503,
        -0.18478086590766907,
        -0.003324209712445736,
        -0.0016902051866054535,
        0.2288735955953598,
        -0.22464129328727722
    ],
    "x": [
        0.15066564083099365,
        -0.039386868476867676,
        -0.5917371511459351,
        -0.33295944333076477,
        -0.2122933566570282,
        0.23779705166816711,
        -0.43454548716545105,
        -0.06945042312145233,
        0.1417151391506195,
        0.09360447525978088
    ]
}