{
    "seed": 1000005,
    "theta": [
        0.16290150582790375,
        0.4505753815174103,
        -0.352348268032074,
        -0.40468743443489075,
        -0.05661991983652115,
        -0.3447592556476593,
        -0.009852809831500053,
        -0.04699975252151489,
        -0.010224476456642151,
        -0.2104598581790924
    ],
    "x": [
        0.08943004161119461,
        0.6845207214355469,
        -1.0596320629119873,
        0.14058426022529602,
        -0.15199118852615356,
        -0.19978004693984985,
        0.037918560206890106,
        -0.0056552402675151825,
        -0.3308503031730652,
        -0.7544456720352173
    ]
}