{
    "seed": 1000010,
    "theta": [
        0.13965660333633423,
        0.5246185064315796,
        -0.48229333758354187,
        -0.5028359293937683,
        -0.06245889887213707,
        -0.36695748567581177,
        0.06144237890839577,
        0.013846755027770996,
        0.056440822780132294,
        -0.27136722207069397
    ],
    "x": [
        0.20248755812644958,
        0.11539265513420105,
        -0.8277853727340698,
        -0.5438567399978638,
        -0.6883450746536255,
        -0.005589514970779419,
        0.6449525952339172,
        -0.06619302928447723,
        0.23471415042877197,
        -0.6832098960876465
    ]
}