{
    "seed": 1000009,
    "theta": [
        0.19253548979759216,
        0.3808211386203766,
        -0.400033563375473,
        -0.44065913558006287,
        0.023511769250035286,
        -0.35585102438926697,
        0.06181810423731804,
        -0.030147742480039597,
        -0.006310306489467621,
        -0.2024853229522705
    ],
    "x": [
        -0.061676234006881714,
        0.299857497215271,
        -0.49662381410598755,
        -0.3087776303291321,
        -0.12127089500427246,
        -0.3318496346473694,
        -0.3714107275009155,
        0.07024206221103668,
        0.32881608605384827,
        0.07387524843215942
    ]
}