{
    "seed": 1000003,
    "theta": [
        0.01187964528799057,
        0.1697830706834793,
        -0.1531725823879242,
        0.53400057554245,
        -0.3753151297569275,
        0.08077436685562134,
        -0.4338960647583008,
        -0.017484109848737717,
        0.06613980978727341,
        0.05491837486624718,
        0.31612730026245117,
        -0.41393589973449707,
        -0.15118952095508575,
        0.07988041639328003,
        0.16979444026947021,
        -0.4742780327796936,
        0.4416966736316681,
        0.18550065159797668,
        0.1812489777803421,
        0.10893037915229797
    ],
    "x": [
        0.3922910690307617,
        0.2840560972690582,
        0.30016028881073,
        0.6611242294311523,
        0.011523813009262085,
        0.22187480330467224,
        -0.2784811854362488,
        0.2677024006843567,
        0.021331239491701126,
        -0.5417438745498657,
        0.18506161868572235,
        0.2314397692680359,
        0.2449731081724167,
        0.2757531404495239,
        -0.1279257833957672,
        -0.28937894105911255,
        0.5297184586524963,
        0.38206976652145386,
        0.4451584815979004,
        0.06076296418905258
    ]
}