{
    "seed": 1000012,
    "theta": [
        -0.062349867075681686,
        0.15013182163238525,
        -0.07785572111606598,
        0.41550567746162415,
        -0.28214582800865173,
        0.1321285367012024,
        -0.2837695777416229,
        -0.09545506536960602,
        0.05695948004722595,
        -0.006051398813724518,
        0.26063087582588196,
        -0.29769280552864075,
        -0.17780481278896332,
        -0.08078734576702118,
        0.05095065385103226,
        -0.40641075372695923,
        0.49205827713012695,
        0.29097944498062134,
        0.24892593920230865,
        0.17846937477588654
    ],
    "x": [
        0.30727332830429077,
        -0.1083831787109375,
        0.1249179095029831,
        0.11504936218261719,
        -0.1525694578886032,
        -0.16828781366348267,
        -0.5500497817993164,
        -0.14306747913360596,
        -0.4473060071468353,
        0.2646239399909973,
        0.7958650588989258,
        0.013637274503707886,
        -0.3225949704647064,
        0.5016888976097107,
        0.15307259559631348,
        -0.3133466839790344,
        -0.04964405298233032,
        -0.05309566855430603,
        0.35594651103019714,
        0.09592442959547043
    ]
}