{
    "seed": 1000005,
    "theta": [
        0.03272932767868042,
        -0.11858333647251129,
        -0.42555347084999084,
        -0.36621665954589844,
        -0.2712593078613281,
        0.2991882860660553,
        -0.01996445655822754,
        -0.2592657804489136,
        -0.31416937708854675,
        -0.06353740394115448,
        0.3084142208099365,
        0.14412754774093628,
        0.34355318546295166,
        -0.04318200796842575,
        0.0650840699672699,
        0.1406928151845932,
        -0.1645202338695526,
        0.29804810881614685,
        -0.35725167393684387,
        -0.09859289973974228
    ],
    "x": [
        0.14324378967285156,
        -0.48480892181396484,
        -0.34273797273635864,
        -0.6916499137878418,
        -0.11714023351669312,
        0.16803273558616638,
        -0.17742177844047546,
        0.09024646878242493,
        -0.4501008689403534,
        -0.20083250105381012,
        -0.0026795566082000732,
        -0.4768560528755188,
        0.35305657982826233,
        -0.23670214414596558,
        0.005544811487197876,
        0.8176987171173096,
        -0.08064267039299011,
        0.27541735768318176,
        -0.547492265701294,
        -0.3015502393245697
    ]
}