{
    "seed": 1000000,
    "theta": [
        -0.14799609780311584,
        0.10381785780191422,
        -0.2325156182050705,
        0.4388829469680786,
        -0.2794725298881531,
        0.11308759450912476,
        -0.31271448731422424,
        -0.06797139346599579,
        -0.0391063392162323,
        0.04011665657162666,
        0.21309775114059448,
        -0.40573975443840027,
        -0.10783851146697998,
        0.02884541265666485,
        -0.008649781346321106,
        -0.44466787576675415,
        0.3768712282180786,
        0.17108254134655,
        0.40256983041763306,
        0.3566882312297821
    ],
    "x": [
        -0.24213331937789917,
        0.1647615134716034,
        -0.2861754894256592,
        0.1718621850013733,
        -0.5607695579528809,
        0.2762295603752136,
        -0.6097729206085205,
        -0.5037206411361694,
        -0.36098551750183105,
        -0.41310250759124756,
        0.22128237783908844,
        0.0066866278648376465,
        -0.14271192252635956,
        -0.056791387498378754,
        -0.33334946632385254,
        -0.4656088352203369,
        -0.18578332662582397,
        -0.0297745019197464,
        0.459196001291275,
        0.16858018934726715
    ]
}