{
    "seed": 1000004,
    "theta": [
        0.2805114984512329,
        -0.0687793642282486,
        -0.32525113224983215,
        -0.3509623110294342,
        -0.206222265958786,
        0.2828124463558197,
        -0.11255898326635361,
        -0.436149924993515,
        -0.31870102882385254,
        -0.03517552465200424,
        0.2934041917324066,
        0.21202436089515686,
        0.44949209690093994,
        -0.16127479076385498,
        0.0009395815432071686,
        0.17500856518745422,
        -0.05899665504693985,
        0.3063913881778717,
        -0.3457311689853668,
        0.048924461007118225
    ],
    "x": [
        0.18537260591983795,
        0.04829281568527222,
        -0.16121143102645874,
        -0.6005192399024963,
        -0.2315952330827713,
        0.45200157165527344,
        -0.055763278156518936,
        -0.4695385694503784,
        -0.8062425851821899,
        0.344277560710907,
        0.513955295085907,
        -0.44750717282295227,
        0.35512077808380127,
        -0.48231273889541626,
        -0.02437763847410679,
        0.495650053024292,
        -0.20394468307495117,
        0.4457659423351288,
        -0.4621005058288574,
        -0.11793316900730133
    ]
}