{
    "seed": 1000010,
    "theta": [
        0.13144977390766144,
        -0.0770709291100502,
        -0.32816553115844727,
        -0.467530220746994,
        -0.16691894829273224,
        0.21746991574764252,
        -0.08175867795944214,
        -0.34466516971588135,
        -0.27415528893470764,
        0.08245228230953217,
        0.31852200627326965,
        0.1113751083612442,
        0.4867716431617737,
        -0.09945916384458542,
        0.05379997193813324,
        0.25121766328811646,
        -0.1540161520242691,
        0.32954585552215576,
        -0.4449019432067871,
        -0.12255625426769257
    ],
    "x": [
        -0.0023443400859832764,
        -0.4309978485107422,
        -0.3759087026119232,
        -0.5761673450469971,
        0.18716122210025787,
        0.21169722080230713,
        -0.08598823845386505,
        -0.2501802444458008,
        0.032609254121780396,
        0.8051910996437073,
        0.40595707297325134,
        0.5209174156188965,
        0.7738503217697144,
        -0.07556352019309998,
        -0.36413025856018066,
        0.2449040412902832,
        0.43601733446121216,
        0.38366469740867615,
        -0.3193134069442749,
        0.20794285833835602
    ]
}