{
    "seed": 1000008,
    "theta": [
        0.010526208207011223,
        0.11151579767465591,
        -0.12442298233509064,
        0.44441378116607666,
        -0.4446697235107422,
        0.2113572061061859,
        -0.3991553783416748,
        -0.03708949312567711,
        0.08363621681928635,
        -0.03506283462047577,
        0.32066455483436584,
        -0.3530055582523346,
        -0.1535184681415558,
        0.06214960664510727,
        -0.08369394391775131,
        -0.531373918056488,
        0.4943956136703491,
        0.16523423790931702,
        0.2944881021976471,
        0.22480356693267822
    ],
    "x": [
        0.39517146348953247,
        0.06987108290195465,
        -0.5126431584358215,
        0.2314828783273697,
        -0.48183298110961914,
        0.13346973061561584,
        -0.20873861014842987,
        0.2051282376050949,
        -0.21977320313453674,
        -0.5532209277153015,
        -0.11149057745933533,
        -0.13602742552757263,
        0.09898000955581665,
        0.09579376876354218,
        -0.36539706587791443,
        0.1086316704750061,
        0.5847616195678711,
        0.30583250522613525,
        0.5113437175750732,
        0.2782829701900482
    ]
}