{
    "seed": 1000002,
    "theta": [
        0.05400028079748154,
        0.05882749333977699,
        -0.14036355912685394,
        0.4411677420139313,
        -0.32163023948669434,
        0.09611329436302185,
        -0.45112866163253784,
        0.045974407345056534,
        0.1651296317577362,
        0.16698208451271057,
        0.3126785159111023,
        -0.2886567711830139,
        -0.1325071156024933,
        0.001522557344287634,
        -0.04399329423904419,
        -0.4421764016151428,
        0.39118391275405884,
        0.18199068307876587,
        0.06815624237060547,
        0.2399740368127823
    ],
    "x": [
        0.08354120701551437,
        -0.029161658138036728,
        0.08447790145874023,
        0.38144463300704956,
        -0.6186025142669678,
        0.25081345438957214,
        -0.22766822576522827,
        -0.05510719493031502,
        -0.6697278022766113,
        0.152860626578331,
        0.4299946129322052,
        0.0407567024230957,
        0.1904887855052948,
        0.5117159485816956,
        -0.19057705998420715,
        -0.035616129636764526,
        0.1623443216085434,
        0.25384077429771423,
        -0.12181594967842102,
        0.5016961097717285
    ]
}