{
    "seed": 1000004,
    "theta": [
        0.624714195728302,
        0.44298452138900757,
        0.4964614808559418,
        0.4023858606815338
    ],
    "x": [
        0.8774101138114929,
        1.033569097518921,
        0.9330419898033142,
        0.7997357845306396,
        0.9955031275749207,
        0.9097169041633606,
        0.8742066621780396,
        0.663928210735321,
        0.7336413264274597,
        0.5646526217460632,
        0.6069915890693665,
        0.6576359868049622,
        0.6041037440299988,
        0.5680159330368042,
        0.655877947807312,
        0.48808109760284424,
        0.5806655883789062,
        0.5360740423202515,
        0.500625491142273,
        0.5868510007858276,
        0.5656112432479858,
        0.4273330569267273,
        0.48634669184684753,
        0.4236038327217102,
        0.47833606600761414,
        0.20152778923511505,
        0.4850148558616638,
        0.40934422612190247,
        0.5024234652519226,
        0.4029720425605774,
        0.5433179140090942,
        0.520922839641571,
        0.43878403306007385,
        0.5230628848075867,
        0.25506362318992615,
        0.24592183530330658,
        0.42467981576919556,
        0.5190505981445312,
        0.4695192873477936,
        0.378805547952652,
        0.43303272128105164,
        0.5314232110977173,
        0.3728899657726288,
        0.4713544249534607,
        0.3474999666213989,
        0.522521436214447,
        0.4670161008834839,
        0.49809035658836365,
        0.3569808900356293,
        0.417007178068161,
        0.45528843998908997,
        0.4015713930130005,
        0.42540231347084045,
        0.2779640257358551,
        0.23496386408805847,
        0.5667251348495483,
        0.3689449429512024,
        0.47047361731529236,
        0.5413497686386108,
        0.38676565885543823,
        0.5193120241165161,
        0.3736858367919922,
        0.5511022210121155,
        0.46606799960136414,
        0.20280583202838898,
        0.4159417450428009,
        0.5379478335380554,
        0.488800048828125,
        0.41612929105758667,
        0.47535833716392517,
        0.3840276002883911,
        0.3824577331542969,
        0.23591473698616028,
        0.3747703433036804,
        0.4749423861503601,
        0.3681830167770386,
        0.3949684202671051,
        0.4270259737968445,
        0.47847479581832886,
        0.5418283939361572,
        0.5020800232887268,
        0.41395798325538635,
        0.48262035846710205,
        0.38797250390052795,
        0.5873939394950867,
        0.5447635650634766,
        0.5307314395904541,
        0.4620639681816101,
        0.4996297061443329,
        0.5755079984664917,
        0.5680781006813049,
        0.590387225151062,
        0.6153913140296936,
        0.5744220614433289,
        0.5933502316474915,
        0.6044310331344604,
        0.6487692594528198,
        0.657446026802063,
        0.6578244566917419,
        0.7282401919364929,
        0.755462646484375
    ]
}