{
    "seed": 1000000,
    "theta": [
        0.6327546238899231,
        0.38462817668914795,
        0.4873814284801483,
        0.4328959882259369
    ],
    "x": [
        1.055102825164795,
        0.9302428960800171,
        0.9268863797187805,
        0.9325774908065796,
        0.9334007501602173,
        0.7959169745445251,
        0.7311872839927673,
        0.7736700773239136,
        0.7977016568183899,
        0.6641731262207031,
        0.4880055785179138,
        0.7302562594413757,
        0.5435198545455933,
        0.6187809109687805,
        0.5070874691009521,
        0.6534469723701477,
        0.545263946056366,
        0.5056522488594055,
        0.5156761407852173,
        0.5440523624420166,
        0.5324913263320923,
        0.5908950567245483,
        0.5164056420326233,
        0.5917635560035706,
        0.506006121635437,
        0.5056748986244202,
        0.4293965697288513,
        0.47277843952178955,
        0.549884557723999,
        0.501709520816803,
        0.5468876957893372,
        0.5431434512138367,
        0.5229302644729614,
        0.34599125385284424,
        0.5083162784576416,
        0.46077588200569153,
        0.2600421905517578,
        0.5100120306015015,
        0.32953670620918274,
        0.4448007047176361,
        0.28464826941490173,
        0.565851092338562,
        0.40036073327064514,
        0.4558809995651245,
        0.45922061800956726,
        0.5385672450065613,
        0.4021662473678589,
        0.4589426815509796,
        0.49357908964157104,
        0.34944215416908264,
        0.4515819549560547,
        0.4849296510219574,
        0.47283414006233215,
        0.5425363183021545,
        0.2766619324684143,
        0.5339705348014832,
        0.42801424860954285,
        0.46984735131263733,
        0.4790949523448944,
        0.4210919737815857,
        0.4895161986351013,
        0.47099557518959045,
        0.427047461271286,
        0.4869232177734375,
        0.2067815214395523,
        0.4104568362236023,
        0.46419093012809753,
        0.5387817621231079,
        0.36098989844322205,
        0.11479543149471283,
        0.49198925495147705,
        0.22964592278003693,
        0.5069587826728821,
        0.48006120324134827,
        0.38198089599609375,
        0.48085975646972656,
        0.35778504610061646,
        0.4909673035144806,
        0.5527278780937195,
        0.469338983297348,
        0.46234333515167236,
        0.5497488379478455,
        0.30564868450164795,
        0.5061744451522827,
        0.4388539493083954,
        0.5132876038551331,
        0.5384902954101562,
        0.4464917480945587,
        0.5129541754722595,
        0.46432241797447205,
        0.5270581841468811,
        0.4571284055709839,
        0.5857216119766235,
        0.5993720889091492,
        0.5881615877151489,
        0.6395388245582581,
        0.6469263434410095,
        0.636946976184845,
        0.718573272228241,
        0.7757347226142883,
        0.8523244261741638
    ]
}