{
    "seed": 1000008,
    "theta": [
        0.4940829575061798,
        0.461117684841156,
        0.35360991954803467,
        0.7383050918579102
    ],
    "x": [
        0.8978143334388733,
        0.8371065855026245,
        0.8691090941429138,
        0.6627781987190247,
        0.7740947604179382,
        0.8709308505058289,
        0.653028130531311,
        0.6081168055534363,
        0.6397093534469604,
        0.7000619173049927,
        0.7119223475456238,
        0.3964747190475464,
        0.5136503577232361,
        0.6143825650215149,
        0.465469092130661,
        0.6101360321044922,
        0.5590423345565796,
        0.21152877807617188,
        0.42800790071487427,
        0.3987407684326172,
        0.4616193175315857,
        0.5578829646110535,
        0.5028489232063293,
        0.46915003657341003,
        0.5453351140022278,
        0.5608615875244141,
        -0.01226069126278162,
        0.4909335970878601,
        0.5171535611152649,
        0.4493911862373352,
        0.42279383540153503,
        0.4293656647205353,
        0.4985061585903168,
        0.554730236530304,
        0.440221905708313,
        0.4438222348690033,
        0.5360778570175171,
        0.4869529604911804,
        0.2607802152633667,
        0.49840113520622253,
        0.4745260775089264,
        0.3029544949531555,
        0.47563043236732483,
        0.44122314453125,
        0.39884886145591736,
        0.4322546720504761,
        0.47559115290641785,
        0.3742838501930237,
        0.4028282165527344,
        0.4563298523426056,
        0.5311040282249451,
        0.44950181245803833,
        0.09499969333410263,
        0.268020361661911,
        0.5189934968948364,
        0.2591145932674408,
        0.5162227749824524,
        0.40556132793426514,
        0.5708073973655701,
        0.49027520418167114,
        0.45336610078811646,
        0.4998209774494171,
        0.4522533416748047,
        0.32491251826286316,
        0.4496617615222931,
        0.4665664732456207,
        0.5085378289222717,
        0.3991859555244446,
        0.45889103412628174,
        0.39672964811325073,
        0.5190973877906799,
        0.39124247431755066,
        0.4937700927257538,
        0.5177581906318665,
        0.5548571348190308,
        0.46397146582603455,
        0.44960644841194153,
        0.4905443787574768,
        0.46587270498275757,
        0.4435892701148987,
        0.45311495661735535,
        0.36268436908721924,
        0.462990939617157,
        0.4962402284145355,
        0.4800988435745239,
        0.4435448944568634,
        0.5019213557243347,
        0.2438761442899704,
        0.42093899846076965,
        0.5757151246070862,
        0.30577608942985535,
        0.5029574036598206,
        0.2809332609176636,
        0.5783548951148987,
        0.5469608306884766,
        0.5776150822639465,
        0.46806779503822327,
        0.4801367521286011,
        0.36228764057159424,
        0.5242874026298523,
        0.5829030275344849
    ]
}