{
    "seed": 1000003,
    "theta": [
        0.6571385264396667,
        0.5053340196609497,
        0.4834273159503937,
        0.491588294506073
    ],
    "x": [
        0.952163815498352,
        0.9628580808639526,
        0.9315222501754761,
        1.0161242485046387,
        0.9198734164237976,
        0.8770555853843689,
        0.7814624905586243,
        0.8082494139671326,
        0.7906385064125061,
        0.4318550229072571,
        0.8196321129798889,
        0.713256299495697,
        0.6308645606040955,
        0.6541643738746643,
        0.615646243095398,
        0.5440789461135864,
        0.5387363433837891,
        0.4799845516681671,
        0.3106194734573364,
        0.055590566247701645,
        0.5278193354606628,
        0.40653178095817566,
        0.48897042870521545,
        0.5472087860107422,
        0.3516960144042969,
        0.3741650879383087,
        0.3825947940349579,
        0.41788074374198914,
        0.4569180905818939,
        0.38130849599838257,
        0.4318477511405945,
        0.5015335083007812,
        0.2780713438987732,
        0.47427546977996826,
        0.369833767414093,
        0.508331835269928,
        0.45477294921875,
        0.3244977295398712,
        0.4625664949417114,
        0.45464056730270386,
        0.5003644227981567,
        0.3864925503730774,
        0.4456115663051605,
        0.38460808992385864,
        0.5050525665283203,
        0.4081546664237976,
        0.3649391233921051,
        0.2796590030193329,
        0.4680670499801636,
        0.45487314462661743,
        0.2787499725818634,
        0.4491397738456726,
        0.5055768489837646,
        0.47145983576774597,
        0.3280487060546875,
        0.22926725447177887,
        0.42689335346221924,
        0.40696144104003906,
        0.4440401792526245,
        0.4913836121559143,
        0.4144330322742462,
        0.48810577392578125,
        0.3424474000930786,
        0.5332325100898743,
        0.45937931537628174,
        0.4849998354911804,
        0.41135674715042114,
        0.5188902616500854,
        0.47322604060173035,
        0.33572450280189514,
        0.399215430021286,
        0.4060840606689453,
        0.3510715365409851,
        0.4402427673339844,
        0.4602467715740204,
        0.4076348543167114,
        0.4346613585948944,
        0.4879164397716522,
        0.5452921390533447,
        0.38756662607192993,
        0.5554459691047668,
        0.3171983063220978,
        0.49316203594207764,
        0.4464226961135864,
        0.3360863924026489,
        0.4689984619617462,
        0.4681991636753082,
        0.5056890845298767,
        0.4996849000453949,
        0.46863695979118347,
        0.4305152893066406,
        0.3471952974796295,
        0.4407966732978821,
        0.34805285930633545,
        0.3081691861152649,
        0.5022169947624207,
        0.3253898620605469,
        0.5342794060707092,
        0.5530227422714233,
        0.6420645117759705,
        0.6925767064094543
    ]
}