{
    "seed": 1000012,
    "theta": [
        0.6043729186058044,
        0.4042523205280304,
        0.4553661644458771,
        0.37749192118644714
    ],
    "x": [
        0.9571913480758667,
        0.8609015345573425,
        0.9291921257972717,
        0.9366526007652283,
        0.8515490293502808,
        0.6875106692314148,
        0.7278415560722351,
        0.7097617983818054,
        0.7467923760414124,
        0.684948205947876,
        0.652825653553009,
        0.5831774473190308,
        0.624867856502533,
        0.5683308839797974,
        0.435192734003067,
        0.5064018368721008,
        0.4465232789516449,
        0.46871376037597656,
        0.5203813910484314,
        0.4135793149471283,
        0.5526439547538757,
        0.4257802367210388,
        0.576172411441803,
        0.39274534583091736,
        0.5298914313316345,
        0.4003550112247467,
        0.46331584453582764,
        0.3508981168270111,
        0.4876459836959839,
        0.294234961271286,
        0.45928674936294556,
        0.41354674100875854,
        0.49599534273147583,
        0.31731998920440674,
        0.4993005096912384,
        0.33883997797966003,
        0.5095555782318115,
        0.46388182044029236,
        0.5322425961494446,
        0.4851036071777344,
        0.3818931579589844,
        0.4266962707042694,
        0.5415571928024292,
        0.1357017457485199,
        0.4086673855781555,
        0.5059117674827576,
        0.438149631023407,
        0.3117884397506714,
        0.4072093963623047,
        0.516805112361908,
        0.4825097322463989,
        0.44290846586227417,
        0.4517086148262024,
        0.24177169799804688,
        0.4287048280239105,
        0.472552627325058,
        0.5001112818717957,
        0.28319308161735535,
        0.3912186920642853,
        0.4669504761695862,
        0.3759344816207886,
        0.37367260456085205,
        0.426504522562027,
        0.274725079536438,
        0.31204718351364136,
        0.3192250430583954,
        0.33581605553627014,
        0.4756737947463989,
        0.5174458622932434,
        0.33528390526771545,
        0.4363670349121094,
        0.30429381132125854,
        0.42256927490234375,
        0.4576866030693054,
        0.41614124178886414,
        0.3007608950138092,
        0.529589831829071,
        0.3870517611503601,
        0.4224002957344055,
        0.481103777885437,
        0.462664932012558,
        0.3914833068847656,
        0.4820304811000824,
        0.589340329170227,
        0.47830772399902344,
        0.4234868288040161,
        0.5333824157714844,
        0.42865779995918274,
        0.42331185936927795,
        0.4220544099807739,
        0.44577381014823914,
        0.503890872001648,
        0.5392059087753296,
        0.5407475829124451,
        0.5404801964759827,
        0.5453320741653442,
        0.5502561926841736,
        0.5698862671852112,
        0.6218993067741394,
        0.6413513422012329,
        0.7110628485679626
    ]
}