{
    "seed": 1000001,
    "theta": [
        0.5668630599975586,
        0.5324459075927734,
        0.40222710371017456,
        0.4113694131374359
    ],
    "x": [
        0.9091574549674988,
        0.9738280177116394,
        0.9143093228340149,
        1.022971749305725,
        0.9451496005058289,
        0.7696729302406311,
        0.7835000157356262,
        0.7303929924964905,
        0.7703775763511658,
        0.4928339719772339,
        0.7387710809707642,
        0.7377992272377014,
        0.5266161561012268,
        0.6524608731269836,
        0.49206429719924927,
        0.48436686396598816,
        0.5293609499931335,
        0.5999801754951477,
        0.6415762305259705,
        0.6514576077461243,
        0.41880735754966736,
        0.5281689763069153,
        0.44312337040901184,
        0.22632598876953125,
        0.31277820467948914,
        0.48284733295440674,
        0.27312901616096497,
        0.419259637594223,
        0.16808776557445526,
        0.44273096323013306,
        0.5019180178642273,
        0.4863988161087036,
        0.44239044189453125,
        0.308093398809433,
        0.5617942810058594,
        0.4564824402332306,
        0.3109486997127533,
        0.3806968629360199,
        0.33793869614601135,
        0.3293754458427429,
        0.30958619713783264,
        0.4627709686756134,
        0.3131207823753357,
        0.26924577355384827,
        0.4340640902519226,
        0.4043683409690857,
        0.3359781801700592,
        0.3850291073322296,
        0.4428229033946991,
        0.4186495542526245,
        0.38916245102882385,
        0.43522948026657104,
        0.4401264190673828,
        0.5454640984535217,
        0.5082781314849854,
        0.5082294344902039,
        0.5753781795501709,
        0.4246584475040436,
        0.3604021668434143,
        0.2141571044921875,
        0.5084304809570312,
        0.38152632117271423,
        0.4754081666469574,
        0.247700497508049,
        0.42964667081832886,
        0.5302549004554749,
        0.39751675724983215,
        0.47816798090934753,
        0.28472962975502014,
        0.505575954914093,
        0.5077405571937561,
        0.4878617525100708,
        0.5178514122962952,
        0.39439213275909424,
        0.28604012727737427,
        0.32519543170928955,
        0.5340340733528137,
        0.48587799072265625,
        0.39575183391571045,
        0.3993796110153198,
        0.47975894808769226,
        0.4651229977607727,
        0.5001261234283447,
        0.46742135286331177,
        0.406790167093277,
        0.4986312985420227,
        0.39919230341911316,
        0.2962750792503357,
        0.5110008120536804,
        0.4319217801094055,
        0.49994418025016785,
        0.3419753909111023,
        0.4409346282482147,
        0.5321747064590454,
        0.4688412845134735,
        0.24863077700138092,
        0.501052975654602,
        0.5536098480224609,
        0.511371374130249,
        0.5655032992362976,
        0.6647299528121948
    ]
}