{
    "seed": 1000002,
    "theta": [
        0.2717384696006775,
        0.4524227976799011,
        0.24081873893737793,
        0.687995195388794
    ],
    "x": [
        0.8679205775260925,
        0.6379688382148743,
        0.7772954106330872,
        0.8333872556686401,
        0.8586021661758423,
        0.8660246729850769,
        0.7911908626556396,
        0.7279088497161865,
        0.6315622925758362,
        0.7504122257232666,
        0.6330454349517822,
        0.5050467252731323,
        0.47472840547561646,
        0.45444220304489136,
        0.4576825499534607,
        0.4681864380836487,
        0.4237786531448364,
        0.3831801116466522,
        0.544908881187439,
        0.40413984656333923,
        0.5253667235374451,
        0.49536868929862976,
        0.4750991761684418,
        0.5522191524505615,
        0.39162763953208923,
        0.5170332789421082,
        0.5066593289375305,
        0.49246445298194885,
        0.39717623591423035,
        0.2798866331577301,
        0.49035313725471497,
        0.40289929509162903,
        0.4567108154296875,
        0.4913570284843445,
        0.5515083074569702,
        0.5142717957496643,
        0.38335558772087097,
        0.4645500183105469,
        0.4926315248012543,
        0.5655269622802734,
        0.4715474545955658,
        0.5252353549003601,
        0.5038620233535767,
        0.06949462741613388,
        0.41630566120147705,
        0.36827149987220764,
        0.43703383207321167,
        0.4731608033180237,
        0.5068290829658508,
        0.5621064305305481,
        0.5262344479560852,
        0.2497917115688324,
        0.4069826900959015,
        0.4652305543422699,
        0.5030708312988281,
        0.3774261474609375,
        0.3763526976108551,
        0.41009584069252014,
        0.32115402817726135,
        0.3918355405330658,
        0.5002990961074829,
        0.44627901911735535,
        0.5635209679603577,
        0.362933486700058,
        0.41019248962402344,
        0.38231250643730164,
        0.2758773863315582,
        0.375198632478714,
        0.20780041813850403,
        0.5349110960960388,
        0.514904797077179,
        0.5022724270820618,
        0.4958611726760864,
        0.41814395785331726,
        0.5056719183921814,
        0.49324876070022583,
        0.2590775787830353,
        0.42899754643440247,
        0.46798020601272583,
        0.5149584412574768,
        0.5174614191055298,
        0.4201764464378357,
        0.39772212505340576,
        0.43621471524238586,
        0.4030815064907074,
        0.47998300194740295,
        0.46343994140625,
        0.46816572546958923,
        0.35033735632896423,
        0.5316240787506104,
        0.33158761262893677,
        0.32389146089553833,
        0.36005324125289917,
        0.448074072599411,
        0.4919324219226837,
        0.3309708833694458,
        0.5722616910934448,
        0.4698933959007263,
        0.5735855102539062,
        0.38815662264823914,
        0.5455261468887329
    ]
}