{
    "seed": 1000005,
    "theta": [
        0.7080819606781006,
        0.4419121742248535,
        0.4685843884944916,
        0.39813166856765747
    ],
    "x": [
        0.8776130676269531,
        0.8331267237663269,
        0.969220757484436,
        0.9436313509941101,
        0.8904073238372803,
        0.7972292304039001,
        0.7434799075126648,
        0.8942352533340454,
        0.7478312253952026,
        0.664556622505188,
        0.6628597378730774,
        0.5738787055015564,
        0.6471623778343201,
        0.46035143733024597,
        0.5892556309700012,
        0.34966251254081726,
        0.5031862854957581,
        0.48410528898239136,
        0.5225397944450378,
        0.5193578004837036,
        0.38607585430145264,
        0.5091432929039001,
        0.5562660098075867,
        0.5052433013916016,
        0.4917312562465668,
        0.3022170960903168,
        0.36680373549461365,
        0.5012760162353516,
        0.48052850365638733,
        0.41128236055374146,
        0.5178848505020142,
        0.4913345277309418,
        0.410174697637558,
        0.3768872618675232,
        0.45254871249198914,
        0.47419053316116333,
        0.47833073139190674,
        0.486120343208313,
        0.4275081753730774,
        0.43686041235923767,
        0.31763431429862976,
        0.4490776062011719,
        0.42602819204330444,
        0.5530274510383606,
        0.48337873816490173,
        0.2621256411075592,
        0.47591501474380493,
        0.36831411719322205,
        0.4896673858165741,
        0.45145389437675476,
        0.4203837215900421,
        0.4572738707065582,
        0.3161797821521759,
        0.4850228726863861,
        0.3396090269088745,
        0.5259882807731628,
        0.27731195092201233,
        0.4897776246070862,
        0.3393217623233795,
        0.49190622568130493,
        0.4651007354259491,
        0.46176669001579285,
        0.41987723112106323,
        0.4886172115802765,
        0.4058353304862976,
        0.5244219303131104,
        0.45413652062416077,
        0.38397037982940674,
        0.4726220369338989,
        0.2960604429244995,
        0.16185379028320312,
        0.4466843903064728,
        0.4820236265659332,
        0.41951483488082886,
        0.3626236021518707,
        0.4695083498954773,
        0.07586288452148438,
        0.4607808291912079,
        0.481954962015152,
        0.46589839458465576,
        0.4268757998943329,
        0.3936893343925476,
        0.34482982754707336,
        0.3884081542491913,
        0.551413357257843,
        0.3697753846645355,
        0.5545898675918579,
        0.5090547204017639,
        0.5233192443847656,
        0.41230493783950806,
        0.522051990032196,
        0.5475980043411255,
        0.5017699003219604,
        0.583832323551178,
        0.4426882565021515,
        0.44240301847457886,
        0.48702099919319153,
        0.6077869534492493,
        0.6335222721099854,
        0.7042472958564758,
        0.7288753390312195
    ]
}