{
    "seed": 1000008,
    "theta": [
        -0.3012126684188843,
        -0.47365695238113403
    ],
    "x": [
        1.8935235738754272,
        1.437657117843628,
        1.0363445281982422,
        0.7057880163192749,
        0.447200745344162,
        0.070395328104496,
        -0.1330394446849823,
        -0.2739655077457428,
        -0.424844890832901,
        -0.4980844259262085,
        -0.6008513569831848,
        -0.6366198062896729,
        -0.6893766522407532,
        -0.8391834497451782,
        -0.8656155467033386,
        -0.9323788285255432,
        -1.0218852758407593,
        -1.002432107925415,
        -0.9654956459999084,
        -0.9342423677444458,
        -0.9070467352867126,
        -0.9601383209228516,
        -1.1646488904953003,
        -1.1782909631729126,
        -1.315830945968628
    ]
}