{
    "seed": 1000012,
    "theta": [
        -0.3013204336166382,
        -0.38718855381011963
    ],
    "x": [
        1.8935235738754272,
        1.3368538618087769,
        1.1192901134490967,
        0.8842197060585022,
        0.7082753777503967,
        0.4129677712917328,
        0.27092698216438293,
        0.15013565123081207,
        -0.11048933118581772,
        -0.23780162632465363,
        -0.36756399273872375,
        -0.4190140962600708,
        -0.536234974861145,
        -0.6829463839530945,
        -0.6551472544670105,
        -0.7509559392929077,
        -0.7881061434745789,
        -0.941772997379303,
        -0.9464071989059448,
        -1.0455900430679321,
        -1.0098251104354858,
        -0.950806200504303,
        -0.9317212104797363,
        -0.9913617968559265,
        -1.0683070421218872
    ]
}