{
    "seed": 1000001,
    "theta": [
        -0.40332821011543274,
        -0.3463919758796692
    ],
    "x": [
        1.8935235738754272,
        1.58169424533844,
        1.2217357158660889,
        0.9481179118156433,
        0.7388069033622742,
        0.4727224111557007,
        0.4031440019607544,
        0.1985432356595993,
        -0.03443080186843872,
        -0.16728602349758148,
        -0.27754631638526917,
        -0.39757534861564636,
        -0.4172193706035614,
        -0.6118541359901428,
        -0.697206437587738,
        -0.6519030332565308,
        -0.6341388821601868,
        -0.7099751234054565,
        -0.7321909070014954,
        -0.8303202390670776,
        -0.9439928531646729,
        -0.9611982107162476,
        -1.0524840354919434,
        -1.1252516508102417,
        -1.2819085121154785
    ]
}