{
    "seed": 1000009,
    "theta": [
        -0.429001122713089,
        -0.4343312680721283
    ],
    "x": [
        1.8935235738754272,
        1.517676830291748,
        1.1675034761428833,
        0.8844900727272034,
        0.7099470496177673,
        0.41442984342575073,
        0.31345340609550476,
        0.24348324537277222,
        0.09807898104190826,
        -0.09235035628080368,
        -0.1372196525335312,
        -0.12338023632764816,
        -0.2567174732685089,
        -0.28635045886039734,
        -0.30026569962501526,
        -0.4504384398460388,
        -0.5196195840835571,
        -0.6553711295127869,
        -0.7929726243019104,
        -0.6733894348144531,
        -0.6368440985679626,
        -0.7791091799736023,
        -0.8728282451629639,
        -0.8377251625061035,
        -0.9258102178573608
    ]
}