{
    "seed": 1000002,
    "theta": [
        -0.3225511312484741,
        -0.24589738249778748
    ],
    "x": [
        1.8935235738754272,
        1.6052672863006592,
        1.3453561067581177,
        1.0268540382385254,
        0.7677531242370605,
        0.4744873642921448,
        0.19260258972644806,
        -0.09331993013620377,
        -0.3342820703983307,
        -0.4455624520778656,
        -0.631134569644928,
        -0.6080485582351685,
        -0.7894763946533203,
        -0.8494658470153809,
        -0.9046962261199951,
        -0.975032389163971,
        -1.1038579940795898,
        -1.1426459550857544,
        -1.1165941953659058,
        -0.9510288834571838,
        -1.0930079221725464,
        -1.0695726871490479,
        -1.0916050672531128,
        -1.0835230350494385,
        -1.254334568977356
    ]
}