{
    "seed": 1000000,
    "theta": [
        -0.2745783030986786,
        -0.31135931611061096
    ],
    "x": [
        1.8935235738754272,
        1.4570914506912231,
        0.9726758599281311,
        0.6792247295379639,
        0.326487272977829,
        0.1314745545387268,
        -0.12546932697296143,
        -0.29464492201805115,
        -0.40795883536338806,
        -0.4423307478427887,
        -0.5650421977043152,
        -0.74070143699646,
        -0.8288469314575195,
        -0.8401879072189331,
        -0.8946377038955688,
        -0.9795615077018738,
        -0.9093109369277954,
        -0.9860215783119202,
        -0.957459032535553,
        -1.0107686519622803,
        -1.0918712615966797,
        -1.2552286386489868,
        -1.2715288400650024,
        -1.1698081493377686,
        -1.1031380891799927
    ]
}