{
    "seed": 1000005,
    "theta": [
        -0.5589938759803772,
        -0.7362195253372192
    ],
    "x": [
        1.8935235738754272,
        1.6180908679962158,
        1.4107446670532227,
        1.1240402460098267,
        0.9400461912155151,
        0.7495041489601135,
        0.6454457640647888,
        0.46299344301223755,
        0.34610217809677124,
        0.12872426211833954,
        -0.11587003618478775,
        -0.19396165013313293,
        -0.31430092453956604,
        -0.44918060302734375,
        -0.5894415378570557,
        -0.7258409261703491,
        -0.8442219495773315,
        -0.8590871095657349,
        -0.9311107993125916,
        -0.9693728089332581,
        -0.9823037385940552,
        -0.9460598826408386,
        -0.884566605091095,
        -0.9703067541122437,
        -1.0475975275039673
    ]
}