{
    "seed": 1000003,
    "theta": [
        -0.46622973680496216,
        -0.5074837803840637
    ],
    "x": [
        1.8935235738754272,
        1.3930264711380005,
        1.0703059434890747,
        0.8768534660339355,
        0.5837002396583557,
        0.25623413920402527,
        0.1611214429140091,
        0.08547773212194443,
        -0.003660272341221571,
        -0.09709201008081436,
        -0.20257148146629333,
        -0.2829967737197876,
        -0.3589470088481903,
        -0.39020296931266785,
        -0.4420919120311737,
        -0.5132229924201965,
        -0.5855810046195984,
        -0.6363650560379028,
        -0.6697072982788086,
        -0.7659183144569397,
        -0.8583175539970398,
        -0.9499322175979614,
        -1.0008951425552368,
        -1.0609965324401855,
        -1.0326920747756958
    ]
}