{
    "seed": 1000010,
    "theta": [
        -0.846287190914154,
        -0.5297011733055115,
        0.12802672386169434,
        -0.40133988857269287,
        -1.5630840063095093
    ],
    "x": [
        -0.6845349073410034,
        -0.5999355912208557,
        -0.32644927501678467,
        -0.6009942889213562,
        -0.4547407925128937,
        -0.5906624794006348,
        -0.31941673159599304,
        0.10976915061473846,
        -0.3777567744255066,
        -0.16000211238861084,
        -0.400748074054718,
        -0.3624059855937958,
        -0.5974205136299133,
        -0.03209148719906807,
        -0.06350953876972198,
        0.48263829946517944,
        -0.18851099908351898,
        -0.09308280795812607,
        0.3218587338924408,
        -0.7766479253768921,
        0.010119806043803692,
        0.014370647259056568,
        -0.16903254389762878,
        0.68172687292099,
        0.03246162831783295,
        0.3850202262401581,
        0.4232671558856964,
        -0.19550642371177673,
        0.46142494678497314,
        0.2472744733095169,
        0.05637305974960327,
        0.8290364146232605,
        -0.5440835952758789,
        0.1495465338230133,
        -0.08727432042360306,
        0.18049173057079315,
        -0.10156404227018356,
        0.5056709051132202,
        0.7123517394065857,
        -0.12935857474803925,
        0.2070138305425644,
        -7.011927604675293,
        0.30727338790893555,
        0.5161177515983582,
        0.316802054643631,
        0.2831103801727295,
        0.15886026620864868,
        0.21603946387767792,
        0.5020938515663147,
        -0.3162306547164917,
        0.21502751111984253,
        -0.08142838627099991,
        0.06509915739297867,
        -0.29810407757759094,
        0.20765073597431183,
        0.2771151065826416,
        -0.3031143248081207,
        -0.3502192795276642,
        -0.5550769567489624,
        -6.654251575469971,
        0.38243362307548523,
        0.8004233241081238,
        0.22944580018520355,
        -0.6070147156715393,
        -0.16794927418231964,
        -0.17286957800388336,
        0.5048630833625793,
        0.11730682104825974,
        0.39586010575294495,
        0.7573629021644592,
        -0.5040806531906128,
        -0.546878457069397,
        -0.7235286235809326,
        -0.1374417096376419,
        0.8190454840660095,
        0.17947886884212494,
        0.06597697734832764,
        -0.9145094156265259,
        -0.20314419269561768,
        -0.5288214087486267,
        -0.43594133853912354,
        0.5196524262428284,
        -0.3028341829776764,
        0.2935197651386261,
        -0.8603331446647644,
        0.1625899225473404,
        -0.558151364326477,
        -0.07335342466831207,
        -0.164767786860466,
        0.7055864930152893,
        0.49860748648643494,
        -0.3764938414096832,
        -0.6406487226486206,
        -0.12058771401643753,
        -0.4746130406856537,
        -0.8609241843223572,
        0.3866071105003357,
        0.40350341796875
    ]
}