{
    "seed": 1000008,
    "theta": [
        -1.1787461042404175,
        -0.8286877870559692,
        0.21848511695861816,
        -0.7195720076560974,
        -1.3442081212997437
    ],
    "x": [
        -0.11102627962827682,
        0.08896927535533905,
        -0.562110424041748,
        -0.45712774991989136,
        -0.5963477492332458,
        -0.7160812616348267,
        -0.35778898000717163,
        0.15112586319446564,
        0.32367464900016785,
        0.07413893193006516,
        -0.4350616931915283,
        -0.4485252797603607,
        -0.19115817546844482,
        0.035506583750247955,
        0.1689882129430771,
        0.5062434077262878,
        0.13175883889198303,
        -0.1654721051454544,
        -0.1596858650445938,
        -0.16055786609649658,
        -4.17354154586792,
        -0.7453303337097168,
        -0.12266017496585846,
        0.20155708491802216,
        -0.284723162651062,
        -0.5280987024307251,
        -0.32949304580688477,
        0.7306734323501587,
        0.6658692359924316,
        0.2691282331943512,
        0.8578566908836365,
        0.07722657918930054,
        -0.0483524464070797,
        0.27052608132362366,
        -0.1951291412115097,
        0.6341558694839478,
        0.25801894068717957,
        0.38255593180656433,
        0.11061491817235947,
        -0.09617652744054794,
        -0.17009282112121582,
        -0.18322595953941345,
        0.2586722671985626,
        0.3129025995731354,
        0.27729448676109314,
        0.3612109124660492,
        0.5733148455619812,
        1.206857442855835,
        0.4911034405231476,
        -0.4216737449169159,
        0.1529492735862732,
        -0.048465680330991745,
        0.2852293848991394,
        7.901585578918457,
        0.40038082003593445,
        0.2889972925186157,
        -1.1390262842178345,
        0.4010334014892578,
        -0.36736437678337097,
        0.4850437641143799,
        0.2531982660293579,
        0.8949507474899292,
        0.3727933168411255,
        -0.34226807951927185,
        -0.4177492558956146,
        -0.31181076169013977,
        0.5152449607849121,
        0.34811875224113464,
        -0.08788857609033585,
        0.8159436583518982,
        -0.605206310749054,
        -0.9076088070869446,
        -0.12709487974643707,
        0.7334263920783997,
        0.5300371646881104,
        0.39715877175331116,
        0.49701690673828125,
        -0.36700892448425293,
        -0.3875870406627655,
        -0.030893700197339058,
        0.09225199371576309,
        0.19000524282455444,
        0.5461932420730591,
        0.8288976550102234,
        -0.5818915367126465,
        -0.4203633964061737,
        0.1067836731672287,
        0.0701112151145935,
        0.24567236006259918,
        0.41106048226356506,
        0.5627922415733337,
        -0.8552617430686951,
        -0.24248671531677246,
        0.5686789751052856,
        -0.03870854899287224,
        -0.0683717280626297,
        0.3460637927055359,
        0.09647312015295029
    ]
}