{
    "seed": 1000012,
    "theta": [
        -0.8758499622344971,
        -0.8279527425765991,
        0.6065526008605957,
        -0.2830786108970642,
        -1.2437098026275635
    ],
    "x": [
        0.12230924516916275,
        -0.3688115179538727,
        -0.739538848400116,
        -0.8841716647148132,
        -0.4348040223121643,
        -0.5147023797035217,
        -0.15537504851818085,
        0.26640817523002625,
        0.13502560555934906,
        -0.1236792579293251,
        -1.0744718313217163,
        -0.8242902159690857,
        -0.6341118812561035,
        -0.385833203792572,
        0.21657463908195496,
        -0.458039790391922,
        -0.6380837559700012,
        0.1680135726928711,
        0.07998089492321014,
        0.1578698754310608,
        0.3411717116832733,
        0.20147983729839325,
        -0.6439083218574524,
        -0.009989263489842415,
        0.3124866485595703,
        -0.1296001821756363,
        0.061080243438482285,
        -0.48930731415748596,
        -0.16149111092090607,
        0.3961385488510132,
        0.8945047855377197,
        1.2474106550216675,
        0.14911429584026337,
        0.17785747349262238,
        0.26416534185409546,
        0.8058530688285828,
        0.12143966555595398,
        0.08213819563388824,
        -0.19111672043800354,
        0.18186338245868683,
        0.13895776867866516,
        0.1586354374885559,
        0.3319728970527649,
        0.7791619896888733,
        0.0872054472565651,
        0.5615544319152832,
        0.6589158773422241,
        0.09347543120384216,
        0.7569929361343384,
        -0.10247901827096939,
        -0.21408703923225403,
        0.02061159908771515,
        0.5657100081443787,
        -0.29883643984794617,
        0.6644017696380615,
        1.1761481761932373,
        -1.1251542568206787,
        -0.680903434753418,
        -0.02874918282032013,
        0.7628011107444763,
        0.00614116620272398,
        0.4342222809791565,
        0.5858371257781982,
        -0.6648407578468323,
        -0.5376770496368408,
        -0.3364853858947754,
        0.16134925186634064,
        0.25350502133369446,
        0.6750278472900391,
        0.7742613554000854,
        -0.6215652227401733,
        -1.187233567237854,
        -0.8946563005447388,
        0.10125920176506042,
        0.7339348793029785,
        0.07313361763954163,
        0.8546786308288574,
        -1.059741735458374,
        -0.5230746269226074,
        -0.45085349678993225,
        -0.8829138278961182,
        0.22435873746871948,
        0.7312675714492798,
        0.15209905803203583,
        -0.30310195684432983,
        -0.030026152729988098,
        -0.458377867937088,
        -0.8050873875617981,
        0.21048985421657562,
        -0.5567649602890015,
        0.39684590697288513,
        -0.7240959405899048,
        -0.6740483641624451,
        -0.7841782569885254,
        -0.07161753624677658,
        0.11030169576406479,
        0.11697936803102493,
        0.8211507797241211
    ]
}