{
    "seed": 1000001,
    "theta": [
        -0.8346851468086243,
        -0.9062773585319519,
        0.4329686462879181,
        -0.6696343421936035,
        -0.9468239545822144
    ],
    "x": [
        -0.2491680532693863,
        -0.030041178688406944,
        -0.666185736656189,
        -0.12890681624412537,
        -0.40013453364372253,
        -0.3686807155609131,
        -0.31089553236961365,
        -0.1946011185646057,
        -0.46587902307510376,
        -0.3959425091743469,
        -0.9417642951011658,
        -0.43283894658088684,
        0.006675266195088625,
        -0.23575110733509064,
        0.4838079810142517,
        0.2831028699874878,
        0.24427033960819244,
        0.32410281896591187,
        0.4897298812866211,
        -0.6897394061088562,
        -0.7721935510635376,
        0.8348293304443359,
        0.055997397750616074,
        0.5189669132232666,
        0.5580660104751587,
        -0.03416811302304268,
        -0.24487537145614624,
        -0.692624568939209,
        0.030697951093316078,
        -0.10532412678003311,
        0.25548139214515686,
        0.24134983122348785,
        0.4627388119697571,
        -9.685088157653809,
        -0.0659509152173996,
        0.34669989347457886,
        0.08653624355792999,
        0.17857947945594788,
        0.09513402730226517,
        0.29700151085853577,
        0.07050096243619919,
        -0.15676815807819366,
        -0.20557789504528046,
        0.524534285068512,
        0.16639049351215363,
        0.4948221743106842,
        0.66422438621521,
        0.46315619349479675,
        0.6104131937026978,
        -0.8103539943695068,
        -0.15582267940044403,
        0.2089967280626297,
        0.08961071819067001,
        -0.2554173469543457,
        0.11127903312444687,
        0.6140086650848389,
        -0.5959197878837585,
        -0.4735519289970398,
        0.24688352644443512,
        -0.20748530328273773,
        0.2105938196182251,
        0.24961793422698975,
        0.44163447618484497,
        -0.6775267124176025,
        -0.4694191515445709,
        -0.41208526492118835,
        -0.43134230375289917,
        0.10381989926099777,
        0.6135639548301697,
        0.5522418022155762,
        -0.31415224075317383,
        -0.3390858471393585,
        -0.4578772187232971,
        0.4829065799713135,
        0.04821433871984482,
        0.7005290389060974,
        0.41719546914100647,
        -1.0106691122055054,
        0.08304411172866821,
        -0.06230234354734421,
        0.1532370150089264,
        0.7195661664009094,
        0.6977963447570801,
        0.2530685365200043,
        -0.5142855048179626,
        -0.5542306900024414,
        -0.32493335008621216,
        -0.13887566328048706,
        -0.30174341797828674,
        0.9911128282546997,
        -8.430216789245605,
        -0.4991856813430786,
        -0.30540767312049866,
        -0.11265148222446442,
        0.08685055375099182,
        -0.04558556154370308,
        0.43056520819664,
        0.3722740709781647
    ]
}