{
    "seed": 1000009,
    "theta": [
        -0.934841513633728,
        -1.0843052864074707,
        0.18742845952510834,
        -0.4437439739704132,
        -1.3600729703903198
    ],
    "x": [
        0.06302295625209808,
        -0.3900073170661926,
        -0.3078847825527191,
        0.15486079454421997,
        -1.1775925159454346,
        -0.25302985310554504,
        -0.20659899711608887,
        -0.12431035935878754,
        -0.5555994510650635,
        0.1050163134932518,
        -0.2156527191400528,
        -0.13381044566631317,
        -0.434672087430954,
        -0.492759108543396,
        -0.9047895669937134,
        0.24214495718479156,
        -0.04980624467134476,
        -0.5894992351531982,
        -0.8145182132720947,
        -0.928691565990448,
        -0.272783100605011,
        -0.387243390083313,
        0.2747824490070343,
        -0.017736846581101418,
        -0.11699145287275314,
        0.015450667589902878,
        -0.12231447547674179,
        -0.14137831330299377,
        0.3810720443725586,
        0.0206713005900383,
        -0.1453169584274292,
        0.3622419238090515,
        -0.27063339948654175,
        -0.10940887778997421,
        0.34569868445396423,
        0.6122528910636902,
        -0.019543882459402084,
        0.6408764123916626,
        0.30608001351356506,
        1.0985486507415771,
        -0.10027632117271423,
        -0.24515241384506226,
        0.43372032046318054,
        0.9195066690444946,
        0.6811098456382751,
        0.5148569941520691,
        0.09660191833972931,
        0.04402999207377434,
        0.5801042914390564,
        -0.5880445837974548,
        -0.31957507133483887,
        0.13667988777160645,
        -0.23587308824062347,
        0.2853163182735443,
        0.4721168577671051,
        0.6485233306884766,
        -0.4253544211387634,
        -0.27054259181022644,
        0.010527059435844421,
        0.1972808539867401,
        0.2259225696325302,
        0.5133771896362305,
        0.4654250741004944,
        -0.12640933692455292,
        -0.28980663418769836,
        -0.11259382963180542,
        -0.32728350162506104,
        0.27811893820762634,
        0.3445468246936798,
        -0.06307466328144073,
        -0.6987839341163635,
        -0.612224817276001,
        0.21514883637428284,
        -0.055926598608493805,
        0.3257640600204468,
        0.4960081875324249,
        0.3933967053890228,
        -0.519805908203125,
        -0.5018202066421509,
        -0.2997746467590332,
        -0.040925394743680954,
        -0.25995925068855286,
        0.6035959720611572,
        0.5003941655158997,
        -0.49695414304733276,
        -0.2236822545528412,
        -0.8739030361175537,
        0.011708882637321949,
        0.03022867441177368,
        0.3223355710506439,
        0.6375224590301514,
        -0.6569591164588928,
        -0.6466203331947327,
        -0.17863914370536804,
        -0.354829341173172,
        -0.040911197662353516,
        0.09427859634160995,
        0.17828699946403503
    ]
}