{
    "seed": 1000003,
    "theta": [
        -0.7710133790969849,
        -1.0002362728118896,
        0.3538138270378113,
        -0.6742082834243774,
        -1.3792724609375
    ],
    "x": [
        -0.34055548906326294,
        -0.2216116189956665,
        -0.39191141724586487,
        -0.8026280403137207,
        0.25671178102493286,
        -0.8371822237968445,
        -0.8858205080032349,
        -0.22962172329425812,
        -0.039816178381443024,
        0.09284985810518265,
        -0.06651871651411057,
        -0.056351374834775925,
        0.02264471724629402,
        -0.004678145982325077,
        0.04897503927350044,
        0.493444561958313,
        -0.2676951289176941,
        -0.908932626247406,
        0.26675930619239807,
        -0.3109305500984192,
        -0.06295081973075867,
        -0.18876130878925323,
        -0.20888003706932068,
        0.6027244925498962,
        -0.30855029821395874,
        -0.004041059873998165,
        0.05573229491710663,
        -0.016561374068260193,
        -0.066347636282444,
        0.8000560402870178,
        0.07373137772083282,
        -0.15761256217956543,
        -0.08959510177373886,
        0.2816753387451172,
        0.34371519088745117,
        0.3480985462665558,
        0.824773371219635,
        0.47300419211387634,
        0.6882489323616028,
        1.1076847314834595,
        0.3805030286312103,
        0.12349170446395874,
        0.5648226737976074,
        0.516128659248352,
        0.9475707411766052,
        0.20193743705749512,
        0.6170055270195007,
        0.5308253765106201,
        -0.47425830364227295,
        -0.04856715723872185,
        -0.4307629466056824,
        0.14780868589878082,
        -0.1661531776189804,
        -0.19685660302639008,
        0.30918067693710327,
        1.249187707901001,
        -0.5667133927345276,
        -0.07390725612640381,
        -0.29123878479003906,
        0.13812386989593506,
        0.6087968349456787,
        0.30074673891067505,
        0.41456353664398193,
        -1.0752036571502686,
        -0.5950391292572021,
        -0.28310462832450867,
        -0.4876510798931122,
        -0.1821850687265396,
        0.7553176283836365,
        0.6444216370582581,
        -0.4397309422492981,
        -0.5241209864616394,
        -0.20408882200717926,
        -0.15592598915100098,
        0.960111141204834,
        0.46403223276138306,
        0.5875515937805176,
        -0.27751976251602173,
        -0.19300159811973572,
        0.10397393256425858,
        -0.449922114610672,
        0.3217369318008423,
        0.4979718327522278,
        0.8457581996917725,
        -0.20968540012836456,
        -0.46777433156967163,
        -0.15414170920848846,
        0.022517459467053413,
        0.12647998332977295,
        0.24605107307434082,
        0.673107385635376,
        -0.39951756596565247,
        -0.49889087677001953,
        -0.5334568619728088,
        0.20339828729629517,
        0.7631785869598389,
        0.5158401131629944,
        0.053173553198575974
    ]
}