{
    "seed": 1000004,
    "theta": [
        -0.7142783403396606,
        -1.0111708641052246,
        0.458825945854187,
        -0.49381721019744873,
        -1.5173652172088623
    ],
    "x": [
        0.19452275335788727,
        -0.23989948630332947,
        -1.206771969795227,
        0.021387429907917976,
        -0.6354729533195496,
        -0.050994474440813065,
        -1.0265392065048218,
        -0.19258065521717072,
        -0.24913392961025238,
        -0.6059931516647339,
        -1.505893349647522,
        -0.42102643847465515,
        0.26009801030158997,
        0.21006006002426147,
        0.0012918786378577352,
        0.5913920998573303,
        2.7771198749542236,
        0.11175324022769928,
        0.4203055202960968,
        -0.25005456805229187,
        0.11681776493787766,
        -0.35743045806884766,
        0.757131814956665,
        -0.20948293805122375,
        -0.33941271901130676,
        -0.08257590234279633,
        0.19182664155960083,
        0.16030903160572052,
        0.0013992644380778074,
        0.5104523301124573,
        0.036084819585084915,
        -0.2583613991737366,
        -0.4822675883769989,
        -0.23253650963306427,
        0.04731295630335808,
        0.39569076895713806,
        0.9894012212753296,
        0.158048614859581,
        0.3289930522441864,
        0.13012219965457916,
        -0.5325427055358887,
        0.24323470890522003,
        0.4226324260234833,
        0.3939424455165863,
        0.6129499673843384,
        0.48449379205703735,
        0.7307890057563782,
        0.5658145546913147,
        0.18590934574604034,
        -0.5535500645637512,
        -0.35144320130348206,
        0.06550817936658859,
        -0.47718316316604614,
        0.2684895694255829,
        0.20072440803050995,
        0.8159942030906677,
        -0.45073264837265015,
        0.044131409376859665,
        0.3480548560619354,
        -0.6993432641029358,
        0.341849148273468,
        -7.465919494628906,
        0.41352012753486633,
        -0.7869331240653992,
        -0.4684211313724518,
        0.05473482236266136,
        0.4913996160030365,
        -0.041654497385025024,
        0.3535900115966797,
        0.4770275354385376,
        -0.47137388586997986,
        -0.17200429737567902,
        0.20001281797885895,
        0.33506160974502563,
        0.5000707507133484,
        -0.00473565049469471,
        0.470998078584671,
        -0.10153833776712418,
        -0.13891319930553436,
        -0.13675270974636078,
        8.440900802612305,
        -0.39033937454223633,
        0.8253233432769775,
        0.5669925808906555,
        -0.5690004825592041,
        -0.10904678702354431,
        -0.42146337032318115,
        -0.042705852538347244,
        -0.41054290533065796,
        0.35753896832466125,
        0.13580544292926788,
        -0.6836729645729065,
        -0.6445852518081665,
        -0.3807993531227112,
        0.347638338804245,
        0.11805901676416397,
        -0.17420434951782227,
        0.25642842054367065
    ]
}