{
    "seed": 1000000,
    "theta": [
        -0.5947135090827942,
        -0.9536556601524353,
        0.5603975057601929,
        -0.3085401654243469,
        -1.566201090812683
    ],
    "x": [
        -0.2824326157569885,
        -0.34441691637039185,
        -0.5631068348884583,
        -0.32243141531944275,
        -1.0268304347991943,
        -0.5450268983840942,
        -0.49264436960220337,
        -0.32376834750175476,
        -0.4025830924510956,
        0.10670380294322968,
        -0.19440899789333344,
        0.004856018349528313,
        0.7111048102378845,
        -0.024178529158234596,
        5.0350565910339355,
        0.35043027997016907,
        -0.31911948323249817,
        -0.6541411876678467,
        -0.9071334004402161,
        -0.25294408202171326,
        0.3145584464073181,
        0.367847204208374,
        -0.7072216868400574,
        0.388667494058609,
        -0.0434863343834877,
        0.25398948788642883,
        -0.16130508482456207,
        0.16413335502147675,
        0.20523960888385773,
        0.06209690123796463,
        -0.23422786593437195,
        0.24421267211437225,
        -0.1514086276292801,
        -0.39263689517974854,
        0.48066866397857666,
        0.32434210181236267,
        0.25179946422576904,
        0.7048301696777344,
        0.3647807538509369,
        0.09217846393585205,
        -0.0367095023393631,
        -0.24521391093730927,
        -0.13930027186870575,
        0.2701356112957001,
        0.9752116799354553,
        0.4544372260570526,
        0.4830746352672577,
        0.5026995539665222,
        -0.6198093891143799,
        0.0982670858502388,
        -0.2633015215396881,
        -0.13183742761611938,
        0.14826194941997528,
        0.1681681126356125,
        0.30856016278266907,
        0.6458174586296082,
        -1.1600757837295532,
        -0.3594764471054077,
        -7.671506881713867,
        -0.5194647908210754,
        0.08716559410095215,
        -0.05215518921613693,
        0.7162614464759827,
        -0.40034735202789307,
        -0.4357120990753174,
        -0.5490995645523071,
        0.48462146520614624,
        -0.0800815001130104,
        0.5841038227081299,
        0.877776563167572,
        -0.7381588220596313,
        -0.5589909553527832,
        -0.4317719638347626,
        0.1783573478460312,
        0.3107455372810364,
        0.8043522238731384,
        0.8368965983390808,
        -0.9952381253242493,
        -0.08914262056350708,
        -0.3742937445640564,
        -0.26493728160858154,
        0.02567906305193901,
        -0.09654244035482407,
        0.27411943674087524,
        -0.8268700838088989,
        -0.5135090351104736,
        -0.6239181756973267,
        -0.11443574726581573,
        0.35417640209198,
        -0.09830155968666077,
        1.1710339784622192,
        -0.4608740210533142,
        -0.7517701983451843,
        -0.3577740788459778,
        -0.12623542547225952,
        0.09749790281057358,
        -0.031816355884075165,
        0.11585655808448792
    ]
}