{
    "seed": 1000000,
    "theta": [
        1.0981096029281616,
        -0.3090885281562805,
        -1.2015503644943237,
        0.9031464457511902,
        -1.3572189807891846
    ],
    "x": [
        0.4107075035572052,
        0.550381064414978,
        1.0304580926895142,
        1.048888921737671,
        0.46492645144462585,
        0.8425107598304749,
        0.9506072402000427,
        -0.6378288269042969,
        -0.298840194940567,
        0.8774452805519104,
        0.8446290493011475,
        1.03650963306427,
        1.6799253225326538,
        1.0049786567687988,
        5.0350565910339355,
        0.7522020936012268,
        0.10936184227466583,
        0.01938529498875141,
        -0.3740582764148712,
        0.25220349431037903,
        0.7961459755897522,
        0.3871363699436188,
        -1.1690443754196167,
        0.2709435820579529,
        -0.037311941385269165,
        0.4051116406917572,
        -0.1835237294435501,
        0.21427804231643677,
        -0.32599538564682007,
        -0.4976571500301361,
        -0.8340998291969299,
        -0.27158114314079285,
        -0.6434490084648132,
        -0.8497856259346008,
        0.8352843523025513,
        -0.7085524797439575,
        -0.7524267435073853,
        -0.3683428466320038,
        -0.680493175983429,
        -0.9365279674530029,
        0.030096162110567093,
        -0.6118758916854858,
        -1.5739985704421997,
        -1.1649401187896729,
        -0.43196922540664673,
        -0.9847407937049866,
        -0.9561977386474609,
        -0.22023624181747437,
        -0.8908430337905884,
        0.872312605381012,
        0.36556532979011536,
        0.10242587327957153,
        0.12525548040866852,
        -0.19921419024467468,
        -0.39294761419296265,
        -0.21376223862171173,
        -0.09326756000518799,
        0.1958865225315094,
        -7.671506881713867,
        -0.39459228515625,
        -0.30492866039276123,
        -0.70961594581604,
        -0.18838422000408173,
        0.43271082639694214,
        0.304841548204422,
        -0.25080710649490356,
        0.3977295458316803,
        -0.4453469216823578,
        -0.09504389762878418,
        -0.06756841391324997,
        0.2026587426662445,
        0.09529568254947662,
        -0.03393030911684036,
        0.13863599300384521,
        -0.008367744274437428,
        0.036519188433885574,
        -0.0768759548664093,
        -0.07586631923913956,
        0.5821636319160461,
        0.04765009507536888,
        -0.1996823400259018,
        -0.32411929965019226,
        -0.7989823222160339,
        -0.6178253889083862,
        0.03186062350869179,
        0.23125888407230377,
        -0.24098731577396393,
        -0.09649962186813354,
        0.09247179329395294,
        -0.7340549826622009,
        0.20039516687393188,
        0.41743531823158264,
        -0.05867725610733032,
        0.024416204541921616,
        -0.07877540588378906,
        -0.2363942563533783,
        -0.4197120666503906,
        -0.6164447069168091
    ]
}