{
    "seed": 1000004,
    "theta": [
        0.9785448312759399,
        -0.3666037321090698,
        -1.3031219244003296,
        0.7178694009780884,
        -1.3083831071853638
    ],
    "x": [
        0.7443973422050476,
        0.5055254101753235,
        0.3486778140068054,
        1.3908125162124634,
        0.8202290534973145,
        1.2941282987594604,
        0.4242178499698639,
        -0.5718287229537964,
        0.18167760968208313,
        0.42750224471092224,
        -1.505893349647522,
        0.6820623278617859,
        1.2269625663757324,
        1.1951416730880737,
        0.50955730676651,
        1.0499600172042847,
        2.7771198749542236,
        0.5430901646614075,
        0.9986029267311096,
        0.2993523180484772,
        0.6840096712112427,
        -0.32018089294433594,
        0.7411491274833679,
        -0.37838464975357056,
        -0.3123946487903595,
        -0.04771232604980469,
        0.16074669361114502,
        0.14904789626598358,
        -0.45520544052124023,
        -0.05677768960595131,
        -0.5505161285400391,
        -0.7784339785575867,
        -0.9559919834136963,
        -0.6782543063163757,
        -0.46037301421165466,
        -0.70704185962677,
        -0.14044025540351868,
        -0.8478332757949829,
        -0.7816928625106812,
        -0.5365315675735474,
        -1.2786070108413696,
        1.0197187662124634,
        -0.955935001373291,
        -1.0115041732788086,
        -0.8476652503013611,
        -1.0362495183944702,
        -0.8392981290817261,
        -0.5277376770973206,
        -0.3174389600753784,
        0.15306328237056732,
        0.3299778699874878,
        0.15888486802577972,
        -0.451738178730011,
        -0.1497252881526947,
        -0.5474751591682434,
        -0.11104452610015869,
        0.22925600409507751,
        0.6476765275001526,
        0.8678122162818909,
        -0.6003896594047546,
        -0.031711746007204056,
        -7.465919494628906,
        -0.48310789465904236,
        0.240610271692276,
        0.29109987616539,
        0.4256007671356201,
        0.4214538037776947,
        -0.4063398838043213,
        -0.3858325481414795,
        -0.4558144211769104,
        0.45469507575035095,
        0.5418754816055298,
        0.6469968557357788,
        0.3104240894317627,
        -0.0036148116923868656,
        -0.7112165093421936,
        -0.40097934007644653,
        0.7961078882217407,
        0.5442606210708618,
        0.25859421491622925,
        8.440900802612305,
        -0.6950560212135315,
        0.033219337463378906,
        -0.3307989239692688,
        0.3522534966468811,
        0.5507482290267944,
        0.05274327099323273,
        0.03807554766535759,
        -0.6050998568534851,
        -0.17735211551189423,
        -0.7930912375450134,
        0.24665199220180511,
        0.15740492939949036,
        0.08767285197973251,
        0.37747013568878174,
        -0.006527617108076811,
        -0.899198591709137,
        -0.4382702708244324
    ]
}