{
    "seed": 1000009,
    "theta": [
        0.7579815983772278,
        -0.4397381842136383,
        -1.574519395828247,
        0.7679426074028015,
        -1.1510908603668213
    ],
    "x": [
        0.45456546545028687,
        0.4260798394680023,
        1.2515021562576294,
        1.5504014492034912,
        0.41709405183792114,
        1.2411754131317139,
        1.2305470705032349,
        -0.7138842344284058,
        -0.058010395616292953,
        0.8974153399467468,
        0.9459977149963379,
        0.9440999031066895,
        0.7093248963356018,
        0.6236416697502136,
        -1.9665826559066772,
        0.4501264691352844,
        0.47295626997947693,
        0.10748577862977982,
        -0.15469565987586975,
        -0.23667706549167633,
        0.4314008951187134,
        -0.348127156496048,
        0.194069042801857,
        -0.10420040786266327,
        -0.09934822469949722,
        0.017042815685272217,
        -0.09550771117210388,
        -0.11648562550544739,
        -0.2459769994020462,
        -0.4666634202003479,
        -0.7269251346588135,
        -0.17703934013843536,
        -0.7634700536727905,
        -0.2588593363761902,
        0.5816131234169006,
        -0.5508009195327759,
        -1.0324304103851318,
        -0.46828871965408325,
        -0.7407463192939758,
        0.0631769672036171,
        -0.5135615468025208,
        -0.2190466970205307,
        -1.11672043800354,
        -0.6582832932472229,
        -0.8494828343391418,
        -1.0589555501937866,
        -1.2311557531356812,
        -0.7534481287002563,
        -0.14966879785060883,
        0.3201413154602051,
        0.44655922055244446,
        0.061836350709199905,
        -0.21030569076538086,
        -0.21672149002552032,
        -0.4036986827850342,
        -0.4899837374687195,
        0.6987990736961365,
        0.430164635181427,
        0.5181410908699036,
        0.14610520005226135,
        -0.24075078964233398,
        -0.3103654086589813,
        -0.614493727684021,
        0.9542038440704346,
        0.48002833127975464,
        0.24126732349395752,
        -0.23612390458583832,
        -0.1523466855287552,
        -0.514553427696228,
        -1.101442575454712,
        0.43535515666007996,
        0.21668671071529388,
        0.6902381777763367,
        -0.015584982931613922,
        -0.249225914478302,
        -0.37290093302726746,
        -0.7050719857215881,
        0.5601752400398254,
        0.3509638011455536,
        0.2365492284297943,
        -0.026820890605449677,
        -0.6870269179344177,
        -0.2074684500694275,
        -0.5965715050697327,
        0.5721551775932312,
        0.5435481071472168,
        -0.3104100525379181,
        0.11212379485368729,
        -0.46265384554862976,
        -0.5379703640937805,
        -0.5819266438484192,
        0.4531938135623932,
        0.2575441598892212,
        0.28620171546936035,
        -0.3490620255470276,
        -0.20627430081367493,
        -0.7816024422645569,
        -0.6200427412986755
    ]
}