{
    "seed": 1000005,
    "theta": [
        0.6076040863990784,
        -0.17984741926193237,
        -1.146796703338623,
        0.9299067258834839,
        -1.202677845954895
    ],
    "x": [
        0.6296351552009583,
        0.824738085269928,
        0.7435907125473022,
        0.276093065738678,
        0.261137992143631,
        1.2350478172302246,
        0.9501364231109619,
        -0.9714450836181641,
        1.43993079662323,
        0.3065994679927826,
        0.3586834669113159,
        -0.16994382441043854,
        0.3866063058376312,
        0.6682005524635315,
        -1.6687209606170654,
        0.8800873160362244,
        -0.4540674388408661,
        0.8787408471107483,
        0.4409337341785431,
        0.6334820985794067,
        1.293669581413269,
        -0.40212830901145935,
        -0.458112895488739,
        -0.17917808890342712,
        0.34103938937187195,
        0.27892374992370605,
        0.049307260662317276,
        -0.294531911611557,
        0.06602874398231506,
        -0.027661992236971855,
        -0.1284249722957611,
        -1.0146863460540771,
        -0.28347814083099365,
        0.10263634473085403,
        0.4996796250343323,
        -9.360305786132812,
        -0.44414934515953064,
        -0.15760524570941925,
        -0.675746500492096,
        -0.6403300762176514,
        -0.16899842023849487,
        -0.4905879497528076,
        -0.7525365352630615,
        -0.5453088283538818,
        -0.6704254150390625,
        -0.5297693610191345,
        -0.7111483812332153,
        -0.6653408408164978,
        -0.008784163743257523,
        0.34228959679603577,
        0.2925527095794678,
        1.3542215824127197,
        -0.5007163882255554,
        -0.05195599049329758,
        -0.0610760860145092,
        -4.887210845947266,
        -0.01927504688501358,
        0.29566630721092224,
        0.09088563919067383,
        0.5630643963813782,
        -0.6175531148910522,
        -0.20374253392219543,
        -0.3467200994491577,
        0.21886545419692993,
        -0.19342496991157532,
        0.05251619592308998,
        0.33695125579833984,
        -0.18387362360954285,
        0.1235952377319336,
        -0.5828844904899597,
        0.26007577776908875,
        1.8693844079971313,
        -0.08098699152469635,
        -3.1587865352630615,
        0.06688124686479568,
        -0.2982138991355896,
        -0.11306484788656235,
        0.1864042729139328,
        0.5004031658172607,
        -0.004881181288510561,
        -0.7907634973526001,
        -0.4770231544971466,
        0.06662207096815109,
        -0.38216638565063477,
        0.16277357935905457,
        0.3884439170360565,
        0.3713260293006897,
        -0.07171805202960968,
        -0.09475239366292953,
        -0.1652616560459137,
        -0.2405553013086319,
        0.2094181627035141,
        0.17298945784568787,
        0.19289730489253998,
        0.31115034222602844,
        -0.7992545366287231,
        -0.10080153495073318,
        0.10905827581882477
    ]
}