{
    "seed": 1000002,
    "theta": [
        1.0724326372146606,
        -0.1534324586391449,
        -1.2249140739440918,
        0.5658433437347412,
        -1.521285057067871
    ],
    "x": [
        0.23331958055496216,
        0.34848475456237793,
        0.9367214441299438,
        0.8278605937957764,
        0.9436504244804382,
        1.0977762937545776,
        0.6721181273460388,
        -0.4705415368080139,
        0.9124715924263,
        0.6683411598205566,
        0.5056818723678589,
        0.5580446720123291,
        0.977453887462616,
        0.5745683312416077,
        0.03763803094625473,
        1.302794337272644,
        0.4867973327636719,
        0.08420801162719727,
        0.46536317467689514,
        0.41310855746269226,
        0.45737433433532715,
        -0.1802566796541214,
        -0.6055877208709717,
        -0.11296448111534119,
        -0.260029673576355,
        -0.0007198185194283724,
        0.5548039078712463,
        -0.2710307836532593,
        -0.0620441660284996,
        -0.7400679588317871,
        -0.17467592656612396,
        -0.3246089816093445,
        -0.7689607739448547,
        -0.39710989594459534,
        0.18247811496257782,
        -1.3326042890548706,
        -0.7391796112060547,
        -0.6744399070739746,
        -0.05527184531092644,
        -0.987915575504303,
        -0.6459949016571045,
        0.9152235388755798,
        -1.599672794342041,
        -0.4733997583389282,
        -0.8712450861930847,
        -0.5404927730560303,
        -0.8448244333267212,
        -0.10413272678852081,
        -0.1216735690832138,
        0.5198186039924622,
        0.8133870959281921,
        0.11788143217563629,
        0.1967698186635971,
        -0.24920040369033813,
        -0.32078269124031067,
        -0.6066110134124756,
        0.37985002994537354,
        0.41059666872024536,
        0.019396154209971428,
        -0.11675004661083221,
        0.42083150148391724,
        -0.6239257454872131,
        -0.5236190557479858,
        0.10529230535030365,
        -0.23452715575695038,
        0.15773846209049225,
        0.6559514403343201,
        -0.4972646236419678,
        -0.40763935446739197,
        0.11789536476135254,
        0.21353040635585785,
        0.6009206175804138,
        0.10120998322963715,
        0.019560489803552628,
        0.429147869348526,
        -0.34373047947883606,
        -0.23456646502017975,
        -0.06517598778009415,
        0.5161674618721008,
        -0.16289956867694855,
        -0.15420357882976532,
        -0.05719651281833649,
        -0.36884987354278564,
        -0.7419566512107849,
        0.6416915655136108,
        0.8837830424308777,
        -0.5124997496604919,
        -0.05377762392163277,
        -0.3326101303100586,
        -0.23713277280330658,
        -0.29718315601348877,
        0.26983246207237244,
        0.21603193879127502,
        -0.037361640483140945,
        -0.3248303532600403,
        0.3794524073600769,
        -0.5057189464569092,
        -0.5538966655731201
    ]
}