{
    "seed": 1000001,
    "theta": [
        0.8581379652023315,
        -0.26171019673347473,
        -1.328979253768921,
        0.5420522689819336,
        -0.7378418445587158
    ],
    "x": [
        0.5347599983215332,
        1.0366542339324951,
        0.7286039590835571,
        1.1682640314102173,
        1.0340367555618286,
        1.0527898073196411,
        1.0767028331756592,
        -0.6037660837173462,
        -0.08259265124797821,
        0.22993986308574677,
        0.13922584056854248,
        0.5496085286140442,
        1.024781584739685,
        0.7751929759979248,
        0.9675026535987854,
        0.4917656481266022,
        0.5897059440612793,
        0.8108499050140381,
        1.0388574600219727,
        -0.11775276064872742,
        -0.138037770986557,
        0.8138390779495239,
        0.04023996740579605,
        0.4731658697128296,
        0.5459915399551392,
        0.10729746520519257,
        -0.26213937997817993,
        -0.6530271768569946,
        -0.4647500216960907,
        -0.6847455501556396,
        -0.26669132709503174,
        -0.2560660243034363,
        0.0913701206445694,
        -9.685088157653809,
        -0.46608275175094604,
        -0.6737847328186035,
        -0.9341988563537598,
        -0.8615942597389221,
        -0.9518114924430847,
        -0.8726531863212585,
        -0.5240530967712402,
        0.4279624819755554,
        -1.578279733657837,
        -0.8493147492408752,
        -1.1514930725097656,
        -0.8767819404602051,
        -0.8564798831939697,
        -0.2818239629268646,
        0.055078279227018356,
        -0.015912633389234543,
        0.6130879521369934,
        0.14235463738441467,
        0.08801910281181335,
        -0.6493839621543884,
        -0.5882292985916138,
        -0.3798401653766632,
        0.48860886693000793,
        0.17286965250968933,
        0.6877069473266602,
        -0.27719441056251526,
        -0.21345941722393036,
        -0.5065315961837769,
        -0.5498151183128357,
        0.451812207698822,
        0.2971629500389099,
        -0.05836358666419983,
        -0.2758648097515106,
        -0.3151417374610901,
        -0.11716581135988235,
        -0.42058175802230835,
        0.6836069822311401,
        0.40468427538871765,
        0.0757189616560936,
        0.4969344437122345,
        -0.3354991376399994,
        -0.08016306161880493,
        -0.6113095283508301,
        -0.005514106247574091,
        0.7973167300224304,
        0.4071786403656006,
        0.24604226648807526,
        0.33958661556243896,
        -0.14104758203029633,
        -0.7572280764579773,
        0.4921829104423523,
        0.2678835690021515,
        0.14329753816127777,
        -0.1415175199508667,
        -0.6721540689468384,
        0.49405884742736816,
        -8.430216789245605,
        0.4733073115348816,
        0.4742005467414856,
        0.35325586795806885,
        0.07804003357887268,
        -0.1290993094444275,
        -0.32686275243759155,
        -0.34588536620140076
    ]
}