{
    "seed": 1000003,
    "theta": [
        0.921809732913971,
        -0.35566917061805725,
        -1.4081339836120605,
        0.5374783277511597,
        -1.1702903509140015
    ],
    "x": [
        0.1201954260468483,
        0.7054827809333801,
        1.0286272764205933,
        0.7293090224266052,
        1.638733983039856,
        0.6448532938957214,
        0.635385274887085,
        -0.7798075079917908,
        0.20772069692611694,
        0.9538103342056274,
        1.0114874839782715,
        0.9974877834320068,
        1.0819021463394165,
        1.0493781566619873,
        0.5696259140968323,
        0.8939557671546936,
        0.11471372097730637,
        -0.2504412829875946,
        0.7884721755981445,
        0.31093987822532654,
        0.47186726331710815,
        -0.17068593204021454,
        -0.31070956587791443,
        0.5300427079200745,
        -0.26652878522872925,
        0.10724116861820221,
        0.08375995606184006,
        -0.03921714797616005,
        -0.6507249474525452,
        0.14522770047187805,
        -0.43300849199295044,
        -0.8175899386405945,
        -0.49018123745918274,
        0.5467743873596191,
        -0.046594955027103424,
        -0.7357832789421082,
        -0.2792893648147583,
        -0.6368357539176941,
        -0.5361667275428772,
        0.07831177115440369,
        0.04984425753355026,
        0.12389906495809555,
        -0.9325430989265442,
        -0.9429186582565308,
        -0.5888388156890869,
        -1.2333760261535645,
        -1.0163341760635376,
        -0.2606267035007477,
        -0.595640242099762,
        0.944507896900177,
        0.2805618941783905,
        0.13480979204177856,
        -0.17859071493148804,
        -0.5898234844207764,
        -0.5244534611701965,
        0.17899425327777863,
        0.5253828167915344,
        0.5479357242584229,
        0.18118076026439667,
        0.07364773005247116,
        0.10237200558185577,
        -0.4276421368122101,
        -0.5820713043212891,
        0.12216372042894363,
        0.20260019600391388,
        0.17173327505588531,
        -0.35559728741645813,
        -0.6033682227134705,
        -0.05927686020731926,
        -0.34715959429740906,
        0.5153141617774963,
        0.24025240540504456,
        0.268349826335907,
        -0.18925826251506805,
        0.45124536752700806,
        -0.31759360432624817,
        -0.4052632451057434,
        0.6881153583526611,
        0.5423740744590759,
        0.5144915580749512,
        -0.38856691122055054,
        -0.03565148636698723,
        -0.2998720407485962,
        -0.17006516456604004,
        0.782244086265564,
        0.3363622725009918,
        0.2827453017234802,
        0.08004047721624374,
        -0.27756795287132263,
        -0.3754892647266388,
        -0.4206239879131317,
        0.6088691353797913,
        0.2939061224460602,
        -0.027151351794600487,
        0.1934765875339508,
        0.7631785869598389,
        -0.1779497265815735,
        -0.7408926486968994
    ]
}