{
    "seed": 1000005,
    "theta": [
        -0.6627084016799927,
        0.12103275209665298
    ],
    "x": [
        -0.06281322240829468,
        0.4892958700656891
    ]
}