{
    "seed": 1000010,
    "theta": [
        -0.24888840317726135,
        0.038968026638031006
    ],
    "x": [
        0.1239721029996872,
        0.11324451118707657
    ]
}