{
    "seed": 1000003,
    "theta": [
        -0.70625239610672,
        0.12244747579097748
    ],
    "x": [
        -0.10419625043869019,
        0.6434617638587952
    ]
}