{
    "seed": 1000000,
    "theta": [
        -0.7864601612091064,
        0.09919475018978119
    ],
    "x": [
        -0.23325809836387634,
        0.7245965003967285
    ]
}