{
    "seed": 1000002,
    "theta": [
        -0.4301193654537201,
        0.07285460084676743
    ],
    "x": [
        0.03915238380432129,
        0.45372697710990906
    ]
}