{
    "seed": 1000001,
    "theta": [
        -0.6003064513206482,
        -0.056825943291187286
    ],
    "x": [
        -0.20859265327453613,
        0.4673859775066376
    ]
}