{
    "seed": 1000004,
    "theta": [
        -0.37046360969543457,
        0.24494996666908264
    ],
    "x": [
        0.16771192848682404,
        0.3262450098991394
    ]
}