{
    "seed": 1000010,
    "theta": [
        0.5785295367240906,
        0.3642332851886749,
        0.3808874487876892,
        0.33662930130958557
    ],
    "x": [
        0.8542659878730774,
        0.8459815979003906,
        0.8509159088134766,
        0.7227980494499207,
        0.7510764002799988,
        0.8586222529411316,
        0.6874102354049683,
        0.7222986817359924,
        0.6709240078926086,
        0.7391587495803833,
        0.667053759098053,
        0.577289342880249,
        0.6466605067253113,
        0.604455292224884,
        0.4756188690662384,
        0.583292543888092,
        0.4181920289993286,
        0.5342796444892883,
        0.535681426525116,
        0.4191169738769531,
        0.4026191830635071,
        0.5281980037689209,
        0.3328542113304138,
        0.40343475341796875,
        0.4601936340332031,
        0.3922617733478546,
        0.4183572232723236,
        0.48456764221191406,
        0.29808729887008667,
        0.4733273684978485,
        0.38018620014190674,
        0.4353576600551605,
        0.5090115666389465,
        0.41666895151138306,
        0.3945917785167694,
        0.4593334197998047,
        0.42011529207229614,
        0.459771990776062,
        0.47257742285728455,
        0.37971052527427673,
        0.18281759321689606,
        0.27426427602767944,
        0.536163330078125,
        0.4492473602294922,
        0.48900172114372253,
        0.43939146399497986,
        0.478631854057312,
        0.506145715713501,
        0.35294392704963684,
        0.33470457792282104,
        0.35065218806266785,
        0.3746351897716522,
        0.42416825890541077,
        0.40009739995002747,
        0.4542870819568634,
        0.3339219391345978,
        0.4234250485897064,
        0.4723855257034302,
        0.4126429259777069,
        0.4656843841075897,
        0.43132132291793823,
        0.4596051573753357,
        0.44832026958465576,
        0.3752274811267853,
        0.4451562166213989,
        0.5683774352073669,
        0.30166271328926086,
        0.507360577583313,
        0.45618897676467896,
        0.36566364765167236,
        0.4328053891658783,
        0.42467358708381653,
        0.2628214657306671,
        0.4884501099586487,
        0.5213128328323364,
        0.45439961552619934,
        0.3806484341621399,
        0.2811088562011719,
        0.4927627444267273,
        0.507311224937439,
        0.3038734495639801,
        0.4662858247756958,
        0.4083549380302429,
        0.2412617951631546,
        0.47025349736213684,
        0.5660117864608765,
        0.4722067415714264,
        0.3517649471759796,
        0.3482869565486908,
        0.39988821744918823,
        0.4912864565849304,
        0.534103274345398,
        0.5103694796562195,
        0.45905762910842896,
        0.5019163489341736,
        0.5269574522972107,
        0.4855150878429413,
        0.5868846774101257,
        0.5628570318222046,
        0.5922710299491882,
        0.6975382566452026
    ]
}