{
    "seed": 1000005,
    "theta": [
        0.4939155578613281,
        0.587419867515564,
        0.6920012831687927,
        0.3804433345794678
    ],
    "x": [
        0.9088224768638611,
        1.0052580833435059,
        0.7776241302490234,
        0.7669051885604858,
        0.8230372071266174,
        0.8976786136627197,
        0.7924358248710632,
        0.8456659913063049,
        0.7864305973052979,
        0.793871283531189,
        0.780401885509491,
        0.6749871373176575,
        0.7154362797737122,
        0.5680928826332092,
        0.49247971177101135,
        0.500031054019928,
        0.45284906029701233,
        0.5992757081985474,
        0.5337271094322205,
        0.6453786492347717,
        0.48490411043167114,
        0.47479501366615295,
        0.5131533145904541,
        0.6154929995536804,
        0.5498341917991638,
        0.3580843508243561,
        0.48377761244773865,
        0.493277370929718,
        0.47929152846336365,
        0.3317616879940033,
        0.4978749454021454,
        0.49231961369514465,
        0.45303013920783997,
        0.3589734435081482,
        0.4372291564941406,
        0.4276556670665741,
        0.5052102208137512,
        0.38619816303253174,
        0.4174309968948364,
        0.36456528306007385,
        0.4892211854457855,
        0.34965184330940247,
        0.4859614074230194,
        0.32234522700309753,
        0.4841293394565582,
        0.3248050808906555,
        0.43740323185920715,
        0.39565327763557434,
        0.2583082914352417,
        0.49190011620521545,
        0.3879300355911255,
        0.3587150573730469,
        0.21286582946777344,
        0.3101182281970978,
        0.4847855865955353,
        0.415627658367157,
        0.3855336606502533,
        0.32667237520217896,
        0.4544784426689148,
        0.3936523497104645,
        0.42874157428741455,
        0.4398282468318939,
        0.3996351957321167,
        0.30724385380744934,
        0.14797872304916382,
        0.2404688447713852,
        0.34591954946517944,
        0.46591541171073914,
        0.5075457096099854,
        0.5099456906318665,
        0.31825777888298035,
        0.44742101430892944,
        0.43850579857826233,
        0.5248857140541077,
        0.32772547006607056,
        0.47461065649986267,
        0.2864237427711487,
        0.2827565371990204,
        0.3840537965297699,
        0.46635767817497253,
        0.21490859985351562,
        0.4053845703601837,
        0.39062270522117615,
        0.4762830138206482,
        0.3379179537296295,
        0.4956369996070862,
        0.23963496088981628,
        0.5003880858421326,
        0.5620834231376648,
        0.5510744452476501,
        0.4862232208251953,
        0.3355731964111328,
        0.5094833374023438,
        0.5025924444198608,
        0.5357266664505005,
        0.322494775056839,
        0.5261038541793823,
        0.45416006445884705,
        0.5383346676826477,
        0.6076441407203674,
        0.6757535338401794
    ]
}