{
    "seed": 1000003,
    "theta": [
        0.44798731803894043,
        0.3045178949832916,
        0.6560359597206116,
        0.6545042395591736
    ],
    "x": [
        0.8518168330192566,
        0.8758611083030701,
        0.9822385311126709,
        0.8160744905471802,
        0.7674991488456726,
        0.7750170230865479,
        0.6916675567626953,
        0.7229889035224915,
        0.5784421563148499,
        0.6928161382675171,
        0.5612984895706177,
        0.5515279173851013,
        0.4305706024169922,
        0.41857174038887024,
        0.3688164949417114,
        0.35971781611442566,
        0.4810904264450073,
        0.46882399916648865,
        0.32569363713264465,
        0.42822837829589844,
        0.4375344514846802,
        0.4321676790714264,
        0.4399019777774811,
        0.4516288638114929,
        0.37720680236816406,
        0.18341165781021118,
        0.43992817401885986,
        0.43427735567092896,
        0.48199906945228577,
        0.4728226959705353,
        0.39169007539749146,
        0.5348712801933289,
        0.37070465087890625,
        0.5319185853004456,
        0.4455713927745819,
        0.34011638164520264,
        0.45491039752960205,
        0.4519142210483551,
        0.3929852843284607,
        0.3709550201892853,
        0.4900062680244446,
        0.3804679811000824,
        0.46972543001174927,
        0.5181381106376648,
        0.4323716461658478,
        0.2971930205821991,
        0.4078359007835388,
        0.41724255681037903,
        0.5384300351142883,
        0.4896584749221802,
        0.4139963686466217,
        0.4821292757987976,
        0.41947275400161743,
        0.40878167748451233,
        0.4083503782749176,
        0.26056087017059326,
        0.4750254452228546,
        0.39231759309768677,
        0.41150081157684326,
        0.38028156757354736,
        0.43078625202178955,
        0.4971730411052704,
        0.4377085268497467,
        0.37651875615119934,
        0.29600030183792114,
        0.44386494159698486,
        0.3779018521308899,
        0.4205980896949768,
        0.4352430999279022,
        0.5188379883766174,
        0.5359657406806946,
        0.5338199734687805,
        0.5434242486953735,
        0.5552623867988586,
        0.576370120048523,
        0.45072314143180847,
        0.5326628088951111,
        0.33032289147377014,
        0.5321034789085388,
        0.48714637756347656,
        0.40150338411331177,
        0.3398914337158203,
        0.40806883573532104,
        0.3655986785888672,
        0.5133140683174133,
        0.13403727114200592,
        0.40490368008613586,
        0.4892808198928833,
        0.35653573274612427,
        0.5113259553909302,
        0.45203158259391785,
        0.41302478313446045,
        0.5209444761276245,
        0.5099517703056335,
        0.34636256098747253,
        0.5007368922233582,
        0.5754340887069702,
        0.31411170959472656,
        0.206855908036232,
        0.47655460238456726,
        0.5987037420272827
    ]
}