{
    "seed": 1000012,
    "theta": [
        0.44894957542419434,
        0.6417818069458008,
        0.28018224239349365,
        0.5055350661277771
    ],
    "x": [
        0.8231953978538513,
        0.8074719905853271,
        0.9406786561012268,
        0.9481757879257202,
        0.8945292234420776,
        0.7135798335075378,
        0.6617506742477417,
        0.7146630883216858,
        0.7730565667152405,
        0.7790481448173523,
        0.6792824864387512,
        0.5794601440429688,
        0.5360453128814697,
        0.6654172539710999,
        0.383596807718277,
        0.6854357123374939,
        0.42881888151168823,
        0.5617316961288452,
        0.6096006035804749,
        0.4003206789493561,
        0.33059972524642944,
        0.5831278562545776,
        0.5589357018470764,
        0.5620813965797424,
        0.4724583923816681,
        0.5017481446266174,
        0.4725692868232727,
        0.3876737058162689,
        0.49887073040008545,
        0.4947027862071991,
        0.4330310821533203,
        0.46768951416015625,
        0.40727755427360535,
        0.4595170319080353,
        0.4240187406539917,
        0.5206857323646545,
        0.331442266702652,
        0.5085002779960632,
        0.5277113318443298,
        0.32901790738105774,
        0.3630427122116089,
        0.38425445556640625,
        0.4936976134777069,
        0.5438371300697327,
        0.3655743896961212,
        0.4504041075706482,
        0.3663185238838196,
        0.42910537123680115,
        0.510452151298523,
        0.4575706422328949,
        0.40130919218063354,
        0.4805870056152344,
        0.4971712827682495,
        0.39654871821403503,
        0.4468851685523987,
        0.5097137689590454,
        0.47509485483169556,
        0.4743499755859375,
        0.573874294757843,
        0.5195929408073425,
        0.37524476647377014,
        0.32994893193244934,
        0.4042331576347351,
        0.4783582091331482,
        0.43510156869888306,
        0.2845943570137024,
        0.47988778352737427,
        0.4430769681930542,
        0.36894237995147705,
        0.5228917598724365,
        0.4453140199184418,
        0.4907403290271759,
        0.31814703345298767,
        0.35760942101478577,
        0.5068654417991638,
        0.5006126165390015,
        0.3723735809326172,
        0.33321520686149597,
        0.39088311791419983,
        0.5075613856315613,
        0.47025108337402344,
        0.4558729827404022,
        0.4301444888114929,
        0.5347965359687805,
        0.19579264521598816,
        0.35760942101478577,
        0.3646835386753082,
        0.4901847839355469,
        0.533997118473053,
        0.5300048589706421,
        0.3875676393508911,
        0.4527745544910431,
        0.2643751800060272,
        0.5872113704681396,
        0.486923485994339,
        0.5348213315010071,
        0.5159358978271484,
        0.4594925045967102,
        0.5549412965774536,
        0.544464647769928,
        0.6078649163246155
    ]
}