{
    "seed": 1000008,
    "theta": [
        0.4820648431777954,
        0.5344590544700623,
        0.48143553733825684,
        0.5386688709259033
    ],
    "x": [
        0.8445597290992737,
        0.9819958806037903,
        0.9285012483596802,
        0.3460126221179962,
        0.6725934147834778,
        0.7316811680793762,
        0.8576031923294067,
        0.669937252998352,
        0.641503632068634,
        0.5063639283180237,
        0.7321406006813049,
        0.48158493638038635,
        0.4340742826461792,
        0.49492135643959045,
        0.5255905389785767,
        0.5625389218330383,
        0.47855326533317566,
        0.5943837761878967,
        0.5870887637138367,
        0.49801433086395264,
        0.445296972990036,
        0.5195375084877014,
        0.5566139221191406,
        0.4219563901424408,
        0.6045491695404053,
        0.39881056547164917,
        0.4708797335624695,
        0.38283857703208923,
        0.5547192692756653,
        0.29883435368537903,
        0.370208740234375,
        0.2818487882614136,
        0.31414440274238586,
        0.4572245180606842,
        0.4830282926559448,
        0.49223074316978455,
        0.5790778994560242,
        0.4108528196811676,
        0.4173661470413208,
        0.4413738250732422,
        0.26935678720474243,
        0.4652639925479889,
        0.47185248136520386,
        0.443313866853714,
        0.04128977283835411,
        0.5490975975990295,
        0.37749239802360535,
        0.3081399202346802,
        0.42073047161102295,
        0.4823755919933319,
        0.4539187252521515,
        0.5409418940544128,
        0.32962366938591003,
        0.27489739656448364,
        0.5041648745536804,
        0.5127286314964294,
        0.43298542499542236,
        0.45789310336112976,
        0.5030466914176941,
        0.39275768399238586,
        0.49029362201690674,
        0.4194636046886444,
        0.3176630735397339,
        0.48019662499427795,
        0.5288904905319214,
        0.410986065864563,
        0.4889095425605774,
        0.3830692172050476,
        0.5167954564094543,
        0.44170838594436646,
        0.48653170466423035,
        0.45971426367759705,
        0.3060663938522339,
        0.4310990571975708,
        0.5111976861953735,
        0.441231906414032,
        0.24198812246322632,
        0.23205171525478363,
        0.548572301864624,
        0.32975146174430847,
        0.44315311312675476,
        0.39604365825653076,
        0.5114886164665222,
        0.43657252192497253,
        0.49680861830711365,
        0.48931682109832764,
        0.34420472383499146,
        0.49458515644073486,
        0.3366951048374176,
        0.3620773255825043,
        0.4172910153865814,
        0.4534769654273987,
        0.46714121103286743,
        0.5262522101402283,
        0.5254417657852173,
        0.5055255889892578,
        0.4242159426212311,
        0.4221871793270111,
        0.5791150331497192,
        0.4049854278564453,
        0.6327210664749146
    ]
}