{
    "seed": 1000000,
    "theta": [
        0.4751402735710144,
        0.34285682439804077,
        0.5007086992263794,
        0.5469425320625305
    ],
    "x": [
        0.6871644258499146,
        1.0398163795471191,
        0.6388750672340393,
        0.7971178889274597,
        0.7517927885055542,
        0.812811017036438,
        0.6123963594436646,
        0.6286334991455078,
        0.7449719905853271,
        0.5887868404388428,
        0.6660260558128357,
        0.5461959838867188,
        0.5983295440673828,
        0.5247915983200073,
        0.5566312074661255,
        0.4585723876953125,
        0.5376991033554077,
        0.38897043466567993,
        0.4625207185745239,
        0.4913344085216522,
        0.5169615149497986,
        0.3882558047771454,
        0.4609115719795227,
        0.5116701722145081,
        0.3342491090297699,
        0.4401746094226837,
        0.3986879885196686,
        0.4498904049396515,
        0.44796550273895264,
        0.2758010923862457,
        0.5365644097328186,
        0.49205881357192993,
        0.21939481794834137,
        0.544571042060852,
        0.29510053992271423,
        0.3276720643043518,
        0.5638831853866577,
        0.2638055086135864,
        0.4031267762184143,
        0.25406378507614136,
        0.43424975872039795,
        0.5422335267066956,
        0.49197375774383545,
        0.40580445528030396,
        0.47302117943763733,
        0.4767494201660156,
        0.5343227386474609,
        0.46638426184654236,
        0.5014930963516235,
        0.3969123959541321,
        0.3432534635066986,
        0.492694228887558,
        0.49659717082977295,
        0.44151192903518677,
        0.4361170530319214,
        0.5110449194908142,
        0.409079372882843,
        0.32196947932243347,
        0.49011725187301636,
        0.3833358883857727,
        0.3155745267868042,
        0.5534895658493042,
        0.37185847759246826,
        0.404443621635437,
        0.5306313633918762,
        0.3587111234664917,
        0.45568135380744934,
        0.5226821899414062,
        0.525116503238678,
        0.45583075284957886,
        0.45108234882354736,
        0.1566980928182602,
        0.4984631836414337,
        0.31791484355926514,
        0.37958016991615295,
        0.2253546416759491,
        0.45371246337890625,
        0.3703107237815857,
        0.40290018916130066,
        0.4632621705532074,
        0.4012724459171295,
        0.5572926998138428,
        0.3486042022705078,
        0.5899392366409302,
        0.44446104764938354,
        0.3639834225177765,
        0.5671164393424988,
        0.5052158236503601,
        0.562127411365509,
        0.5165322422981262,
        0.3220939636230469,
        0.5577237606048584,
        0.3222394287586212,
        0.5059483647346497,
        0.38352102041244507,
        0.45043766498565674,
        0.39289727807044983,
        0.1770734190940857,
        0.5098729729652405,
        0.48130786418914795,
        0.5558082461357117
    ]
}