{
    "seed": 1000009,
    "theta": [
        0.38362812995910645,
        0.566163957118988,
        0.49118468165397644,
        0.5014676451683044
    ],
    "x": [
        0.9004433751106262,
        0.7932814359664917,
        0.592187762260437,
        0.9125241637229919,
        0.5409404635429382,
        0.8370844721794128,
        0.7952318787574768,
        0.794116735458374,
        0.7341138124465942,
        0.7901776432991028,
        0.7909964323043823,
        0.7087039947509766,
        0.6863135099411011,
        0.5279342532157898,
        0.5863014459609985,
        0.6652507781982422,
        0.592397153377533,
        0.41824671626091003,
        0.6177034974098206,
        0.6400092840194702,
        0.38395994901657104,
        0.6091391444206238,
        0.5304304957389832,
        0.5543226599693298,
        0.5120798945426941,
        0.3418484926223755,
        0.14916127920150757,
        0.4856114685535431,
        0.30960527062416077,
        0.46963995695114136,
        0.38996684551239014,
        0.5156952142715454,
        0.46190744638442993,
        0.4424934387207031,
        0.45157483220100403,
        0.5327107906341553,
        0.48531442880630493,
        0.5188347101211548,
        0.5144312381744385,
        0.46008312702178955,
        0.4909738004207611,
        0.5305132269859314,
        0.437881201505661,
        0.429373562335968,
        0.4189153015613556,
        0.22711117565631866,
        0.4475257992744446,
        0.44095879793167114,
        0.5492264032363892,
        0.30213242769241333,
        0.5470761656761169,
        0.5257301330566406,
        0.2633037567138672,
        0.2917647063732147,
        0.39027202129364014,
        0.5149713158607483,
        0.5473319888114929,
        0.38906365633010864,
        0.5190436244010925,
        0.407156765460968,
        0.344293475151062,
        0.42760518193244934,
        0.554101288318634,
        0.49909719824790955,
        0.5182940363883972,
        0.5089347958564758,
        0.4036520719528198,
        0.5547428131103516,
        0.46337559819221497,
        0.4758613705635071,
        0.4716690182685852,
        0.5422908663749695,
        0.46129149198532104,
        0.5193483829498291,
        0.3893371522426605,
        0.31286391615867615,
        0.5755287408828735,
        0.4597422182559967,
        0.4691787660121918,
        0.43457525968551636,
        0.4353996217250824,
        0.48919016122817993,
        0.48474782705307007,
        0.48733291029930115,
        0.32715174555778503,
        0.5000354647636414,
        0.4902486205101013,
        0.5120503902435303,
        0.4703095853328705,
        0.46115341782569885,
        0.5882062315940857,
        0.5711320042610168,
        0.5496045351028442,
        0.5136632323265076,
        0.5242233276367188,
        0.6047729253768921,
        0.5984303951263428,
        0.6148806214332581,
        0.645313024520874,
        0.6762312650680542,
        0.7591394782066345
    ]
}