{
    "seed": 1000004,
    "theta": [
        0.6480936408042908,
        0.7389910221099854,
        0.6288882493972778,
        0.5566518902778625
    ],
    "x": [
        0.8826388120651245,
        0.9933786988258362,
        1.0259243249893188,
        0.9599544405937195,
        0.9257675409317017,
        0.8594927191734314,
        0.8379421234130859,
        0.8677617311477661,
        0.835559070110321,
        0.7794232964515686,
        0.7594612240791321,
        0.8252819180488586,
        0.6387143731117249,
        0.7694504857063293,
        0.19480158388614655,
        0.6244576573371887,
        0.770941436290741,
        0.6717365384101868,
        0.7003026604652405,
        0.6188707947731018,
        0.4506758451461792,
        0.5276158452033997,
        0.589640200138092,
        0.5312015414237976,
        0.45487263798713684,
        0.5394031405448914,
        0.6586263179779053,
        0.5494739413261414,
        0.5648247003555298,
        0.5234571099281311,
        0.498343288898468,
        0.599753201007843,
        0.27662479877471924,
        0.39145582914352417,
        0.5492350459098816,
        0.5354467034339905,
        0.5162094235420227,
        0.5271604061126709,
        0.47321459650993347,
        0.3130139708518982,
        0.5022313594818115,
        0.5878950953483582,
        0.44094163179397583,
        0.507242739200592,
        0.527758777141571,
        0.49571558833122253,
        0.5179802179336548,
        0.4810839295387268,
        0.4787787199020386,
        0.4565507173538208,
        0.3127388060092926,
        0.49134764075279236,
        0.3411107361316681,
        0.5267870426177979,
        0.3510393798351288,
        0.5020318627357483,
        0.6224400997161865,
        0.5873915553092957,
        0.4766487181186676,
        0.5378516912460327,
        0.41124993562698364,
        0.4791754484176636,
        0.2885335385799408,
        0.5470796227455139,
        0.5338363647460938,
        0.47408217191696167,
        0.37219351530075073,
        0.2525620758533478,
        0.47970402240753174,
        0.5019239783287048,
        0.37496668100357056,
        0.5472386479377747,
        0.5920290350914001,
        0.48472875356674194,
        0.5994369387626648,
        0.4140971004962921,
        0.5683874487876892,
        0.4303242862224579,
        0.5065416693687439,
        0.5289680361747742,
        0.5447427034378052,
        0.5741596221923828,
        0.5867070555686951,
        0.5595798492431641,
        0.44185560941696167,
        0.4257204830646515,
        0.6087444424629211,
        0.533220648765564,
        0.6067548394203186,
        0.6607065796852112,
        0.5781874060630798,
        0.6156780123710632,
        0.5583444237709045,
        0.6101740598678589,
        0.6169054508209229,
        0.6864381432533264,
        0.6396749019622803,
        0.6966144442558289,
        0.7180132269859314,
        0.7612214684486389,
        0.8035662174224854
    ]
}