{
    "seed": 1000002,
    "theta": [
        0.6878865361213684,
        0.5503937005996704,
        0.36886948347091675,
        -0.26179182529449463,
        -0.7062432169914246
    ],
    "x": [
        -0.08910848200321198,
        -0.32658544182777405,
        -0.25405994057655334,
        -0.46426814794540405,
        -0.25899386405944824,
        -0.01123142708092928,
        -0.7175450325012207,
        -0.09952174872159958,
        0.4863649606704712,
        -0.04522006958723068,
        -0.2958684265613556,
        -0.32701432704925537,
        0.13504645228385925,
        -0.2658153176307678,
        -0.24113379418849945,
        1.1930423974990845,
        0.07790498435497284,
        -0.5275224447250366,
        0.1273384988307953,
        -0.009731684811413288,
        0.009984892792999744,
        -0.31986624002456665,
        -0.772322416305542,
        -0.3737575113773346,
        -0.4049801528453827,
        0.07406771928071976,
        0.7793976068496704,
        -0.42555540800094604,
        0.5743240118026733,
        -0.6129993200302124,
        0.34356749057769775,
        0.04554252326488495,
        -0.46254169940948486,
        -0.1269800066947937,
        0.43478459119796753,
        -0.7769989371299744,
        0.16157518327236176,
        0.09966213256120682,
        1.166170597076416,
        -0.5297346115112305,
        -0.21092750132083893,
        0.8918308615684509,
        -0.8380881547927856,
        1.0195552110671997,
        0.22945913672447205,
        0.872707724571228,
        -0.101814404129982,
        0.6757659912109375,
        0.34847205877304077,
        0.06081491336226463,
        0.6372492909431458,
        0.09413207322359085,
        0.19570022821426392,
        -0.05094286799430847,
        0.16816750168800354,
        0.07960426062345505,
        0.02253742888569832,
        0.030216176062822342,
        -0.4431625008583069,
        -0.29259568452835083,
        0.9497949481010437,
        -0.35209524631500244,
        0.17318765819072723,
        -0.6348995566368103,
        -1.0513801574707031,
        -0.10815402865409851,
        0.9171062111854553,
        -0.38417673110961914,
        0.02999124862253666,
        1.0553122758865356,
        -0.6496450901031494,
        0.24081096053123474,
        -0.11741787940263748,
        -0.05561816319823265,
        0.7904863953590393,
        0.1683749109506607,
        0.5330291390419006,
        -1.1002038717269897,
        0.07206570357084274,
        -0.5838423371315002,
        -0.06045296788215637,
        0.37675055861473083,
        -0.1255912333726883,
        -0.2313721626996994,
        -0.0024914040695875883,
        0.6766469478607178,
        -1.2528990507125854,
        0.12520955502986908,
        -0.053680554032325745,
        0.26499736309051514,
        0.19646354019641876,
        -0.5233588814735413,
        -0.3981350064277649,
        -0.3464329242706299,
        -0.2917461395263672,
        0.94500732421875,
        -0.338186115026474,
        -0.1481318175792694
    ]
}