{
    "seed": 1000001,
    "theta": [
        0.15214988589286804,
        0.2796993553638458,
        0.108706533908844,
        -0.3212693929672241,
        1.2523645162582397
    ],
    "x": [
        -0.00023867249547038227,
        0.4240786135196686,
        -0.10585471987724304,
        0.24137909710407257,
        -0.15281060338020325,
        -0.11242793500423431,
        -0.025308681651949883,
        -0.9249113202095032,
        -0.4723851680755615,
        -0.33587390184402466,
        -0.9063189625740051,
        -0.2653997540473938,
        0.28182342648506165,
        -0.018661510199308395,
        0.7308376431465149,
        -0.045527178794145584,
        0.07318821549415588,
        0.6918216943740845,
        0.9355146288871765,
        -0.728923499584198,
        -0.8472423553466797,
        1.0564707517623901,
        0.0560598224401474,
        0.38413017988204956,
        0.7924851775169373,
        0.36969277262687683,
        -0.2887517213821411,
        -0.8808954954147339,
        -0.12441334873437881,
        -0.27709701657295227,
        0.15222163498401642,
        0.059771828353405,
        0.4148693382740021,
        -9.685088157653809,
        -0.12832674384117126,
        0.1625155508518219,
        -0.1655406504869461,
        -0.04321320727467537,
        -0.4392417073249817,
        -0.1745380312204361,
        -0.1432305872440338,
        0.0215618833899498,
        -0.6352503299713135,
        0.29373544454574585,
        -0.17539243400096893,
        0.2573021650314331,
        0.25007668137550354,
        0.38283228874206543,
        0.5772060751914978,
        -0.4660872519016266,
        0.031448543071746826,
        0.2816479802131653,
        0.10321611166000366,
        -0.5803351402282715,
        -0.2788395583629608,
        0.30095359683036804,
        -0.1176551952958107,
        -0.25535812973976135,
        0.5159604549407959,
        -0.7056191563606262,
        0.04431566596031189,
        -0.07791493833065033,
        0.07131173461675644,
        -0.3511239290237427,
        -0.05684400349855423,
        -0.26322606205940247,
        -0.5202909111976624,
        -0.11285346746444702,
        0.3958374857902527,
        0.21092261373996735,
        0.09169133007526398,
        -0.03776523098349571,
        -0.0387335903942585,
        0.6834496855735779,
        -0.3970092833042145,
        0.5272196531295776,
        0.05730138719081879,
        -0.8278316855430603,
        0.5446522831916809,
        0.2509107291698456,
        0.6760429739952087,
        0.5336295962333679,
        0.13254188001155853,
        -0.23150105774402618,
        -0.1728406399488449,
        -0.34782686829566956,
        -0.2117878645658493,
        -0.05894548073410988,
        -0.27183398604393005,
        0.9153693318367004,
        -8.430216789245605,
        -0.14162197709083557,
        -0.0066519672982394695,
        0.07081270962953568,
        0.16910596191883087,
        0.47260111570358276,
        0.3624294698238373,
        0.11796985566616058
    ]
}