{
    "seed": 1000009,
    "theta": [
        -0.098240926861763,
        -0.16537058353424072,
        -0.5051438808441162,
        0.2434564232826233,
        0.2192421555519104
    ],
    "x": [
        -0.03231726586818695,
        -0.19100414216518402,
        0.20215848088264465,
        0.6943857669830322,
        -0.8965737223625183,
        0.17353051900863647,
        0.21920575201511383,
        -0.8326324820518494,
        -0.5056292414665222,
        0.4034019410610199,
        0.2863319516181946,
        0.18798820674419403,
        -0.1551865041255951,
        -0.22744998335838318,
        -1.5817214250564575,
        0.274886816740036,
        0.037208810448646545,
        -0.34971848130226135,
        -0.7525282502174377,
        -0.8862273693084717,
        -0.11210174113512039,
        -0.45248425006866455,
        0.29889577627182007,
        -0.2531431019306183,
        -0.08131177723407745,
        0.17675644159317017,
        -0.12481384724378586,
        -0.15819931030273438,
        0.25388938188552856,
        -0.14623621106147766,
        -0.37275761365890503,
        0.11509068310260773,
        -0.35194161534309387,
        -0.16417647898197174,
        0.2611940801143646,
        0.36020147800445557,
        -0.35682156682014465,
        0.403704434633255,
        -0.1724316030740738,
        0.6899051070213318,
        -0.06292671710252762,
        -0.4947207272052765,
        0.027055710554122925,
        0.5956745147705078,
        0.32261723279953003,
        0.11885800957679749,
        -0.5845051407814026,
        -0.23405836522579193,
        0.38056308031082153,
        -0.16631893813610077,
        -0.1841755360364914,
        0.27805647253990173,
        -0.28886061906814575,
        0.08569541573524475,
        0.11666377633810043,
        0.20113566517829895,
        0.15607616305351257,
        0.0375690683722496,
        0.05773404240608215,
        0.1677217036485672,
        0.018304571509361267,
        0.17224504053592682,
        -0.01277248840779066,
        0.4606398046016693,
        0.28291070461273193,
        0.00630783848464489,
        -0.5037311911582947,
        0.0820414274930954,
        -0.03424571827054024,
        -0.6438218355178833,
        -0.26250460743904114,
        -0.291195809841156,
        0.6635048389434814,
        0.029172739014029503,
        -0.0030722974333912134,
        0.1450529545545578,
        -0.09964612126350403,
        -0.05364379286766052,
        -0.1556207835674286,
        -0.09420166909694672,
        0.1665942668914795,
        -0.48045769333839417,
        0.03276446834206581,
        0.03373584896326065,
        -0.026825672015547752,
        0.16903150081634521,
        -0.7871431112289429,
        0.08101732283830643,
        -0.016837382689118385,
        -0.21258994936943054,
        0.016439883038401604,
        -0.21464234590530396,
        -0.3238157331943512,
        0.03849543631076813,
        -0.41862526535987854,
        0.2788136601448059,
        -0.1817024052143097,
        -0.12866733968257904
    ]
}