{
    "seed": 1000012,
    "theta": [
        0.049237966537475586,
        0.475510835647583,
        0.5426664352416992,
        0.6451197862625122,
        0.5101500749588013
    ],
    "x": [
        -0.3583277463912964,
        -0.2872670590877533,
        -0.5782586336135864,
        -0.8944479823112488,
        -0.2885553240776062,
        -0.4005373418331146,
        0.07854461669921875,
        0.3698636293411255,
        -0.07842649519443512,
        0.12452089041471481,
        -1.192265272140503,
        -0.8869839906692505,
        -0.6294593811035156,
        -0.29699474573135376,
        0.3539682626724243,
        -0.858884871006012,
        -0.7625100016593933,
        0.4534861147403717,
        0.306530624628067,
        0.3209259510040283,
        0.5666086673736572,
        0.26071682572364807,
        -1.2070810794830322,
        -0.27408263087272644,
        0.2839380204677582,
        0.08724943548440933,
        0.0983906090259552,
        -0.6352940201759338,
        -0.324880987405777,
        0.4101085364818573,
        1.0556211471557617,
        1.4927233457565308,
        0.3822537958621979,
        0.5314421057701111,
        0.3251323997974396,
        0.8562875986099243,
        -0.050643157213926315,
        -0.10476019233465195,
        -0.6853986978530884,
        0.14258228242397308,
        0.4232993423938751,
        0.6502568125724792,
        0.16280031204223633,
        0.7495986223220825,
        -0.17183001339435577,
        0.4555715024471283,
        0.4595264196395874,
        -0.0746513083577156,
        0.7596240639686584,
        0.2417871356010437,
        -0.061118267476558685,
        -0.37871381640434265,
        0.8025549054145813,
        -0.6605533957481384,
        0.5748780369758606,
        1.226906180381775,
        -1.0949515104293823,
        -0.4669150114059448,
        -0.2983744144439697,
        1.0631321668624878,
        -0.22884896397590637,
        0.24231941998004913,
        0.35779038071632385,
        -0.6648407578468323,
        -0.12600815296173096,
        -0.33870819211006165,
        -0.11550877243280411,
        0.14513060450553894,
        0.5908078551292419,
        0.633662760257721,
        -0.41078540682792664,
        -1.343767523765564,
        -1.0047777891159058,
        0.0371582917869091,
        0.803837239742279,
        -0.4571807384490967,
        0.7571355104446411,
        -1.0492525100708008,
        -0.36955803632736206,
        -0.4185009002685547,
        -1.2102611064910889,
        0.28112074732780457,
        0.45438700914382935,
        -0.36444926261901855,
        0.058824680745601654,
        0.34373512864112854,
        -0.44145360589027405,
        -1.1453653573989868,
        0.17496833205223083,
        -0.5567649602890015,
        -0.3039509356021881,
        -0.5564126372337341,
        -0.5930420756340027,
        -0.9134452939033508,
        -0.08325307816267014,
        0.5924351811408997,
        0.032924000173807144,
        0.5567607283592224
    ]
}