{
    "seed": 1000003,
    "theta": [
        0.31132930517196655,
        0.044801920652389526,
        -0.08918052166700363,
        -0.3327042758464813,
        0.17124341428279877
    ],
    "x": [
        -0.35583364963531494,
        0.10838183760643005,
        0.19299623370170593,
        -0.5658434629440308,
        0.7902480959892273,
        -0.598406195640564,
        -0.6619847416877747,
        -0.9854815006256104,
        -0.2230842411518097,
        0.4601147770881653,
        0.43931809067726135,
        0.27176424860954285,
        0.3685580790042877,
        0.34058552980422974,
        0.206043541431427,
        0.5647498369216919,
        -0.3119564354419708,
        -0.8138768672943115,
        0.5628997683525085,
        -0.2131200134754181,
        0.118073470890522,
        -0.24480167031288147,
        -0.48912009596824646,
        0.7013378739356995,
        -0.4510103166103363,
        0.27030128240585327,
        0.09180431813001633,
        -0.010165863670408726,
        -0.26542049646377563,
        0.8289169073104858,
        -0.12039235234260559,
        -0.5842759013175964,
        -0.03682351112365723,
        0.8151972889900208,
        0.2989456057548523,
        0.09510986506938934,
        0.6948500871658325,
        0.26029103994369507,
        0.4071764051914215,
        0.772618293762207,
        0.485310822725296,
        0.429355651140213,
        0.25325697660446167,
        0.1890835165977478,
        0.7426364421844482,
        -0.22403526306152344,
        0.2828008234500885,
        0.3968994915485382,
        -0.21449464559555054,
        0.5716554522514343,
        -0.27644166350364685,
        0.1520308554172516,
        -0.2895970642566681,
        -0.47872987389564514,
        0.019019709900021553,
        1.100462794303894,
        0.08164732903242111,
        0.1948908269405365,
        -0.19117286801338196,
        0.09267888963222504,
        0.5633538961410522,
        -0.01906120404601097,
        0.030369210988283157,
        -0.8805168867111206,
        -0.32619136571884155,
        -0.10249046981334686,
        -0.6133241653442383,
        -0.4994777739048004,
        0.5773668885231018,
        0.3188367486000061,
        -0.054156795144081116,
        -0.27265745401382446,
        0.052674055099487305,
        -0.11747937649488449,
        0.7815081477165222,
        0.19658520817756653,
        0.25149640440940857,
        0.1481444090604782,
        0.15072587132453918,
        0.36204439401626587,
        -0.38237088918685913,
        0.1811719387769699,
        0.18682846426963806,
        0.5860708355903625,
        0.22823414206504822,
        -0.210823193192482,
        0.025967206805944443,
        0.04371471330523491,
        0.06879919022321701,
        0.040172867476940155,
        0.01690254732966423,
        -0.015422655269503593,
        -0.24866478145122528,
        -0.46765872836112976,
        0.2761354148387909,
        0.7631785869598389,
        0.3721991777420044,
        -0.23942631483078003
    ]
}