{
    "seed": 1000010,
    "theta": [
        0.12314477562904358,
        1.221139669418335,
        -0.6536482572555542,
        0.3494666814804077,
        -0.28828540444374084
    ],
    "x": [
        -0.20292744040489197,
        -0.2499191164970398,
        0.2874987721443176,
        -0.1065656989812851,
        0.06132867932319641,
        -0.09406397491693497,
        0.2232210338115692,
        -0.056111615151166916,
        -0.021792149171233177,
        0.09423144906759262,
        -0.007035219110548496,
        0.02618236094713211,
        -0.24092483520507812,
        0.40800225734710693,
        -0.11898630857467651,
        0.6809077262878418,
        -0.004321229178458452,
        0.18920248746871948,
        0.6565552353858948,
        -0.6375429034233093,
        0.2465202808380127,
        0.024246592074632645,
        -0.3164900243282318,
        0.6914935111999512,
        0.04962028190493584,
        0.37730294466018677,
        0.7033412456512451,
        -0.18717028200626373,
        0.30343014001846313,
        0.06493193656206131,
        -0.18447034060955048,
        0.6165845990180969,
        -0.7334890365600586,
        0.32616764307022095,
        -0.11416002362966537,
        -0.22459793090820312,
        -0.5558860301971436,
        0.12940748035907745,
        0.3664683699607849,
        -0.4933800995349884,
        -0.1498807817697525,
        -7.011927604675293,
        -0.24784904718399048,
        0.007414256688207388,
        -0.2318946123123169,
        -0.3602525591850281,
        -0.5124247670173645,
        -0.24280785024166107,
        0.03575195372104645,
        0.24731820821762085,
        0.8049782514572144,
        -0.6571699976921082,
        0.0549314022064209,
        -0.8963585495948792,
        -0.7215686440467834,
        -0.9052770733833313,
        0.8101879358291626,
        0.7458949089050293,
        -0.3725999891757965,
        -6.654251575469971,
        -0.11474061012268066,
        -0.02816195785999298,
        -0.9679155349731445,
        0.6891460418701172,
        0.7189893126487732,
        0.17931143939495087,
        0.4142957329750061,
        -0.49568694829940796,
        -0.4888384938240051,
        -0.34099918603897095,
        0.6377034187316895,
        0.3117923140525818,
        -0.2327987253665924,
        -0.17178286612033844,
        0.3220011293888092,
        -0.8429517149925232,
        -1.1659092903137207,
        0.16001664102077484,
        0.7199426889419556,
        -0.053580306470394135,
        -0.3286812901496887,
        0.2518927752971649,
        -0.9697831273078918,
        -1.0415233373641968,
        0.21701505780220032,
        1.154609203338623,
        -0.11439845710992813,
        0.08881916105747223,
        -0.17078512907028198,
        -0.25534698367118835,
        -0.8256241679191589,
        0.780742347240448,
        0.1986624151468277,
        0.39623939990997314,
        -0.5513330698013306,
        -1.4712830781936646,
        0.1398928165435791,
        -0.11516369134187698
    ]
}