{
    "seed": 1000005,
    "theta": [
        -0.4741848111152649,
        0.4843563437461853,
        0.5641627311706543,
        0.6483665704727173,
        0.09027455002069473
    ],
    "x": [
        0.24476729333400726,
        0.17312724888324738,
        -0.3342367112636566,
        -0.8340077996253967,
        -0.8843305706977844,
        0.18100571632385254,
        -0.12398092448711395,
        -0.3078346848487854,
        0.8293730616569519,
        -0.3184204697608948,
        -0.47358056902885437,
        -1.0439561605453491,
        -0.44877758622169495,
        -0.1438208669424057,
        -0.9420562386512756,
        0.4452751874923706,
        -0.7143705487251282,
        0.6117203235626221,
        0.07181880623102188,
        0.23158565163612366,
        0.9698165655136108,
        -0.4272781312465668,
        -0.43479669094085693,
        -0.2597115933895111,
        0.30237263441085815,
        0.31760379672050476,
        0.07074205577373505,
        -0.31528887152671814,
        0.5671469569206238,
        0.41077569127082825,
        0.3447883725166321,
        -0.739916980266571,
        0.08808043599128723,
        0.1921117752790451,
        0.4278374910354614,
        -9.360305786132812,
        0.377632200717926,
        0.7106084227561951,
        0.10503992438316345,
        0.17128980159759521,
        0.18486563861370087,
        -0.3029947578907013,
        0.3462063670158386,
        0.5364290475845337,
        0.45324641466140747,
        0.5575106739997864,
        0.5016639828681946,
        -0.1616457998752594,
        0.2685282230377197,
        -0.0942751094698906,
        -0.3136657476425171,
        1.5415360927581787,
        -0.7429189085960388,
        0.31409186124801636,
        0.5593723058700562,
        -4.887210845947266,
        -0.9135469794273376,
        -0.036339253187179565,
        -0.3723090887069702,
        0.7821084856987,
        -0.5498167872428894,
        0.4262058436870575,
        0.3813893496990204,
        -0.4889954626560211,
        -0.9531499743461609,
        -0.13815440237522125,
        0.32696670293807983,
        0.14676493406295776,
        0.748548150062561,
        0.00495822262018919,
        -0.475851446390152,
        1.8693844079971313,
        -0.3419291079044342,
        -3.1587865352630615,
        0.3046712577342987,
        0.33272889256477356,
        0.6417950391769409,
        -0.6003271341323853,
        0.12636734545230865,
        -0.41031795740127563,
        -1.1083983182907104,
        -0.23524226248264313,
        0.7784050703048706,
        0.17018818855285645,
        -0.6093857288360596,
        -0.23410582542419434,
        0.22384724020957947,
        -0.0940658375620842,
        0.3778054416179657,
        0.38890954852104187,
        0.17156775295734406,
        -0.5377494096755981,
        -0.4784366190433502,
        -0.057953547686338425,
        0.43090349435806274,
        -0.9245809316635132,
        0.5276079773902893,
        0.5476723313331604
    ]
}