{
    "seed": 1000009,
    "theta": [
        0.048361748456954956,
        0.12618477642536163,
        -0.1293024718761444,
        0.04450187832117081,
        -0.4355279207229614,
        -0.1254824697971344,
        0.2140974998474121,
        -0.20846246182918549,
        0.3268788456916809,
        0.027876846492290497,
        -0.02892046980559826,
        -0.09315138310194016,
        -0.01316884160041809,
        0.12495692074298859,
        -0.282848596572876,
        0.015383843332529068,
        -0.006315179169178009,
        -0.24662044644355774,
        0.06739841401576996,
        -0.0574987418949604
    ],
    "x": [
        -0.014043692499399185,
        -0.011162996292114258,
        -0.5891183018684387,
        0.2200412154197693,
        -0.6270141005516052,
        -0.17286503314971924,
        0.08828075230121613,
        0.0930115133523941,
        0.4898723363876343,
        -0.34913739562034607,
        -0.1253276914358139,
        -0.08883994817733765,
        0.4887072741985321,
        0.3745311498641968,
        -0.27563387155532837,
        -0.29183119535446167,
        0.05653407424688339,
        -0.445429265499115,
        -0.10340479016304016,
        -0.311541348695755
    ]
}