{
    "seed": 1000000,
    "theta": [
        -0.05813218653202057,
        0.2521691918373108,
        -0.49381518363952637,
        0.30399614572525024,
        -0.1684660017490387,
        -0.20927682518959045,
        0.5998666286468506,
        0.2048499435186386,
        -0.042068079113960266,
        0.08761732280254364,
        -0.1701776534318924,
        0.10926594585180283,
        0.21284820139408112,
        0.04341094195842743,
        -0.07764553278684616,
        -0.037852510809898376,
        -0.17093133926391602,
        0.18216317892074585,
        -0.05149266868829727,
        -0.12159367650747299
    ],
    "x": [
        -0.23360297083854675,
        0.3676196038722992,
        -0.37471437454223633,
        0.628696858882904,
        0.09133097529411316,
        -0.5121127367019653,
        0.5017662644386292,
        -0.4037063717842102,
        -0.13620531558990479,
        0.14856097102165222,
        -0.22383752465248108,
        -0.1577548086643219,
        0.0036915838718414307,
        0.0013506785035133362,
        0.23866495490074158,
        -0.5442728996276855,
        -0.42658931016921997,
        0.1241397112607956,
        0.6007272005081177,
        -0.008338876068592072
    ]
}