{
    "seed": 1000005,
    "theta": [
        -0.07720886915922165,
        0.2506297826766968,
        -0.023566633462905884,
        -0.11862801015377045,
        -0.19788247346878052,
        -0.2614242434501648,
        0.17512035369873047,
        -0.11024822294712067,
        -0.3009715676307678,
        0.09827236831188202,
        -0.16875171661376953,
        0.10032010823488235,
        0.38414663076400757,
        0.2706952393054962,
        -0.2958904504776001,
        -0.04836384207010269,
        0.1128980815410614,
        -0.15669119358062744,
        -0.13293080031871796,
        -0.02976931259036064
    ],
    "x": [
        0.0880511924624443,
        -0.028157711029052734,
        0.3666174113750458,
        -0.28404003381729126,
        -0.28527069091796875,
        -0.07025067508220673,
        -0.13132014870643616,
        -0.3997013568878174,
        -0.19045710563659668,
        -0.26795321702957153,
        -0.08593621104955673,
        -0.225113183259964,
        0.7231423854827881,
        0.6527913212776184,
        -0.49089524149894714,
        0.17788341641426086,
        0.12891583144664764,
        -0.012511789798736572,
        0.16274605691432953,
        0.18658936023712158
    ]
}