{
    "seed": 1000010,
    "theta": [
        -0.4600321352481842,
        0.04658740758895874,
        0.027964390814304352,
        -0.05155929923057556,
        -0.17704464495182037,
        -0.06327061355113983,
        0.09579028189182281,
        0.06741577386856079,
        -0.054170504212379456,
        0.20205338299274445,
        0.07471814006567001,
        -0.15296372771263123,
        0.008089885115623474,
        -0.039756856858730316,
        0.17104585468769073,
        -0.04118390381336212,
        -0.21196462213993073,
        -0.40206247568130493,
        -0.1475282460451126,
        -0.0852649137377739
    ],
    "x": [
        -0.1988568902015686,
        0.2707107663154602,
        -0.4681384265422821,
        -0.08900865912437439,
        -0.39824768900871277,
        -1.0805578231811523,
        -0.3891591429710388,
        0.14037886261940002,
        -0.18796461820602417,
        -0.15187354385852814,
        0.026974964886903763,
        -0.2616008222103119,
        0.058415599167346954,
        -0.49826791882514954,
        0.26340141892433167,
        0.35006171464920044,
        -0.13072168827056885,
        -0.1969750076532364,
        0.06254106760025024,
        -0.47240960597991943
    ]
}