{
    "seed": 1000001,
    "theta": [
        -0.037349969148635864,
        0.10614676028490067,
        -0.06020866334438324,
        0.1578507125377655,
        -0.18194356560707092,
        -0.3318662643432617,
        0.3080562949180603,
        0.052521154284477234,
        0.09766672551631927,
        0.17135177552700043,
        -0.006817917339503765,
        -0.027809595689177513,
        -0.0013342127203941345,
        0.28354042768478394,
        -0.1581491231918335,
        0.1283959150314331,
        -0.41406455636024475,
        0.28780266642570496,
        0.09212765097618103,
        -0.12794451415538788
    ],
    "x": [
        -0.3976651728153229,
        -0.04140124469995499,
        -0.05494053289294243,
        -0.08027791976928711,
        0.37987735867500305,
        -0.6095413565635681,
        0.04589882493019104,
        0.8630180954933167,
        -0.12817683815956116,
        -0.34170228242874146,
        0.13059169054031372,
        0.030414147302508354,
        0.5744966268539429,
        0.5751941204071045,
        -0.050711825489997864,
        0.18566666543483734,
        -0.35015246272087097,
        0.06105121970176697,
        -0.3210688829421997,
        -0.06901778280735016
    ]
}