{
    "seed": 1000002,
    "theta": [
        0.24057739973068237,
        0.27282193303108215,
        0.3012511730194092,
        0.0882164016366005,
        -0.13268430531024933,
        -0.18200644850730896,
        -0.2361672818660736,
        -0.08693552762269974,
        0.12470126152038574,
        0.16039308905601501,
        -0.10536598414182663,
        0.1399942934513092,
        0.13489951193332672,
        0.38407161831855774,
        -0.4772908091545105,
        0.3035326302051544,
        -0.10365570336580276,
        -0.2140052616596222,
        -0.10582377016544342,
        -0.004716980736702681
    ],
    "x": [
        0.9545396566390991,
        0.4523894786834717,
        -0.04928210377693176,
        -0.2695365250110626,
        -0.5868372321128845,
        0.030497536063194275,
        -0.15410830080509186,
        0.4247739315032959,
        0.15424218773841858,
        0.0724039375782013,
        0.11947547644376755,
        0.08027118444442749,
        -0.09074489772319794,
        -0.22559818625450134,
        -0.4625271260738373,
        0.3832511305809021,
        -0.5955981016159058,
        -0.5947295427322388,
        0.4323822259902954,
        0.1396678388118744
    ]
}