{
    "seed": 1000008,
    "theta": [
        0.15110671520233154,
        0.26853126287460327,
        0.09780893474817276,
        0.12744182348251343,
        0.12534499168395996,
        -0.22389757633209229,
        0.3296623229980469,
        -0.1248617097735405,
        0.2959790527820587,
        0.2699888050556183,
        0.19734890758991241,
        -0.03329618275165558,
        0.10740694403648376,
        0.33545157313346863,
        -0.3911671042442322,
        0.10296061635017395,
        0.0356714129447937,
        -0.036704596132040024,
        0.04472674801945686,
        0.37017661333084106
    ],
    "x": [
        -0.04758584499359131,
        -0.01634874939918518,
        -0.12097389250993729,
        0.23877929151058197,
        -0.10127045214176178,
        -0.2761472761631012,
        0.8939837217330933,
        -0.6759688258171082,
        0.6806243062019348,
        0.22834408283233643,
        -0.19087128341197968,
        -0.24622708559036255,
        -0.01979006826877594,
        -0.26981213688850403,
        -0.3142288327217102,
        0.20102038979530334,
        0.09801867604255676,
        -0.00045640021562576294,
        0.34429460763931274,
        1.1980469226837158
    ]
}