{
    "seed": 1000004,
    "theta": [
        -0.40889179706573486,
        0.04347079247236252,
        0.023012444376945496,
        0.3116593360900879,
        0.11743495613336563,
        -0.19632965326309204,
        0.007347963750362396,
        -0.2586120367050171,
        0.31848376989364624,
        0.22278231382369995,
        0.08200409263372421,
        0.13845598697662354,
        0.22396472096443176,
        0.20536218583583832,
        -0.42003780603408813,
        -0.3218761086463928,
        -0.23517075181007385,
        -0.25373855233192444,
        -0.28780093789100647,
        0.04225223511457443
    ],
    "x": [
        -0.5369284152984619,
        -0.34423938393592834,
        -0.47178035974502563,
        0.35405629873275757,
        -0.006487205624580383,
        -0.292111873626709,
        -0.25790488719940186,
        -0.2930096387863159,
        0.22334487736225128,
        0.33985447883605957,
        0.24604380130767822,
        -0.1111009418964386,
        -0.015623405575752258,
        0.6538998484611511,
        -0.6441001892089844,
        -0.1020803451538086,
        -0.17492806911468506,
        -0.6305917501449585,
        0.09278213977813721,
        0.2150176763534546
    ]
}