{
    "seed": 1000008,
    "theta": [
        0.12789687514305115,
        0.09327881783246994,
        0.14687025547027588,
        0.14728596806526184,
        0.09730876982212067,
        -0.10082635283470154,
        0.2167624533176422,
        0.0453549399971962,
        0.19076919555664062,
        0.1192731112241745,
        0.19007720053195953,
        -0.08315865695476532,
        0.15296238660812378,
        0.35515835881233215,
        -0.16476915776729584,
        0.1292162537574768,
        0.21241244673728943,
        0.2040327936410904,
        -0.03605971485376358,
        0.5046239495277405
    ],
    "x": [
        -0.0707956850528717,
        -0.19160118699073792,
        -0.07191257178783417,
        0.2586234211921692,
        -0.12930667400360107,
        -0.15307603776454926,
        0.7810838222503662,
        -0.5057521462440491,
        0.5754144191741943,
        0.07762839645147324,
        -0.19814299046993256,
        -0.2960895597934723,
        0.025765374302864075,
        -0.2501053512096405,
        -0.08783087134361267,
        0.2272760272026062,
        0.2747597098350525,
        0.24028098583221436,
        0.263508141040802,
        1.3324942588806152
    ]
}