{
    "seed": 1000004,
    "theta": [
        -0.43210163712501526,
        -0.1317816525697708,
        0.07207377254962921,
        0.3315035104751587,
        0.08939872682094574,
        -0.0732584297657013,
        -0.10555191338062286,
        -0.0883953720331192,
        0.21327392756938934,
        0.07206661999225616,
        0.07473240047693253,
        0.08859352022409439,
        0.2695201635360718,
        0.22506895661354065,
        -0.19363988935947418,
        -0.29562047123908997,
        -0.058429718017578125,
        -0.013001173734664917,
        -0.3685874044895172,
        0.17669954895973206
    ],
    "x": [
        -0.5601382255554199,
        -0.5194918513298035,
        -0.42271900177001953,
        0.37390047311782837,
        -0.034523434937000275,
        -0.16904066503047943,
        -0.3708047866821289,
        -0.12279295921325684,
        0.11813503503799438,
        0.18913879990577698,
        0.23877209424972534,
        -0.16096341609954834,
        0.029932036995887756,
        0.6736066341400146,
        -0.41770225763320923,
        -0.07582470774650574,
        0.0018129684031009674,
        -0.38985440135002136,
        0.011995673179626465,
        0.349465012550354
    ]
}