{
    "seed": 1000002,
    "theta": [
        0.21736755967140198,
        0.09756948798894882,
        0.3503125011920929,
        0.1080605611205101,
        -0.16072052717208862,
        -0.05893523991107941,
        -0.34906715154647827,
        0.08328112214803696,
        0.01949140429496765,
        0.00967739149928093,
        -0.11263767629861832,
        0.09013182669878006,
        0.18045495450496674,
        0.4037783741950989,
        -0.25089287757873535,
        0.3297882676124573,
        0.07308533042669296,
        0.026732131838798523,
        -0.18661022186279297,
        0.12973032891750336
    ],
    "x": [
        0.9313298463821411,
        0.27713704109191895,
        -0.00022077560424804688,
        -0.24969235062599182,
        -0.6148734092712402,
        0.15356874465942383,
        -0.2670081853866577,
        0.5949905514717102,
        0.04903233051300049,
        -0.07831175625324249,
        0.11220378428697586,
        0.030408713966608047,
        -0.04518945515155792,
        -0.2058914303779602,
        -0.23612919449806213,
        0.40950676798820496,
        -0.41885706782341003,
        -0.3539921045303345,
        0.35159575939178467,
        0.2741151452064514
    ]
}