{
    "seed": 1000003,
    "theta": [
        -0.15670344233512878,
        -0.2312479317188263,
        0.2807040512561798,
        -0.01643015444278717,
        -0.03443863242864609,
        -0.05016029626131058,
        -0.06633535027503967,
        -0.24432800710201263,
        -0.003550119698047638,
        -0.09037026762962341,
        -0.25080859661102295,
        0.15783584117889404,
        -0.07374612987041473,
        0.14829708635807037,
        0.01901935786008835,
        -0.2725832760334015,
        0.0029717236757278442,
        -0.022502437233924866,
        -0.2895944118499756,
        0.09865941107273102
    ],
    "x": [
        0.12202617526054382,
        -0.703387439250946,
        0.5455280542373657,
        -0.18909698724746704,
        0.5710073113441467,
        -0.6339184045791626,
        -0.18603333830833435,
        -0.039345771074295044,
        0.3768613040447235,
        0.02390275150537491,
        0.20252427458763123,
        0.28495949506759644,
        0.3559260964393616,
        0.41770535707473755,
        0.24814000725746155,
        -0.7486357092857361,
        0.13102605938911438,
        0.027782458811998367,
        -0.0347442626953125,
        -0.1619017869234085
    ]
}