{
    "seed": 1000010,
    "theta": [
        -0.4832419753074646,
        -0.128665030002594,
        0.07702571898698807,
        -0.031715139746665955,
        -0.20508086681365967,
        0.05980060249567032,
        -0.017109595239162445,
        0.23763242363929749,
        -0.15938036143779755,
        0.051337696611881256,
        0.06744644790887833,
        -0.20282620191574097,
        0.05364532768726349,
        -0.020050078630447388,
        0.3974437713623047,
        -0.014928266406059265,
        -0.035223588347435,
        -0.16132508218288422,
        -0.22831469774246216,
        0.04918240010738373
    ],
    "x": [
        -0.222066730260849,
        0.09545831382274628,
        -0.4190770983695984,
        -0.06916449964046478,
        -0.42628389596939087,
        -0.957486629486084,
        -0.5020590424537659,
        0.3105955123901367,
        -0.29317447543144226,
        -0.3025892376899719,
        0.019703272730112076,
        -0.31146329641342163,
        0.10397104173898697,
        -0.478561133146286,
        0.4897993206977844,
        0.3763173818588257,
        0.04601935297250748,
        0.043762385845184326,
        -0.018245384097099304,
        -0.33796226978302
    ]
}