{
    "seed": 1000012,
    "theta": [
        -0.1304415464401245,
        -0.08601516485214233,
        -0.06258546561002731,
        0.10780785232782364,
        0.09146536886692047,
        0.2135365903377533,
        0.10285704582929611,
        -0.07048054039478302,
        -0.13409408926963806,
        0.05769682303071022,
        -0.12210291624069214,
        -0.24066919088363647,
        0.08354031294584274,
        0.011938981711864471,
        0.03221086785197258,
        -0.2543945908546448,
        0.07376573979854584,
        -0.021867677569389343,
        -0.01854550838470459,
        0.06610935926437378
    ],
    "x": [
        0.2646726667881012,
        -0.023907531052827835,
        -0.10871422290802002,
        0.11024772375822067,
        0.3586058020591736,
        -0.45434805750846863,
        -0.42323148250579834,
        -0.11035874485969543,
        0.2355290949344635,
        -0.20081818103790283,
        0.08067071437835693,
        -0.5411255359649658,
        0.39551272988319397,
        0.04195728152990341,
        -0.06809334456920624,
        -0.4592946767807007,
        0.22784295678138733,
        0.5548564791679382,
        -0.6883608102798462,
        -0.3107262849807739
    ]
}