{
    "seed": 1000000,
    "theta": [
        -0.08134202659130096,
        0.07691673189401627,
        -0.44475385546684265,
        0.32384032011032104,
        -0.19650223851203918,
        -0.08620560169219971,
        0.4869667887687683,
        0.3750665783882141,
        -0.14727793633937836,
        -0.06309837102890015,
        -0.17744936048984528,
        0.059403471648693085,
        0.2584036588668823,
        0.06311772018671036,
        0.1487523913383484,
        -0.01159687340259552,
        0.005809687077999115,
        0.42290055751800537,
        -0.13227912783622742,
        0.012853637337684631
    ],
    "x": [
        -0.25681281089782715,
        0.19236713647842407,
        -0.3256530463695526,
        0.6485410332679749,
        0.06329473853111267,
        -0.389041543006897,
        0.3888664245605469,
        -0.2334897518157959,
        -0.24141517281532288,
        -0.002154722809791565,
        -0.23110923171043396,
        -0.20761728286743164,
        0.04924704134464264,
        0.021057456731796265,
        0.4650628864765167,
        -0.5180172324180603,
        -0.24984827637672424,
        0.3648771047592163,
        0.5199407339096069,
        0.12610843777656555
    ]
}