{
    "seed": 1000005,
    "theta": [
        -0.10041870921850204,
        0.07537732273340225,
        0.025494692847132683,
        -0.09878385066986084,
        -0.225918710231781,
        -0.13835304975509644,
        0.06222046911716461,
        0.05996842309832573,
        -0.4061814546585083,
        -0.05244332551956177,
        -0.1760234236717224,
        0.050457634031772614,
        0.4297020733356476,
        0.29040199518203735,
        -0.06949253380298615,
        -0.022108204662799835,
        0.28963911533355713,
        0.08404619991779327,
        -0.2137172520160675,
        0.10467799752950668
    ],
    "x": [
        0.06484135240316391,
        -0.20341017842292786,
        0.4156787395477295,
        -0.26419588923454285,
        -0.31330692768096924,
        0.05282051861286163,
        -0.24422003328800201,
        -0.2294846922159195,
        -0.29566699266433716,
        -0.4186689257621765,
        -0.09320791810750961,
        -0.27497565746307373,
        0.7686978578567505,
        0.6724981069564819,
        -0.2644973397254944,
        0.20413905382156372,
        0.30565688014030457,
        0.22822560369968414,
        0.08195960521697998,
        0.3210366666316986
    ]
}