{
    "seed": 1000001,
    "theta": [
        -0.06055980920791626,
        -0.06910568475723267,
        -0.011147335171699524,
        0.1776948869228363,
        -0.2099798023700714,
        -0.20879504084587097,
        0.19515642523765564,
        0.22273780405521393,
        -0.0075431279838085175,
        0.02063608355820179,
        -0.014089612290263176,
        -0.0776720717549324,
        0.04422122985124588,
        0.30324721336364746,
        0.06824881583452225,
        0.15465155243873596,
        -0.23732352256774902,
        0.5285400748252869,
        0.011341184377670288,
        0.006502799689769745
    ],
    "x": [
        -0.42087501287460327,
        -0.21665368974208832,
        -0.0058792042545974255,
        -0.06043374538421631,
        0.35184112191200256,
        -0.48647013306617737,
        -0.06700104475021362,
        1.033234715461731,
        -0.23338669538497925,
        -0.49241799116134644,
        0.12331999838352203,
        -0.019448328763246536,
        0.6200520396232605,
        0.5949008464813232,
        0.17568612098693848,
        0.2119223028421402,
        -0.17341142892837524,
        0.3017886281013489,
        -0.40185534954071045,
        0.06542953848838806
    ]
}