{
    "seed": 1000004,
    "theta": [
        0.49293002486228943,
        0.21858938038349152
    ],
    "x": [
        -0.1715022623538971,
        -0.1733025312423706
    ]
}