{
    "seed": 1000010,
    "theta": [
        0.3390808403491974,
        0.18619558215141296
    ],
    "x": [
        0.004761099815368652,
        -0.05882536992430687
    ]
}