{
    "seed": 1000005,
    "theta": [
        0.46670931577682495,
        0.3329291045665741
    ],
    "x": [
        -0.24016514420509338,
        -0.023523561656475067
    ]
}