{
    "seed": 1000002,
    "theta": [
        0.39532700181007385,
        0.05834897607564926
    ],
    "x": [
        -0.061365336179733276,
        -0.35093560814857483
    ]
}