{
    "seed": 1000000,
    "theta": [
        0.017936617136001587,
        -0.04925643652677536
    ],
    "x": [
        0.291413813829422,
        -0.14301884174346924
    ]
}