{
    "seed": 1000009,
    "theta": [
        0.3852868974208832,
        0.12982985377311707
    ],
    "x": [
        -0.060632556676864624,
        -0.260614812374115
    ]
}