{
    "seed": 1000012,
    "theta": [
        -0.21863089501857758,
        0.11153829842805862
    ],
    "x": [
        0.27328425645828247,
        0.2205962836742401
    ]
}