{
    "seed": 1000001,
    "theta": [
        0.4490566849708557,
        0.11342530697584152
    ],
    "x": [
        -0.09754401445388794,
        -0.30078554153442383
    ]
}