{
    "seed": 1000000,
    "theta": [
        1.0413087606430054,
        -0.059721723198890686,
        0.7803323268890381,
        0.11777198314666748,
        -0.9291457533836365
    ],
    "x": [
        -0.2006760984659195,
        -0.14866499602794647,
        -0.3341825306415558,
        -0.001510380650870502,
        -1.1849253177642822,
        -0.3654218316078186,
        -0.3142889440059662,
        -0.9656336307525635,
        -0.6639242768287659,
        0.4725733697414398,
        0.14255739748477936,
        0.37026429176330566,
        1.5093810558319092,
        0.3312491476535797,
        5.0350565910339355,
        0.6306746602058411,
        -0.3415127396583557,
        -0.7070311903953552,
        -1.1827733516693115,
        -0.15674853324890137,
        0.7459859848022461,
        0.5455445051193237,
        -1.5148794651031494,
        0.47947239875793457,
        -0.10805252939462662,
        0.7519187927246094,
        -0.2005489021539688,
        0.22982484102249146,
        0.10284341126680374,
        -0.10180641710758209,
        -0.6999324560165405,
        0.008307278156280518,
        -0.2848178446292877,
        -0.64841228723526,
        0.713526725769043,
        0.1395619958639145,
        0.008028971962630749,
        0.766505777835846,
        0.17003725469112396,
        -0.40658149123191833,
        -0.03130285441875458,
        -0.4838244616985321,
        -0.6796340942382812,
        -0.033789560198783875,
        1.03693425655365,
        0.2592434585094452,
        0.10772603750228882,
        0.49874719977378845,
        -1.0341836214065552,
        0.32562750577926636,
        -0.13635320961475372,
        -0.2818896472454071,
        0.18511950969696045,
        0.09948556870222092,
        0.20927323400974274,
        0.5872697830200195,
        -1.1956239938735962,
        -0.337620347738266,
        -7.671506881713867,
        -0.6462329626083374,
        -0.0011149108177050948,
        -0.27828797698020935,
        0.691823422908783,
        -0.24146658182144165,
        -0.3553731441497803,
        -0.6857970952987671,
        0.5418418049812317,
        -0.30571895837783813,
        0.5649629831314087,
        0.9158924221992493,
        -0.7308146357536316,
        -0.5208520889282227,
        -0.3537658452987671,
        0.2597646415233612,
        0.215213805437088,
        0.8258874416351318,
        0.855111837387085,
        -1.0635924339294434,
        0.08925089985132217,
        -0.34599652886390686,
        -0.25286826491355896,
        -0.08796346187591553,
        -0.4062998592853546,
        0.08197853714227676,
        -0.8241448402404785,
        -0.4905197024345398,
        -0.7024667263031006,
        -0.10459350049495697,
        0.48926976323127747,
        -0.27975359559059143,
        1.2697954177856445,
        -0.3493206202983856,
        -0.7897500395774841,
        -0.3524472117424011,
        -0.15402959287166595,
        0.1518445611000061,
        -0.10086122900247574,
        0.011303456500172615
    ]
}