{
    "seed": 1000001,
    "theta": [
        0.4413796365261078,
        0.058724064379930496,
        0.4617602229118347,
        -0.7849633693695068,
        0.6192969083786011
    ],
    "x": [
        -0.12570181488990784,
        0.40641722083091736,
        -0.2079116702079773,
        0.2915480136871338,
        -0.22170324623584747,
        -0.17355093359947205,
        -0.05532383918762207,
        -1.0314706563949585,
        -0.5610638856887817,
        -0.3451448976993561,
        -1.0343983173370361,
        -0.29080313444137573,
        0.2899087965488434,
        -0.030007677152752876,
        0.7990329265594482,
        0.03661823272705078,
        0.21409815549850464,
        0.7411670088768005,
        1.0430908203125,
        -0.8169484734535217,
        -0.974780797958374,
        1.1628373861312866,
        0.06069907918572426,
        0.4909074902534485,
        0.8271531462669373,
        0.3658222258090973,
        -0.2998273968696594,
        -0.9805701971054077,
        -0.15572701394557953,
        -0.2799036502838135,
        0.158079132437706,
        0.04384518042206764,
        0.44267648458480835,
        -9.685088157653809,
        -0.11717235296964645,
        0.1929023116827011,
        -0.16405531764030457,
        -0.018166983500123024,
        -0.44616037607192993,
        -0.12060676515102386,
        -0.07407260686159134,
        -0.17451772093772888,
        -0.676677405834198,
        0.34297728538513184,
        -0.19936347007751465,
        0.30612149834632874,
        0.37566614151000977,
        0.42091503739356995,
        0.7265589833259583,
        -0.6373739838600159,
        -0.01574639417231083,
        0.2771229147911072,
        0.10054352879524231,
        -0.48269376158714294,
        -0.13362661004066467,
        0.48588326573371887,
        -0.4039321541786194,
        -0.41459032893180847,
        0.5412201881408691,
        -0.5230956077575684,
        0.12623392045497894,
        0.07331842929124832,
        0.2642071545124054,
        -0.5605320334434509,
        -0.2812359631061554,
        -0.3611287772655487,
        -0.5065064430236816,
        -0.020639944821596146,
        0.5237078666687012,
        0.39421701431274414,
        -0.10926637053489685,
        -0.18395981192588806,
        -0.2335282564163208,
        0.6709393858909607,
        -0.2579662501811981,
        0.6633358001708984,
        0.2602091431617737,
        -0.9958071112632751,
        0.3799360990524292,
        0.107498899102211,
        0.4829307794570923,
        0.6588565707206726,
        0.37240251898765564,
        0.004724444821476936,
        -0.3655526638031006,
        -0.4990536868572235,
        -0.29799506068229675,
        -0.08487831801176071,
        -0.3247244954109192,
        1.0507394075393677,
        -8.430216789245605,
        -0.32742801308631897,
        -0.16049806773662567,
        -0.024894366040825844,
        0.16704192757606506,
        0.3355034589767456,
        0.41208940744400024,
        0.267627477645874
    ]
}