{
    "seed": 1000002,
    "theta": [
        0.9771162867546082,
        0.32941845059394836,
        0.7219231724739075,
        -0.7254858016967773,
        -1.339310884475708
    ],
    "x": [
        0.05220430716872215,
        -0.36981379985809326,
        -0.35620325803756714,
        -0.573364794254303,
        -0.33867841958999634,
        -0.059580061584711075,
        -0.8613178133964539,
        0.014308805577456951,
        0.6521472334861755,
        -0.12129286676645279,
        -0.32053443789482117,
        -0.38328176736831665,
        0.08934646099805832,
        -0.3011484742164612,
        -0.2583642899990082,
        1.287514328956604,
        0.1371939480304718,
        -0.6435135006904602,
        0.1324019581079483,
        -0.020843258127570152,
        -0.008424105122685432,
        -0.3693651854991913,
        -0.8261697888374329,
        -0.407309353351593,
        -0.42328140139579773,
        0.03244541585445404,
        0.8220751285552979,
        -0.47970014810562134,
        0.6589337587356567,
        -0.7095272541046143,
        0.3886346220970154,
        0.03594837710261345,
        -0.5554376244544983,
        -0.21209824085235596,
        0.49062302708625793,
        -0.8359168171882629,
        0.22372256219387054,
        0.11520074307918549,
        1.353650689125061,
        -0.5660067796707153,
        -0.1468362957239151,
        0.7204146981239319,
        -0.9174163937568665,
        1.199914574623108,
        0.26799383759498596,
        1.0288268327713013,
        -0.04352864623069763,
        0.785297691822052,
        0.41786250472068787,
        -0.061227086931467056,
        0.6573981642723083,
        0.0928681492805481,
        0.18252205848693848,
        0.025198694318532944,
        0.30359235405921936,
        0.27576521039009094,
        -0.17600664496421814,
        -0.03493816405534744,
        -0.4271954298019409,
        -0.21394871175289154,
        0.996014416217804,
        -0.20876015722751617,
        0.3630311191082001,
        -0.7922634482383728,
        -1.1768509149551392,
        -0.15069332718849182,
        0.9327234029769897,
        -0.28070569038391113,
        0.17144984006881714,
        1.2092283964157104,
        -0.8266975283622742,
        0.08912695944309235,
        -0.25179335474967957,
        -0.057210929691791534,
        0.9036770462989807,
        0.3106409013271332,
        0.7027245163917542,
        -1.2674168348312378,
        -0.07715163379907608,
        -0.6472723484039307,
        -0.11563721299171448,
        0.4242488145828247,
        0.009044535458087921,
        -0.036310430616140366,
        -0.19815880060195923,
        0.5158236026763916,
        -1.3097054958343506,
        0.060772694647312164,
        -0.06852217018604279,
        0.3898524045944214,
        0.49275001883506775,
        -0.6990090012550354,
        -0.5352991819381714,
        -0.4067966938018799,
        -0.2635567784309387,
        0.7745825052261353,
        -0.4126414656639099,
        0.09415588527917862
    ]
}