{
    "seed": 1000004,
    "theta": [
        0.7423967719078064,
        -0.20350971817970276,
        0.526403546333313,
        -0.34542062878608704,
        -0.8070561289787292
    ],
    "x": [
        0.3589881360530853,
        -0.04642464220523834,
        -1.2605191469192505,
        0.505054771900177,
        -0.5104202032089233,
        0.40723973512649536,
        -1.0645290613174438,
        -0.7768880128860474,
        -0.20713922381401062,
        -0.3809085786342621,
        -1.505893349647522,
        -0.3266889154911041,
        0.7565861344337463,
        0.6803691387176514,
        0.10861874371767044,
        0.9670112133026123,
        2.7771198749542236,
        0.3933919668197632,
        0.9649309515953064,
        -0.17093104124069214,
        0.34962451457977295,
        -0.5538543462753296,
        1.076578140258789,
        -0.5050666928291321,
        -0.4841017723083496,
        -0.02564312517642975,
        0.32899343967437744,
        0.25008413195610046,
        -0.25548288226127625,
        0.5570698976516724,
        -0.3056011497974396,
        -0.6800131797790527,
        -0.75690758228302,
        -0.36904963850975037,
        -0.03544718399643898,
        0.28055092692375183,
        1.1581028699874878,
        -0.12584346532821655,
        0.129075288772583,
        -0.0016972782323136926,
        -0.8889913558959961,
        0.473023921251297,
        0.13523627817630768,
        0.1232849583029747,
        0.47653067111968994,
        0.24647711217403412,
        0.6218841075897217,
        0.35124486684799194,
        0.32967817783355713,
        -0.5604255795478821,
        -0.2717342674732208,
        -0.050373345613479614,
        -0.6354254484176636,
        0.2306598424911499,
        0.07162652164697647,
        0.7807595729827881,
        -0.3701625168323517,
        0.2000637948513031,
        0.5433696508407593,
        -0.9267523288726807,
        0.3049324154853821,
        -7.465919494628906,
        0.26463088393211365,
        -0.7577930092811584,
        -0.2735159695148468,
        0.1979476511478424,
        0.5786585807800293,
        -0.18955393135547638,
        0.26055219769477844,
        0.3579520285129547,
        -0.34973767399787903,
        -0.021363837644457817,
        0.40920647978782654,
        0.4161375164985657,
        0.46005406975746155,
        -0.201694518327713,
        0.3305031955242157,
        0.12406255304813385,
        0.0299563929438591,
        0.019275739789009094,
        8.440900802612305,
        -0.6433826088905334,
        0.7989534735679626,
        0.4621391296386719,
        -0.46871888637542725,
        0.07662473618984222,
        -0.44378605484962463,
        -0.00044926366535946727,
        -0.4875730276107788,
        0.3548404574394226,
        -0.11060918867588043,
        -0.6160834431648254,
        -0.6479616761207581,
        -0.3893613815307617,
        0.49248918890953064,
        0.3192726969718933,
        -0.4474307596683502,
        0.1811455637216568
    ]
}