{
    "seed": 1000005,
    "theta": [
        -0.18495504558086395,
        0.26338106393814087,
        0.917216420173645,
        0.18467259407043457,
        -0.5427930355072021
    ],
    "x": [
        0.2066693753004074,
        0.18529216945171356,
        -0.4455687999725342,
        -0.862987220287323,
        -0.9433237910270691,
        0.19621527194976807,
        -0.11323641240596771,
        -0.31174421310424805,
        0.8830872774124146,
        -0.344978928565979,
        -0.5043551921844482,
        -1.1132009029388428,
        -0.48334407806396484,
        -0.1503332406282425,
        -0.9738554954528809,
        0.5541825890541077,
        -0.7631227970123291,
        0.663911759853363,
        0.08307210355997086,
        0.25672510266304016,
        1.0785990953445435,
        -0.444813996553421,
        -0.5013923048973083,
        -0.28904956579208374,
        0.3661156892776489,
        0.2955158054828644,
        0.09815359115600586,
        -0.33176469802856445,
        0.6336841583251953,
        0.4089856445789337,
        0.39622071385383606,
        -0.8029438257217407,
        0.15849712491035461,
        0.17158891260623932,
        0.5054602026939392,
        -9.360305786132812,
        0.39310866594314575,
        0.7795144319534302,
        0.09358308464288712,
        0.25012722611427307,
        0.21100999414920807,
        -0.36627522110939026,
        0.35337647795677185,
        0.5264248251914978,
        0.49395468831062317,
        0.5621004700660706,
        0.5201862454414368,
        -0.26266682147979736,
        0.2195206582546234,
        -0.5022983551025391,
        -0.2798638343811035,
        1.423209547996521,
        -0.7088624238967896,
        0.3745049834251404,
        0.6581717729568481,
        -4.887210845947266,
        -1.042725682258606,
        -0.1619323343038559,
        -0.2541987895965576,
        0.750005841255188,
        -0.4540500342845917,
        0.5439832210540771,
        0.5332486033439636,
        -0.6194741725921631,
        -1.0524805784225464,
        -0.1755220592021942,
        0.3993631899356842,
        0.2241448014974594,
        0.8256953954696655,
        0.16932980716228485,
        -0.6185585260391235,
        1.8693844079971313,
        -0.48215025663375854,
        -3.1587865352630615,
        0.44428130984306335,
        0.4657179117202759,
        0.7684686779975891,
        -0.7394482493400574,
        0.0021870965138077736,
        -0.4730514585971832,
        -1.093494176864624,
        -0.21542544662952423,
        0.8861718773841858,
        0.30857664346694946,
        -0.7436895370483398,
        -0.3740735948085785,
        0.14916369318962097,
        -0.10573717206716537,
        0.2840815782546997,
        0.7150115966796875,
        0.5385843515396118,
        -0.6749062538146973,
        -0.5949639678001404,
        -0.12176737934350967,
        0.40348315238952637,
        -0.8410348296165466,
        0.5329158306121826,
        0.6883769035339355
    ]
}