{
    "seed": 1000010,
    "theta": [
        0.4123745262622833,
        1.00016450881958,
        -0.3005945682525635,
        -0.114227294921875,
        -0.9213529825210571
    ],
    "x": [
        -0.43499043583869934,
        -0.4355144202709198,
        0.2318105548620224,
        -0.20585347712039948,
        -0.016327891498804092,
        -0.19605086743831635,
        0.15411506593227386,
        -0.1558053195476532,
        -0.15937574207782745,
        0.052057236433029175,
        -0.07400749623775482,
        -0.05743761360645294,
        -0.3609350323677063,
        0.3718825876712799,
        0.041699282824993134,
        0.7584015130996704,
        -0.006603831425309181,
        0.1651408076286316,
        0.6848675012588501,
        -0.789823591709137,
        0.24492961168289185,
        -0.0017482913099229336,
        -0.2919340431690216,
        0.7977433800697327,
        0.018961358815431595,
        0.4544488191604614,
        0.7107532620429993,
        -0.2504880428314209,
        0.35388484597206116,
        0.06838363409042358,
        -0.17998214066028595,
        0.7536445260047913,
        -0.833511233329773,
        0.3318529427051544,
        -0.24353639781475067,
        -0.19494761526584625,
        -0.5466318130493164,
        0.24978026747703552,
        0.4934680461883545,
        -0.5098021626472473,
        -0.0636962503194809,
        -7.011927604675293,
        -0.16272902488708496,
        0.09534970670938492,
        -0.15070970356464386,
        -0.2932414412498474,
        -0.47032615542411804,
        -0.11287491768598557,
        0.2389482706785202,
        0.04167843982577324,
        0.7813767790794373,
        -0.41296422481536865,
        0.04962914064526558,
        -0.7847216129302979,
        -0.41341838240623474,
        -0.5173866152763367,
        0.5856757760047913,
        0.3906286656856537,
        -0.4559459388256073,
        -6.654251575469971,
        0.13799013197422028,
        0.36099889874458313,
        -0.5744909644126892,
        0.11503028869628906,
        0.5163981318473816,
        0.04217325896024704,
        0.5243549346923828,
        -0.29248571395874023,
        -0.17972350120544434,
        0.1068371906876564,
        0.2166167050600052,
        -0.03207821026444435,
        -0.4854753911495209,
        -0.17442616820335388,
        0.6142478585243225,
        -0.5215022563934326,
        -0.7826375365257263,
        -0.32238975167274475,
        0.43504956364631653,
        -0.267459899187088,
        -0.4215894043445587,
        0.39888083934783936,
        -0.8622978925704956,
        -0.5383349657058716,
        -0.2356129288673401,
        0.9033903479576111,
        -0.3374856114387512,
        0.006825591903179884,
        -0.269592821598053,
        0.041343942284584045,
        -0.5115658044815063,
        0.40100908279418945,
        -0.13393202424049377,
        0.2540043294429779,
        -0.6031384468078613,
        -1.3814867734909058,
        0.2304694652557373,
        0.09084156155586243
    ]
}