{
    "seed": 1000004,
    "theta": [
        -0.15853551030158997,
        -0.19769132137298584,
        0.03513627126812935,
        -0.08309929817914963,
        -0.16784226894378662,
        -0.23813626170158386,
        -0.3777041733264923,
        0.10962982475757599,
        -0.4906478226184845,
        0.04358585178852081
    ],
    "x": [
        -0.6212297677993774,
        0.40453410148620605,
        -0.5090558528900146,
        0.05934988707304001,
        -0.11232056468725204,
        -0.5027966499328613,
        0.08814087510108948,
        0.06576602905988693,
        -0.9004209637641907,
        0.20661483705043793
    ]
}