{
    "seed": 1000010,
    "theta": [
        -0.13007305562496185,
        0.017255134880542755,
        0.04441872239112854,
        -0.14242886006832123,
        -0.11173319071531296,
        -0.2891431152820587,
        -0.31855419278144836,
        0.16763396561145782,
        -0.4421306848526001,
        0.11163642257452011
    ],
    "x": [
        -0.0672421082854271,
        -0.3919707238674164,
        -0.3010733425617218,
        -0.18344968557357788,
        -0.7376194000244141,
        0.07222485542297363,
        0.2649560272693634,
        0.0875941812992096,
        -0.263857364654541,
        -0.3002062439918518
    ]
}