{
    "seed": 1000001,
    "theta": [
        0.3722973167896271,
        0.30781346559524536,
        -0.4198499023914337,
        0.0821923017501831,
        -0.4029203951358795,
        -0.1322547197341919,
        0.05667778477072716,
        0.3496156930923462,
        -0.05158703029155731,
        0.1854206919670105
    ],
    "x": [
        1.2402379512786865,
        0.2739763557910919,
        -0.49786660075187683,
        0.19089806079864502,
        -0.19727374613285065,
        -0.21247176826000214,
        0.28126099705696106,
        -0.6679413318634033,
        -0.23101429641246796,
        -0.23259803652763367
    ]
}