{
    "seed": 1000002,
    "theta": [
        0.37897586822509766,
        0.3159179985523224,
        -0.36319682002067566,
        0.17604680359363556,
        -0.3921065926551819,
        -0.13663819432258606,
        0.017258554697036743,
        0.41673725843429565,
        0.08558450639247894,
        0.1858810931444168
    ],
    "x": [
        0.4143083989620209,
        0.5348079204559326,
        0.08289819955825806,
        0.6829860210418701,
        -0.2642483413219452,
        -0.3132629990577698,
        -0.6312055587768555,
        0.2734449505805969,
        0.1463881880044937,
        -0.059370219707489014
    ]
}