{
    "seed": 1000008,
    "theta": [
        0.3355017900466919,
        0.368606299161911,
        -0.34725621342658997,
        0.17929285764694214,
        -0.32359546422958374,
        -0.09279990196228027,
        0.13834451138973236,
        0.3474210500717163,
        0.04045310616493225,
        0.09247615933418274
    ],
    "x": [
        0.3278259038925171,
        -0.032622188329696655,
        -0.5557544827461243,
        0.20302622020244598,
        -0.5503319501876831,
        0.3297780156135559,
        -0.2928767800331116,
        0.27966082096099854,
        -0.046705350279808044,
        0.41072192788124084
    ]
}