{
    "seed": 1000000,
    "theta": [
        0.17697949707508087,
        0.3609083592891693,
        -0.4553488492965698,
        0.1737620234489441,
        -0.4588143229484558,
        -0.1657485067844391,
        -0.008666116744279861,
        0.40444591641426086,
        0.08810989558696747,
        0.1885053962469101
    ],
    "x": [
        0.20565588772296906,
        0.12624169886112213,
        -0.5046160221099854,
        0.02567616105079651,
        -0.8741459250450134,
        0.06704364717006683,
        0.07296884059906006,
        0.49679112434387207,
        -0.17461468279361725,
        0.3484785258769989
    ]
}