{
    "seed": 1000012,
    "theta": [
        0.26262572407722473,
        0.40722233057022095,
        -0.3006889820098877,
        0.15038475394248962,
        -0.4535408020019531,
        -0.1174304261803627,
        0.013472460210323334,
        0.2844168245792389,
        -0.128827303647995,
        0.10557996481657028
    ],
    "x": [
        0.2815302312374115,
        0.029057025909423828,
        -0.08667443692684174,
        0.01646505296230316,
        -0.5541830062866211,
        0.4199002683162689,
        -0.5667387247085571,
        0.032381027936935425,
        -0.25964170694351196,
        0.05546768009662628
    ]
}