{
    "seed": 1000009,
    "theta": [
        0.3398081064224243,
        0.2664870619773865,
        0.4190211296081543,
        -0.1983155608177185,
        -0.43312016129493713,
        -0.04049508273601532,
        -0.379064679145813,
        -0.058187950402498245,
        0.1843375861644745,
        0.20796415209770203
    ],
    "x": [
        0.5609496831893921,
        1.0047506093978882,
        0.2876237630844116,
        0.26266857981681824,
        -0.7405103445053101,
        0.5393774509429932,
        -0.5559786558151245,
        0.21975933015346527,
        0.4541488289833069,
        -0.15162894129753113
    ]
}