{
    "seed": 1000005,
    "theta": [
        0.2694804072380066,
        0.3042337894439697,
        0.4492300748825073,
        -0.2692580223083496,
        -0.30018356442451477,
        -0.05512449890375137,
        -0.3268655836582184,
        -0.05764395371079445,
        0.07462354004383087,
        0.31392884254455566
    ],
    "x": [
        0.7110188007354736,
        0.35562664270401,
        0.33227020502090454,
        -0.7733764052391052,
        -0.5773413181304932,
        0.2719348073005676,
        -0.8005412817001343,
        0.42135506868362427,
        0.22362135350704193,
        0.07178732752799988
    ]
}