{
    "seed": 1000000,
    "theta": [
        0.35143494606018066,
        0.43036627769470215,
        0.37734901905059814,
        -0.25278282165527344,
        -0.4988356828689575,
        -0.03332817181944847,
        -0.4159563481807709,
        -0.12968210875988007,
        0.1370498389005661,
        0.3673500418663025
    ],
    "x": [
        1.1267273426055908,
        0.31074216961860657,
        -0.030728697776794434,
        -0.18271681666374207,
        -0.6824640035629272,
        -0.06554915010929108,
        -0.11222633719444275,
        -0.2581615149974823,
        -0.11239762604236603,
        0.3427295386791229
    ]
}