{
    "seed": 1000004,
    "theta": [
        0.2652685046195984,
        0.27784836292266846,
        0.33866748213768005,
        -0.18681539595127106,
        -0.36480268836021423,
        -0.0712776780128479,
        -0.23538538813591003,
        -0.08246579766273499,
        0.16197745501995087,
        0.34103941917419434
    ],
    "x": [
        0.5105199217796326,
        0.5992590188980103,
        0.23773324489593506,
        -0.7118340134620667,
        -0.35727137327194214,
        -0.5038942098617554,
        -0.3546644151210785,
        0.20171964168548584,
        0.6289343237876892,
        0.5376545190811157
    ]
}