{
    "seed": 1000002,
    "theta": [
        0.4475476145744324,
        0.21316775679588318,
        0.258684903383255,
        -0.13633419573307037,
        -0.31317993998527527,
        0.051260996609926224,
        -0.33735543489456177,
        -0.18562066555023193,
        0.17080169916152954,
        0.16494575142860413
    ],
    "x": [
        0.16199037432670593,
        -0.4163161814212799,
        0.25791361927986145,
        -0.7198622822761536,
        -0.35198891162872314,
        0.05087665095925331,
        -0.45301514863967896,
        -0.22845205664634705,
        -0.005886942148208618,
        0.3067229390144348
    ]
}