{
    "seed": 1000012,
    "theta": [
        0.33680713176727295,
        0.476931631565094,
        0.27926236391067505,
        -0.3302701711654663,
        -0.35665765404701233,
        -0.07896021008491516,
        -0.29250869154930115,
        -0.11515334248542786,
        0.13426849246025085,
        0.21782225370407104
    ],
    "x": [
        0.41511625051498413,
        0.7443161606788635,
        0.3056374788284302,
        -0.2177594155073166,
        -0.2396780252456665,
        -0.41462355852127075,
        -0.43937069177627563,
        0.15067455172538757,
        -0.14225277304649353,
        0.6042172312736511
    ]
}