{
    "seed": 1000010,
    "theta": [
        0.5115147233009338,
        0.11467114090919495
    ],
    "x": [
        1.8935235738754272,
        0.9320238828659058,
        0.33544519543647766,
        -0.12469641119241714,
        -0.34974899888038635,
        -0.6298399567604065,
        -0.8058835864067078,
        -0.9740846157073975,
        -1.0237421989440918,
        -1.0341144800186157,
        -1.0665128231048584,
        -1.0683006048202515,
        -1.1097700595855713,
        -1.1147503852844238,
        -1.0737414360046387,
        -0.9928349852561951,
        -1.0059303045272827,
        -1.1145085096359253,
        -1.0761350393295288,
        -1.1471920013427734,
        -1.095530390739441,
        -1.150050401687622,
        -1.1606097221374512,
        -1.082220435142517,
        -0.9998431205749512
    ]
}