{
    "seed": 1000001,
    "theta": [
        0.6351523995399475,
        0.35057735443115234
    ],
    "x": [
        1.8935235738754272,
        1.1002589464187622,
        0.4810749292373657,
        0.10776833444833755,
        -0.11180084943771362,
        -0.34131577610969543,
        -0.33101922273635864,
        -0.467415452003479,
        -0.611995279788971,
        -0.6369759440422058,
        -0.6470463871955872,
        -0.6767500638961792,
        -0.6106784343719482,
        -0.7435489892959595,
        -0.7469111084938049,
        -0.6287034749984741,
        -0.5712862610816956,
        -0.6241268515586853,
        -0.6151163578033447,
        -0.6876172423362732,
        -0.7636615037918091,
        -0.7319349050521851,
        -0.7867173552513123,
        -0.8159598112106323,
        -0.9282118678092957
    ]
}