{
    "seed": 1000008,
    "theta": [
        0.7372046113014221,
        0.2233123630285263
    ],
    "x": [
        1.8935235738754272,
        0.9201660752296448,
        0.27583643794059753,
        -0.12995730340480804,
        -0.36899009346961975,
        -0.6793308258056641,
        -0.7611371278762817,
        -0.7804434299468994,
        -0.8226906061172485,
        -0.7937062382698059,
        -0.8145553469657898,
        -0.7755244374275208,
        -0.7720419764518738,
        -0.8741923570632935,
        -0.8384135961532593,
        -0.85909104347229,
        -0.9046581983566284,
        -0.8379430770874023,
        -0.7742053866386414,
        -0.733133852481842,
        -0.7060220241546631,
        -0.7648163437843323,
        -0.9620221257209778,
        -0.9284238219261169,
        -1.0323035717010498
    ]
}