{
    "seed": 1000012,
    "theta": [
        0.7370970845222473,
        0.3097807765007019
    ],
    "x": [
        1.8935235738754272,
        0.8494297862052917,
        0.42939385771751404,
        0.10737829655408859,
        -0.07648438215255737,
        -0.34041860699653625,
        -0.40065523982048035,
        -0.4385632574558258,
        -0.6200138330459595,
        -0.6415309309959412,
        -0.6758126616477966,
        -0.63800448179245,
        -0.6862918734550476,
        -0.763673722743988,
        -0.6601620316505432,
        -0.712335467338562,
        -0.7011123299598694,
        -0.8154962658882141,
        -0.7625810503959656,
        -0.8232457637786865,
        -0.7417460083961487,
        -0.6603093147277832,
        -0.6388521194458008,
        -0.7009084224700928,
        -0.7670435905456543
    ]
}