{
    "seed": 1000009,
    "theta": [
        0.6094855070114136,
        0.26263806223869324
    ],
    "x": [
        1.8935235738754272,
        1.00259530544281,
        0.38120612502098083,
        -0.012989421375095844,
        -0.20414437353610992,
        -0.47467416524887085,
        -0.49732837080955505,
        -0.4932153522968292,
        -0.5738510489463806,
        -0.6901606321334839,
        -0.6452172994613647,
        -0.5611564517021179,
        -0.6497507691383362,
        -0.6213496923446655,
        -0.5897571444511414,
        -0.7061807513237,
        -0.7212860584259033,
        -0.8059998154640198,
        -0.8807973265647888,
        -0.6900469660758972,
        -0.6300801634788513,
        -0.764053463935852,
        -0.8226017355918884,
        -0.7441840767860413,
        -0.8101881742477417
    ]
}