{
    "seed": 1000008,
    "theta": [
        0.2700986862182617,
        -0.19116786122322083
    ],
    "x": [
        1.8935235738754272,
        1.1041139364242554,
        0.5060732364654541,
        0.07461625337600708,
        -0.2214706391096115,
        -0.5967032313346863,
        -0.7559100389480591,
        -0.8405980467796326,
        -0.9334223866462708,
        -0.946114182472229,
        -0.9953451156616211,
        -0.9794344902038574,
        -0.9895527362823486,
        -1.101523756980896,
        -1.0826140642166138,
        -1.1125328540802002,
        -1.1669257879257202,
        -1.1110512018203735,
        -1.0491678714752197,
        -1.0035251379013062,
        -0.9691663980484009,
        -1.020021915435791,
        -1.2167980670928955,
        -1.2013025283813477,
        -1.3155477046966553
    ]
}