{
    "seed": 1000003,
    "theta": [
        -0.14211726188659668,
        -0.2755970358848572
    ],
    "x": [
        1.8935235738754272,
        1.2013945579528809,
        0.7523650527000427,
        0.4751947224140167,
        0.12522777915000916,
        -0.23030121624469757,
        -0.32743462920188904,
        -0.39858686923980713,
        -0.47910067439079285,
        -0.5596097111701965,
        -0.6483272910118103,
        -0.7080292105674744,
        -0.7615983486175537,
        -0.7693898677825928,
        -0.7998143434524536,
        -0.849800169467926,
        -0.9000299572944641,
        -0.9277921915054321,
        -0.938770592212677,
        -1.0142935514450073,
        -1.083317756652832,
        -1.149578332901001,
        -1.1735987663269043,
        -1.2080767154693604,
        -1.1546493768692017
    ]
}