{
    "seed": 1000005,
    "theta": [
        -0.3734736442565918,
        -0.8311170935630798
    ],
    "x": [
        1.8935235738754272,
        1.498329758644104,
        1.1964489221572876,
        0.8347487449645996,
        0.5957942605018616,
        0.36400556564331055,
        0.2309388667345047,
        0.026974132284522057,
        -0.10196426510810852,
        -0.32554271817207336,
        -0.5674948692321777,
        -0.6341999769210815,
        -0.7416819930076599,
        -0.8608503937721252,
        -0.9823641777038574,
        -1.0971614122390747,
        -1.1915860176086426,
        -1.181104302406311,
        -1.230405569076538,
        -1.2461202144622803,
        -1.2379093170166016,
        -1.1826930046081543,
        -1.1059495210647583,
        -1.1806318759918213,
        -1.245069146156311
    ]
}