{
    "seed": 1000001,
    "theta": [
        0.01498076319694519,
        0.12673979997634888
    ],
    "x": [
        1.8935235738754272,
        1.3748418092727661,
        0.8761094808578491,
        0.522003173828125,
        0.27143386006355286,
        -0.010022199712693691,
        -0.06959078460931778,
        -0.2603926658630371,
        -0.46525177359580994,
        -0.556208074092865,
        -0.6219598054885864,
        -0.6972908973693848,
        -0.6712686419487,
        -0.8278636336326599,
        -0.8666146397590637,
        -0.7770292162895203,
        -0.7277622222900391,
        -0.7799767851829529,
        -0.7770213484764099,
        -0.8532305359840393,
        -0.9412229657173157,
        -0.9284511804580688,
        -0.9944055080413818,
        -1.0393469333648682,
        -1.1677380800247192
    ]
}