{
    "seed": 1000000,
    "theta": [
        0.3366280794143677,
        0.2142680436372757
    ],
    "x": [
        1.8935235738754272,
        1.1670886278152466,
        0.5235455632209778,
        0.1727215051651001,
        -0.18617981672286987,
        -0.3425896167755127,
        -0.5474115014076233,
        -0.6469894647598267,
        -0.6886307001113892,
        -0.6566383242607117,
        -0.7265246510505676,
        -0.8484798669815063,
        -0.8758050203323364,
        -0.8318095207214355,
        -0.8443293571472168,
        -0.8918760418891907,
        -0.7838590741157532,
        -0.8414867520332336,
        -0.7895653247833252,
        -0.8292521238327026,
        -0.8938570022583008,
        -1.035212755203247,
        -1.0154238939285278,
        -0.8852692246437073,
        -0.8102007508277893
    ]
}