{
    "seed": 1000002,
    "theta": [
        0.21678979694843292,
        0.3777695298194885
    ],
    "x": [
        1.8935235738754272,
        1.395566463470459,
        1.0080804824829102,
        0.6210862994194031,
        0.34451746940612793,
        0.06598342210054398,
        -0.17312070727348328,
        -0.3962670862674713,
        -0.5588882565498352,
        -0.5849003195762634,
        -0.6939512491226196,
        -0.5929487347602844,
        -0.7179120182991028,
        -0.7156077027320862,
        -0.7172331213951111,
        -0.7410518527030945,
        -0.8270933628082275,
        -0.8196129202842712,
        -0.7543685436248779,
        -0.5619586110115051,
        -0.7014850378036499,
        -0.6608790755271912,
        -0.6724474430084229,
        -0.6540711522102356,
        -0.8179655075073242
    ]
}