{
    "seed": 1000000,
    "theta": [
        -0.49975332617759705,
        -0.06169438734650612
    ],
    "x": [
        -0.14429157972335815,
        0.40809836983680725
    ]
}