{
    "seed": 1000002,
    "theta": [
        0.39024102687835693,
        -0.1275048404932022
    ],
    "x": [
        0.10599419474601746,
        -0.26803094148635864
    ]
}