{
    "seed": 1000005,
    "theta": [
        -0.19058111310005188,
        -0.00712914252653718
    ],
    "x": [
        0.1804070621728897,
        0.0648273304104805
    ]
}