{
    "seed": 1000001,
    "theta": [
        -0.034641921520233154,
        -0.45118170976638794
    ],
    "x": [
        -0.08745905756950378,
        -0.21145087480545044
    ]
}