{
    "seed": 1000004,
    "theta": [
        0.5384707450866699,
        0.3024328947067261
    ],
    "x": [
        -0.3381451964378357,
        -0.2758220434188843
    ]
}