{
    "seed": 1000009,
    "theta": [
        0.38784167170524597,
        -0.8026646971702576
    ],
    "x": [
        0.041932255029678345,
        -0.7948747277259827
    ]
}