{
    "seed": 1000000,
    "theta": [
        -0.6215609312057495,
        -0.06939781457185745
    ],
    "x": [
        -0.23586970567703247,
        0.48878219723701477
    ]
}