{
    "seed": 1000009,
    "theta": [
        0.2646014988422394,
        -0.8094185590744019
    ],
    "x": [
        -0.04998740553855896,
        -0.7125064730644226
    ]
}