{
    "seed": 1000004,
    "theta": [
        0.4159427583217621,
        0.2947404384613037
    ],
    "x": [
        -0.2460654377937317,
        -0.19462105631828308
    ]
}