{
    "seed": 1000002,
    "theta": [
        0.2670072615146637,
        -0.13520632684230804
    ],
    "x": [
        0.19857937097549438,
        -0.18633729219436646
    ]
}