{
    "seed": 1000010,
    "theta": [
        0.7168148159980774,
        -0.2198527753353119
    ],
    "x": [
        -0.07899698615074158,
        -0.7526247501373291
    ]
}