{
    "seed": 1000003,
    "theta": [
        -0.4226090610027313,
        -0.011298437602818012
    ],
    "x": [
        0.0017972290515899658,
        0.3483230173587799
    ]
}