{
    "seed": 1000003,
    "theta": [
        -0.4408738315105438,
        -0.10492680221796036
    ],
    "x": [
        -0.07732316851615906,
        0.29503288865089417
    ]
}