{
    "seed": 1000005,
    "theta": [
        -0.33235856890678406,
        -0.10845981538295746
    ],
    "x": [
        0.00850367546081543,
        0.09342751652002335
    ]
}