{
    "seed": 1000008,
    "theta": [
        0.21570420265197754,
        -0.10437971353530884
    ],
    "x": [
        0.23003625869750977,
        -0.301799476146698
    ]
}