{
    "seed": 1000010,
    "theta": [
        0.6991113424301147,
        -0.31326162815093994
    ],
    "x": [
        -0.00042870640754699707,
        -0.8061565160751343
    ]
}