{
    "seed": 1000002,
    "theta": [
        0.2486037313938141,
        -0.22873686254024506
    ],
    "x": [
        0.27772873640060425,
        -0.23946014046669006
    ]
}