{
    "seed": 1000001,
    "theta": [
        -0.17658936977386475,
        -0.5512211918830872
    ],
    "x": [
        -0.2585696578025818,
        -0.18181747198104858
    ]
}