{
    "seed": 1000004,
    "theta": [
        0.39757606387138367,
        0.20110654830932617
    ],
    "x": [
        -0.16686907410621643,
        -0.24784299731254578
    ]
}