{
    "seed": 1000009,
    "theta": [
        0.24619778990745544,
        -0.883379340171814
    ],
    "x": [
        -0.11529898643493652,
        -0.75179123878479
    ]
}