{
    "seed": 1000012,
    "theta": [
        0.2884047329425812,
        0.8429544568061829,
        0.27342456579208374,
        0.42821982502937317
    ],
    "x": [
        0.7580640316009521,
        0.8247342705726624,
        0.9726778864860535,
        0.9905924201011658,
        0.8670474886894226,
        0.858275830745697,
        0.804241418838501,
        0.815149188041687,
        0.7459709048271179,
        0.8274612426757812,
        0.835968554019928,
        0.5290237665176392,
        0.6143520474433899,
        0.6999961733818054,
        0.5607407689094543,
        0.6105750799179077,
        0.57789546251297,
        0.5739884972572327,
        0.6291183233261108,
        0.5634564757347107,
        0.5552200078964233,
        0.6294095516204834,
        0.36323052644729614,
        0.41890957951545715,
        0.4896484315395355,
        0.5911216735839844,
        0.5168214440345764,
        0.5720980167388916,
        0.30117619037628174,
        0.4938940703868866,
        0.4999561309814453,
        0.46956366300582886,
        0.46997183561325073,
        0.27883467078208923,
        0.5158321261405945,
        0.47222545742988586,
        0.42109960317611694,
        0.4048226773738861,
        0.32104822993278503,
        0.32878240942955017,
        0.2202400267124176,
        0.3406742215156555,
        0.33962491154670715,
        0.5249164700508118,
        0.4054969847202301,
        0.4155750274658203,
        0.42888182401657104,
        0.4471781551837921,
        0.43867722153663635,
        0.4839566648006439,
        0.346734881401062,
        0.4763057827949524,
        0.5073613524436951,
        0.25932183861732483,
        0.4405161440372467,
        0.24004630744457245,
        0.4164891541004181,
        0.23731599748134613,
        0.4568321108818054,
        0.47291120886802673,
        0.46515005826950073,
        0.48047715425491333,
        0.3701120913028717,
        0.5064137578010559,
        0.2512100338935852,
        0.3485521972179413,
        0.46598079800605774,
        0.4329769015312195,
        0.33588600158691406,
        0.4374047517776489,
        0.5484639406204224,
        0.5133122801780701,
        0.3905192017555237,
        0.3307620882987976,
        0.27367132902145386,
        0.3372034728527069,
        0.4764455258846283,
        -0.03322804719209671,
        0.43524423241615295,
        0.3864789307117462,
        0.5195472836494446,
        0.5275039672851562,
        0.002453104592859745,
        0.5140387415885925,
        0.36595916748046875,
        0.4593423306941986,
        0.4546748995780945,
        0.43536263704299927,
        0.3279150724411011,
        0.39710286259651184,
        0.46327972412109375,
        0.5359499454498291,
        0.49521827697753906,
        0.48653092980384827,
        0.30636367201805115,
        0.46094030141830444,
        0.4491160213947296,
        0.5167943239212036,
        0.479498028755188,
        0.5735377073287964,
        0.5599842071533203
    ]
}