{
    "seed": 1000001,
    "theta": [
        0.24973364174365997,
        0.7595887780189514,
        0.3518044948577881,
        0.4237895905971527
    ],
    "x": [
        0.843310534954071,
        1.0217241048812866,
        0.6964701414108276,
        0.825765073299408,
        0.9405868649482727,
        0.8882148861885071,
        0.8003186583518982,
        0.784058153629303,
        0.8555275201797485,
        0.7910619378089905,
        0.8011552095413208,
        0.7749832272529602,
        0.6476781368255615,
        0.6963787078857422,
        0.49535953998565674,
        0.5888987183570862,
        0.5693250298500061,
        0.7117196321487427,
        0.4626978635787964,
        0.7086611390113831,
        0.5414391756057739,
        0.5829734802246094,
        0.5348954796791077,
        0.5250198245048523,
        0.5559389591217041,
        0.3339206576347351,
        0.3933526277542114,
        0.5223247408866882,
        0.5057308077812195,
        0.4474653899669647,
        0.44932734966278076,
        0.45492222905158997,
        0.49824586510658264,
        0.40643805265426636,
        0.4873301088809967,
        0.359491229057312,
        0.37065353989601135,
        0.5288732051849365,
        0.45604056119918823,
        0.47583186626434326,
        0.44284680485725403,
        0.4922744631767273,
        0.37347400188446045,
        0.3503238558769226,
        0.3770390748977661,
        0.5297726988792419,
        0.45598283410072327,
        0.3230229616165161,
        0.4009054899215698,
        0.4356991946697235,
        0.343561053276062,
        0.4727989137172699,
        0.42821770906448364,
        0.5114759802818298,
        0.42955702543258667,
        0.17828598618507385,
        0.41931864619255066,
        0.3962014615535736,
        0.5151844024658203,
        0.47097766399383545,
        0.37894248962402344,
        0.4842333495616913,
        0.31386515498161316,
        0.4212333559989929,
        0.3271036744117737,
        0.4223286807537079,
        0.4813133180141449,
        0.4253644347190857,
        0.42613017559051514,
        0.27041295170783997,
        0.49333304166793823,
        0.3753083646297455,
        0.4395456910133362,
        0.5760213136672974,
        0.3103548586368561,
        0.3847174346446991,
        0.4997062683105469,
        0.38104236125946045,
        0.4594227969646454,
        0.4140055477619171,
        0.42004457116127014,
        0.2514915466308594,
        0.3895156979560852,
        0.20604565739631653,
        0.4757625460624695,
        0.4471462368965149,
        0.43014413118362427,
        0.4041908383369446,
        0.3871549069881439,
        0.3955729305744171,
        0.43567976355552673,
        0.4644332826137543,
        0.33407923579216003,
        0.4120534360408783,
        0.37611326575279236,
        0.46169981360435486,
        0.5384380221366882,
        0.400561660528183,
        0.48360520601272583,
        0.5189783573150635,
        0.649566650390625
    ]
}