{
    "seed": 1000002,
    "theta": [
        0.2702944278717041,
        0.70332270860672,
        0.3733395040035248,
        0.44824889302253723
    ],
    "x": [
        0.6726563572883606,
        0.7612403631210327,
        0.8497876524925232,
        0.7785618901252747,
        0.7983895540237427,
        0.7647875547409058,
        0.8102872371673584,
        0.8070841431617737,
        0.8192596435546875,
        0.7278096675872803,
        0.6834391355514526,
        0.7867127656936646,
        0.5787849426269531,
        0.5617198944091797,
        0.6263446807861328,
        0.6868003606796265,
        0.6589585542678833,
        0.5041612982749939,
        0.620917022228241,
        0.671792209148407,
        0.6053581237792969,
        0.5512401461601257,
        0.5874654054641724,
        0.5314885377883911,
        0.5438400506973267,
        0.5871359705924988,
        0.43993404507637024,
        0.4065755307674408,
        0.5705655217170715,
        0.524218738079071,
        0.43830081820487976,
        0.45661240816116333,
        0.49740156531333923,
        0.5670828223228455,
        0.45881348848342896,
        0.58116215467453,
        0.4268689453601837,
        0.5638071894645691,
        0.4901618957519531,
        0.4373747408390045,
        0.42017364501953125,
        0.5571923851966858,
        0.42532068490982056,
        0.36980119347572327,
        0.581069827079773,
        0.5551651120185852,
        0.3938770294189453,
        0.4212130308151245,
        0.4077921509742737,
        0.4635604918003082,
        0.4804040193557739,
        0.33698323369026184,
        0.44553107023239136,
        0.502029299736023,
        0.3370712399482727,
        0.44425201416015625,
        0.47428232431411743,
        0.40757521986961365,
        0.25510546565055847,
        0.3607705533504486,
        0.09560750424861908,
        0.3522658050060272,
        0.5066021084785461,
        0.5582916140556335,
        0.514327883720398,
        0.41934648156166077,
        0.49124589562416077,
        0.5498789548873901,
        0.3646598756313324,
        0.2490791380405426,
        0.46268194913864136,
        0.47205671668052673,
        0.4507494568824768,
        0.5613321661949158,
        0.3365493714809418,
        0.4399765133857727,
        0.3495040833950043,
        0.39431241154670715,
        0.48523077368736267,
        0.5117467045783997,
        0.3780480623245239,
        0.5485809445381165,
        0.38994675874710083,
        0.4206748902797699,
        0.5386868715286255,
        0.3867805600166321,
        0.37295228242874146,
        0.47216567397117615,
        0.45697250962257385,
        0.4880729615688324,
        0.574966311454773,
        0.6089007258415222,
        0.6269752383232117,
        0.522782027721405,
        0.5009250640869141,
        0.6181977391242981,
        0.5095995664596558,
        0.533349871635437,
        0.6201604008674622,
        0.6029159426689148,
        0.6355717778205872
    ]
}