{
    "seed": 1000003,
    "theta": [
        0.2880195677280426,
        0.7079407572746277,
        0.42391884326934814,
        0.48785436153411865
    ],
    "x": [
        0.5331483483314514,
        0.9235542416572571,
        0.8734068274497986,
        0.9271858334541321,
        0.8573226928710938,
        0.8004160523414612,
        0.7517942786216736,
        0.8620911836624146,
        0.9101014733314514,
        0.7155597805976868,
        0.6824249029159546,
        0.800497829914093,
        0.7700009942054749,
        0.6260420680046082,
        0.3928551971912384,
        0.5750768184661865,
        0.6164177060127258,
        0.4330545961856842,
        0.42305323481559753,
        0.5546085238456726,
        0.4824729859828949,
        0.5220362544059753,
        0.5181438326835632,
        0.53062504529953,
        0.5399550199508667,
        0.5897969603538513,
        0.5556087493896484,
        0.5409430265426636,
        0.4377414584159851,
        0.44011104106903076,
        0.4460960328578949,
        0.25045546889305115,
        0.5558580756187439,
        0.42003440856933594,
        0.43270111083984375,
        0.5078965425491333,
        0.47170716524124146,
        0.38446566462516785,
        0.4912562072277069,
        0.543904721736908,
        0.47036007046699524,
        0.5140698552131653,
        0.38154831528663635,
        0.46756717562675476,
        0.5187345147132874,
        0.5168285369873047,
        0.5457472205162048,
        0.39895692467689514,
        0.27001163363456726,
        0.32563960552215576,
        0.4683324098587036,
        0.1867731660604477,
        0.395221084356308,
        0.2275238037109375,
        0.4377232789993286,
        0.38583487272262573,
        0.428790420293808,
        0.5108140110969543,
        0.43845340609550476,
        0.46192488074302673,
        0.5349997282028198,
        0.3787284791469574,
        0.3351301848888397,
        0.5106087923049927,
        0.3405619263648987,
        0.5577734708786011,
        0.4242928922176361,
        0.5286821722984314,
        0.5839118957519531,
        0.38467204570770264,
        0.4224783480167389,
        0.4794723391532898,
        0.3017004728317261,
        0.5222083926200867,
        0.39568278193473816,
        0.5358144044876099,
        0.5022748112678528,
        0.4506961703300476,
        0.5236480832099915,
        0.2609497010707855,
        0.5054430365562439,
        0.4342378079891205,
        0.5294972658157349,
        0.44776904582977295,
        0.5239421725273132,
        0.54229736328125,
        0.4463667571544647,
        0.4331855773925781,
        0.516882598400116,
        0.4709536135196686,
        0.477325439453125,
        0.43628424406051636,
        0.46294084191322327,
        0.46963322162628174,
        0.4960303008556366,
        0.40537184476852417,
        0.4047078490257263,
        0.5677266716957092,
        0.4692966341972351,
        0.4891396760940552,
        0.6504567265510559
    ]
}