{
    "seed": 1000009,
    "theta": [
        0.26225438714027405,
        0.8126903176307678,
        0.35790544748306274,
        0.42659202218055725
    ],
    "x": [
        0.8920186161994934,
        0.8485206365585327,
        0.8333874940872192,
        0.5771192908287048,
        0.9600328803062439,
        0.6436266303062439,
        0.7700942754745483,
        0.8134186863899231,
        0.7624551057815552,
        0.6388992071151733,
        0.5640732049942017,
        0.5062016844749451,
        0.7244439721107483,
        0.5962178707122803,
        0.6877533197402954,
        0.7134956121444702,
        0.44831135869026184,
        0.6087684631347656,
        0.5835680365562439,
        0.6556568145751953,
        0.6109111905097961,
        0.4037976562976837,
        0.5915560126304626,
        0.5535557866096497,
        0.546225368976593,
        0.40911611914634705,
        0.5146917700767517,
        0.5562458038330078,
        0.4716483950614929,
        0.23390528559684753,
        0.3746758699417114,
        0.477441668510437,
        0.40802904963493347,
        0.43717625737190247,
        0.26525115966796875,
        0.46326547861099243,
        0.4588867127895355,
        0.4348141849040985,
        0.5017040371894836,
        0.4875630736351013,
        0.4362246096134186,
        0.3224484622478485,
        0.49299290776252747,
        0.5422930121421814,
        0.4750363528728485,
        0.5027381777763367,
        0.5218363404273987,
        0.34642258286476135,
        0.2632638216018677,
        0.4253813326358795,
        0.42978528141975403,
        0.5382004976272583,
        0.43258729577064514,
        0.3164924681186676,
        0.3348022401332855,
        0.4227653443813324,
        0.3145609498023987,
        0.3275642395019531,
        0.5477058291435242,
        0.30311304330825806,
        0.4423665404319763,
        0.13707199692726135,
        0.4334098696708679,
        0.5169747471809387,
        0.35455435514450073,
        0.45332273840904236,
        0.2677346467971802,
        0.40133970975875854,
        0.27012380957603455,
        0.4119452238082886,
        0.4143681824207306,
        0.33461177349090576,
        0.3726922273635864,
        0.328939825296402,
        0.44240671396255493,
        0.33288878202438354,
        0.2516568601131439,
        0.4958418607711792,
        0.3781682252883911,
        0.49309462308883667,
        0.3071524202823639,
        0.37828686833381653,
        0.4846561551094055,
        0.44449082016944885,
        0.4170607328414917,
        0.24607403576374054,
        0.3418683409690857,
        0.46121788024902344,
        0.37975552678108215,
        0.29916825890541077,
        0.5821975469589233,
        0.45976436138153076,
        0.2025470733642578,
        0.32085686922073364,
        0.5256975889205933,
        0.3191080689430237,
        0.45804494619369507,
        0.4901130795478821,
        0.4991874694824219,
        0.21847304701805115,
        0.5212059020996094
    ]
}