{
    "seed": 1000008,
    "theta": [
        0.3016587793827057,
        0.8000028729438782,
        0.3540034890174866,
        0.4414805769920349
    ],
    "x": [
        0.857947051525116,
        0.8415516018867493,
        0.8604597449302673,
        0.7056561708450317,
        0.7596898674964905,
        0.8855519890785217,
        0.6128339171409607,
        0.7045180201530457,
        0.6532994508743286,
        0.7681209444999695,
        0.7754417657852173,
        0.6423479914665222,
        0.7196661829948425,
        0.751757800579071,
        0.29316839575767517,
        0.7268713712692261,
        0.6071090698242188,
        0.622844934463501,
        0.4960789978504181,
        0.4304852783679962,
        0.5869699120521545,
        0.5689322352409363,
        0.5846331119537354,
        0.5410810112953186,
        0.4717158079147339,
        0.5491656064987183,
        0.4904252290725708,
        0.523787796497345,
        0.4972647428512573,
        0.47943228483200073,
        0.5708236694335938,
        0.4664255678653717,
        0.2743576169013977,
        0.48955076932907104,
        0.46727779507637024,
        0.4652414917945862,
        0.4792063534259796,
        0.3601263761520386,
        0.5329704284667969,
        0.4190226197242737,
        0.42029979825019836,
        0.42829591035842896,
        0.27309417724609375,
        0.1514284759759903,
        0.39751002192497253,
        0.400146484375,
        0.3013966977596283,
        0.5702317357063293,
        0.321850448846817,
        0.4879903197288513,
        0.4223659634590149,
        0.39623337984085083,
        0.4375578463077545,
        0.4203629791736603,
        0.4694524109363556,
        0.4387688934803009,
        0.5456591248512268,
        0.3809824585914612,
        0.3994731903076172,
        0.4452206790447235,
        0.4236923158168793,
        0.3025469481945038,
        0.44626694917678833,
        0.2964616119861603,
        0.4888859987258911,
        0.28964564204216003,
        0.23051656782627106,
        0.42914479970932007,
        0.5208728909492493,
        0.5563448667526245,
        0.5120334625244141,
        0.43909594416618347,
        0.5235580205917358,
        0.43224412202835083,
        0.32325008511543274,
        0.448272705078125,
        0.4649695158004761,
        0.3342280089855194,
        0.15480473637580872,
        0.478585422039032,
        0.4055526852607727,
        0.3511333465576172,
        0.480874240398407,
        0.46902745962142944,
        0.4748736023902893,
        0.4909929931163788,
        0.5012282133102417,
        0.5355941653251648,
        0.32264962792396545,
        0.5146999359130859,
        0.395254909992218,
        0.35177409648895264,
        0.24116338789463043,
        0.5212997198104858,
        0.3745652437210083,
        0.5717391967773438,
        0.493280291557312,
        0.4603290557861328,
        0.6010282039642334,
        0.5261965394020081,
        0.5861020684242249
    ]
}