{
    "seed": 1000000,
    "theta": [
        0.2988874018192291,
        0.7233067750930786,
        0.3617173731327057,
        0.4447919428348541
    ],
    "x": [
        0.7415687441825867,
        1.037570595741272,
        0.7031290531158447,
        0.8955556154251099,
        0.9027300477027893,
        0.8082417845726013,
        0.6458067297935486,
        0.7545281648635864,
        0.6844776272773743,
        0.6799564361572266,
        0.78802490234375,
        0.5838248133659363,
        0.5310900211334229,
        0.7175486087799072,
        0.6656889319419861,
        0.7249724268913269,
        0.49520987272262573,
        0.6685543060302734,
        0.510659396648407,
        0.4130500853061676,
        0.46673405170440674,
        0.35718294978141785,
        0.5545437932014465,
        0.4366195797920227,
        0.4784412384033203,
        0.546829104423523,
        0.5749272704124451,
        0.5713053345680237,
        0.43746960163116455,
        0.5550627112388611,
        0.5080212950706482,
        0.43626976013183594,
        0.4405215084552765,
        0.4038200378417969,
        0.448043555021286,
        0.38559913635253906,
        0.5319534540176392,
        0.3375220000743866,
        0.4398506283760071,
        0.4379936158657074,
        0.38156065344810486,
        0.5240556001663208,
        0.39435169100761414,
        0.09881286323070526,
        0.28442254662513733,
        0.40147411823272705,
        0.5468878149986267,
        0.4413171112537384,
        0.5086033940315247,
        0.30416056513786316,
        0.4390374422073364,
        0.4742787778377533,
        0.44877180457115173,
        0.4387989044189453,
        0.5655753016471863,
        0.2995821535587311,
        0.5281866788864136,
        0.2308020293712616,
        0.5904398560523987,
        0.2456335723400116,
        0.28954073786735535,
        0.3519415557384491,
        0.5070958733558655,
        0.4105115234851837,
        0.5487741827964783,
        0.3137752413749695,
        0.491256445646286,
        0.4481091797351837,
        0.3951384127140045,
        0.5735176205635071,
        0.3939814269542694,
        0.4368623197078705,
        0.33628132939338684,
        0.3316664397716522,
        0.33157476782798767,
        0.32007572054862976,
        0.5448984503746033,
        0.4945816099643707,
        0.34349682927131653,
        0.4968840181827545,
        0.5391474366188049,
        0.29071348905563354,
        0.5409229397773743,
        0.4872398376464844,
        0.3663010895252228,
        0.3443032503128052,
        0.3328819274902344,
        0.4383646547794342,
        0.5073216557502747,
        0.43402403593063354,
        0.529205858707428,
        0.43398603796958923,
        0.4761708676815033,
        0.5161812901496887,
        0.4125710725784302,
        0.4826017916202545,
        0.3998822569847107,
        0.2752242982387543,
        0.46949589252471924,
        0.6183177828788757,
        0.5251233577728271
    ]
}