{
    "seed": 1000010,
    "theta": [
        0.3402664065361023,
        0.7318690419197083,
        0.3137598931789398,
        0.360601007938385
    ],
    "x": [
        0.8992024660110474,
        0.672748327255249,
        0.7048927545547485,
        0.7488049864768982,
        0.8808600306510925,
        0.6896637082099915,
        0.6436749696731567,
        0.861865222454071,
        0.5950190424919128,
        0.724410891532898,
        0.7928370237350464,
        0.7857347130775452,
        0.7972605228424072,
        0.6569309234619141,
        0.6589342951774597,
        0.6865015625953674,
        0.6280164122581482,
        0.6566334962844849,
        0.5559960603713989,
        0.3933844268321991,
        0.5783330202102661,
        0.725750207901001,
        0.5361067652702332,
        0.43587252497673035,
        0.5411815643310547,
        0.44525018334388733,
        0.49287745356559753,
        0.3823431730270386,
        0.49592337012290955,
        0.4575744569301605,
        0.39061877131462097,
        0.508446991443634,
        0.3489135801792145,
        0.47956085205078125,
        0.5085477232933044,
        0.4195002317428589,
        0.5692641139030457,
        0.16996994614601135,
        0.061815641820430756,
        0.5278121829032898,
        0.481664776802063,
        0.5129405856132507,
        0.3104616701602936,
        0.5614397525787354,
        0.21851298213005066,
        0.3305996060371399,
        0.5118550658226013,
        0.46064695715904236,
        0.44385069608688354,
        0.4097389280796051,
        0.32799938321113586,
        0.3989161252975464,
        0.3878341615200043,
        0.34572333097457886,
        0.4935312867164612,
        0.12328185886144638,
        0.5007474422454834,
        0.3803596496582031,
        0.3426119387149811,
        0.3937155306339264,
        0.5518450140953064,
        0.4557369351387024,
        0.2623925507068634,
        0.4108797609806061,
        0.3691025972366333,
        0.451244980096817,
        0.5501771569252014,
        0.3991233706474304,
        0.3336794674396515,
        0.4499605894088745,
        0.37078627943992615,
        0.5579479336738586,
        0.22190679609775543,
        0.4076189696788788,
        0.3848991394042969,
        0.4873772859573364,
        0.2720380127429962,
        0.32629647850990295,
        0.5472881197929382,
        0.5350522398948669,
        0.44012221693992615,
        0.4335099458694458,
        0.4768332242965698,
        0.512139618396759,
        0.3581990599632263,
        0.4936261475086212,
        0.5477003455162048,
        0.4884464144706726,
        0.43081918358802795,
        0.29283013939857483,
        0.20194104313850403,
        0.5143858790397644,
        0.4328359067440033,
        0.29574763774871826,
        0.4431345760822296,
        0.5517341494560242,
        0.61491459608078,
        0.6104332208633423,
        0.5853502750396729,
        0.6249346137046814,
        0.7234750390052795
    ]
}