{
    "seed": 1000005,
    "theta": [
        0.30640172958374023,
        0.8211966156959534,
        0.4383440613746643,
        0.3781493008136749
    ],
    "x": [
        0.8651789426803589,
        0.6356856226921082,
        0.9672914147377014,
        0.8198384642601013,
        0.7048376798629761,
        0.874242901802063,
        0.8334256410598755,
        0.9213753938674927,
        0.6137253046035767,
        0.7639451622962952,
        0.7738106846809387,
        0.657507061958313,
        0.717077374458313,
        0.6974828243255615,
        0.6693159937858582,
        0.3969360291957855,
        0.6549459099769592,
        0.5006113648414612,
        0.49775034189224243,
        0.37231776118278503,
        0.4896513521671295,
        0.556691586971283,
        0.5209699273109436,
        0.6624622344970703,
        0.5929537415504456,
        0.399185448884964,
        0.6760838627815247,
        0.45815926790237427,
        0.5621744990348816,
        0.45930659770965576,
        0.4411056637763977,
        0.3919377624988556,
        0.27081018686294556,
        0.45436999201774597,
        0.3901430666446686,
        0.49410349130630493,
        0.25637155771255493,
        0.43541958928108215,
        0.4481225311756134,
        0.39359143376350403,
        0.5306127071380615,
        0.4187026917934418,
        0.43756625056266785,
        0.2344767302274704,
        0.45783132314682007,
        0.43299803137779236,
        0.3911476135253906,
        0.2917836606502533,
        0.32527288794517517,
        0.5193560123443604,
        0.42375755310058594,
        0.2862500548362732,
        0.40181922912597656,
        0.3965796232223511,
        0.49916940927505493,
        0.3455135226249695,
        0.36633428931236267,
        0.35798656940460205,
        0.05681966245174408,
        0.540563702583313,
        0.4992469847202301,
        0.3555016815662384,
        0.3977971374988556,
        0.4573310911655426,
        0.3033912777900696,
        0.465075820684433,
        0.3761157989501953,
        0.3174784481525421,
        0.23238855600357056,
        0.18396200239658356,
        0.4580337405204773,
        0.38786444067955017,
        0.5063236355781555,
        0.3519630432128906,
        0.4807058870792389,
        0.1560508757829666,
        0.263406366109848,
        0.31355515122413635,
        0.46760913729667664,
        0.4452437162399292,
        0.39147377014160156,
        0.34548109769821167,
        0.344168096780777,
        0.3370540738105774,
        0.41419854760169983,
        0.357254296541214,
        0.23490537703037262,
        0.5264145135879517,
        0.4513102173805237,
        0.33543407917022705,
        0.4739687740802765,
        0.23586133122444153,
        0.3950391113758087,
        0.35793277621269226,
        0.40659740567207336,
        0.4819841980934143,
        0.3785713315010071,
        0.525177538394928,
        0.4998024106025696,
        0.5766728520393372,
        0.6620386838912964
    ]
}