{
    "seed": 1000005,
    "theta": [
        0.17379480600357056,
        0.41195452213287354
    ],
    "x": [
        -0.09397798776626587,
        0.10351153463125229
    ]
}