{
    "seed": 1000010,
    "theta": [
        0.5876342058181763,
        0.32988980412483215
    ],
    "x": [
        -0.37637922167778015,
        -0.27255353331565857
    ]
}