{
    "seed": 1000001,
    "theta": [
        0.23620671033859253,
        0.23409582674503326
    ],
    "x": [
        -0.07648396492004395,
        0.08159462362527847
    ]
}