{
    "seed": 1000003,
    "theta": [
        0.13023580610752106,
        0.41336923837661743
    ],
    "x": [
        -0.07577067613601685,
        0.257688045501709
    ]
}