{
    "seed": 1000008,
    "theta": [
        0.3932324945926666,
        0.4135883152484894
    ],
    "x": [
        -0.2617539167404175,
        -0.061072275042533875
    ]
}