{
    "seed": 1000000,
    "theta": [
        0.049939051270484924,
        0.39011651277542114
    ],
    "x": [
        -0.05845436453819275,
        0.33888572454452515
    ]
}