{
    "seed": 1000002,
    "theta": [
        0.4064018130302429,
        0.36377638578414917
    ],
    "x": [
        -0.25282150506973267,
        0.06792993098497391
    ]
}