{
    "seed": 1000000,
    "theta": [
        0.4550073444843292,
        0.3931519091129303,
        0.7602405548095703,
        0.7400305867195129
    ],
    "x": [
        0.9718608856201172,
        0.9659507870674133,
        0.928542971611023,
        0.8243578672409058,
        0.727120578289032,
        0.8352311253547668,
        0.7209149599075317,
        0.7984417080879211,
        0.5710551142692566,
        0.6838615536689758,
        0.686843752861023,
        0.621355414390564,
        0.6574230194091797,
        0.5949065089225769,
        0.5836573243141174,
        0.5825940370559692,
        0.4894666075706482,
        0.5396357178688049,
        0.23123563826084137,
        0.4159507751464844,
        0.5247393250465393,
        0.5000776648521423,
        0.42533189058303833,
        0.5373254418373108,
        0.04754689708352089,
        0.3829129636287689,
        0.4532840847969055,
        0.5311691164970398,
        0.48513540625572205,
        0.31918638944625854,
        0.5081626772880554,
        0.48269298672676086,
        0.43152618408203125,
        0.5611075162887573,
        0.560528039932251,
        0.48232752084732056,
        0.13701781630516052,
        0.5423608422279358,
        0.5086453557014465,
        0.5310447812080383,
        0.3654562532901764,
        0.5051950812339783,
        0.36475804448127747,
        0.48633843660354614,
        0.3940545320510864,
        0.4351437985897064,
        0.47315967082977295,
        0.49698716402053833,
        0.37113088369369507,
        0.4071071743965149,
        0.45702844858169556,
        0.4688420593738556,
        0.5191568732261658,
        0.4241124391555786,
        0.5665284395217896,
        0.46462109684944153,
        0.32401376962661743,
        0.34298884868621826,
        0.535811722278595,
        0.3760172426700592,
        0.49611395597457886,
        0.27623289823532104,
        0.33795052766799927,
        0.4685010313987732,
        0.31549084186553955,
        0.44216078519821167,
        0.4809923768043518,
        0.22463837265968323,
        0.4966687560081482,
        0.44161364436149597,
        0.36615294218063354,
        0.57542484998703,
        0.5583457946777344,
        0.4254608154296875,
        0.3302474915981293,
        0.4606032073497772,
        0.4805392026901245,
        0.5600584745407104,
        0.32690492272377014,
        0.5818374752998352,
        0.4073805510997772,
        0.23329748213291168,
        0.3868001401424408,
        0.48620083928108215,
        0.45535963773727417,
        0.2756015658378601,
        0.29268237948417664,
        0.29891523718833923,
        0.309854120016098,
        0.394415020942688,
        0.5138352513313293,
        0.5103257298469543,
        0.35354918241500854,
        0.3465423583984375,
        0.5061248540878296,
        0.38711750507354736,
        0.44721412658691406,
        0.5107834935188293,
        0.5366845726966858,
        0.5640609860420227,
        0.6580875515937805
    ]
}