{
    "seed": 1000001,
    "theta": [
        0.3540768325328827,
        0.3648066520690918,
        0.8429767489433289,
        0.7366712689399719
    ],
    "x": [
        0.9775324463844299,
        0.829116940498352,
        0.9643693566322327,
        0.8590404391288757,
        0.6593366265296936,
        0.827463686466217,
        0.559130847454071,
        0.6893067955970764,
        0.6283248662948608,
        0.7209088802337646,
        0.5023127198219299,
        0.5819098353385925,
        0.48218563199043274,
        0.5759190917015076,
        0.5952710509300232,
        0.5546221137046814,
        0.46869581937789917,
        0.5647707581520081,
        0.5103949308395386,
        0.452789306640625,
        0.517578661441803,
        0.5409876704216003,
        0.3149302303791046,
        0.5370661616325378,
        0.43801599740982056,
        0.5136078000068665,
        0.38747546076774597,
        0.39220911264419556,
        0.5052930116653442,
        0.42056262493133545,
        0.4565542936325073,
        0.5447784662246704,
        0.43093985319137573,
        0.49262937903404236,
        0.49078547954559326,
        0.36366575956344604,
        0.49237123131752014,
        0.4680791199207306,
        0.5293217897415161,
        0.3183530271053314,
        0.377304345369339,
        0.4453018307685852,
        0.5762813687324524,
        0.4160271883010864,
        0.46719029545783997,
        0.516998827457428,
        0.40741539001464844,
        0.4514907896518707,
        0.2311754822731018,
        0.48625463247299194,
        0.5021514892578125,
        0.30357056856155396,
        0.2138182371854782,
        0.5266798734664917,
        0.4336884915828705,
        0.23797607421875,
        0.3548215329647064,
        0.4976029694080353,
        0.3133138120174408,
        0.5303632020950317,
        0.42431068420410156,
        0.49431928992271423,
        0.5093994140625,
        0.45296961069107056,
        0.34638074040412903,
        0.5246083736419678,
        0.4897618591785431,
        0.26085740327835083,
        0.49297282099723816,
        0.4196716248989105,
        0.4027084410190582,
        0.4933032989501953,
        0.4557095766067505,
        0.42614465951919556,
        0.5430478453636169,
        0.36964938044548035,
        0.5125671625137329,
        0.4912676513195038,
        0.5908586978912354,
        0.5515397191047668,
        0.4697696566581726,
        0.49044671654701233,
        0.5642528533935547,
        0.5416135191917419,
        0.46583443880081177,
        0.4982088804244995,
        0.41388675570487976,
        0.5560207366943359,
        0.4401189088821411,
        0.5559151768684387,
        0.6032370328903198,
        0.4673975706100464,
        0.5143253207206726,
        0.5718891024589539,
        0.404928594827652,
        0.43984732031822205,
        0.5923250913619995,
        0.5694035887718201,
        0.6788560152053833,
        0.7129325866699219,
        0.760882556438446
    ]
}