{
    "seed": 1000004,
    "theta": [
        0.5216519832611084,
        0.4292515516281128,
        0.8456098437309265,
        0.8115779161453247
    ],
    "x": [
        0.8879927396774292,
        1.0268127918243408,
        0.936902642250061,
        0.8582537174224854,
        0.7569618225097656,
        0.6777635216712952,
        0.8036212921142578,
        0.8454754948616028,
        0.77079838514328,
        0.6389231085777283,
        0.5798413753509521,
        0.6263428926467896,
        0.6015932559967041,
        0.5799400210380554,
        0.5360005497932434,
        0.49078699946403503,
        0.4675801694393158,
        0.5655677914619446,
        0.4744720458984375,
        0.5531939268112183,
        0.4586320221424103,
        0.5323262810707092,
        0.5882260799407959,
        0.4916270077228546,
        0.42739537358283997,
        0.5881696343421936,
        0.48945438861846924,
        0.34841206669807434,
        0.4844662845134735,
        0.47282078862190247,
        0.40699145197868347,
        0.48521119356155396,
        0.44409483671188354,
        0.26885682344436646,
        0.5246354341506958,
        0.5468178987503052,
        0.4687691926956177,
        0.31115609407424927,
        0.4530833065509796,
        0.1608375608921051,
        0.40615031123161316,
        0.5758954286575317,
        0.5218378901481628,
        0.4990028440952301,
        0.4655929505825043,
        0.391772598028183,
        0.48782870173454285,
        0.4602699279785156,
        0.38228556513786316,
        0.43442535400390625,
        0.48278477787971497,
        0.43456295132637024,
        0.3226412534713745,
        0.5079689025878906,
        0.34822070598602295,
        0.5247957706451416,
        0.4624965786933899,
        0.4960867464542389,
        0.5912995934486389,
        0.405041366815567,
        0.4868169128894806,
        0.49630382657051086,
        0.5615667700767517,
        0.44085121154785156,
        0.35219892859458923,
        0.41547876596450806,
        0.40827497839927673,
        0.4543698728084564,
        0.49614447355270386,
        0.4538613557815552,
        0.5322616696357727,
        0.46320483088493347,
        0.361419677734375,
        0.5299209356307983,
        0.4642377197742462,
        0.32980576157569885,
        0.5817105770111084,
        0.4374791383743286,
        0.4921574890613556,
        0.3887369930744171,
        0.19789785146713257,
        0.513113796710968,
        0.19302138686180115,
        0.259716659784317,
        0.4552459716796875,
        0.4507308900356293,
        0.4424385130405426,
        0.19636331498622894,
        0.5807569026947021,
        0.501922607421875,
        0.49024122953414917,
        0.5443159937858582,
        0.5345898866653442,
        0.6055775880813599,
        0.5700709223747253,
        0.5145130157470703,
        0.6228678226470947,
        0.5452466607093811,
        0.7053902745246887,
        0.6670927405357361,
        0.771687924861908
    ]
}