{
    "seed": 1000009,
    "theta": [
        0.6045534610748291,
        0.5208488702774048,
        0.606817364692688,
        0.2721205949783325
    ],
    "x": [
        0.947525143623352,
        0.8485056757926941,
        0.9254639744758606,
        0.880077600479126,
        0.9411817193031311,
        0.7600485682487488,
        0.7559159398078918,
        0.7526458501815796,
        0.7997373938560486,
        0.739788830280304,
        0.8008225560188293,
        0.6556766629219055,
        0.6790934205055237,
        0.5936719179153442,
        0.6031429171562195,
        0.5783060789108276,
        0.45915234088897705,
        0.512481153011322,
        0.5054845213890076,
        0.565109133720398,
        0.5654846429824829,
        0.3963666260242462,
        0.51188725233078,
        0.4503561556339264,
        0.38921838998794556,
        0.4656051695346832,
        0.49356868863105774,
        0.4040718078613281,
        0.4347694516181946,
        0.43441492319107056,
        0.49567654728889465,
        0.5236536860466003,
        0.3402699828147888,
        0.3445873260498047,
        0.496634304523468,
        0.4884909391403198,
        0.4652267396450043,
        0.4871627688407898,
        0.404550164937973,
        0.42737579345703125,
        0.45464643836021423,
        0.5211208462715149,
        0.4783056974411011,
        0.5039606690406799,
        0.5366077423095703,
        0.5360716581344604,
        0.4453049898147583,
        0.4569692015647888,
        0.41366374492645264,
        0.3910599946975708,
        0.4048697054386139,
        0.4016081392765045,
        0.42687365412712097,
        0.42191392183303833,
        0.4554402530193329,
        0.42617619037628174,
        0.46522292494773865,
        0.4517645537853241,
        0.3539573550224304,
        0.483667254447937,
        0.4982607662677765,
        0.270797997713089,
        0.47282904386520386,
        0.40882760286331177,
        0.46694743633270264,
        0.444580078125,
        0.4507167935371399,
        0.3683324158191681,
        0.2235436737537384,
        0.49943897128105164,
        0.4775136411190033,
        0.5525761842727661,
        0.4615422487258911,
        0.509195864200592,
        0.5255287289619446,
        0.3681940734386444,
        0.5259336829185486,
        0.514313280582428,
        0.44856464862823486,
        0.4620627164840698,
        0.2864297330379486,
        0.5060045719146729,
        0.44193190336227417,
        0.541281521320343,
        0.542944073677063,
        0.4926005005836487,
        0.4867856204509735,
        0.5435701012611389,
        0.4946150481700897,
        0.4980021119117737,
        0.5262945890426636,
        0.5591280460357666,
        0.569428026676178,
        0.5352142453193665,
        0.5840840935707092,
        0.6128050684928894,
        0.6460344791412354,
        0.6532739996910095,
        0.6859358549118042,
        0.7224553227424622,
        0.7893932461738586
    ]
}