{
    "seed": 1000012,
    "theta": [
        0.3407973051071167,
        0.39263787865638733,
        0.7719913721084595,
        0.7896155714988708
    ],
    "x": [
        0.7334424257278442,
        0.9836064577102661,
        0.8207374811172485,
        0.7961495518684387,
        0.8435044884681702,
        0.7480603456497192,
        0.7035163640975952,
        0.6152305603027344,
        0.6970012784004211,
        0.5926363468170166,
        0.520590603351593,
        0.6225243806838989,
        0.38846179842948914,
        0.5642103552818298,
        0.5892955660820007,
        0.5061520934104919,
        0.5569925904273987,
        0.48014500737190247,
        0.42608311772346497,
        0.41844940185546875,
        0.5148715972900391,
        0.5569425225257874,
        0.51544189453125,
        0.42567163705825806,
        0.4176127016544342,
        0.48487091064453125,
        0.4503880739212036,
        0.4190111756324768,
        0.4534568786621094,
        0.5023619532585144,
        0.47076237201690674,
        0.4648635983467102,
        0.6126574277877808,
        0.5334309935569763,
        0.40563011169433594,
        0.32198816537857056,
        0.4141426086425781,
        0.39109089970588684,
        0.4883677065372467,
        0.4698539674282074,
        0.5488759279251099,
        0.4088822603225708,
        0.3762054443359375,
        0.35956382751464844,
        0.5048750638961792,
        0.4506036043167114,
        0.40757521986961365,
        0.37400880455970764,
        0.2288673371076584,
        0.39471957087516785,
        0.3368321657180786,
        0.48917490243911743,
        0.4770798981189728,
        0.48394012451171875,
        0.3398679196834564,
        0.4774988889694214,
        0.5253779292106628,
        0.46886444091796875,
        0.5096463561058044,
        0.40695303678512573,
        0.45509618520736694,
        0.4209913909435272,
        0.5382586121559143,
        0.35381850600242615,
        0.43725457787513733,
        0.343331515789032,
        0.34251275658607483,
        0.315118670463562,
        0.34344419836997986,
        0.46205762028694153,
        0.5091341733932495,
        0.5300300717353821,
        0.4598782956600189,
        0.5215218663215637,
        0.4912251830101013,
        0.46626028418540955,
        0.46176910400390625,
        0.42853519320487976,
        0.47489434480667114,
        0.49930381774902344,
        0.5528205633163452,
        0.5746617913246155,
        0.5614383816719055,
        0.5158061981201172,
        0.585427463054657,
        0.3900555968284607,
        0.315536230802536,
        0.5384694337844849,
        0.5766171813011169,
        0.4425605833530426,
        0.521407961845398,
        0.492898553609848,
        0.5027515292167664,
        0.5218080878257751,
        0.533245861530304,
        0.4716850221157074,
        0.5298206210136414,
        0.4950600862503052,
        0.43804651498794556,
        0.6417210698127747,
        0.6270529627799988
    ]
}