{
    "seed": 1000008,
    "theta": [
        0.5295976400375366,
        0.37568938732147217,
        0.9372128248214722,
        0.8267251253128052
    ],
    "x": [
        0.9330294132232666,
        0.9473884701728821,
        0.7278246283531189,
        0.7823287844657898,
        0.7217795252799988,
        0.77642822265625,
        0.7498992681503296,
        0.6395182013511658,
        0.542589545249939,
        0.6565612554550171,
        0.6714356541633606,
        0.6065011620521545,
        0.5523231625556946,
        0.5503206849098206,
        0.5862640142440796,
        0.47141024470329285,
        0.4329622983932495,
        0.534088671207428,
        0.4698430299758911,
        0.5786108374595642,
        0.4490934908390045,
        0.40228524804115295,
        0.5035234093666077,
        0.39519450068473816,
        0.536629855632782,
        0.511098325252533,
        0.2704572081565857,
        0.27289581298828125,
        0.46777623891830444,
        0.5865102410316467,
        0.5635479092597961,
        0.6196632385253906,
        0.5180208683013916,
        0.5104432702064514,
        0.42943546175956726,
        0.4111466705799103,
        0.5740048885345459,
        0.29223760962486267,
        0.595169723033905,
        0.019483692944049835,
        0.31506168842315674,
        0.38929226994514465,
        0.5832340121269226,
        0.5589186549186707,
        0.38214975595474243,
        0.45668232440948486,
        0.40479838848114014,
        0.4657150208950043,
        0.6138215661048889,
        0.4448062777519226,
        0.5011852383613586,
        0.455002099275589,
        0.4425247311592102,
        0.5107359290122986,
        0.3317081332206726,
        0.5038487911224365,
        0.43984681367874146,
        0.5243193507194519,
        0.49745672941207886,
        0.4359746277332306,
        0.48823216557502747,
        0.5428334474563599,
        0.4762350618839264,
        0.5027231574058533,
        0.5038382411003113,
        0.378927618265152,
        0.5449671149253845,
        0.45176950097084045,
        0.4811336398124695,
        0.5734326839447021,
        0.4220905303955078,
        0.3448220491409302,
        0.6144549250602722,
        0.5954769253730774,
        0.5535268187522888,
        0.49326565861701965,
        0.2690453827381134,
        0.3885197937488556,
        0.3938737213611603,
        0.4597007632255554,
        0.3357931673526764,
        0.47476932406425476,
        0.5122909545898438,
        0.4177968204021454,
        0.5145524144172668,
        0.5373557806015015,
        0.5941796898841858,
        0.5899911522865295,
        0.577530026435852,
        0.3978617489337921,
        0.5124094486236572,
        0.46474966406822205,
        0.5600088834762573,
        0.47871577739715576,
        0.6198333501815796,
        0.5657694339752197,
        0.5160265564918518,
        0.6146054863929749,
        0.6664395928382874,
        0.7284067869186401,
        0.7506017088890076
    ]
}