{
    "seed": 1000002,
    "theta": [
        0.3072531223297119,
        0.3669944703578949,
        0.8248342275619507,
        0.7764386534690857
    ],
    "x": [
        0.9011625647544861,
        0.9969971776008606,
        0.7793814539909363,
        0.8316326141357422,
        0.5819398164749146,
        0.8019698858261108,
        0.5795366764068604,
        0.6463605165481567,
        0.5973401665687561,
        0.6372914910316467,
        0.6185957789421082,
        0.30711060762405396,
        0.520233690738678,
        0.3859672546386719,
        0.49533870816230774,
        0.5752245783805847,
        0.5780555605888367,
        0.28311029076576233,
        0.4709983766078949,
        0.5776985287666321,
        0.46259841322898865,
        0.4779930114746094,
        0.5095093846321106,
        0.4773353636264801,
        0.53436279296875,
        0.4613639712333679,
        0.43477097153663635,
        0.39125174283981323,
        0.5328617095947266,
        0.57469242811203,
        0.49590161442756653,
        0.5136083960533142,
        0.4909474551677704,
        0.5952734351158142,
        0.37094929814338684,
        0.4798332154750824,
        0.31276193261146545,
        0.39516857266426086,
        0.510668158531189,
        0.49094417691230774,
        0.450719952583313,
        0.5505537390708923,
        0.48154017329216003,
        0.4935358762741089,
        0.320907324552536,
        0.43574002385139465,
        0.5030550360679626,
        0.4675229489803314,
        0.47380268573760986,
        0.4771195650100708,
        0.5144969820976257,
        0.44043999910354614,
        0.388992577791214,
        0.455221951007843,
        0.5542587041854858,
        0.4257868528366089,
        0.454903781414032,
        0.5550815463066101,
        0.42369309067726135,
        0.5235342383384705,
        0.43597742915153503,
        0.4385569393634796,
        0.47452062368392944,
        0.5398246645927429,
        0.42707595229148865,
        0.3818119168281555,
        0.48981553316116333,
        0.45290642976760864,
        0.3051755130290985,
        0.3728940188884735,
        0.5173848271369934,
        0.40309664607048035,
        0.404352068901062,
        0.44034042954444885,
        0.2784029543399811,
        0.44662538170814514,
        0.4231007993221283,
        0.5495594143867493,
        0.5028747320175171,
        0.5496049523353577,
        0.4906342923641205,
        0.5029894709587097,
        0.5474939942359924,
        0.4901318848133087,
        0.41439998149871826,
        0.4470016360282898,
        0.4381689727306366,
        0.5335267186164856,
        0.4595230221748352,
        0.44671618938446045,
        0.4963665008544922,
        0.5294610261917114,
        0.5358324646949768,
        0.24796180427074432,
        0.39307263493537903,
        0.5397637486457825,
        0.39322394132614136,
        0.28913992643356323,
        0.6084270477294922,
        0.6087295413017273,
        0.6388149261474609
    ]
}