{
    "seed": 1000001,
    "theta": [
        -0.5855869650840759,
        0.29600515961647034,
        -0.06624604761600494,
        0.48026981949806213,
        -0.5029016733169556
    ],
    "x": [
        0.04574303328990936,
        0.10973909497261047,
        -0.5054808259010315,
        -0.037267860025167465,
        -0.22088761627674103,
        -0.19255734980106354,
        -0.1614665389060974,
        -0.5543883442878723,
        -0.3834879696369171,
        -0.3834593594074249,
        -0.868831992149353,
        -0.36929553747177124,
        0.13854074478149414,
        -0.14027224481105804,
        0.5575398206710815,
        0.26440465450286865,
        0.2151198536157608,
        0.40860629081726074,
        0.6323893666267395,
        -0.6719019412994385,
        -0.7233263254165649,
        0.9034069776535034,
        0.04975733533501625,
        0.5417125821113586,
        0.6183419227600098,
        0.023422226309776306,
        -0.27876582741737366,
        -0.7325361967086792,
        0.004813682287931442,
        -0.20780722796916962,
        0.22983430325984955,
        0.20002621412277222,
        0.46993863582611084,
        -9.685088157653809,
        -0.17895984649658203,
        0.25470560789108276,
        -0.03420596197247505,
        0.048803023993968964,
        -0.025907834991812706,
        0.14958466589450836,
        -0.1334831863641739,
        -0.24792732298374176,
        -0.39400070905685425,
        0.4053240120410919,
        0.05234687775373459,
        0.3650205135345459,
        0.5210493206977844,
        0.4235530495643616,
        0.4606796205043793,
        -0.36897405982017517,
        -0.01552894338965416,
        0.4206131398677826,
        0.10646268725395203,
        -0.612239420413971,
        -0.3148840069770813,
        0.2129868119955063,
        -0.10966690629720688,
        -0.13573217391967773,
        0.41494858264923096,
        -0.36517947912216187,
        0.011240233667194843,
        -0.1422615945339203,
        -0.021409155800938606,
        -0.29428809881210327,
        -0.10018546134233475,
        -0.27651911973953247,
        -0.5436398386955261,
        -0.14107288420200348,
        0.35881364345550537,
        0.1335768848657608,
        0.19645918905735016,
        0.022281402722001076,
        -0.21881426870822906,
        0.6269654035568237,
        -0.3224436938762665,
        0.45867690443992615,
        -0.06351311504840851,
        -0.7488847970962524,
        0.5824403762817383,
        0.21243473887443542,
        0.4020645320415497,
        0.6289013624191284,
        0.21527187526226044,
        -0.27828913927078247,
        -0.07366246730089188,
        -0.2547494173049927,
        -0.1559343785047531,
        -0.1626872569322586,
        -0.47924068570137024,
        0.8082034587860107,
        -8.430216789245605,
        -0.06205102056264877,
        0.07142437994480133,
        0.13080592453479767,
        0.11811831593513489,
        0.06551314145326614,
        0.36485329270362854,
        0.04466533288359642
    ]
}