{
    "seed": 1000010,
    "theta": [
        -0.5971890091896057,
        0.6725813150405884,
        -0.3711879551410675,
        0.7485642433166504,
        -1.119161605834961
    ],
    "x": [
        -0.4323955774307251,
        -0.45826423168182373,
        -0.1505461037158966,
        -0.4436075687408447,
        -0.2934417724609375,
        -0.43049636483192444,
        -0.13698822259902954,
        -0.15511786937713623,
        -0.18908081948757172,
        -0.06639736890792847,
        -0.2796713411808014,
        -0.21291902661323547,
        -0.45766696333885193,
        0.13316656649112701,
        -0.0224433746188879,
        0.560644805431366,
        -0.16827791929244995,
        0.0045012664049863815,
        0.41711166501045227,
        -0.6924392580986023,
        0.08283860236406326,
        0.04905105009675026,
        -0.18076013028621674,
        0.6357251405715942,
        0.07691613584756851,
        0.3495975434780121,
        0.4126035273075104,
        -0.17815467715263367,
        0.43742817640304565,
        0.23228006064891815,
        -0.0024334315676242113,
        0.7218307256698608,
        -0.6092944145202637,
        0.255405068397522,
        -0.16075702011585236,
        0.05958735942840576,
        -0.2626663148403168,
        0.3421822190284729,
        0.5805933475494385,
        -0.2465488463640213,
        0.059895098209381104,
        -7.011927604675293,
        0.09997084736824036,
        0.35625264048576355,
        0.11730732768774033,
        0.11023560911417007,
        -0.0982603207230568,
        0.01785031333565712,
        0.303251177072525,
        -0.0011837090132758021,
        0.4906817674636841,
        -0.20157524943351746,
        0.08962587267160416,
        -0.6821568012237549,
        -0.3209500014781952,
        -0.3894069194793701,
        0.623538076877594,
        0.37013596296310425,
        -0.5112065076828003,
        -6.654251575469971,
        0.10089369118213654,
        0.3976178467273712,
        -0.4583888053894043,
        -0.014385952614247799,
        0.4749097526073456,
        0.07231531292200089,
        0.5501943230628967,
        -0.18383671343326569,
        -0.07073260843753815,
        0.1973465085029602,
        0.11593067646026611,
        -0.09595958888530731,
        -0.5520580410957336,
        -0.1769854575395584,
        0.6494077444076538,
        -0.33134186267852783,
        -0.6561587452888489,
        -0.3777082562446594,
        0.303975373506546,
        -0.33679303526878357,
        -0.4639161229133606,
        0.3598538041114807,
        -0.773687481880188,
        -0.3701889216899872,
        -0.3304751217365265,
        0.7645816802978516,
        -0.3602003753185272,
        -0.051525361835956573,
        -0.26721683144569397,
        0.06678244471549988,
        -0.4909042716026306,
        0.25071853399276733,
        -0.2345631718635559,
        0.15209487080574036,
        -0.5728768110275269,
        -1.3067799806594849,
        0.34395161271095276,
        0.12635895609855652
    ]
}