{
    "seed": 1000005,
    "theta": [
        -0.8361208438873291,
        0.3778679370880127,
        0.11593643575906754,
        0.86812424659729,
        -0.9677376747131348
    ],
    "x": [
        0.2490416169166565,
        0.1255885362625122,
        -0.35615286231040955,
        -0.7791457772254944,
        -0.8030934929847717,
        0.16242679953575134,
        -0.12713053822517395,
        -0.22528287768363953,
        0.8018946647644043,
        -0.30279895663261414,
        -0.43783503770828247,
        -0.948969841003418,
        -0.4038591682910919,
        -0.13278914988040924,
        -0.8111445307731628,
        0.4896657466888428,
        -0.555626392364502,
        0.4451330006122589,
        -0.008730550296604633,
        0.20250865817070007,
        0.846467137336731,
        -0.3961353003978729,
        -0.3557996451854706,
        -0.12034505605697632,
        0.3373000919818878,
        0.19785891473293304,
        0.04392761364579201,
        -0.2909243404865265,
        0.49252572655677795,
        0.39655277132987976,
        0.29836249351501465,
        -0.6233558654785156,
        0.08467526733875275,
        0.04834754392504692,
        0.34377962350845337,
        -9.360305786132812,
        0.3504977524280548,
        0.6286829113960266,
        0.11200769245624542,
        0.20921744406223297,
        0.15478341281414032,
        -0.31328222155570984,
        0.326639860868454,
        0.5230947136878967,
        0.40311044454574585,
        0.5328436493873596,
        0.48779788613319397,
        -0.1550091803073883,
        0.22868318855762482,
        0.05109265446662903,
        -0.2836216986179352,
        1.5094101428985596,
        -0.686823844909668,
        0.23256824910640717,
        0.42459914088249207,
        -4.887210845947266,
        -0.7283176183700562,
        0.03225826844573021,
        -0.14672091603279114,
        0.744529128074646,
        -0.5693095326423645,
        0.28231436014175415,
        0.2161213457584381,
        -0.34318679571151733,
        -0.8127763867378235,
        -0.11953572928905487,
        0.44292914867401123,
        0.06760002672672272,
        0.6201616525650024,
        -0.13005033135414124,
        -0.3115572929382324,
        1.8693844079971313,
        -0.39057108759880066,
        -3.1587865352630615,
        0.35652536153793335,
        0.18234317004680634,
        0.47841522097587585,
        -0.4249080419540405,
        0.20930024981498718,
        -0.3177054822444916,
        -1.0951461791992188,
        -0.31915220618247986,
        0.6252216696739197,
        0.05464790016412735,
        -0.4394838809967041,
        -0.08391530066728592,
        0.2565656900405884,
        -0.10406047105789185,
        0.2247239351272583,
        0.3001463711261749,
        0.06872199475765228,
        -0.37294360995292664,
        -0.3294287621974945,
        -0.00395812327042222,
        0.4077654480934143,
        -0.9406349658966064,
        0.47984737157821655,
        0.428689181804657
    ]
}