{
    "seed": 1000004,
    "theta": [
        -0.4651801288127899,
        0.19111162424087524,
        -0.04038873314857483,
        0.6560869216918945,
        -1.0734429359436035
    ],
    "x": [
        0.3908906877040863,
        -0.1633632928133011,
        -1.0316603183746338,
        0.1848829686641693,
        -0.48688748478889465,
        0.08900542557239532,
        -0.9313158988952637,
        -0.5142907500267029,
        -0.15812291204929352,
        -0.48553556203842163,
        -1.505893349647522,
        -0.28242719173431396,
        0.3755708634853363,
        0.3269544243812561,
        0.06475961953401566,
        0.6524402499198914,
        2.7771198749542236,
        0.13786274194717407,
        0.5063376426696777,
        -0.2115936279296875,
        0.20410405099391937,
        -0.3718867301940918,
        0.8267855644226074,
        -0.28702372312545776,
        -0.3691948652267456,
        -0.08429580926895142,
        0.19504529237747192,
        0.17209909856319427,
        0.003918404225260019,
        0.4909033179283142,
        -0.06011536717414856,
        -0.3528141677379608,
        -0.5325750112533569,
        -0.31773608922958374,
        -0.013458156026899815,
        0.2637658417224884,
        0.9052877426147461,
        0.06081029400229454,
        0.19124595820903778,
        0.06918338686227798,
        -0.5392075777053833,
        0.29783695936203003,
        0.3123464584350586,
        0.2557927966117859,
        0.4610384404659271,
        0.32587930560112,
        0.558102548122406,
        0.3587440252304077,
        0.04331211745738983,
        -0.2292499989271164,
        -0.32690128684043884,
        0.10558915883302689,
        -0.6510081887245178,
        0.09829298406839371,
        -0.1992255449295044,
        0.5172547698020935,
        0.04945152997970581,
        0.3287004232406616,
        0.6119569540023804,
        -1.0810829401016235,
        0.20758908987045288,
        -7.465919494628906,
        -0.026194429025053978,
        -0.46524155139923096,
        -0.016316942870616913,
        0.35055574774742126,
        0.5962872505187988,
        -0.3245709240436554,
        0.011055896058678627,
        0.05163285508751869,
        -0.04545706883072853,
        0.23573602735996246,
        0.6424200534820557,
        0.42432576417922974,
        0.333742618560791,
        -0.476350873708725,
        0.05907730385661125,
        0.45225459337234497,
        0.2686154246330261,
        0.10190491378307343,
        8.440900802612305,
        -0.7076598405838013,
        0.6058349013328552,
        0.17909668385982513,
        -0.1805349588394165,
        0.3035745918750763,
        -0.2921893000602722,
        -0.002297739265486598,
        -0.6757513880729675,
        0.20613257586956024,
        -0.49168136715888977,
        -0.3351731300354004,
        -0.3946762681007385,
        -0.23941758275032043,
        0.48140618205070496,
        0.30008402466773987,
        -0.3972882628440857,
        -0.026874782517552376
    ]
}