{
    "seed": 1000000,
    "theta": [
        -0.34561532735824585,
        0.24862682819366455,
        0.06118280440568924,
        0.8413639664649963,
        -1.1222786903381348
    ],
    "x": [
        -0.007021483965218067,
        -0.21672974526882172,
        -0.31891873478889465,
        -0.18752500414848328,
        -0.889467179775238,
        -0.42615610361099243,
        -0.3348884880542755,
        -0.6308640837669373,
        -0.4752340018749237,
        0.17152898013591766,
        -0.0870051234960556,
        0.14078810811042786,
        0.8788151144981384,
        0.09996314346790314,
        5.0350565910339355,
        0.36510834097862244,
        -0.2809795141220093,
        -0.566798210144043,
        -0.9427106380462646,
        -0.2446492314338684,
        0.362801194190979,
        0.4209032654762268,
        -0.773818850517273,
        0.33385688066482544,
        -0.043766941875219345,
        0.28196823596954346,
        -0.18948619067668915,
        0.22120127081871033,
        0.17576104402542114,
        -0.005220743827521801,
        -0.3380628228187561,
        0.2008352428674698,
        -0.2295365333557129,
        -0.46287479996681213,
        0.44728904962539673,
        0.23033364117145538,
        0.1687784343957901,
        0.6168314814567566,
        0.2632211744785309,
        -0.008733617141842842,
        0.07696408033370972,
        -0.3440737724304199,
        -0.3585970401763916,
        0.09128706902265549,
        0.8962497115135193,
        0.2831524610519409,
        0.37652212381362915,
        0.4549308121204376,
        -0.45359620451927185,
        0.5332002639770508,
        -0.2105763703584671,
        -0.3198149800300598,
        0.18308432400226593,
        -0.024206696078181267,
        -0.03598274290561676,
        0.30770882964134216,
        -0.9097570776939392,
        -0.09960871934890747,
        -7.671506881713867,
        -0.7857650518417358,
        -0.14312604069709778,
        -0.5211133360862732,
        0.39294469356536865,
        0.02426997572183609,
        -0.0926424190402031,
        -0.5151066780090332,
        0.5674564242362976,
        -0.3982989192008972,
        0.3463747203350067,
        0.6047685146331787,
        -0.41507840156555176,
        -0.3130571246147156,
        -0.25346341729164124,
        0.23303326964378357,
        0.12486127763986588,
        0.6342790722846985,
        0.5569615960121155,
        -0.7726973295211792,
        0.3304470479488373,
        -0.23551303148269653,
        -0.26287543773651123,
        -0.22604824602603912,
        -0.7054283618927002,
        -0.21110525727272034,
        -0.5556618571281433,
        -0.23434153199195862,
        -0.5956454873085022,
        -0.12053900957107544,
        0.5271992087364197,
        -0.46572527289390564,
        0.9630915522575378,
        -0.04921958968043327,
        -0.5742455720901489,
        -0.23223689198493958,
        -0.1497623324394226,
        0.21692728996276855,
        -0.059942856431007385,
        -0.20160356163978577
    ]
}