{
    "seed": 1000012,
    "theta": [
        -0.6267517805099487,
        0.37432974576950073,
        0.10733791440725327,
        0.866825520992279,
        -0.7997874021530151
    ],
    "x": [
        -0.22626307606697083,
        -0.29620781540870667,
        -0.6319264769554138,
        -0.8598642945289612,
        -0.27740874886512756,
        -0.39974263310432434,
        -7.308425847440958e-05,
        0.35037466883659363,
        0.051028501242399216,
        -0.009068939834833145,
        -0.9977012276649475,
        -0.8172236084938049,
        -0.5609557628631592,
        -0.27700796723365784,
        0.27946290373802185,
        -0.5976266264915466,
        -0.6525181531906128,
        0.2373727411031723,
        0.15888959169387817,
        0.2009565830230713,
        0.42925387620925903,
        0.2177901566028595,
        -0.7280607223510742,
        -0.04790765792131424,
        0.3367479145526886,
        -0.08366402983665466,
        0.05541990324854851,
        -0.4829886555671692,
        -0.21317031979560852,
        0.375467985868454,
        0.8744269013404846,
        1.2350225448608398,
        0.1597520262002945,
        0.26997441053390503,
        0.2711038291454315,
        0.7455548048019409,
        0.006276826839894056,
        -0.04186541214585304,
        -0.39000657200813293,
        0.1331116259098053,
        0.2608611285686493,
        0.34423109889030457,
        0.25211629271507263,
        0.6801771521568298,
        -0.08925659954547882,
        0.4320947825908661,
        0.5419114232063293,
        -0.030021149665117264,
        0.6286952495574951,
        0.28012800216674805,
        -0.058444276452064514,
        -0.0043401578441262245,
        0.7568153738975525,
        -0.6644957661628723,
        0.45208850502967834,
        0.9944854378700256,
        -0.8854372501373291,
        -0.3377590477466583,
        -0.06344892829656601,
        0.98931884765625,
        -0.2544221878051758,
        0.1307660937309265,
        0.20446734130382538,
        -0.6648407578468323,
        -0.18052853643894196,
        -0.21413275599479675,
        0.07454826682806015,
        0.051356587558984756,
        0.4643930196762085,
        0.4583507180213928,
        -0.2519455552101135,
        -1.1354225873947144,
        -0.9111576676368713,
        0.12365957349538803,
        0.6962552666664124,
        -0.3774038851261139,
        0.5609632134437561,
        -0.8503657579421997,
        -0.2565196752548218,
        -0.345688134431839,
        -1.133453607559204,
        0.13187214732170105,
        0.438201367855072,
        -0.386836975812912,
        0.17089207470417023,
        0.42378872632980347,
        -0.364978164434433,
        -1.0305904150009155,
        0.16432879865169525,
        -0.5567649602890015,
        -0.31281623244285583,
        -0.39949119091033936,
        -0.45938846468925476,
        -0.8160330057144165,
        -0.08332879841327667,
        0.30633074045181274,
        0.026552172377705574,
        0.36624252796173096
    ]
}