{
    "seed": 1000008,
    "theta": [
        -0.9296479225158691,
        0.3735947012901306,
        -0.2807295620441437,
        0.43033212423324585,
        -0.9002857208251953
    ],
    "x": [
        0.17417976260185242,
        0.2602974772453308,
        -0.4081155061721802,
        -0.33118802309036255,
        -0.49008217453956604,
        -0.5857394933700562,
        -0.225327268242836,
        -0.041402146220207214,
        0.23557758331298828,
        0.17014984786510468,
        -0.3336530029773712,
        -0.3438921570777893,
        -0.06246187165379524,
        0.13694359362125397,
        0.23499548435211182,
        0.6007629632949829,
        0.1268128603696823,
        -0.05610908940434456,
        -0.1020287573337555,
        -0.11296278238296509,
        -4.17354154586792,
        -0.7968687415122986,
        -0.15121950209140778,
        0.19285395741462708,
        -0.30346983671188354,
        -0.49692302942276,
        -0.3338313698768616,
        0.7469702363014221,
        0.6326256990432739,
        0.2247546911239624,
        0.8362839221954346,
        -0.037570521235466,
        -0.109075166285038,
        0.27328333258628845,
        -0.2785312533378601,
        0.5343624949455261,
        0.12344897538423538,
        0.27653348445892334,
        -0.02827487699687481,
        -0.18737788498401642,
        -0.07564574480056763,
        -0.24258506298065186,
        0.09784840792417526,
        0.1843484789133072,
        0.1402312070131302,
        0.22396452724933624,
        0.38709065318107605,
        1.0335086584091187,
        0.22201929986476898,
        0.06055176258087158,
        0.3447972238063812,
        0.007837248966097832,
        0.333556205034256,
        7.901585578918457,
        0.001993195852264762,
        -0.2890540361404419,
        -0.742545485496521,
        1.133048176765442,
        -0.5182872414588928,
        0.5840692520141602,
        0.041406262665987015,
        0.6309093832969666,
        -0.18261539936065674,
        0.2083330750465393,
        0.14074939489364624,
        -0.0918806716799736,
        0.5510297417640686,
        0.1348116099834442,
        -0.6354365944862366,
        0.39504241943359375,
        -0.11991190165281296,
        -0.6515588164329529,
        0.17868664860725403,
        0.9237282872200012,
        0.33466053009033203,
        0.00926924217492342,
        -0.020442627370357513,
        0.1969628483057022,
        0.035809461027383804,
        0.2641124427318573,
        0.27156326174736023,
        -0.059596892446279526,
        0.10570146888494492,
        0.4057456851005554,
        -0.10495852679014206,
        -0.016653938218951225,
        0.4172825813293457,
        0.13461557030677795,
        0.18223047256469727,
        -0.1174352616071701,
        -0.06588666141033173,
        -0.4227219223976135,
        0.21050746738910675,
        1.0235300064086914,
        -0.04582017660140991,
        -0.056422408670186996,
        0.18756455183029175,
        -0.2984774112701416
    ]
}