{
    "seed": 1000009,
    "theta": [
        -0.6857433319091797,
        0.11797717213630676,
        -0.3117862343788147,
        0.7061601281166077,
        -0.9161506295204163
    ],
    "x": [
        0.04890568554401398,
        -0.30459994077682495,
        -0.11171095073223114,
        0.3171420991420746,
        -1.0480865240097046,
        -0.060593459755182266,
        -0.05342893674969673,
        -0.3270812928676605,
        -0.4373413920402527,
        0.19166593253612518,
        0.003928640857338905,
        -0.0007096674526110291,
        -0.3026662766933441,
        -0.393136203289032,
        -0.9462397694587708,
        0.37899619340896606,
        0.09887033700942993,
        -0.5031348466873169,
        -0.7831376194953918,
        -0.9012376070022583,
        -0.15286976099014282,
        -0.41659146547317505,
        0.2506926357746124,
        -0.06274770945310593,
        -0.1266772747039795,
        0.01581927016377449,
        -0.12731577455997467,
        -0.14114311337471008,
        0.32505595684051514,
        0.009774849750101566,
        -0.23172801733016968,
        0.3279351592063904,
        -0.35341811180114746,
        -0.20187969505786896,
        0.30374348163604736,
        0.49683696031570435,
        -0.12252508103847504,
        0.5597698092460632,
        0.1437520831823349,
        0.9227096438407898,
        -0.09279037266969681,
        -0.3407714068889618,
        0.23845088481903076,
        0.7680441737174988,
        0.5288709402084351,
        0.29914385080337524,
        -0.17188292741775513,
        -0.11191215366125107,
        0.3476450741291046,
        -0.10709840804338455,
        -0.32031023502349854,
        0.32678353786468506,
        -0.32441771030426025,
        0.08733206987380981,
        0.117458276450634,
        0.2058323174715042,
        0.16000685095787048,
        0.07350356876850128,
        0.08822973817586899,
        0.22127273678779602,
        0.015012462623417377,
        0.1868467628955841,
        -0.025752989575266838,
        0.4828297793865204,
        0.2833753824234009,
        0.02608640305697918,
        -0.5165424942970276,
        0.08683791756629944,
        -0.05081349238753319,
        -0.7274771332740784,
        -0.273876428604126,
        -0.31397008895874023,
        0.6849802136421204,
        -0.03414139151573181,
        0.054081991314888,
        0.14868557453155518,
        -0.1273992359638214,
        -0.04815937206149101,
        -0.16303662955760956,
        -0.08831126987934113,
        0.07650135457515717,
        -0.5393667817115784,
        0.07819755375385284,
        0.027050159871578217,
        -0.0200042687356472,
        0.18826453387737274,
        -0.8630279898643494,
        0.07169504463672638,
        -0.03256680443882942,
        -0.2125682681798935,
        0.10402939468622208,
        -0.22465069591999054,
        -0.34542563557624817,
        0.04641994088888168,
        -0.4642886817455292,
        0.0301760695874691,
        -0.09327447414398193,
        -0.12118296325206757
    ]
}