{
    "seed": 1000009,
    "theta": [
        0.17841461300849915,
        0.0623539499938488,
        0.024464603513479233,
        -0.2877594828605652,
        0.14203229546546936,
        0.11295008659362793,
        0.15637943148612976,
        -0.42066335678100586,
        0.2513672113418579,
        -0.04953771084547043,
        0.20346365869045258,
        0.2543065547943115,
        0.16897931694984436,
        -0.1365240216255188,
        -0.07917171716690063,
        -0.19938471913337708,
        -0.3029381334781647,
        -0.05592454597353935,
        -0.18985439836978912,
        -0.3872479200363159
    ],
    "x": [
        0.1160091757774353,
        -0.07499381899833679,
        -0.4353512227535248,
        -0.11222013831138611,
        -0.04945389926433563,
        0.06556753069162369,
        0.030562683939933777,
        -0.11918938159942627,
        0.4143607020378113,
        -0.4265519678592682,
        0.10705643892288208,
        0.25861799716949463,
        0.6708554029464722,
        0.11305022239685059,
        -0.07195698469877243,
        -0.5065997838973999,
        -0.24008888006210327,
        -0.2547333836555481,
        -0.36065760254859924,
        -0.641290545463562
    ]
}