{
    "seed": 1000002,
    "theta": [
        0.2553008794784546,
        0.12100881338119507,
        0.19668608903884888,
        -0.27027368545532227,
        0.2631697654724121,
        0.09034048765897751,
        -0.02372649312019348,
        -0.3720525801181793,
        0.1704961657524109,
        0.003468788228929043,
        0.1728854477405548,
        0.34756481647491455,
        0.22820666432380676,
        -0.03287813812494278,
        -0.15694859623908997,
        -0.08412519842386246,
        -0.341874361038208,
        -0.042878467589616776,
        -0.25914326310157776,
        -0.36613520979881287
    ],
    "x": [
        0.9692631363868713,
        0.3005763590335846,
        -0.15384718775749207,
        -0.6280266046524048,
        -0.1909831464290619,
        0.30284446477890015,
        0.05833248794078827,
        0.13965687155723572,
        0.20003709197044373,
        -0.0845203623175621,
        0.3977268934249878,
        0.28784170746803284,
        0.0025622546672821045,
        -0.6425479650497437,
        -0.14218491315841675,
        -0.00440669059753418,
        -0.8338167667388916,
        -0.42360273003578186,
        0.2790627181529999,
        -0.2217503935098648
    ]
}