{
    "seed": 1000008,
    "theta": [
        0.21951261162757874,
        0.11929254233837128,
        0.11530917882919312,
        -0.2545835077762604,
        0.3663814663887024,
        0.07358404248952866,
        0.20260536670684814,
        -0.3872230648994446,
        0.23900727927684784,
        0.047307081520557404,
        0.2939714193344116,
        0.2782486379146576,
        0.21720963716506958,
        -0.05232615023851395,
        -0.12249911576509476,
        -0.16435399651527405,
        -0.2861434817314148,
        0.028041798621416092,
        -0.19892306625843048,
        -0.21617776155471802
    ],
    "x": [
        0.020820051431655884,
        -0.16558746993541718,
        -0.10347364842891693,
        -0.14324603974819183,
        0.13976602256298065,
        0.02133435383439064,
        0.7669267654418945,
        -0.9383301734924316,
        0.6236525177955627,
        0.00566236674785614,
        -0.09424877166748047,
        0.06531773507595062,
        0.09001262485980988,
        -0.657589852809906,
        -0.04556082934141159,
        -0.06629422307014465,
        -0.22379621863365173,
        0.06428999453783035,
        0.1006447821855545,
        0.6116926074028015
    ]
}