{
    "seed": 1000010,
    "theta": [
        -0.024942949414253235,
        0.030515000224113464,
        0.0873713567852974,
        -0.3261839747428894,
        0.24542561173439026,
        0.137834832072258,
        0.10905654728412628,
        -0.31031206250190735,
        0.0989474505186081,
        0.02013291046023369,
        0.244919091463089,
        0.23038160800933838,
        0.17748279869556427,
        -0.2024095356464386,
        0.10238607972860336,
        -0.22201181948184967,
        -0.3851979076862335,
        -0.11810135841369629,
        -0.27582505345344543,
        -0.3983543813228607
    ],
    "x": [
        0.23623229563236237,
        0.25463834404945374,
        -0.40873146057128906,
        -0.36363333463668823,
        0.024222567677497864,
        -0.8794524073600769,
        -0.37589287757873535,
        -0.23734897375106812,
        -0.03484666347503662,
        -0.3337940275669098,
        0.19717592000961304,
        0.12174451351165771,
        0.22780850529670715,
        -0.6609206199645996,
        0.1947416365146637,
        0.16923381388187408,
        -0.30395495891571045,
        0.08698610961437225,
        -0.06575573980808258,
        -0.785499095916748
    ]
}