{
    "seed": 1000001,
    "theta": [
        0.1441299319267273,
        0.054338742047548294,
        0.05210213363170624,
        -0.24241995811462402,
        0.24346604943275452,
        0.030396565794944763,
        0.193962961435318,
        -0.3162699043750763,
        0.15968234837055206,
        0.007852265611290932,
        0.21230468153953552,
        0.2804432809352875,
        0.17371316254138947,
        -0.07309062033891678,
        -0.029291914775967598,
        -0.1541798859834671,
        -0.46603789925575256,
        0.15784472227096558,
        -0.17996269464492798,
        -0.41542622447013855
    ],
    "x": [
        -0.21618527173995972,
        -0.09320926666259766,
        0.05737026408314705,
        -0.48054859042167664,
        0.8052870035171509,
        -0.24727852642536163,
        -0.06819450855255127,
        0.49422702193260193,
        -0.06616121530532837,
        -0.5052018165588379,
        0.3497142791748047,
        0.33866703510284424,
        0.7495439648628235,
        0.218563050031662,
        0.07814538478851318,
        -0.09690913558006287,
        -0.4021258056163788,
        -0.06890672445297241,
        -0.5931591987609863,
        -0.35649949312210083
    ]
}