{
    "seed": 1000003,
    "theta": [
        0.10567247867584229,
        -0.010518163442611694,
        0.16884270310401917,
        -0.32006996870040894,
        0.31368252635002136,
        0.09385046362876892,
        0.08936624228954315,
        -0.5030962228775024,
        0.16127954423427582,
        -0.03655027970671654,
        0.11761707812547684,
        0.3746464252471924,
        0.12652620673179626,
        -0.13507066667079926,
        -0.048983700573444366,
        -0.32507383823394775,
        -0.3699197769165039,
        -0.06257230043411255,
        -0.30033695697784424,
        -0.3785635828971863
    ],
    "x": [
        0.3844020962715149,
        -0.48265767097473145,
        0.43366673588752747,
        -0.49273681640625,
        0.91912841796875,
        -0.4899076521396637,
        -0.03033173829317093,
        -0.29811400175094604,
        0.5416909456253052,
        0.07772274315357208,
        0.5709499716758728,
        0.5017700791358948,
        0.5561984777450562,
        0.13433758914470673,
        0.18013694882392883,
        -0.80112624168396,
        -0.24186544120311737,
        -0.012287404388189316,
        -0.04548680782318115,
        -0.6391247510910034
    ]
}