{
    "seed": 1000000,
    "theta": [
        0.1358170509338379,
        0.11274771392345428,
        -0.12134048342704773,
        -0.18396177887916565,
        0.2488570660352707,
        0.07943233847618103,
        0.3106871247291565,
        -0.2553383708000183,
        0.10378842055797577,
        -0.025641517713665962,
        0.1469607651233673,
        0.33527350425720215,
        0.2593861222267151,
        -0.16914242506027222,
        0.0029095206409692764,
        -0.22067925333976746,
        -0.3687846064567566,
        0.11558891087770462,
        -0.23741082847118378,
        -0.4128859043121338
    ],
    "x": [
        -0.03965373337268829,
        0.2281981259584427,
        -0.0022396668791770935,
        0.14073893427848816,
        0.5086540579795837,
        -0.22340360283851624,
        0.21258676052093506,
        -0.8638947010040283,
        0.009651191532611847,
        0.03530213236808777,
        0.09330089390277863,
        0.06825274229049683,
        0.0502295047044754,
        -0.2112026810646057,
        0.31922000646591187,
        -0.7270996570587158,
        -0.6244425773620605,
        0.057565443217754364,
        0.41480904817581177,
        -0.29963111877441406
    ]
}