{
    "seed": 1000005,
    "theta": [
        0.12818637490272522,
        0.11213195323944092,
        0.06675894558429718,
        -0.35301145911216736,
        0.23709046840667725,
        0.058573365211486816,
        0.14078857004642487,
        -0.3813776671886444,
        0.0002270042896270752,
        -0.0213795006275177,
        0.1475311517715454,
        0.33169516921043396,
        0.3279055058956146,
        -0.07822869718074799,
        -0.08438845723867416,
        -0.2248837947845459,
        -0.2552528381347656,
        -0.019952839240431786,
        -0.269986093044281,
        -0.37615615129470825
    ],
    "x": [
        0.29344642162323,
        -0.1666555404663086,
        0.45694297552108765,
        -0.5184234976768494,
        0.149702250957489,
        0.24974693357944489,
        -0.16565193235874176,
        -0.6708307862281799,
        0.11074147373437881,
        -0.38760510087013245,
        0.2303466498851776,
        0.006261885166168213,
        0.6669012904167175,
        0.3038673996925354,
        -0.2793932557106018,
        0.0013634711503982544,
        -0.23923508822917938,
        0.12422656267881393,
        0.02569076418876648,
        -0.15979747474193573
    ]
}