{
    "seed": 1000004,
    "theta": [
        -0.0044868141412734985,
        0.029268354177474976,
        0.08539057523012161,
        -0.18089650571346283,
        0.36321747303009033,
        0.0846112072467804,
        0.0736796110868454,
        -0.440723180770874,
        0.24800917506217957,
        0.028424479067325592,
        0.2478334903717041,
        0.3469495177268982,
        0.2638327479362488,
        -0.10436192154884338,
        -0.13404740393161774,
        -0.33428871631622314,
        -0.3944803774356842,
        -0.05877179279923439,
        -0.3319341540336609,
        -0.34734752774238586
    ],
    "x": [
        -0.13252340257167816,
        -0.3584418296813965,
        -0.4094022214412689,
        -0.13849955797195435,
        0.23929530382156372,
        -0.011171028017997742,
        -0.19157324731349945,
        -0.47512078285217285,
        0.1528702825307846,
        0.145496666431427,
        0.4118731915950775,
        0.09739258885383606,
        0.02424462139606476,
        0.3441757559776306,
        -0.3581097722053528,
        -0.11449295282363892,
        -0.3342376947402954,
        -0.43562501668930054,
        0.04864892363548279,
        -0.1745820790529251
    ]
}