{
    "seed": 1000009,
    "theta": [
        -0.3166481554508209,
        -0.35067373514175415,
        -0.08865882456302643,
        0.0012085586786270142,
        -0.0591839924454689,
        -0.4222981929779053,
        0.2853841185569763,
        -0.23668792843818665,
        -0.36489230394363403,
        -0.4340733289718628
    ],
    "x": [
        -0.09550656378269196,
        0.38758981227874756,
        -0.2200561910867691,
        0.46219271421432495,
        -0.36657416820526123,
        0.1575743556022644,
        0.10847017168998718,
        0.04125934839248657,
        -0.09508106112480164,
        -0.793666422367096
    ]
}