{
    "seed": 1000000,
    "theta": [
        -0.3050213158130646,
        -0.18679451942443848,
        -0.1303309202194214,
        -0.05325869098305702,
        -0.12489950656890869,
        -0.41513127088546753,
        0.24849246442317963,
        -0.30818209052085876,
        -0.4121800661087036,
        -0.2746874690055847
    ],
    "x": [
        0.4702710211277008,
        -0.30641862750053406,
        -0.538408637046814,
        0.01680731400847435,
        -0.3085278272628784,
        -0.44735226035118103,
        0.552222490310669,
        -0.4366614818572998,
        -0.6616275310516357,
        -0.2993079721927643
    ]
}