{
    "seed": 1000001,
    "theta": [
        -0.2947544455528259,
        -0.4184426963329315,
        -0.19647318124771118,
        0.004132717847824097,
        0.0289384163916111,
        -0.45523378252983093,
        0.32002177834510803,
        -0.39495235681533813,
        -0.2969239056110382,
        -0.3176374137401581
    ],
    "x": [
        -0.724618673324585,
        -0.7380622625350952,
        -0.11097852140665054,
        0.16031555831432343,
        0.7042387127876282,
        -0.4658849239349365,
        0.9137122631072998,
        0.39540499448776245,
        -0.06543301045894623,
        -0.2746429443359375
    ]
}