{
    "seed": 1000004,
    "theta": [
        -0.39118775725364685,
        -0.33931243419647217,
        -0.16901247203350067,
        0.012708723545074463,
        0.009133497253060341,
        -0.45308077335357666,
        0.4290634095668793,
        -0.2609657943248749,
        -0.38725244998931885,
        -0.3009980618953705
    ],
    "x": [
        -0.14593635499477386,
        -0.017901748418807983,
        -0.26994672417640686,
        -0.5123099088668823,
        0.01666480302810669,
        -0.8856973648071289,
        0.3097843825817108,
        0.023219645023345947,
        0.0797044038772583,
        -0.1043829619884491
    ]
}