{
    "seed": 1000002,
    "theta": [
        -0.20890866219997406,
        -0.40399304032325745,
        -0.24899503588676453,
        0.06318992376327515,
        0.06075622886419296,
        -0.33054208755493164,
        0.32709336280822754,
        -0.36412063241004944,
        -0.378428190946579,
        -0.4770917296409607
    ],
    "x": [
        -0.4944658875465393,
        -1.0334769487380981,
        -0.24976633489131927,
        -0.5203381776809692,
        0.021947253495454788,
        -0.33092641830444336,
        0.21143364906311035,
        -0.40695202350616455,
        -0.5551168322563171,
        -0.3353145718574524
    ]
}