{
    "seed": 1000003,
    "theta": [
        -0.3159741163253784,
        -0.4883948564529419,
        -0.1798250377178192,
        -0.1322266161441803,
        0.01055978611111641,
        -0.3557833135128021,
        0.19666022062301636,
        -0.21833369135856628,
        -0.4565832018852234,
        -0.46915560960769653
    ],
    "x": [
        -0.26318928599357605,
        -0.5331564545631409,
        -0.9113552570343018,
        -0.3176375925540924,
        -0.1416642963886261,
        -0.487113893032074,
        -0.512251615524292,
        -0.4230363368988037,
        -0.15572112798690796,
        -0.41492220759391785
    ]
}