{
    "seed": 1000012,
    "theta": [
        -0.3196491301059723,
        -0.14022918045520782,
        -0.22841757535934448,
        -0.1307460367679596,
        0.0172785222530365,
        -0.4607633054256439,
        0.37194010615348816,
        -0.29365330934524536,
        -0.41496139764785767,
        -0.4242152273654938
    ],
    "x": [
        -0.2413400113582611,
        0.1271553486585617,
        -0.20204246044158936,
        -0.018235281109809875,
        0.13425815105438232,
        -0.7964266538619995,
        0.22507809102535248,
        -0.02782541513442993,
        -0.691482663154602,
        -0.037820249795913696
    ]
}