{
    "seed": 1000008,
    "theta": [
        -0.3832279443740845,
        -0.4151248633861542,
        -0.3252578377723694,
        0.04977191984653473,
        0.1285392940044403,
        -0.38798806071281433,
        0.3488676846027374,
        -0.30473271012306213,
        -0.42627382278442383,
        -0.27136725187301636
    ],
    "x": [
        -0.5138148069381714,
        -0.22690114378929138,
        0.13265389204025269,
        0.08048559725284576,
        0.4395628571510315,
        0.340486615896225,
        0.13662436604499817,
        -0.41526687145233154,
        -0.6778774261474609,
        -0.7249780297279358
    ]
}