{
    "seed": 1000005,
    "theta": [
        -0.38697585463523865,
        -0.3129270076751709,
        -0.058449871838092804,
        -0.0697338879108429,
        0.07375262677669525,
        -0.43692758679389954,
        0.3375832140445709,
        -0.23614393174648285,
        -0.47460633516311646,
        -0.32810863852500916
    ],
    "x": [
        0.05456256866455078,
        -0.2615341544151306,
        -0.17540974915027618,
        -0.5738523006439209,
        -0.20340512692928314,
        -0.10986828804016113,
        -0.13609248399734497,
        0.24285508692264557,
        -0.3256085216999054,
        -0.5702501535415649
    ]
}