{
    "seed": 1000002,
    "theta": [
        -0.7475659847259521,
        0.13146692514419556,
        0.01455390453338623,
        -0.967014491558075,
        0.6769043803215027
    ],
    "x": [
        -0.13770876824855804,
        -0.37689509987831116,
        -0.4757919907569885,
        -0.5570175051689148,
        -0.41675710678100586,
        -0.25360095500946045,
        -0.7143217325210571,
        -0.08863271027803421,
        0.08154716342687607,
        -0.15258456766605377,
        -0.41374146938323975,
        -0.4083433151245117,
        -0.08233919739723206,
        -0.3739739656448364,
        -0.18554411828517914,
        0.774600625038147,
        -0.08090335875749588,
        -0.45512574911117554,
        -0.05584419146180153,
        -0.11219947040081024,
        -0.09359754621982574,
        -0.19932930171489716,
        -0.42475491762161255,
        -0.22976145148277283,
        -0.3002041280269623,
        0.06889919191598892,
        0.40299755334854126,
        -0.2845528721809387,
        0.47890642285346985,
        -0.28174880146980286,
        0.34420329332351685,
        0.10237172245979309,
        -0.12030325084924698,
        -0.028724126517772675,
        0.34117135405540466,
        -0.3261607885360718,
        0.2866573631763458,
        0.2659513056278229,
        0.9790274500846863,
        -0.23243558406829834,
        -0.07491864264011383,
        0.5507717728614807,
        -0.2901122272014618,
        0.9121564626693726,
        0.41555580496788025,
        0.8216434717178345,
        0.1095966249704361,
        0.6703200936317444,
        0.31658944487571716,
        0.05435497313737869,
        0.14346112310886383,
        0.13407494127750397,
        0.17408591508865356,
        -0.043071914464235306,
        0.14763443171977997,
        0.08457964658737183,
        0.25164228677749634,
        -0.0183317419141531,
        -0.5649031400680542,
        -0.24820341169834137,
        0.8093940615653992,
        -0.29923486709594727,
        0.16198378801345825,
        -0.5508584380149841,
        -0.9215586185455322,
        -0.1092107966542244,
        0.7854125499725342,
        -0.3050595819950104,
        0.03899586945772171,
        0.9068645238876343,
        -0.5693286061286926,
        0.1920149028301239,
        0.04688504710793495,
        -0.05440612882375717,
        0.5097500085830688,
        0.15792204439640045,
        0.46426624059677124,
        -0.9535400867462158,
        0.05167537182569504,
        -0.5094426870346069,
        0.06384968012571335,
        0.30812329053878784,
        -0.3104986250400543,
        -0.17831772565841675,
        -0.0172872394323349,
        0.5704047083854675,
        -1.0786857604980469,
        0.1646692454814911,
        0.20137213170528412,
        0.16546884179115295,
        -0.017630431801080704,
        -0.45785093307495117,
        -0.3483838737010956,
        -0.2922220528125763,
        -0.24270331859588623,
        1.1682237386703491,
        0.1435653567314148,
        -0.19308516383171082
    ]
}