{
    "seed": 1000000,
    "theta": [
        -0.7218889594078064,
        -0.024189146235585213,
        0.03791758418083191,
        -0.629711389541626,
        0.8409703969955444
    ],
    "x": [
        -0.0939706340432167,
        -0.22095973789691925,
        -0.4259010851383209,
        -0.24869802594184875,
        -0.9025222063064575,
        -0.4530857801437378,
        -0.4064708352088928,
        -0.7098551988601685,
        -0.547253429889679,
        0.18237794935703278,
        -0.14366568624973297,
        0.04012241214513779,
        0.6957322955131531,
        0.01541121769696474,
        5.0350565910339355,
        0.33544519543647766,
        -0.2607131898403168,
        -0.4634471833705902,
        -0.8199203014373779,
        -0.21157395839691162,
        0.31461289525032043,
        0.33972445130348206,
        -0.7305431365966797,
        0.2539208233356476,
        -0.13309793174266815,
        0.3519679605960846,
        -0.1521158218383789,
        0.14696945250034332,
        0.16798309981822968,
        0.03820623829960823,
        -0.24715128540992737,
        0.06693628430366516,
        -0.0633668452501297,
        -0.3793623745441437,
        0.41875123977661133,
        0.26165828108787537,
        0.19353291392326355,
        0.6163809895515442,
        0.3043648898601532,
        -0.06804154068231583,
        0.3340456783771515,
        -0.2850985527038574,
        -0.17712973058223724,
        0.2011892944574356,
        0.8499490022659302,
        0.3743482828140259,
        0.39432698488235474,
        0.4931575357913971,
        -0.2662428319454193,
        0.4352274537086487,
        -0.26374292373657227,
        -0.6643939018249512,
        0.17990052700042725,
        -0.0027896505780518055,
        0.04378780722618103,
        0.3382798731327057,
        -0.9329673647880554,
        -0.08778990060091019,
        -7.671506881713867,
        -0.9755989909172058,
        -0.08487576246261597,
        -0.4205542802810669,
        0.44864434003829956,
        -0.017988281324505806,
        -0.19074846804141998,
        -0.47995463013648987,
        0.454153448343277,
        -0.3820441961288452,
        0.3667078912258148,
        0.6691935062408447,
        -0.4986586272716522,
        -0.32387492060661316,
        -0.11673475056886673,
        0.2745833992958069,
        0.01504249032586813,
        0.6522337198257446,
        0.6065290570259094,
        -0.7972639799118042,
        0.23867231607437134,
        -0.26798495650291443,
        -0.13548661768436432,
        -0.28822025656700134,
        -0.75315260887146,
        -0.11183187365531921,
        -0.5554796457290649,
        -0.3172622621059418,
        -0.5610772967338562,
        -0.10829257220029831,
        0.735079288482666,
        -0.34299883246421814,
        1.0034042596817017,
        -0.1253865510225296,
        -0.5764164924621582,
        -0.23413535952568054,
        -0.16107547283172607,
        0.5465346574783325,
        0.3082849085330963,
        -0.12079750746488571
    ]
}