{
    "seed": 1000005,
    "theta": [
        -1.2123944759368896,
        0.10505196452140808,
        0.0926712155342102,
        -0.602951169013977,
        0.9955114722251892
    ],
    "x": [
        0.185498908162117,
        0.07509420067071915,
        -0.3852817416191101,
        -0.7348901629447937,
        -0.7816141843795776,
        0.019863266497850418,
        -0.2013981193304062,
        -0.2265443205833435,
        0.5427249073982239,
        -0.3258982300758362,
        -0.4590628743171692,
        -0.8730722665786743,
        -0.42688053846359253,
        -0.19454437494277954,
        -0.6888748407363892,
        0.3082035481929779,
        -0.6114534139633179,
        0.43889397382736206,
        -0.01839376799762249,
        0.12835793197155,
        0.7011820077896118,
        -0.3096258342266083,
        -0.32532453536987305,
        -0.22405704855918884,
        0.20717966556549072,
        0.21568487584590912,
        0.047355469316244125,
        -0.24051950871944427,
        0.4875513017177582,
        0.3441648781299591,
        0.33313578367233276,
        -0.5519442558288574,
        0.09631957113742828,
        0.1753091961145401,
        0.35441944003105164,
        -9.360305786132812,
        0.36650869250297546,
        0.6332728862762451,
        0.1729985475540161,
        0.1978754848241806,
        0.158132404088974,
        -0.22847674787044525,
        0.3704012930393219,
        0.4977591931819916,
        0.4636012315750122,
        0.5246825218200684,
        0.5178636908531189,
        -0.04041379317641258,
        0.20936483144760132,
        0.06166190281510353,
        -0.345345139503479,
        1.3450901508331299,
        -0.6114411950111389,
        0.2558387517929077,
        0.44212329387664795,
        -4.887210845947266,
        -0.7528655529022217,
        0.00237910239957273,
        -0.5096873044967651,
        0.6631395816802979,
        -0.46442192792892456,
        0.3540463149547577,
        0.306722491979599,
        -0.37688255310058594,
        -0.7862048149108887,
        -0.06803739815950394,
        0.2499632090330124,
        0.14003780484199524,
        0.5779567956924438,
        -0.012418854981660843,
        -0.37871113419532776,
        1.8693844079971313,
        -0.26575663685798645,
        -3.1587865352630615,
        0.22876274585723877,
        0.3028385043144226,
        0.5020199418067932,
        -0.4839915633201599,
        0.13409456610679626,
        -0.35365408658981323,
        -0.9614847302436829,
        -0.1578071564435959,
        0.6582940220832825,
        0.10139355063438416,
        -0.4830192029476166,
        -0.2191406488418579,
        0.2047082632780075,
        -0.10916940867900848,
        0.4564043879508972,
        0.10790432244539261,
        -0.04264627397060394,
        -0.42346474528312683,
        -0.4002625346183777,
        -0.02874712459743023,
        0.33912163972854614,
        -0.847696840763092,
        0.5053935050964355,
        0.3837132155895233
    ]
}