{
    "seed": 1000009,
    "theta": [
        -1.0620169639587402,
        -0.15483880043029785,
        -0.33505144715309143,
        -0.7649152278900146,
        1.0470985174179077
    ],
    "x": [
        -0.0502268448472023,
        -0.3488359749317169,
        -0.22349749505519867,
        0.20822826027870178,
        -1.0261391401290894,
        -0.17442333698272705,
        -0.1280224621295929,
        -0.43320372700691223,
        -0.47497260570526123,
        0.17740388214588165,
        -0.02760792151093483,
        -0.07987157255411148,
        -0.3574303984642029,
        -0.40846043825149536,
        -0.8219591379165649,
        0.19971616566181183,
        -0.050674162805080414,
        -0.40401434898376465,
        -0.7312064170837402,
        -0.8335106372833252,
        -0.2309732586145401,
        -0.35514479875564575,
        0.26033729314804077,
        -0.184083953499794,
        -0.06255258619785309,
        0.14693868160247803,
        -0.11555992811918259,
        -0.13252827525138855,
        0.32748281955718994,
        -0.008505037054419518,
        -0.1559884250164032,
        0.18647541105747223,
        -0.22092914581298828,
        -0.11191702634096146,
        0.28627368807792664,
        0.5201610326766968,
        -0.06542490422725677,
        0.5457006692886353,
        0.07136889547109604,
        0.7954795360565186,
        -0.016809474676847458,
        -0.2950455844402313,
        0.34082990884780884,
        0.7882017493247986,
        0.5676724910736084,
        0.4201667010784149,
        -0.13436706364154816,
        -0.04141614958643913,
        0.3562813699245453,
        -0.11614099889993668,
        -0.38566073775291443,
        0.3271961808204651,
        -0.29447609186172485,
        0.13853922486305237,
        0.20558974146842957,
        0.3242720067501068,
        0.11173230409622192,
        0.025999702513217926,
        -0.19837230443954468,
        0.2029227614402771,
        0.05489187315106392,
        0.22611628472805023,
        0.08313262462615967,
        0.3397628366947174,
        0.4014835059642792,
        -0.020431088283658028,
        -0.6578012108802795,
        0.09830120205879211,
        0.05410581827163696,
        -0.5445181131362915,
        -0.38263964653015137,
        -0.352546364068985,
        0.7488571405410767,
        0.09769902378320694,
        0.04611404240131378,
        0.231100395321846,
        0.016259733587503433,
        -0.14817409217357635,
        -0.23090314865112305,
        -0.17319710552692413,
        0.3272148072719574,
        -0.3622335195541382,
        -0.07291175425052643,
        0.12355723977088928,
        -0.11465873569250107,
        0.13352952897548676,
        -0.8497943878173828,
        0.013544845394790173,
        0.22287560999393463,
        -0.22314979135990143,
        0.14829936623573303,
        -0.3198678195476532,
        -0.4218008816242218,
        0.003833336988463998,
        -0.40014538168907166,
        0.3818943500518799,
        0.061068031936883926,
        -0.08562259376049042
    ]
}