{
    "seed": 1000010,
    "theta": [
        -0.9734626412391663,
        0.39976534247398376,
        -0.39445316791534424,
        -0.7225111126899719,
        0.8440874814987183
    ],
    "x": [
        -0.4256111979484558,
        -0.5051329731941223,
        -0.21374119818210602,
        -0.48275837302207947,
        -0.3461412787437439,
        -0.47161659598350525,
        -0.22195519506931305,
        -0.28519150614738464,
        -0.2473805695772171,
        -0.16718439757823944,
        -0.31938251852989197,
        -0.28284621238708496,
        -0.4978579580783844,
        0.0223990548402071,
        -0.025997009128332138,
        0.48479947447776794,
        -0.12186338007450104,
        0.041480258107185364,
        0.32300716638565063,
        -0.6886010766029358,
        0.038428038358688354,
        0.01287857722491026,
        -0.15783630311489105,
        0.5130850076675415,
        0.027175385504961014,
        0.3540077805519104,
        0.4013141095638275,
        -0.18277886509895325,
        0.39382123947143555,
        0.1966559737920761,
        0.02585560642182827,
        0.6104447245597839,
        -0.37393563985824585,
        0.3996342122554779,
        -0.11239584535360336,
        0.11190461367368698,
        -0.14553150534629822,
        0.41534939408302307,
        0.608273983001709,
        -0.1450228989124298,
        0.10126421600580215,
        -7.011927604675293,
        0.21190577745437622,
        0.4021833837032318,
        0.22089262306690216,
        0.1711094081401825,
        -0.06335297971963882,
        0.11451724171638489,
        0.28162509202957153,
        -0.02361626736819744,
        0.2394014596939087,
        -0.6629771590232849,
        0.04923541843891144,
        -0.6130400896072388,
        -0.21898411214351654,
        -0.2721450626850128,
        0.6025571823120117,
        0.4333977699279785,
        -0.5966585874557495,
        -6.654251575469971,
        0.21855726838111877,
        0.46768417954444885,
        -0.3194030225276947,
        -0.11732020974159241,
        0.5666519403457642,
        -0.004593325313180685,
        0.3510541617870331,
        -0.15274861454963684,
        -0.017739683389663696,
        0.28003644943237305,
        0.004441649653017521,
        -0.1762092411518097,
        -0.5090295076370239,
        -0.1349470019340515,
        0.6329091191291809,
        -0.2998795509338379,
        -0.5016245245933533,
        -0.4743088483810425,
        0.2433893084526062,
        -0.3278350830078125,
        -0.1589549034833908,
        0.3158296048641205,
        -0.7356548309326172,
        -0.25615987181663513,
        -0.3915744423866272,
        0.6547466516494751,
        -0.38125523924827576,
        -0.03442728891968727,
        0.24536138772964478,
        -0.04852635785937309,
        -0.5571844577789307,
        0.17448662221431732,
        -0.257080614566803,
        0.1495169997215271,
        -0.5378513932228088,
        -1.176568865776062,
        0.4741073250770569,
        0.1257825642824173
    ]
}