{
    "seed": 1000008,
    "theta": [
        -1.3059215545654297,
        0.100778728723526,
        -0.3039947748184204,
        -1.0407432317733765,
        1.0629633665084839
    ],
    "x": [
        0.0984698086977005,
        0.1719679981470108,
        -0.48038551211357117,
        -0.37921473383903503,
        -0.5058310031890869,
        -0.6195734739303589,
        -0.2849051058292389,
        -0.1825968474149704,
        0.048897162079811096,
        0.07782760262489319,
        -0.3736764192581177,
        -0.3840305507183075,
        -0.1450897753238678,
        0.06895652413368225,
        0.1832018941640854,
        0.5026077032089233,
        -0.034525781869888306,
        -0.029539134353399277,
        -0.12932898104190826,
        -0.13081656396389008,
        -4.17354154586792,
        -0.689639151096344,
        -0.10846658796072006,
        0.08200928568840027,
        -0.29923245310783386,
        -0.4811404049396515,
        -0.3109210729598999,
        0.6786600947380066,
        0.6001641154289246,
        0.23164352774620056,
        0.7815541625022888,
        -0.05212009698152542,
        -0.04157208651304245,
        0.3315340578556061,
        -0.20627373456954956,
        0.5554171204566956,
        0.20755869150161743,
        0.3223797380924225,
        0.07352256029844284,
        -0.09053003042936325,
        0.04224172979593277,
        -0.17943884432315826,
        0.19452619552612305,
        0.2429102659225464,
        0.21051840484142303,
        0.29077908396720886,
        0.35885074734687805,
        0.9853338003158569,
        0.29809167981147766,
        0.07307002693414688,
        -0.013590971007943153,
        -0.19077269732952118,
        0.36221611499786377,
        7.901585578918457,
        0.06512556970119476,
        -0.17523542046546936,
        -0.8443664312362671,
        0.5140950679779053,
        -0.6970553398132324,
        0.5764872431755066,
        0.055189963430166245,
        0.6643211841583252,
        -0.07600220292806625,
        0.12196949124336243,
        0.25986358523368835,
        -0.022435804829001427,
        0.4111156165599823,
        0.19991549849510193,
        -0.5033100247383118,
        0.4435760974884033,
        -0.20109404623508453,
        -0.6774728894233704,
        0.20001249015331268,
        0.6502846479415894,
        0.3312779664993286,
        0.04143684357404709,
        0.07723618298768997,
        0.06971781700849533,
        -0.0819413959980011,
        0.20218820869922638,
        0.4606749415397644,
        -0.10479370504617691,
        0.15652996301651,
        0.480610728263855,
        -0.14794665575027466,
        -0.10393012315034866,
        0.3788713812828064,
        0.0982493981719017,
        0.3272026777267456,
        -0.1375332772731781,
        -0.10490245372056961,
        -0.5249056220054626,
        0.10801039636135101,
        0.9173966646194458,
        -0.025183577090501785,
        0.32473936676979065,
        0.2231331616640091,
        -0.24917061626911163
    ]
}