{
    "seed": 1000012,
    "theta": [
        -1.0030254125595093,
        0.10151375830173492,
        0.08407269418239594,
        -0.6042498350143433,
        1.163461685180664
    ],
    "x": [
        -0.3348102271556854,
        -0.33932894468307495,
        -0.6336496472358704,
        -0.7848134636878967,
        -0.3737775385379791,
        -0.44508984684944153,
        -0.11113358289003372,
        0.27524533867836,
        -0.12987267971038818,
        -0.017828084528446198,
        -0.982886791229248,
        -0.7389363050460815,
        -0.5657418370246887,
        -0.335652232170105,
        0.22354821860790253,
        -0.663611650466919,
        -0.600534975528717,
        0.26919302344322205,
        0.09115789830684662,
        0.16262686252593994,
        0.3314667046070099,
        0.18873274326324463,
        -0.7013328075408936,
        -0.10541732609272003,
        0.1996295154094696,
        0.0495159812271595,
        0.05408494174480438,
        -0.460723876953125,
        -0.1659316122531891,
        0.35471680760383606,
        0.8244137763977051,
        1.1554538011550903,
        0.33163759112358093,
        0.4220287799835205,
        0.22398994863033295,
        0.7251966595649719,
        0.08846353739500046,
        0.05321485921740532,
        -0.3393093943595886,
        0.2052503526210785,
        0.3533240556716919,
        0.4791173040866852,
        0.2698904573917389,
        0.6911802291870117,
        0.04937414079904556,
        0.49174734950065613,
        0.55653977394104,
        0.05418923869729042,
        0.6103165745735168,
        0.2388375699520111,
        -0.14399458467960358,
        -0.31483960151672363,
        0.6727378964424133,
        -0.5732806921005249,
        0.4434705078601837,
        1.0341770648956299,
        -0.9287552833557129,
        -0.27230069041252136,
        -0.4221344292163849,
        0.937440037727356,
        -0.19409731030464172,
        0.17909455299377441,
        0.2789211571216583,
        -0.6648407578468323,
        -0.0506206750869751,
        -0.2580610513687134,
        -0.16411751508712769,
        0.16002491116523743,
        0.46273574233055115,
        0.5151296854019165,
        -0.3287203013896942,
        -1.1414191722869873,
        -0.8756980299949646,
        -0.01743212901055813,
        0.6910078525543213,
        -0.3265155851840973,
        0.6373920440673828,
        -0.8578047156333923,
        -0.2788403630256653,
        -0.34022608399391174,
        -1.0675398111343384,
        0.2529936730861664,
        0.451492577791214,
        -0.2928101718425751,
        0.08725930750370026,
        0.3010546863079071,
        -0.35143592953681946,
        -1.0328999757766724,
        0.2884454131126404,
        -0.5567649602890015,
        -0.4245058596134186,
        -0.4331726133823395,
        -0.4716917872428894,
        -0.728710949420929,
        -0.07337960600852966,
        0.66098952293396,
        0.1806713491678238,
        0.33352601528167725
    ]
}