{
    "seed": 1000003,
    "theta": [
        -0.8981888294219971,
        -0.07076980173587799,
        -0.16866609454154968,
        -0.9953795075416565,
        1.0278990268707275
    ],
    "x": [
        -0.26906618475914,
        -0.12205620855093002,
        -0.26686784625053406,
        -0.6889974474906921,
        0.29396650195121765,
        -0.716355562210083,
        -0.7615951895713806,
        -0.6734304428100586,
        -0.20086884498596191,
        0.195753812789917,
        0.033676628023386,
        -0.011446098797023296,
        0.06190774589776993,
        0.03806385025382042,
        0.07653098553419113,
        0.30749809741973877,
        -0.2932162880897522,
        -0.7288080453872681,
        0.26759815216064453,
        -0.26678019762039185,
        -0.03314008191227913,
        -0.1727689504623413,
        -0.22685354948043823,
        0.5543909668922424,
        -0.35677406191825867,
        0.16544580459594727,
        0.046666670590639114,
        -0.015899142250418663,
        -0.08269510418176651,
        0.7174789309501648,
        0.045920971781015396,
        -0.27804142236709595,
        0.07519269734621048,
        0.5836129188537598,
        0.2875692546367645,
        0.2789844572544098,
        0.7182335257530212,
        0.39671897888183594,
        0.5513355135917664,
        0.788094699382782,
        0.39629116654396057,
        0.3495388329029083,
        0.46509772539138794,
        0.4192868173122406,
        0.8195133209228516,
        0.1307317167520523,
        0.5211291909217834,
        0.5054817795753479,
        -0.14506754279136658,
        0.5307126641273499,
        -0.3559018671512604,
        0.25609782338142395,
        -0.23802891373634338,
        -0.4547470510005951,
        0.04407896101474762,
        1.0608439445495605,
        0.19500480592250824,
        0.17048458755016327,
        -0.32610416412353516,
        0.14474590122699738,
        0.5516266822814941,
        -0.023058146238327026,
        0.04112160950899124,
        -0.8594207167625427,
        -0.3225158452987671,
        -0.014334137551486492,
        -0.6914399862289429,
        -0.44202327728271484,
        0.560626745223999,
        0.30892863869667053,
        -0.05294162780046463,
        -0.26578110456466675,
        0.06403754651546478,
        -0.012973329052329063,
        0.7513487935066223,
        0.20101776719093323,
        0.2488292008638382,
        0.1336430311203003,
        0.14195914566516876,
        0.33504730463027954,
        -0.28544044494628906,
        0.10143125057220459,
        0.18498648703098297,
        0.5737757086753845,
        0.20117966830730438,
        -0.21420367062091827,
        0.017608582973480225,
        0.019429316744208336,
        0.2720465660095215,
        0.006598472595214844,
        -0.07965679466724396,
        -0.031208379194140434,
        -0.24652788043022156,
        -0.4603947699069977,
        0.2629786729812622,
        0.7631785869598389,
        0.384380966424942,
        -0.1754005402326584
    ]
}