{
    "seed": 1000004,
    "theta": [
        -0.8414537906646729,
        -0.08170434832572937,
        -0.06365395337343216,
        -0.8149884343147278,
        0.8898062705993652
    ],
    "x": [
        0.2579827904701233,
        -0.17372249066829681,
        -0.9488820433616638,
        0.0704578384757042,
        -0.5374663472175598,
        0.006414240226149559,
        -0.896648645401001,
        -0.63014155626297,
        -0.18446601927280426,
        -0.34079375863075256,
        -1.505893349647522,
        -0.35503244400024414,
        0.28086572885513306,
        0.234815776348114,
        0.02981199510395527,
        0.5861563086509705,
        2.7771198749542236,
        0.18799857795238495,
        0.4186076819896698,
        -0.21045254170894623,
        0.12826396524906158,
        -0.32988181710243225,
        0.703048050403595,
        -0.26548779010772705,
        -0.31274375319480896,
        -0.08374371379613876,
        0.17397579550743103,
        0.14667733013629913,
        -0.024533625692129135,
        0.45102304220199585,
        -0.09283976256847382,
        -0.38649314641952515,
        -0.25371259450912476,
        -0.24529367685317993,
        0.01509957853704691,
        0.329561322927475,
        0.8783164620399475,
        0.10722905397415161,
        0.2686688303947449,
        0.13560394942760468,
        -0.32902175188064575,
        0.3324641287326813,
        0.3360160291194916,
        0.31174978613853455,
        0.5165470242500305,
        0.3934403657913208,
        0.6336377859115601,
        0.35026106238365173,
        0.1596662849187851,
        -0.22019119560718536,
        -0.39070066809654236,
        -0.14969485998153687,
        -0.6210033297538757,
        0.1329948455095291,
        -0.08376576006412506,
        0.5458967089653015,
        0.07867029309272766,
        0.1745685487985611,
        0.36293044686317444,
        -1.2515004873275757,
        0.19611607491970062,
        -7.465919494628906,
        0.045003604143857956,
        -0.5408783555030823,
        0.12084031850099564,
        0.40457138419151306,
        0.5575453639030457,
        -0.2750159800052643,
        0.09717561304569244,
        0.14258743822574615,
        -0.1352478265762329,
        0.13260000944137573,
        0.6781486868858337,
        0.1589653044939041,
        0.31099191308021545,
        -0.3479330241680145,
        0.10624030232429504,
        0.3254126310348511,
        0.19337834417819977,
        0.09180491417646408,
        8.440900802612305,
        -0.6422463655471802,
        0.5948076844215393,
        0.2453746646642685,
        -0.245682492852211,
        0.24451902508735657,
        -0.3514726161956787,
        -0.0323847271502018,
        -0.37395766377449036,
        0.23304134607315063,
        -0.43223339319229126,
        -0.38909557461738586,
        -0.4797171950340271,
        -0.2948443591594696,
        0.4618855118751526,
        0.6466168165206909,
        -0.23698300123214722,
        -0.011880220845341682
    ]
}