{
    "seed": 1000000,
    "theta": [
        -0.5500379800796509,
        -0.052786946296691895
    ],
    "x": [
        -0.17354968190193176,
        0.44995349645614624
    ]
}