{
    "seed": 1000012,
    "theta": [
        -0.5338851809501648,
        -0.3706999123096466
    ],
    "x": [
        -0.3890244662761688,
        0.23407644033432007
    ]
}