{
    "seed": 1000010,
    "theta": [
        0.7846366763114929,
        -0.20325490832328796
    ],
    "x": [
        -0.1386907696723938,
        -0.7888455986976624
    ]
}