{
    "seed": 1000004,
    "theta": [
        0.48843708634376526,
        0.3113247752189636
    ],
    "x": [
        -0.30905359983444214,
        -0.23415538668632507
    ]
}