{
    "seed": 1000009,
    "theta": [
        0.33738577365875244,
        -0.7947606444358826
    ],
    "x": [
        0.011843562126159668,
        -0.753607988357544
    ]
}