{
    "seed": 1000003,
    "theta": [
        -0.35001856088638306,
        0.0053137727081775665
    ],
    "x": [
        0.06487306952476501,
        0.30874037742614746
    ]
}