{
    "seed": 1000002,
    "theta": [
        0.33978894352912903,
        -0.11859916895627975
    ],
    "x": [
        0.13537192344665527,
        -0.226058691740036
    ]
}