{
    "seed": 1000008,
    "theta": [
        0.3069239854812622,
        0.005861158017069101
    ],
    "x": [
        0.08758208155632019,
        -0.28834956884384155
    ]
}