{
    "seed": 1000005,
    "theta": [
        -0.24125245213508606,
        0.0017788627883419394
    ],
    "x": [
        0.15087594091892242,
        0.10695628076791763
    ]
}