{
    "seed": 1000005,
    "theta": [
        0.5663139820098877,
        0.5764912366867065,
        0.6307933330535889,
        0.43085387349128723
    ],
    "x": [
        0.7084792852401733,
        0.9242807030677795,
        0.9561241269111633,
        0.7098820805549622,
        0.8473238348960876,
        0.7638417482376099,
        0.8789952397346497,
        0.8374115228652954,
        0.7961395382881165,
        0.6791142821311951,
        0.5919510126113892,
        0.6999472379684448,
        0.7012682557106018,
        0.5865755677223206,
        0.5289194583892822,
        0.6209907531738281,
        0.5756586790084839,
        0.5206783413887024,
        0.40237489342689514,
        0.5683448910713196,
        0.5537989139556885,
        0.5769659876823425,
        0.4017883241176605,
        0.38004887104034424,
        0.4600387513637543,
        0.460030734539032,
        0.3232077360153198,
        0.370065301656723,
        0.1703483611345291,
        0.3801274597644806,
        0.28200939297676086,
        0.46526604890823364,
        0.2418566346168518,
        0.039065804332494736,
        0.48797494173049927,
        0.4743410646915436,
        0.5147829651832581,
        0.290728896856308,
        0.38099798560142517,
        0.3010454773902893,
        0.5175827145576477,
        0.4403846859931946,
        0.45818978548049927,
        0.29117852449417114,
        0.4914590120315552,
        0.4761389493942261,
        0.4406815767288208,
        0.4947091341018677,
        0.23827539384365082,
        0.049524687230587006,
        0.3199063539505005,
        0.18477249145507812,
        0.4856679141521454,
        0.4796586334705353,
        0.4390336275100708,
        0.4012376070022583,
        0.4691944122314453,
        0.4349960386753082,
        0.4622487425804138,
        0.427041232585907,
        0.40889498591423035,
        0.29051563143730164,
        0.4995347261428833,
        0.5105164647102356,
        0.4118106961250305,
        0.44273555278778076,
        0.3671203553676605,
        0.4071963131427765,
        0.2823501527309418,
        0.40119603276252747,
        0.4457587003707886,
        0.42035114765167236,
        0.2954280972480774,
        0.3985785245895386,
        0.266424298286438,
        0.5304546356201172,
        0.45110970735549927,
        0.43173930048942566,
        0.45053544640541077,
        0.46675339341163635,
        0.4531782865524292,
        0.3112426698207855,
        0.41240209341049194,
        0.46017518639564514,
        0.478951632976532,
        0.40429332852363586,
        0.434304416179657,
        0.45217692852020264,
        0.3250076174736023,
        0.44382336735725403,
        0.475088506937027,
        0.06848093867301941,
        0.3281517028808594,
        0.3135874569416046,
        0.4267258942127228,
        0.375680536031723,
        0.42731234431266785,
        0.49809545278549194,
        0.5289156436920166,
        0.5225869417190552,
        0.6174544095993042
    ]
}