{
    "seed": 1000008,
    "theta": [
        0.5544713139533997,
        0.5235276818275452,
        0.4200814366340637,
        0.5890536904335022
    ],
    "x": [
        0.9292324185371399,
        0.8870507478713989,
        0.9493312835693359,
        0.8569615483283997,
        0.774377167224884,
        0.8336990475654602,
        0.7453659176826477,
        0.7550799250602722,
        0.6203211545944214,
        0.666186511516571,
        0.5481338500976562,
        0.3990381956100464,
        0.6205782294273376,
        0.656783938407898,
        0.622965395450592,
        0.6137468814849854,
        0.35474255681037903,
        0.482840359210968,
        0.5327166318893433,
        0.4971671998500824,
        0.5334513187408447,
        0.5092486143112183,
        0.5456264615058899,
        0.5532808899879456,
        0.3338412046432495,
        0.47681528329849243,
        0.6188985109329224,
        0.5202016234397888,
        0.4877147674560547,
        0.5595079064369202,
        0.3882914185523987,
        0.3581286072731018,
        0.4899228513240814,
        0.5188261866569519,
        0.48864173889160156,
        0.2310670167207718,
        0.4192943572998047,
        0.3765336275100708,
        0.5364035367965698,
        0.48838233947753906,
        0.5388897061347961,
        0.6038833856582642,
        0.4943416714668274,
        0.4071475863456726,
        0.5332445502281189,
        0.31343814730644226,
        0.46641668677330017,
        0.4786491394042969,
        0.05714263767004013,
        0.5293552279472351,
        0.32735544443130493,
        0.4149932861328125,
        0.4793715178966522,
        0.5685742497444153,
        0.5466814637184143,
        0.5036890506744385,
        0.2933025360107422,
        0.5214601159095764,
        0.4410596191883087,
        0.45751509070396423,
        0.4365895688533783,
        0.47646650671958923,
        0.5362116694450378,
        0.48693326115608215,
        0.48233336210250854,
        0.542826235294342,
        0.5427088141441345,
        0.38855770230293274,
        0.38655534386634827,
        0.49948132038116455,
        0.5132109522819519,
        0.46444499492645264,
        0.4676569700241089,
        0.4485551118850708,
        0.5484454035758972,
        0.2413819581270218,
        0.4775494933128357,
        0.46095556020736694,
        0.34960365295410156,
        0.08193816989660263,
        0.35937145352363586,
        0.48824870586395264,
        0.4526500701904297,
        0.4339192807674408,
        0.24682261049747467,
        0.4596420228481293,
        0.5272261500358582,
        0.39887821674346924,
        0.5546363592147827,
        0.43231913447380066,
        0.5064346194267273,
        0.497274786233902,
        0.5112318396568298,
        0.4712463319301605,
        0.43591663241386414,
        0.35086822509765625,
        0.22554002702236176,
        0.46127015352249146,
        0.5989328026771545,
        0.6256192326545715,
        0.5725662112236023
    ]
}