{
    "seed": 1000012,
    "theta": [
        0.5213707089424133,
        0.6308618187904358,
        0.21937474608421326,
        0.5559400320053101
    ],
    "x": [
        0.8993891477584839,
        0.5790997743606567,
        0.6472969055175781,
        0.9969090819358826,
        0.9268913269042969,
        0.8673945069313049,
        0.7853813171386719,
        0.8782593011856079,
        0.6497719883918762,
        0.6358941197395325,
        0.6772669553756714,
        0.625961184501648,
        0.7212288975715637,
        0.7061210870742798,
        0.6972916722297668,
        0.5922971367835999,
        0.5232284665107727,
        0.5900465846061707,
        0.650341808795929,
        0.5927313566207886,
        0.4413388669490814,
        0.46905747056007385,
        0.3299447298049927,
        0.4988304078578949,
        0.46480241417884827,
        0.40010911226272583,
        0.5224097967147827,
        0.47930335998535156,
        0.542174756526947,
        0.3888341188430786,
        0.3556785583496094,
        0.39880242943763733,
        0.5128613710403442,
        0.4054316282272339,
        0.4318842589855194,
        0.47696036100387573,
        0.5989853143692017,
        0.3637601137161255,
        0.4600803256034851,
        0.5024080872535706,
        0.49008432030677795,
        0.21978658437728882,
        0.4309946596622467,
        0.5465437769889832,
        0.37296536564826965,
        0.4663337767124176,
        0.4435146450996399,
        0.39235368371009827,
        0.39414724707603455,
        0.4540068209171295,
        0.42593738436698914,
        0.4569045901298523,
        0.4728495180606842,
        0.5087998509407043,
        0.41495755314826965,
        0.49281197786331177,
        0.5140162110328674,
        0.32341766357421875,
        0.3559291958808899,
        0.30543872714042664,
        0.4168200194835663,
        0.5033684968948364,
        0.5416431427001953,
        0.5175132751464844,
        0.5219108462333679,
        0.4072670042514801,
        0.32242557406425476,
        0.5265529751777649,
        0.1748143583536148,
        0.30951181054115295,
        0.44834110140800476,
        0.3038640320301056,
        0.49696171283721924,
        0.35896655917167664,
        0.5359470248222351,
        0.3951549530029297,
        0.47814255952835083,
        0.37274056673049927,
        0.5356308221817017,
        0.45751672983169556,
        0.5290959477424622,
        0.4595211148262024,
        0.3971182405948639,
        0.3489009737968445,
        0.5771541595458984,
        0.5320441126823425,
        0.25656190514564514,
        0.4883532226085663,
        0.5565643310546875,
        0.3207188844680786,
        0.37445831298828125,
        0.4804646670818329,
        0.33702316880226135,
        -0.01197662390768528,
        0.5784497857093811,
        0.4859166443347931,
        0.4445303678512573,
        0.5088774561882019,
        0.29486364126205444,
        0.5613569617271423,
        0.4894395172595978
    ]
}