{
    "seed": 1000004,
    "theta": [
        0.7201331257820129,
        0.7281227111816406,
        0.567574679851532,
        0.6070213913917542
    ],
    "x": [
        0.9465198516845703,
        0.897351861000061,
        0.7614471316337585,
        0.9632151126861572,
        0.9783795475959778,
        0.8527755737304688,
        0.8789566159248352,
        0.890091598033905,
        0.7630991339683533,
        0.8021741509437561,
        0.7963230013847351,
        0.4800984561443329,
        0.7686879634857178,
        0.8080734014511108,
        0.7152546048164368,
        0.6253799200057983,
        0.6782799959182739,
        0.7006553411483765,
        0.6691609621047974,
        0.5326862335205078,
        0.6909408569335938,
        0.5671872496604919,
        0.5540308356285095,
        0.656454861164093,
        0.5822311639785767,
        0.5855122804641724,
        0.5181801915168762,
        0.4504680633544922,
        0.6018034815788269,
        0.5787729620933533,
        0.5554723143577576,
        0.5736958980560303,
        0.4159679412841797,
        0.5840060114860535,
        0.450362890958786,
        0.3645678162574768,
        0.5204862952232361,
        0.3434942960739136,
        0.607442319393158,
        0.5617033839225769,
        0.5163300633430481,
        0.441790908575058,
        0.539672315120697,
        0.5044015049934387,
        0.5494549870491028,
        0.5994569063186646,
        0.5706484317779541,
        0.5342613458633423,
        0.4334462583065033,
        0.2858341336250305,
        0.47540271282196045,
        0.5250340700149536,
        0.4246481657028198,
        0.4547702670097351,
        0.20713907480239868,
        0.5058773159980774,
        0.5398724675178528,
        0.5288652777671814,
        0.4234776794910431,
        0.5597049593925476,
        0.5199045538902283,
        0.49318593740463257,
        0.5753859281539917,
        0.5543498992919922,
        0.4788379669189453,
        0.5679860711097717,
        0.4404570162296295,
        0.5977743864059448,
        0.5372911095619202,
        0.5412147641181946,
        0.49892693758010864,
        0.578347384929657,
        0.5753888487815857,
        0.5672295689582825,
        0.6029598116874695,
        0.5558189153671265,
        0.576766312122345,
        0.5410794615745544,
        0.5320212244987488,
        0.5486817955970764,
        0.49771830439567566,
        0.5194466710090637,
        0.6140974760055542,
        0.5234859585762024,
        0.5729024410247803,
        0.5987579226493835,
        0.5527821779251099,
        0.5816954374313354,
        0.6170046329498291,
        0.5846691131591797,
        0.5910452604293823,
        0.6436883211135864,
        0.6208324432373047,
        0.6064751744270325,
        0.6944637298583984,
        0.646295428276062,
        0.6878499388694763,
        0.7027822136878967,
        0.7501761317253113,
        0.7752141356468201,
        0.8229084014892578
    ]
}