{
    "seed": 1000002,
    "theta": [
        0.4761318564414978,
        0.28213563561439514,
        0.4683830738067627,
        0.6059502363204956
    ],
    "x": [
        0.9169338345527649,
        0.7276682257652283,
        1.0584025382995605,
        0.7378655672073364,
        0.7586688995361328,
        0.5860697627067566,
        0.6569984555244446,
        0.6548104882240295,
        0.5244889855384827,
        0.48427531123161316,
        0.55975341796875,
        0.5502512454986572,
        0.41465479135513306,
        0.567566454410553,
        0.5390021204948425,
        0.5075482726097107,
        0.5002931952476501,
        0.2210032194852829,
        0.5880396366119385,
        0.4499964416027069,
        0.1824333220720291,
        0.4448585510253906,
        0.4167068600654602,
        0.21307805180549622,
        0.31690216064453125,
        0.5348542332649231,
        0.18816527724266052,
        0.5034478306770325,
        0.4807344973087311,
        0.5278027653694153,
        0.4392261505126953,
        0.5164654850959778,
        0.5050953030586243,
        0.11817499995231628,
        0.3274388611316681,
        0.502850353717804,
        0.3963904082775116,
        0.4063582122325897,
        0.35000166296958923,
        0.41968435049057007,
        0.4868941009044647,
        0.2944841980934143,
        0.4150455594062805,
        0.46884217858314514,
        0.42817065119743347,
        0.38517531752586365,
        0.4825854003429413,
        0.20980072021484375,
        0.3852168917655945,
        0.41370442509651184,
        0.33520862460136414,
        0.43565356731414795,
        0.5695299506187439,
        0.4867907166481018,
        0.4247511625289917,
        0.48043569922447205,
        0.4901537597179413,
        0.5534136295318604,
        0.4630274474620819,
        0.4697760343551636,
        0.5549381375312805,
        0.4019443392753601,
        0.3714885711669922,
        0.4568061828613281,
        0.4697585999965668,
        0.4453898072242737,
        0.5560301542282104,
        0.5333661437034607,
        0.4490011930465698,
        0.35215696692466736,
        0.3890833556652069,
        0.43541768193244934,
        0.406296044588089,
        0.3571249544620514,
        0.33689168095588684,
        0.5917086005210876,
        0.5088714361190796,
        0.535910427570343,
        0.5089506506919861,
        0.323455810546875,
        0.502548098564148,
        0.47644031047821045,
        0.34106749296188354,
        0.36933785676956177,
        0.4928235411643982,
        0.4661828279495239,
        0.47855427861213684,
        0.40235671401023865,
        0.5201714634895325,
        0.4285896420478821,
        0.4577655792236328,
        0.5176958441734314,
        0.41855087876319885,
        0.37532615661621094,
        0.4909723997116089,
        0.36754199862480164,
        0.4638430178165436,
        0.5054957270622253,
        0.4213963747024536,
        0.6277239322662354,
        0.6392717957496643
    ]
}