{
    "seed": 1000001,
    "theta": [
        0.42476415634155273,
        0.4225468039512634,
        0.4145892262458801,
        0.5448750853538513
    ],
    "x": [
        0.8828783631324768,
        0.966259777545929,
        0.941178023815155,
        0.8897486329078674,
        0.8695870637893677,
        0.7051672339439392,
        0.8872100710868835,
        0.5946856141090393,
        0.7744495272636414,
        0.7308592200279236,
        0.6990476250648499,
        0.5971235632896423,
        0.696491003036499,
        0.6323346495628357,
        0.6189653873443604,
        0.47344982624053955,
        0.4542325437068939,
        0.5584437251091003,
        0.5431719422340393,
        0.527849555015564,
        0.5408445000648499,
        0.6250045895576477,
        0.5666179656982422,
        0.5993755459785461,
        0.5137277245521545,
        0.5320167541503906,
        0.5000411868095398,
        0.46620622277259827,
        0.4763159453868866,
        0.5184364318847656,
        0.5900436639785767,
        0.4254118502140045,
        0.48657238483428955,
        0.451797753572464,
        0.29676005244255066,
        0.5099276304244995,
        0.41821950674057007,
        0.39698562026023865,
        0.45298564434051514,
        0.570261538028717,
        0.505011260509491,
        0.5539812445640564,
        0.48293063044548035,
        0.5015361905097961,
        0.606189489364624,
        0.4751003384590149,
        0.533120334148407,
        0.5332265496253967,
        0.5167433619499207,
        0.4628346860408783,
        0.4838738739490509,
        0.45932260155677795,
        0.5032539367675781,
        0.4475976228713989,
        0.6345573663711548,
        0.4954928159713745,
        0.42996838688850403,
        0.17533747851848602,
        0.4886617064476013,
        0.4535474181175232,
        0.42919158935546875,
        0.4508466124534607,
        0.4923344850540161,
        0.5273914337158203,
        0.43642017245292664,
        0.30844980478286743,
        0.5823954343795776,
        0.451684832572937,
        0.20553283393383026,
        0.46435877680778503,
        0.476675420999527,
        0.32693710923194885,
        0.3626401126384735,
        0.5244272947311401,
        0.5443992614746094,
        0.4161243438720703,
        0.502001166343689,
        0.4782119691371918,
        0.48919981718063354,
        0.30010122060775757,
        0.48713937401771545,
        0.49581286311149597,
        0.5427863001823425,
        0.50511234998703,
        0.5025520324707031,
        0.5367660522460938,
        0.37856826186180115,
        0.47556355595588684,
        0.5861123204231262,
        0.5779770016670227,
        0.5710488557815552,
        0.5612360835075378,
        0.5654131770133972,
        0.5571250915527344,
        0.5851523280143738,
        0.5395017266273499,
        0.6289950013160706,
        0.6238695979118347,
        0.6689262390136719,
        0.6759421229362488,
        0.7063019871711731
    ]
}