{
    "seed": 1000000,
    "theta": [
        -0.5257828235626221,
        0.4348445534706116
    ],
    "x": [
        0.18840882182121277,
        0.7776100635528564
    ]
}