{
    "seed": 1000009,
    "theta": [
        -0.17028318345546722,
        0.13455843925476074
    ],
    "x": [
        0.309995174407959,
        0.2624959647655487
    ]
}