{
    "seed": 1000002,
    "theta": [
        -0.16932004690170288,
        0.4085043966770172
    ],
    "x": [
        0.12264782190322876,
        0.5066542625427246
    ]
}