{
    "seed": 1000001,
    "theta": [
        -0.33951514959335327,
        0.2788238823413849
    ],
    "x": [
        0.21315492689609528,
        0.5203189849853516
    ]
}