{
    "seed": 1000003,
    "theta": [
        -0.44548606872558594,
        0.45809727907180786
    ],
    "x": [
        0.29969871044158936,
        0.6964123845100403
    ]
}