{
    "seed": 1000012,
    "theta": [
        0.37628835439682007,
        -0.21076516807079315
    ],
    "x": [
        1.8935235738754272,
        0.9330684542655945,
        0.4983053207397461,
        0.13530591130256653,
        -0.10149676352739334,
        -0.41706669330596924,
        -0.533771812915802,
        -0.6169517636299133,
        -0.8339483141899109,
        -0.8943208456039429,
        -0.9583155512809753,
        -0.9445154666900635,
        -1.0074741840362549,
        -1.0989733934402466,
        -1.011277198791504,
        -1.0674432516098022,
        -1.0628784894943237,
        -1.1812782287597656,
        -1.139527678489685,
        -1.204465389251709,
        -1.13044011592865,
        -1.0485392808914185,
        -1.0208691358566284,
        -1.0768742561340332,
        -1.1431019306182861
    ]
}