{
    "seed": 1000004,
    "theta": [
        0.4062064290046692,
        -0.1560225933790207
    ],
    "x": [
        1.8935235738754272,
        1.0012315511703491,
        0.44920840859413147,
        -0.12533631920814514,
        -0.45796796679496765,
        -0.5524269342422485,
        -0.663574755191803,
        -0.7746556401252747,
        -0.7462267875671387,
        -0.8892788290977478,
        -0.8583915829658508,
        -0.9363910555839539,
        -0.8074947595596313,
        -0.8781258463859558,
        -0.8609613180160522,
        -0.9285866022109985,
        -0.9237623810768127,
        -1.1310093402862549,
        -1.1264594793319702,
        -1.132705807685852,
        -1.0844871997833252,
        -1.044692873954773,
        -1.224683403968811,
        -1.2503756284713745,
        -1.431772232055664
    ]
}