{
    "seed": 1000003,
    "theta": [
        0.21137890219688416,
        -0.3310604691505432
    ],
    "x": [
        1.8935235738754272,
        0.9794983863830566,
        0.4112655818462372,
        0.0755181536078453,
        -0.29923826456069946,
        -0.648808479309082,
        -0.7162911891937256,
        -0.7581091523170471,
        -0.8113651275634766,
        -0.8655280470848083,
        -0.9285906553268433,
        -0.9625808596611023,
        -0.9924466609954834,
        -0.9784904718399048,
        -0.9918851852416992,
        -1.0268161296844482,
        -1.0621047019958496,
        -1.0749942064285278,
        -1.0727405548095703,
        -1.1374610662460327,
        -1.192960500717163,
        -1.2440931797027588,
        -1.2519662380218506,
        -1.2725106477737427,
        -1.2060879468917847
    ]
}