{
    "seed": 1000001,
    "theta": [
        0.27428051829338074,
        -0.1699686050415039
    ],
    "x": [
        1.8935235738754272,
        1.1797202825546265,
        0.5624930262565613,
        0.1459551304578781,
        -0.13277076184749603,
        -0.422213077545166,
        -0.47313615679740906,
        -0.654406726360321,
        -0.842268705368042,
        -0.9099357724189758,
        -0.9536166191101074,
        -1.0090917348861694,
        -0.9643673896789551,
        -1.108376145362854,
        -1.1296275854110718,
        -1.0249927043914795,
        -0.9691575765609741,
        -1.0190330743789673,
        -1.0116268396377563,
        -1.0846728086471558,
        -1.1663559675216675,
        -1.1443195343017578,
        -1.2040326595306396,
        -1.2409031391143799,
        -1.3609498739242554
    ]
}