{
    "seed": 1000000,
    "theta": [
        0.4030304551124573,
        -0.1349359154701233
    ],
    "x": [
        1.8935235738754272,
        1.0599009990692139,
        0.3488953709602356,
        -0.04191435128450394,
        -0.4249221086502075,
        -0.5939074158668518,
        -0.8056989908218384,
        -0.9075707197189331,
        -0.9495397806167603,
        -0.9172300100326538,
        -0.9873130321502686,
        -1.108481526374817,
        -1.133621096611023,
        -1.0876904726028442,
        -1.0994024276733398,
        -1.1462016105651855,
        -1.0370155572891235,
        -1.0952366590499878,
        -1.0429768562316895,
        -1.083109736442566,
        -1.1475083827972412,
        -1.287858009338379,
        -1.265467882156372,
        -1.1337047815322876,
        -1.0592076778411865
    ]
}