{
    "seed": 1000005,
    "theta": [
        0.11861452460289001,
        -0.5598001480102539
    ],
    "x": [
        1.8935235738754272,
        1.1936551332473755,
        0.6941564083099365,
        0.20876045525074005,
        -0.09061850607395172,
        -0.3457958996295929,
        -0.4742066562175751,
        -0.6614609360694885,
        -0.7573537826538086,
        -0.9425898194313049,
        -1.132773756980896,
        -1.1354799270629883,
        -1.186716079711914,
        -1.2516438961029053,
        -1.3193237781524658,
        -1.3803719282150269,
        -1.4217742681503296,
        -1.3608393669128418,
        -1.3720067739486694,
        -1.3532665967941284,
        -1.316762924194336,
        -1.240391492843628,
        -1.1526600122451782,
        -1.226365566253662,
        -1.282694697380066
    ]
}