{
    "seed": 1000002,
    "theta": [
        0.35505759716033936,
        -0.06947395205497742
    ],
    "x": [
        1.8935235738754272,
        1.213485836982727,
        0.707035481929779,
        0.24403302371501923,
        -0.07724332064390182,
        -0.3807202875614166,
        -0.6303051710128784,
        -0.8544799089431763,
        -1.0116798877716064,
        -1.029242992401123,
        -1.1314152479171753,
        -1.0223826169967651,
        -1.1442852020263672,
        -1.136293888092041,
        -1.133837342262268,
        -1.1546353101730347,
        -1.2378160953521729,
        -1.2258710861206055,
        -1.157578706741333,
        -0.964751124382019,
        -1.1092939376831055,
        -1.0684864521026611,
        -1.0810307264328003,
        -1.0630459785461426,
        -1.2277339696884155
    ]
}