{
    "seed": 1000010,
    "theta": [
        0.15062475204467773,
        -0.4058748185634613
    ],
    "x": [
        1.8935235738754272,
        1.0766324996948242,
        0.5219852924346924,
        0.05106588825583458,
        -0.2154964953660965,
        -0.543788492679596,
        -0.7771574258804321,
        -1.0021982192993164,
        -1.1077556610107422,
        -1.164748191833496,
        -1.2337868213653564,
        -1.266121506690979,
        -1.3312371969223022,
        -1.3574155569076538,
        -1.3330857753753662,
        -1.2620604038238525,
        -1.2769230604171753,
        -1.3878071308135986,
        -1.3590459823608398,
        -1.434733510017395,
        -1.3917654752731323,
        -1.4492496252059937,
        -1.4660261869430542,
        -1.3931856155395508,
        -1.3094220161437988
    ]
}