{
    "seed": 1000008,
    "theta": [
        0.3763960897922516,
        -0.29723358154296875
    ],
    "x": [
        1.8935235738754272,
        1.0278608798980713,
        0.3913406729698181,
        -0.05528914928436279,
        -0.3531995713710785,
        -0.7234592437744141,
        -0.8710846304893494,
        -0.9439947009086609,
        -1.0264828205108643,
        -1.0297105312347412,
        -1.0718128681182861,
        -1.0496890544891357,
        -1.0556429624557495,
        -1.1643809080123901,
        -1.1407475471496582,
        -1.1676452159881592,
        -1.2192124128341675,
        -1.160133719444275,
        -1.0971161127090454,
        -1.0519670248031616,
        -1.018936276435852,
        -1.0714846849441528,
        -1.268406629562378,
        -1.2488332986831665,
        -1.360452651977539
    ]
}