{
    "seed": 1000009,
    "theta": [
        0.2486075758934021,
        -0.257907897233963
    ],
    "x": [
        1.8935235738754272,
        1.1090084314346313,
        0.5031554698944092,
        0.07576709240674973,
        -0.168742835521698,
        -0.49310046434402466,
        -0.5756661891937256,
        -0.6181385517120361,
        -0.7334294319152832,
        -0.8815600275993347,
        -0.8688859343528748,
        -0.8057922720909119,
        -0.9040505886077881,
        -0.8892945647239685,
        -0.8658897280693054,
        -0.9861762523651123,
        -1.012582778930664,
        -1.1068657636642456,
        -1.1949571371078491,
        -1.0195794105529785,
        -0.9573789834976196,
        -1.0853482484817505,
        -1.1490613222122192,
        -1.0787445306777954,
        -1.1451667547225952
    ]
}