{
    "seed": 1000012,
    "theta": [
        -0.2621476650238037,
        -0.28399476408958435,
        -0.26705050468444824,
        0.16666410863399506,
        -0.39808517694473267,
        -0.3012939691543579,
        -0.05907560512423515,
        0.24486231803894043,
        0.17113184928894043,
        -0.08792829513549805
    ],
    "x": [
        -0.24324317276477814,
        -0.6621600389480591,
        -0.05303595960140228,
        0.032744407653808594,
        -0.498727411031723,
        0.23603671789169312,
        -0.6392867565155029,
        -0.007173478603363037,
        0.04031743109226227,
        -0.13804057240486145
    ]
}