{
    "seed": 1000003,
    "theta": [
        -0.18791817128658295,
        -0.2643435299396515,
        -0.34236735105514526,
        0.28515902161598206,
        -0.3458675742149353,
        -0.3605208098888397,
        -0.11055787652730942,
        0.40426433086395264,
        0.2513207197189331,
        -0.06443222612142563
    ],
    "x": [
        -0.43155425786972046,
        -0.8519834280014038,
        -0.4584205150604248,
        0.3340795934200287,
        -0.5666472911834717,
        -0.21686647832393646,
        -0.5792698860168457,
        0.431494802236557,
        -0.0004398822784423828,
        -0.05112224072217941
    ]
}