{
    "seed": 1000002,
    "theta": [
        -0.14579753577709198,
        -0.3752990961074829,
        -0.3295583426952362,
        0.192326158285141,
        -0.3366509675979614,
        -0.32050174474716187,
        -0.055289510637521744,
        0.3771827220916748,
        0.3855436444282532,
        -0.00762716680765152
    ],
    "x": [
        -0.11046500504016876,
        -0.15640918910503387,
        0.11653667688369751,
        0.6992653608322144,
        -0.20879271626472473,
        -0.4971265196800232,
        -0.7037535905838013,
        0.23389042913913727,
        0.44634732604026794,
        -0.25287848711013794
    ]
}