{
    "seed": 1000008,
    "theta": [
        -0.18927159905433655,
        -0.3226107954978943,
        -0.3136177361011505,
        0.19557221233844757,
        -0.2681398391723633,
        -0.2766634523868561,
        0.06579644978046417,
        0.30786654353141785,
        0.3404122591018677,
        -0.10103210061788559
    ],
    "x": [
        -0.19694747030735016,
        -0.723839282989502,
        -0.5221160054206848,
        0.21930557489395142,
        -0.49487629532814026,
        0.1459144651889801,
        -0.3654248118400574,
        0.24010632932186127,
        0.2532538175582886,
        0.21721366047859192
    ]
}