{
    "seed": 1000000,
    "theta": [
        -0.34779390692710876,
        -0.330308735370636,
        -0.42171037197113037,
        0.19004136323928833,
        -0.40335869789123535,
        -0.3496120274066925,
        -0.08121418207883835,
        0.3648914098739624,
        0.3880690336227417,
        -0.005002871155738831
    ],
    "x": [
        -0.3191175162792206,
        -0.564975380897522,
        -0.4709775447845459,
        0.04195550084114075,
        -0.818690299987793,
        -0.11681987345218658,
        0.0004207715392112732,
        0.457236647605896,
        0.12534445524215698,
        0.15497025847434998
    ]
}