{
    "seed": 1000003,
    "theta": [
        -0.17669692635536194,
        -0.44586724042892456
    ],
    "x": [
        1.8935235738754272,
        1.2137091159820557,
        0.7701795697212219,
        0.49449822306632996,
        0.14385810494422913,
        -0.21465356647968292,
        -0.31673741340637207,
        -0.39269664883613586,
        -0.47771790623664856,
        -0.5625491142272949,
        -0.6554339528083801,
        -0.7192305326461792,
        -0.7766328454017639,
        -0.7879971265792847,
        -0.8214597702026367,
        -0.8741940259933472,
        -0.9270653128623962,
        -0.9573814868927002,
        -0.9706852436065674,
        -1.0482267141342163,
        -1.1194592714309692,
        -1.1880420446395874,
        -1.2144603729248047,
        -1.2511076927185059,
        -1.1997308731079102
    ]
}