{
    "seed": 1000008,
    "theta": [
        0.3491619825363159,
        -0.007493212819099426
    ],
    "x": [
        1.8935235738754272,
        1.0827302932739258,
        0.48155882954597473,
        0.05727257952094078,
        -0.2267560064792633,
        -0.5885021686553955,
        -0.7319281101226807,
        -0.802575945854187,
        -0.8838094472885132,
        -0.8865703344345093,
        -0.9283493161201477,
        -0.906218945980072,
        -0.9120473265647888,
        -1.020726203918457,
        -0.9976418614387512,
        -1.0248117446899414,
        -1.0767241716384888,
        -1.0181785821914673,
        -0.9552282691001892,
        -0.9097851514816284,
        -0.8762937784194946,
        -0.928325891494751,
        -1.125157117843628,
        -1.1065900325775146,
        -1.2188376188278198
    ]
}