{
    "seed": 1000012,
    "theta": [
        0.33703067898750305,
        -0.36853650212287903
    ],
    "x": [
        1.8935235738754272,
        0.9415060877799988,
        0.505383312702179,
        0.1379743218421936,
        -0.10490887612104416,
        -0.4267926514148712,
        -0.5506008863449097,
        -0.6399009227752686,
        -0.8620341420173645,
        -0.927873432636261,
        -0.9963471293449402,
        -0.9863307476043701,
        -1.0519530773162842,
        -1.1458979845046997,
        -1.0607118606567383,
        -1.118028163909912,
        -1.114747166633606,
        -1.2340514659881592,
        -1.1938931941986084,
        -1.2596696615219116,
        -1.186768651008606,
        -1.1051102876663208,
        -1.0769747495651245,
        -1.132421612739563,
        -1.19868004322052
    ]
}