{
    "seed": 1000001,
    "theta": [
        0.395210325717926,
        -0.319235622882843
    ],
    "x": [
        1.8935235738754272,
        1.0898069143295288,
        0.42501986026763916,
        -0.01087841298431158,
        -0.29348787665367126,
        -0.5789889693260193,
        -0.6200701594352722,
        -0.7930134534835815,
        -0.9704875946044922,
        -1.0261218547821045,
        -1.0594910383224487,
        -1.1064754724502563,
        -1.0542879104614258,
        -1.1939976215362549,
        -1.2086666822433472,
        -1.0987722873687744,
        -1.0416759252548218,
        -1.0919923782348633,
        -1.0836979150772095,
        -1.1562825441360474,
        -1.2358665466308594,
        -1.2103410959243774,
        -1.2680717706680298,
        -1.3020687103271484,
        -1.419152021408081
    ]
}