{
    "seed": 1000002,
    "theta": [
        0.41296273469924927,
        -0.11584873497486115
    ],
    "x": [
        1.8935235738754272,
        1.1719307899475098,
        0.64354407787323,
        0.1706695407629013,
        -0.15232707560062408,
        -0.4533176124095917,
        -0.6976040601730347,
        -0.9150872230529785,
        -1.0648902654647827,
        -1.0753264427185059,
        -1.172182321548462,
        -1.0581525564193726,
        -1.1777327060699463,
        -1.166663646697998,
        -1.1620914936065674,
        -1.1814002990722656,
        -1.2632718086242676,
        -1.2494240999221802,
        -1.1799051761627197,
        -0.9869886040687561,
        -1.1337006092071533,
        -1.0927753448486328,
        -1.1057077646255493,
        -1.0878562927246094,
        -1.2528480291366577
    ]
}