{
    "seed": 1000000,
    "theta": [
        0.43669164180755615,
        -0.2167925387620926
    ],
    "x": [
        1.8935235738754272,
        1.0288406610488892,
        0.3013116717338562,
        -0.09648691117763519,
        -0.48184436559677124,
        -0.649925708770752,
        -0.8599353432655334,
        -0.9591113924980164,
        -0.9984734058380127,
        -0.9640232920646667,
        -1.0327985286712646,
        -1.1525630950927734,
        -1.1758865118026733,
        -1.1284921169281006,
        -1.1394702196121216,
        -1.185667634010315,
        -1.0757375955581665,
        -1.134163498878479,
        -1.0816577672958374,
        -1.1219671964645386,
        -1.1862215995788574,
        -1.326034665107727,
        -1.3023173809051514,
        -1.1697591543197632,
        -1.0955826044082642
    ]
}