{
    "seed": 1000005,
    "theta": [
        -0.36265695095062256,
        -0.4141141176223755
    ],
    "x": [
        1.8935235738754272,
        1.501678466796875,
        1.203574299812317,
        0.8458225131034851,
        0.6110956072807312,
        0.38351261615753174,
        0.25461697578430176,
        0.05457931384444237,
        -0.07049128413200378,
        -0.29041609168052673,
        -0.528696596622467,
        -0.5916746854782104,
        -0.6957604289054871,
        -0.8117329478263855,
        -0.9302003979682922,
        -1.0420767068862915,
        -1.133704423904419,
        -1.1205780506134033,
        -1.1675944328308105,
        -1.181208848953247,
        -1.1711313724517822,
        -1.1143041849136353,
        -1.0362746715545654,
        -1.110000729560852,
        -1.1734423637390137
    ]
}