{
    "seed": 1000009,
    "theta": [
        -0.008365839719772339,
        -0.42472043633461
    ],
    "x": [
        1.8935235738754272,
        1.255549430847168,
        0.7268543839454651,
        0.33018407225608826,
        0.08833431452512741,
        -0.24645721912384033,
        -0.35405781865119934,
        -0.42084336280822754,
        -0.5578083395957947,
        -0.7292397022247314,
        -0.7428584694862366,
        -0.7001916170120239,
        -0.8115829825401306,
        -0.8124052286148071,
        -0.80073082447052,
        -0.9292182922363281,
        -0.968381404876709,
        -1.074248194694519,
        -1.1764717102050781,
        -1.0169507265090942,
        -0.9584486484527588,
        -1.0861860513687134,
        -1.1562902927398682,
        -1.0943715572357178,
        -1.163912296295166
    ]
}