{
    "seed": 1000000,
    "theta": [
        -0.3230525255203247,
        -0.1777627170085907,
        -0.15055137872695923,
        -0.35255348682403564,
        -0.1606280505657196,
        -0.055325187742710114,
        -0.05859231576323509,
        0.36019471287727356,
        -0.18439142405986786,
        0.11531874537467957
    ],
    "x": [
        0.4522398114204407,
        -0.2973868250846863,
        -0.5586290955543518,
        -0.2824874818325043,
        -0.34425634145736694,
        -0.08754616975784302,
        0.24513769149780273,
        0.23171530663967133,
        -0.4338389039039612,
        0.0906982570886612
    ]
}