{
    "seed": 1000010,
    "theta": [
        -0.2910749018192291,
        -0.32952645421028137,
        -0.21005810797214508,
        -0.40519797801971436,
        0.1037072017788887,
        -0.09400494396686554,
        -0.005183319561183453,
        0.4096134901046753,
        -0.14357279241085052,
        0.1196160838007927
    ],
    "x": [
        -0.6174643039703369,
        0.20628312230110168,
        -0.4960177540779114,
        -0.7139168977737427,
        0.11866500973701477,
        -0.09839019179344177,
        0.3560566306114197,
        0.6724032163619995,
        -0.3034723401069641,
        -0.011972494423389435
    ]
}