{
    "seed": 1000012,
    "theta": [
        -0.3376803398132324,
        -0.13119737803936005,
        -0.24863803386688232,
        -0.4300408363342285,
        -0.018450014293193817,
        -0.1009572222828865,
        0.06485532969236374,
        0.37472349405288696,
        -0.1871727705001831,
        -0.03420902043581009
    ],
    "x": [
        -0.25937122106552124,
        0.13618715107440948,
        -0.2222629189491272,
        -0.31753009557724,
        0.0985296219587326,
        -0.4366205632686615,
        -0.08200668543577194,
        0.6405513882637024,
        -0.4636940360069275,
        0.3521859645843506
    ]
}