{
    "seed": 1000001,
    "theta": [
        -0.31278568506240845,
        -0.40941089391708374,
        -0.21669363975524902,
        -0.2951620817184448,
        -0.006790122017264366,
        -0.09542770683765411,
        0.012936999090015888,
        0.2734244465827942,
        -0.06913527101278305,
        0.07236877083778381
    ],
    "x": [
        -0.7426499128341675,
        -0.729030430316925,
        -0.1311989724636078,
        -0.1389792412519455,
        0.6685101985931396,
        -0.10607884079217911,
        0.6066274642944336,
        1.06378173828125,
        0.16235563158988953,
        0.1153632327914238
    ]
}