{
    "seed": 1000002,
    "theta": [
        -0.2269398719072342,
        -0.39496123790740967,
        -0.26921549439430237,
        -0.23610486090183258,
        0.025027692317962646,
        0.02926398068666458,
        0.020008593797683716,
        0.3042561709880829,
        -0.15063956379890442,
        -0.0870855301618576
    ],
    "x": [
        -0.5124971270561218,
        -1.0244451761245728,
        -0.2699867784976959,
        -0.8196329474449158,
        -0.013781283050775528,
        0.02887963503599167,
        -0.09565111249685287,
        0.2614247798919678,
        -0.3273282051086426,
        0.05469164252281189
    ]
}