{
    "seed": 1000004,
    "theta": [
        -0.409218966960907,
        -0.3302806317806244,
        -0.1892329305410385,
        -0.28658604621887207,
        -0.026595039293169975,
        -0.09327469766139984,
        0.12197863310575485,
        0.40741100907325745,
        -0.1594638079404831,
        0.0890081450343132
    ],
    "x": [
        -0.163967564702034,
        -0.008869946002960205,
        -0.2901671826839447,
        -0.8116046786308289,
        -0.019063733518123627,
        -0.5258912444114685,
        0.002699613571166992,
        0.6915964484214783,
        0.30749303102493286,
        0.2856232523918152
    ]
}