{
    "seed": 1000000,
    "theta": [
        0.26630258560180664,
        0.22953268885612488,
        -0.03576020896434784,
        0.0923132598400116,
        -0.5184460878372192,
        0.00934579037129879,
        -0.059619441628456116,
        -0.03467993438243866,
        -0.062571682035923,
        0.12482321262359619
    ],
    "x": [
        1.0415949821472168,
        0.1099085882306099,
        -0.4438379406929016,
        0.16237926483154297,
        -0.702074408531189,
        -0.022875187918543816,
        0.244110569357872,
        -0.1631593406200409,
        -0.31201913952827454,
        0.10020272433757782
    ]
}