{
    "seed": 1000003,
    "theta": [
        0.23892050981521606,
        -0.5244680643081665,
        -0.15949547290802002,
        -0.10510654747486115,
        -0.17979787290096283,
        0.15771566331386566,
        -0.1892000138759613,
        0.18994107842445374,
        -0.17357951402664185,
        -0.36134713888168335
    ],
    "x": [
        0.29170534014701843,
        -0.5692296624183655,
        -0.891025722026825,
        -0.29051750898361206,
        -0.33202195167541504,
        0.026385098695755005,
        -0.8981118202209473,
        -0.014761582016944885,
        0.12728255987167358,
        -0.30711373686790466
    ]
}