{
    "seed": 1000008,
    "theta": [
        0.07078598439693451,
        -0.3412931263446808,
        -0.5230773687362671,
        0.34988975524902344,
        0.11515089124441147,
        0.07720380276441574,
        0.1913186013698578,
        -0.026056461036205292,
        -0.09780608117580414,
        0.1331237554550171
    ],
    "x": [
        -0.05980090796947479,
        -0.153069406747818,
        -0.06516563892364502,
        0.3806034326553345,
        0.42617446184158325,
        0.8056784868240356,
        -0.02092471718788147,
        -0.1365906298160553,
        -0.34940963983535767,
        -0.32048702239990234
    ]
}