{
    "seed": 1000001,
    "theta": [
        0.2919696867465973,
        -0.34958773851394653,
        -0.20111580193042755,
        0.23579177260398865,
        -0.1338513046503067,
        -0.09091050177812576,
        0.1192038357257843,
        -0.2516056299209595,
        0.22556869685649872,
        0.017448289319872856
    ],
    "x": [
        -0.13789451122283936,
        -0.6692072749137878,
        -0.11562114208936691,
        0.39197462797164917,
        0.5414490103721619,
        -0.10156163573265076,
        0.7128943204879761,
        0.5387517213821411,
        0.4570595920085907,
        0.06044275313615799
    ]
}