{
    "seed": 1000012,
    "theta": [
        0.22973302006721497,
        0.3459460139274597,
        -0.280976802110672,
        -0.1014050841331482,
        -0.16300103068351746,
        -0.10473428666591644,
        0.24899965524673462,
        0.0016419962048530579,
        -0.06952505558729172,
        -0.24899618327617645
    ],
    "x": [
        0.30804213881492615,
        0.6133305430412292,
        -0.25460168719291687,
        0.011105671525001526,
        -0.046021394431591034,
        -0.44039762020111084,
        0.10213764011859894,
        0.2674698829650879,
        -0.3460463285446167,
        0.13739879429340363
    ]
}