{
    "seed": 1000002,
    "theta": [
        0.5065841674804688,
        -0.31346359848976135,
        -0.3324204683303833,
        0.3834347724914551,
        -0.05430677533149719,
        0.22081869840621948,
        0.13688281178474426,
        -0.17452628910541534,
        0.021807976067066193,
        -0.38118743896484375
    ],
    "x": [
        0.2210269272327423,
        -0.942947506904602,
        -0.33319175243377686,
        -0.2000933289527893,
        -0.09311574697494507,
        0.22043435275554657,
        0.021223105490207672,
        -0.21735766530036926,
        -0.15488067269325256,
        -0.23941026628017426
    ]
}