{
    "seed": 1000004,
    "theta": [
        0.5943907499313354,
        0.27724409103393555,
        0.2430320680141449,
        0.7734968066215515
    ],
    "x": [
        0.8643506169319153,
        0.9208539128303528,
        0.7880526185035706,
        0.8215943574905396,
        0.8117969632148743,
        0.8129761815071106,
        0.5644398927688599,
        0.7615677118301392,
        0.6564117670059204,
        0.6050491333007812,
        0.6450698971748352,
        0.4452868103981018,
        0.515862762928009,
        0.5148354768753052,
        0.6206331849098206,
        0.5633473992347717,
        0.6120460629463196,
        0.2599015533924103,
        0.5137704014778137,
        0.6128509640693665,
        0.4485946595668793,
        0.5240585207939148,
        0.614392876625061,
        0.4506710171699524,
        0.41295140981674194,
        0.4821311831474304,
        0.5169019103050232,
        0.17140452563762665,
        0.4976237118244171,
        0.1048479750752449,
        0.3224881589412689,
        0.5009015202522278,
        0.5549560785293579,
        0.39969661831855774,
        0.3999801576137543,
        0.5835221409797668,
        0.2554454803466797,
        0.299154669046402,
        0.4224318265914917,
        0.5464769005775452,
        0.5489559173583984,
        0.4524070620536804,
        0.5920085906982422,
        0.40460535883903503,
        0.4381515383720398,
        0.5234476923942566,
        0.06860605627298355,
        0.5453811883926392,
        0.4040541350841522,
        0.47005540132522583,
        0.390270859003067,
        0.5359972715377808,
        0.5303176641464233,
        0.26022517681121826,
        0.28176385164260864,
        0.44588610529899597,
        0.5670211911201477,
        0.5513141751289368,
        0.5271428227424622,
        0.4358178377151489,
        0.4154200255870819,
        0.4994395077228546,
        0.5437553524971008,
        0.5692428350448608,
        0.4905427396297455,
        0.35193151235580444,
        0.5359820127487183,
        0.4862922728061676,
        0.4620503783226013,
        0.5303924679756165,
        0.3781112730503082,
        0.5339125394821167,
        0.38030269742012024,
        0.4813936948776245,
        0.4977473020553589,
        0.44827550649642944,
        0.547710657119751,
        0.5666674375534058,
        0.2538693845272064,
        0.49254927039146423,
        0.3913809359073639,
        0.41565003991127014,
        0.5394055843353271,
        0.5089861750602722,
        0.5538259148597717,
        0.5863279700279236,
        0.4602976441383362,
        0.498492568731308,
        0.5000917911529541,
        0.4614238739013672,
        0.513663113117218,
        0.3994736969470978,
        0.49998754262924194,
        0.3937797546386719,
        0.526885449886322,
        0.5973856449127197,
        0.5688506960868835,
        0.6197121739387512,
        0.6143156886100769,
        0.6450696587562561,
        0.6468074917793274
    ]
}