{
    "seed": 1000012,
    "theta": [
        0.5146792531013489,
        0.23828007280826569,
        0.10353384912014008,
        0.7530388236045837
    ],
    "x": [
        0.820292055606842,
        0.691393256187439,
        0.5386123657226562,
        0.5621466040611267,
        0.7223716974258423,
        0.7748350501060486,
        0.8122608065605164,
        0.6978936791419983,
        0.6414712071418762,
        0.5759804844856262,
        0.541397750377655,
        0.49237722158432007,
        0.5305194854736328,
        0.2824869751930237,
        0.6052324771881104,
        0.44707170128822327,
        0.6059272885322571,
        0.36987125873565674,
        0.4059646725654602,
        0.5858238339424133,
        0.5440532565116882,
        0.3568307161331177,
        0.43154066801071167,
        0.542914092540741,
        0.4126533567905426,
        0.38972169160842896,
        0.23787052929401398,
        0.42903074622154236,
        0.5056074857711792,
        0.46258747577667236,
        0.47814077138900757,
        0.46509552001953125,
        0.15285542607307434,
        0.15530496835708618,
        0.4404778778553009,
        0.5389944911003113,
        0.45869433879852295,
        0.4605918824672699,
        0.6008074283599854,
        0.48814404010772705,
        0.3139658570289612,
        0.42599359154701233,
        0.5533115267753601,
        0.48098883032798767,
        0.4128479063510895,
        0.4853507876396179,
        0.4022408723831177,
        0.49743780493736267,
        0.3818913698196411,
        0.5398887395858765,
        0.4072776734828949,
        0.5128852725028992,
        0.4814568758010864,
        0.5426990389823914,
        0.4868227541446686,
        0.4227423369884491,
        0.3789921998977661,
        0.396112322807312,
        0.3651542663574219,
        0.42866718769073486,
        0.5524696111679077,
        0.26717349886894226,
        0.4314102232456207,
        0.5818659663200378,
        0.44185447692871094,
        0.37193477153778076,
        0.5634446740150452,
        0.5331719517707825,
        0.5770657658576965,
        0.3395766019821167,
        0.23362235724925995,
        0.5087445378303528,
        0.36063385009765625,
        0.41935843229293823,
        0.5159289240837097,
        0.5241811275482178,
        0.48610737919807434,
        0.5360221862792969,
        0.34814757108688354,
        0.299121230840683,
        0.47920480370521545,
        0.554578423500061,
        0.555370569229126,
        0.1985417753458023,
        0.46858569979667664,
        0.5137102603912354,
        0.4857129454612732,
        0.5784861445426941,
        0.5058065056800842,
        0.5056400299072266,
        0.42669564485549927,
        0.5425116419792175,
        0.38236668705940247,
        0.5107447504997253,
        0.40385323762893677,
        0.39339345693588257,
        0.4031454622745514,
        0.5886766910552979,
        0.5648468136787415,
        0.46582210063934326,
        0.5072281956672668
    ]
}