{
    "seed": 1000001,
    "theta": [
        0.47600817680358887,
        0.15496429800987244,
        0.1818082481622696,
        0.7486085891723633
    ],
    "x": [
        0.4548669159412384,
        0.47290903329849243,
        0.7569290399551392,
        0.3444894254207611,
        0.7153007388114929,
        0.5587046146392822,
        0.5008302330970764,
        0.5304965972900391,
        0.5392420291900635,
        0.6110089421272278,
        0.433111310005188,
        0.4825240969657898,
        0.2930089235305786,
        0.31677308678627014,
        0.5177381038665771,
        0.3961727023124695,
        0.4437655210494995,
        0.5079450011253357,
        0.5467936396598816,
        0.4710313081741333,
        0.5599633455276489,
        0.39199841022491455,
        0.40119248628616333,
        0.4590311646461487,
        0.5077641606330872,
        0.5177204012870789,
        0.5048103332519531,
        0.4859980344772339,
        0.4361869692802429,
        0.5801329016685486,
        0.11991729587316513,
        0.495208740234375,
        0.5830835700035095,
        0.34412357211112976,
        0.34188830852508545,
        0.5002511143684387,
        0.4285111725330353,
        0.3961009979248047,
        0.5038450956344604,
        0.43191656470298767,
        0.370763897895813,
        0.4544755220413208,
        0.48361828923225403,
        0.44543278217315674,
        0.4680376648902893,
        0.4906425476074219,
        0.4732074737548828,
        0.460342139005661,
        0.024442290887236595,
        0.47714412212371826,
        0.5144990086555481,
        0.48816731572151184,
        0.2782657742500305,
        0.5083370208740234,
        0.36514028906822205,
        0.3783015012741089,
        0.4629969298839569,
        0.5545806884765625,
        0.34098586440086365,
        0.33560702204704285,
        0.3155045807361603,
        0.5584472417831421,
        0.5272858738899231,
        0.45683059096336365,
        0.5066721439361572,
        0.5256630182266235,
        0.5464757084846497,
        0.5218105316162109,
        0.5712838768959045,
        0.47749951481819153,
        0.5348434448242188,
        0.4389755129814148,
        0.5002747774124146,
        0.4210667908191681,
        0.44708380103111267,
        0.47044485807418823,
        0.3706916868686676,
        0.1229400634765625,
        0.4831518828868866,
        0.4957717955112457,
        0.43023377656936646,
        0.3968709409236908,
        0.36972540616989136,
        0.44032058119773865,
        0.4932786226272583,
        0.4662550687789917,
        0.5151990056037903,
        0.4968198239803314,
        0.3982313871383667,
        0.35152944922447205,
        0.3267192840576172,
        0.48408812284469604,
        0.3677026033401489,
        0.4620671570301056,
        0.4665856659412384,
        0.42276763916015625,
        0.4382980465888977,
        0.5658612847328186,
        0.5462843775749207,
        0.3720768094062805,
        0.42022082209587097
    ]
}