{
    "seed": 1000010,
    "theta": [
        0.5665409564971924,
        0.12731203436851501,
        0.14378559589385986,
        0.6854203343391418
    ],
    "x": [
        0.9912938475608826,
        0.8119342923164368,
        0.8437387943267822,
        0.559198260307312,
        0.6262551546096802,
        0.5954541563987732,
        0.5803120732307434,
        0.5971361994743347,
        0.6291096806526184,
        0.5518158078193665,
        0.5961272120475769,
        0.5944908261299133,
        0.5426831841468811,
        0.5584219694137573,
        0.5225077271461487,
        0.467416375875473,
        0.409682959318161,
        0.55352783203125,
        0.41885629296302795,
        0.5358173251152039,
        0.3779256045818329,
        0.47614848613739014,
        0.4934017062187195,
        0.5662068724632263,
        0.36238160729408264,
        0.48500555753707886,
        0.3934682309627533,
        0.4480852782726288,
        0.4299156069755554,
        0.5125132203102112,
        0.5579338073730469,
        0.4496876895427704,
        0.443100243806839,
        0.39111441373825073,
        0.460244745016098,
        0.472580224275589,
        0.5162297487258911,
        0.437945693731308,
        0.5622757077217102,
        0.39393919706344604,
        0.43794187903404236,
        0.5373814702033997,
        0.48290252685546875,
        0.49039357900619507,
        0.45085638761520386,
        0.37549030780792236,
        0.40995484590530396,
        0.44044849276542664,
        0.47794023156166077,
        0.4293244779109955,
        0.5651674866676331,
        0.4220626950263977,
        0.4959990084171295,
        0.4997054934501648,
        0.3864939510822296,
        0.5109326839447021,
        0.5076761841773987,
        0.4759208559989929,
        0.30874189734458923,
        0.48647168278694153,
        0.4903915524482727,
        0.5070928931236267,
        0.4259348511695862,
        0.5738247036933899,
        0.48866474628448486,
        0.5915848016738892,
        0.4569052457809448,
        0.3984672427177429,
        0.4989212155342102,
        0.49446842074394226,
        0.5416253209114075,
        0.3839869201183319,
        0.5802446007728577,
        0.42878392338752747,
        0.3336479067802429,
        0.5327257513999939,
        0.47608834505081177,
        0.4352685213088989,
        0.39256590604782104,
        0.34102046489715576,
        0.5194759368896484,
        0.5676295161247253,
        0.5231470465660095,
        0.4172055423259735,
        0.4602862000465393,
        0.3850351870059967,
        0.4363095462322235,
        0.43779832124710083,
        0.4725915193557739,
        0.5942020416259766,
        0.541373074054718,
        0.19848531484603882,
        0.45144906640052795,
        0.5685855746269226,
        0.4452555477619171,
        0.5315147638320923,
        0.5733164548873901,
        0.6323387026786804,
        0.602222204208374,
        0.6777806878089905,
        0.7105452418327332
    ]
}