{
    "seed": 1000002,
    "theta": [
        0.4965689778327942,
        0.09893012046813965,
        0.20333771407604218,
        0.7730677127838135
    ],
    "x": [
        0.5843072533607483,
        0.791888952255249,
        0.7922750115394592,
        0.5468336939811707,
        0.4605717957019806,
        0.544683575630188,
        0.6264625787734985,
        0.578264594078064,
        0.4839107394218445,
        0.4697394073009491,
        0.5326582789421082,
        0.4940052032470703,
        0.4600086212158203,
        0.40415826439857483,
        0.27863389253616333,
        0.3459426760673523,
        0.5145546197891235,
        0.45334115624427795,
        0.5393946170806885,
        0.5430958867073059,
        0.19964243471622467,
        0.40722376108169556,
        0.5049204230308533,
        0.5779848694801331,
        0.40126851201057434,
        0.5511476993560791,
        0.4086497128009796,
        0.3453845977783203,
        0.20960044860839844,
        0.3058573305606842,
        0.4798268675804138,
        0.3424667418003082,
        0.4584612548351288,
        0.36809512972831726,
        0.445605605840683,
        0.3824754059314728,
        0.49866384267807007,
        0.5400444269180298,
        0.5177473425865173,
        0.46265411376953125,
        0.5462062954902649,
        0.304834246635437,
        0.5972423553466797,
        0.4113478362560272,
        0.3613447844982147,
        0.5486615300178528,
        0.46175625920295715,
        0.39361852407455444,
        0.3819718658924103,
        0.3619968295097351,
        0.5648738741874695,
        0.43710505962371826,
        0.4549875855445862,
        0.14468638598918915,
        0.4587070345878601,
        0.3322301208972931,
        0.5433270931243896,
        0.42925846576690674,
        0.4838099181652069,
        0.36630579829216003,
        0.3853141665458679,
        0.5105484127998352,
        0.2775381803512573,
        0.35582414269447327,
        0.2398025542497635,
        0.2924636900424957,
        0.3777371644973755,
        0.4872640073299408,
        0.47322604060173035,
        0.45505282282829285,
        0.4925561249256134,
        0.4730476438999176,
        0.4861176908016205,
        0.48340097069740295,
        0.5293034911155701,
        0.4968146085739136,
        0.5515944361686707,
        0.5152429938316345,
        0.4094584286212921,
        0.5480924248695374,
        0.5911795496940613,
        0.5104905366897583,
        0.4520842134952545,
        0.4569688141345978,
        0.29256847500801086,
        0.5091045498847961,
        0.3046221435070038,
        0.27638816833496094,
        0.46448835730552673,
        0.3396603763103485,
        0.5279492735862732,
        0.5251858830451965,
        0.5539866089820862,
        0.5219699740409851,
        0.40861815214157104,
        0.47608503699302673,
        0.5093381404876709,
        0.5010569095611572,
        0.2270462065935135,
        0.4931577146053314,
        0.5969515442848206
    ]
}