{
    "seed": 1000008,
    "theta": [
        0.5279333591461182,
        0.1953381448984146,
        0.18400654196739197,
        0.7662994861602783
    ],
    "x": [
        0.7940167784690857,
        0.9291137456893921,
        0.7542024254798889,
        0.7203145623207092,
        0.6739512085914612,
        0.8000875115394592,
        0.5496132969856262,
        0.6002334356307983,
        0.5306702852249146,
        0.40198785066604614,
        0.47247567772865295,
        0.39507293701171875,
        0.6113840937614441,
        0.5101274847984314,
        0.42901381850242615,
        0.34246838092803955,
        0.5319175720214844,
        0.5057380795478821,
        0.4343816041946411,
        0.5356447696685791,
        0.5569941401481628,
        0.3655250668525696,
        0.5061836242675781,
        0.47500839829444885,
        0.5464739203453064,
        0.4055810272693634,
        0.3646114468574524,
        0.5077724456787109,
        0.42631009221076965,
        0.23098818957805634,
        0.5690054297447205,
        0.3747671842575073,
        0.26207834482192993,
        0.47841060161590576,
        0.2989839017391205,
        0.49536019563674927,
        0.4577312469482422,
        0.4623126983642578,
        0.5394660830497742,
        0.37458139657974243,
        0.4108567535877228,
        0.20962078869342804,
        0.5174533724784851,
        0.5208069086074829,
        0.3942147493362427,
        0.261334091424942,
        0.45301806926727295,
        0.46338921785354614,
        0.46063104271888733,
        0.47274652123451233,
        0.4095626771450043,
        0.4283072054386139,
        0.5381646752357483,
        0.4664606750011444,
        0.4552195370197296,
        0.39559414982795715,
        0.3899308443069458,
        0.48674264550209045,
        0.47351977229118347,
        0.3501691222190857,
        0.30721524357795715,
        -0.12793706357479095,
        0.13452810049057007,
        0.5263080596923828,
        0.45850473642349243,
        0.5405527949333191,
        0.5186197757720947,
        0.4836004972457886,
        0.4861859679222107,
        0.4567817747592926,
        0.3808727264404297,
        0.43239542841911316,
        0.42149633169174194,
        0.37536177039146423,
        0.5137413144111633,
        0.502014696598053,
        0.4997521638870239,
        0.3803165555000305,
        0.44165724515914917,
        0.5140674710273743,
        0.4246973693370819,
        0.40310797095298767,
        0.41426607966423035,
        0.4830319583415985,
        0.5535298585891724,
        0.3987712860107422,
        0.4760931730270386,
        0.5494815707206726,
        0.5917887091636658,
        0.4203108549118042,
        0.4961777925491333,
        0.3925253450870514,
        0.43511059880256653,
        0.5425570011138916,
        0.5114685297012329,
        0.319830060005188,
        0.5112051367759705,
        0.6006520390510559,
        0.617535412311554,
        0.5374919772148132,
        0.6713789701461792
    ]
}