{
    "seed": 1000003,
    "theta": [
        0.5142940878868103,
        0.10350999236106873,
        0.25391072034835815,
        0.8126722574234009
    ],
    "x": [
        0.7753702998161316,
        0.7783241271972656,
        0.8632087707519531,
        0.7770829796791077,
        0.6475428342819214,
        0.7373231053352356,
        0.6614513397216797,
        0.5422191619873047,
        0.24743080139160156,
        0.42107149958610535,
        0.45562732219696045,
        0.4163232147693634,
        0.3902563750743866,
        0.41035690903663635,
        0.36204466223716736,
        0.580551028251648,
        0.5341693758964539,
        0.495504766702652,
        0.4868354797363281,
        0.6010144352912903,
        0.37075015902519226,
        0.4903703033924103,
        0.45207569003105164,
        0.44689100980758667,
        0.38295504450798035,
        0.3663741946220398,
        0.4794456362724304,
        0.3816819489002228,
        0.4602767825126648,
        0.4313667416572571,
        0.3596481382846832,
        0.5297263860702515,
        0.5253220796585083,
        0.5312413573265076,
        0.384499728679657,
        0.5058754086494446,
        0.3525146543979645,
        0.31741270422935486,
        0.510339081287384,
        0.5122092962265015,
        0.29408618807792664,
        0.6062687039375305,
        0.26758548617362976,
        0.4385368227958679,
        0.4445353150367737,
        0.35780030488967896,
        0.48587265610694885,
        0.39672598242759705,
        0.23110058903694153,
        0.19521993398666382,
        0.4635828733444214,
        0.5751182436943054,
        0.46634751558303833,
        0.5473964810371399,
        0.45944035053253174,
        0.35124918818473816,
        0.5190504789352417,
        0.6008574366569519,
        0.45914992690086365,
        0.3741897642612457,
        0.5244350433349609,
        0.4326750338077545,
        0.412109375,
        0.43151575326919556,
        0.42667415738105774,
        0.4485277831554413,
        0.2428128570318222,
        0.4845816195011139,
        0.5282382965087891,
        0.5111695528030396,
        0.39682692289352417,
        0.4205431640148163,
        0.517346203327179,
        0.5147673487663269,
        0.5512527227401733,
        0.4612692594528198,
        0.5038927793502808,
        0.4856669008731842,
        0.43395742774009705,
        0.454025000333786,
        0.61517333984375,
        0.4174700379371643,
        0.45742860436439514,
        0.47970327734947205,
        0.34342601895332336,
        0.21432189643383026,
        0.5871855616569519,
        0.508677065372467,
        0.42197227478027344,
        0.4445667266845703,
        0.5659905672073364,
        0.4404066801071167,
        0.5186285376548767,
        0.5966828465461731,
        0.5576127171516418,
        0.5160097479820251,
        0.45431798696517944,
        0.4137471616268158,
        0.4170374572277069,
        0.4809359312057495,
        0.527190625667572
    ]
}