{
    "seed": 1000005,
    "theta": [
        -0.365126371383667,
        0.3828014135360718,
        1.070559024810791,
        -1.4131877422332764,
        -0.8011606931686401
    ],
    "x": [
        0.22073179483413696,
        0.11793176829814911,
        -0.5634752511978149,
        -0.8320847749710083,
        -0.9352607131004333,
        0.08901254087686539,
        -0.16795271635055542,
        -0.2964461147785187,
        0.7547858953475952,
        -0.42409539222717285,
        -0.5258902907371521,
        -1.0648165941238403,
        -0.5061668157577515,
        -0.19857341051101685,
        -0.8809401988983154,
        0.5124300122261047,
        -0.7208598852157593,
        0.5601288080215454,
        0.06147512421011925,
        0.20373260974884033,
        0.984375,
        -0.3803625702857971,
        -0.4879179000854492,
        -0.25177687406539917,
        0.37937965989112854,
        0.20860829949378967,
        0.10547544062137604,
        -0.295274943113327,
        0.6405689120292664,
        0.3673112690448761,
        0.43158239126205444,
        -0.715552031993866,
        0.23622101545333862,
        0.17261990904808044,
        0.5264692902565002,
        -9.360305786132812,
        0.40721938014030457,
        0.7938048243522644,
        0.13819672167301178,
        0.3742654025554657,
        0.17447257041931152,
        -0.337267130613327,
        0.3873518109321594,
        0.5036342144012451,
        0.5466728806495667,
        0.5551950335502625,
        0.5525386929512024,
        -0.24335674941539764,
        0.10897000133991241,
        -0.6051114797592163,
        -0.2649723291397095,
        1.4286631345748901,
        -0.7165383696556091,
        0.39031559228897095,
        0.6616103649139404,
        -4.887210845947266,
        -1.059791088104248,
        -0.19516585767269135,
        -0.2467898577451706,
        0.7402563095092773,
        -0.4486682713031769,
        0.5916624069213867,
        0.5741974711418152,
        -0.6083114147186279,
        -1.0569607019424438,
        -0.12839095294475555,
        0.4456295669078827,
        0.2712743282318115,
        0.7847407460212708,
        0.1965394765138626,
        -0.644385039806366,
        1.8693844079971313,
        -0.5325146913528442,
        -3.1587865352630615,
        0.4815116822719574,
        0.5544306635856628,
        0.7656624913215637,
        -0.7710586190223694,
        0.014684567227959633,
        -0.5105384588241577,
        -1.1332602500915527,
        -0.2063218206167221,
        0.9252839088439941,
        0.2749953269958496,
        -0.7591025829315186,
        -0.4696604013442993,
        0.16454580426216125,
        -0.11679071933031082,
        0.23880408704280853,
        0.8422778844833374,
        0.635566234588623,
        -0.689771831035614,
        -0.6479947566986084,
        -0.10962937027215958,
        0.38255152106285095,
        -0.8638325333595276,
        0.5411633253097534,
        0.6669219732284546
    ]
}