{
    "seed": 1000000,
    "theta": [
        -0.8119639158248901,
        -0.9785426259040833,
        -1.1745805740356445,
        -0.17289917171001434,
        0.0330096036195755
    ],
    "x": [
        0.02573850378394127,
        0.06742390245199203,
        0.15075598657131195,
        0.13462814688682556,
        -0.37667378783226013,
        -0.033679116517305374,
        0.032706622034311295,
        -0.7637125849723816,
        -0.44859984517097473,
        0.32049253582954407,
        0.12372759729623795,
        0.3032529652118683,
        0.8479140400886536,
        0.28046929836273193,
        5.0350565910339355,
        0.4411528408527374,
        -0.1804492473602295,
        -0.3212197721004486,
        -0.5884010195732117,
        -0.06665381044149399,
        0.38188105821609497,
        0.31004056334495544,
        -0.5330671072006226,
        0.29464051127433777,
        -0.0868643969297409,
        0.2086123824119568,
        -0.15224070847034454,
        0.1512160450220108,
        0.015087048523128033,
        -0.11195769906044006,
        -0.337875634431839,
        0.0016846854705363512,
        -0.11299246549606323,
        -0.5053699016571045,
        0.18733879923820496,
        -0.0398809090256691,
        -0.08573368936777115,
        0.24950535595417023,
        0.004708757624030113,
        -0.34717708826065063,
        0.43519461154937744,
        -0.4724418818950653,
        -0.5386396646499634,
        -0.2093343436717987,
        0.37416812777519226,
        -0.05943775549530983,
        0.0010334084508940578,
        0.1633506417274475,
        -0.22835060954093933,
        0.46184495091438293,
        -0.04254019632935524,
        -0.4272061586380005,
        0.12691862881183624,
        -0.060248445719480515,
        -0.11684109270572662,
        0.07890994101762772,
        -0.06948621571063995,
        -0.0014059881214052439,
        -7.671506881713867,
        -0.569697916507721,
        -0.13646261394023895,
        -0.40847864747047424,
        0.12209302186965942,
        0.10137731581926346,
        0.008852752856910229,
        -0.3287677764892578,
        0.3875957727432251,
        -0.25708964467048645,
        0.12828266620635986,
        0.2452455312013626,
        -0.1305098682641983,
        -0.1213490441441536,
        -0.15094539523124695,
        0.16990427672863007,
        0.0930456593632698,
        0.3098432719707489,
        0.22383101284503937,
        -0.35522857308387756,
        0.2909630239009857,
        -0.10782522708177567,
        -0.20621399581432343,
        -0.2339468151330948,
        -0.4977404773235321,
        -0.22521723806858063,
        -0.23350675404071808,
        -0.042244698852300644,
        -0.32507994771003723,
        -0.11490438133478165,
        0.4310707747936249,
        -0.3851330280303955,
        0.5024338960647583,
        0.08568120002746582,
        -0.26476818323135376,
        -0.0955512598156929,
        -0.10326866805553436,
        0.31822967529296875,
        0.07467931509017944,
        -0.2359849512577057
    ]
}