{
    "seed": 1000002,
    "theta": [
        -1.1078683137893677,
        -1.2709287405014038,
        -1.5154337882995605,
        0.12244746088981628,
        -0.2642820179462433
    ],
    "x": [
        -0.08724112063646317,
        0.0014080565888434649,
        0.10196565091609955,
        0.009665951132774353,
        0.11529918015003204,
        0.23398523032665253,
        -0.08915278315544128,
        -0.6783818602561951,
        0.02258971892297268,
        0.2118426412343979,
        -0.09334612637758255,
        -0.030555754899978638,
        0.3093363344669342,
        -0.02864690311253071,
        0.03418867662549019,
        0.8289138078689575,
        -0.03348734602332115,
        -0.2197701334953308,
        0.08140043169260025,
        0.06739609688520432,
        0.10343918204307556,
        -0.1276949942111969,
        -0.3012564182281494,
        0.035011425614356995,
        -0.21124397218227386,
        -0.06958015263080597,
        0.23544611036777496,
        -0.20848600566387177,
        0.196775421500206,
        -0.29782161116600037,
        0.12273971736431122,
        -0.07744387537240982,
        -0.1902582049369812,
        -0.19829456508159637,
        0.11012598127126694,
        -0.5630096197128296,
        -0.11703559756278992,
        -0.04921111837029457,
        0.4578741192817688,
        -0.37142008543014526,
        -0.14600911736488342,
        0.9215903878211975,
        -0.5957277417182922,
        0.23859667778015137,
        -0.04009781777858734,
        0.18776501715183258,
        -0.3993563652038574,
        0.24750100076198578,
        0.22105996310710907,
        0.15276995301246643,
        0.20958557724952698,
        0.15224014222621918,
        0.1884775459766388,
        -0.07713289558887482,
        -0.051225509494543076,
        -0.23501121997833252,
        0.26652947068214417,
        0.10871036350727081,
        -0.2895011901855469,
        -0.03749626874923706,
        0.451508104801178,
        -0.2834899425506592,
        -0.1661510467529297,
        -0.17839643359184265,
        -0.4107520878314972,
        -0.03001686930656433,
        0.5532389283180237,
        -0.26888641715049744,
        -0.11279234290122986,
        0.3464212119579315,
        -0.07630883902311325,
        0.27198275923728943,
        -0.0359521359205246,
        0.013653739355504513,
        0.396925151348114,
        -0.07023230195045471,
        0.06949000805616379,
        -0.2930290997028351,
        0.20995813608169556,
        -0.2522883713245392,
        -0.16854223608970642,
        0.07619979232549667,
        -0.29037126898765564,
        -0.33195412158966064,
        0.2599431872367859,
        0.4944648742675781,
        -0.5080562829971313,
        -0.09043291211128235,
        0.09662818908691406,
        -0.03802026808261871,
        -0.2293461710214615,
        -0.03612508252263069,
        -0.024218758568167686,
        -0.15201418101787567,
        -0.281390517950058,
        0.7666285037994385,
        0.01700914278626442,
        -0.20567163825035095
    ]
}