{
    "seed": 1000004,
    "theta": [
        -0.49345335364341736,
        -1.0796583890914917,
        -1.4492219686508179,
        0.18860605359077454,
        0.1517629325389862
    ],
    "x": [
        0.3749784231185913,
        0.18706707656383514,
        0.11620958894491196,
        0.6997770071029663,
        0.20839302241802216,
        0.6282399296760559,
        -0.133852019906044,
        -0.7192160487174988,
        -0.09952506422996521,
        0.15901519358158112,
        -1.505893349647522,
        0.21653978526592255,
        0.6982161998748779,
        0.6669369339942932,
        0.2994891107082367,
        0.7598591446876526,
        2.7771198749542236,
        0.3588945269584656,
        0.5910521745681763,
        0.06039225682616234,
        0.3894505202770233,
        -0.27374085783958435,
        0.6484723687171936,
        -0.26630157232284546,
        -0.24034841358661652,
        -0.09500616043806076,
        0.12930916249752045,
        0.12514770030975342,
        -0.2033647745847702,
        0.15076100826263428,
        -0.24113821983337402,
        -0.5506995320320129,
        -0.4387267231941223,
        -0.4949488043785095,
        -0.26100802421569824,
        -0.23609058558940887,
        0.2542232871055603,
        -0.36748793721199036,
        -0.2707909345626831,
        -0.20929639041423798,
        -0.31907013058662415,
        1.0563253164291382,
        -0.3294014632701874,
        -0.377310574054718,
        -0.2303420603275299,
        -0.31955504417419434,
        -0.15534724295139313,
        -0.18269072473049164,
        -0.06629297882318497,
        -0.03060665912926197,
        0.038302112370729446,
        -0.23792921006679535,
        -0.3435140550136566,
        -0.04137133061885834,
        -0.31504762172698975,
        0.0972980260848999,
        0.1395205855369568,
        0.3567831218242645,
        0.5886803269386292,
        -0.7268803119659424,
        0.05811525136232376,
        -7.465919494628906,
        -0.22148551046848297,
        -0.05166299268603325,
        0.24122320115566254,
        0.3435238003730774,
        0.3893458843231201,
        -0.25382328033447266,
        -0.1773165911436081,
        -0.1958836019039154,
        0.19523504376411438,
        0.30789610743522644,
        0.5136553645133972,
        0.19340397417545319,
        0.08639475703239441,
        -0.45402050018310547,
        -0.15315668284893036,
        0.48844048380851746,
        0.31542477011680603,
        0.11796613037586212,
        8.440900802612305,
        -0.5341331958770752,
        0.1573948711156845,
        -0.08926043659448624,
        0.10848496109247208,
        0.3231131136417389,
        -0.04552462324500084,
        -0.008335413411259651,
        -0.19072936475276947,
        0.006755295675247908,
        -0.5147324204444885,
        0.017926745116710663,
        -0.02070997655391693,
        -0.014680841006338596,
        0.24568109214305878,
        0.35591214895248413,
        -0.5039258599281311,
        -0.1803254634141922
    ]
}