{
    "seed": 1000009,
    "theta": [
        -0.9430346488952637,
        -0.8117861747741699,
        -1.32554030418396,
        -0.17096619307994843,
        -0.019638266414403915
    ],
    "x": [
        0.0879359319806099,
        -0.055321238934993744,
        0.21541230380535126,
        0.5402251482009888,
        -0.5324285626411438,
        0.24106402695178986,
        0.25735214352607727,
        -0.7873270511627197,
        -0.31322211027145386,
        0.35780787467956543,
        0.20843830704689026,
        0.21266292035579681,
        -0.024423319846391678,
        -0.08789309859275818,
        -0.9620348811149597,
        0.34829017519950867,
        0.06644024699926376,
        -0.28460413217544556,
        -0.5110683441162109,
        -0.5948446393013,
        -0.011709393002092838,
        -0.3221626877784729,
        0.21593134105205536,
        -0.06350575387477875,
        -0.06925152242183685,
        0.07033407688140869,
        -0.11348764598369598,
        -0.11683360487222672,
        0.13871316611766815,
        -0.11859160661697388,
        -0.2873646914958954,
        0.10665643215179443,
        -0.2853851914405823,
        -0.250093549489975,
        0.10042132437229156,
        0.17356029152870178,
        -0.32095468044281006,
        0.22188560664653778,
        -0.1240721046924591,
        0.4433644115924835,
        -0.05340368673205376,
        -0.3516743779182434,
        -0.1035081222653389,
        0.31208303570747375,
        0.12213001400232315,
        -0.041229937225580215,
        -0.5655497312545776,
        -0.2565264105796814,
        0.19002239406108856,
        0.02452588453888893,
        -0.08518879860639572,
        0.35150429606437683,
        -0.20277182757854462,
        -0.03326033055782318,
        -0.08445034176111221,
        -0.07272549718618393,
        0.438580185174942,
        0.15160493552684784,
        0.032736942172050476,
        0.1837954819202423,
        -0.0743728056550026,
        -0.02926686406135559,
        -0.22231923043727875,
        0.5091031193733215,
        0.40713661909103394,
        0.04385386407375336,
        -0.39182913303375244,
        -0.010039126500487328,
        -0.19457383453845978,
        -0.6951836347579956,
        0.023312008008360863,
        -0.066659115254879,
        0.513977587223053,
        0.022168690338730812,
        -0.03474674001336098,
        -0.049942389130592346,
        -0.2921413481235504,
        0.17135071754455566,
        0.04789077863097191,
        0.02426275983452797,
        0.03782729059457779,
        -0.4223879873752594,
        -0.184554323554039,
        -0.1681744009256363,
        0.1894710510969162,
        0.27680665254592896,
        -0.491079181432724,
        0.02418188564479351,
        0.0033498054835945368,
        -0.30114635825157166,
        -0.40783920884132385,
        0.055349692702293396,
        -0.06744051724672318,
        0.11969199031591415,
        -0.3317390978336334,
        0.3284186124801636,
        -0.22368167340755463,
        -0.23231175541877747
    ]
}