{
    "seed": 1000010,
    "theta": [
        -0.4066297113895416,
        0.6969559788703918,
        0.8213975429534912,
        -1.5563127994537354,
        -0.750359058380127
    ],
    "x": [
        -0.6507550477981567,
        -0.7276748418807983,
        -0.3338339924812317,
        -0.6843496561050415,
        -0.5127691626548767,
        -0.6776905655860901,
        -0.3712444305419922,
        -0.044958584010601044,
        -0.4156888723373413,
        -0.25181472301483154,
        -0.44671428203582764,
        -0.4428647756576538,
        -0.7189587950706482,
        -0.05846766009926796,
        -0.07321640104055405,
        0.5296177864074707,
        -0.1264447420835495,
        -0.03961114212870598,
        0.38812804222106934,
        -0.9482583999633789,
        0.020692065358161926,
        -0.02530992589890957,
        -0.21486333012580872,
        0.7313047647476196,
        -0.015377606265246868,
        0.43070510029792786,
        0.5584785342216492,
        -0.25206851959228516,
        0.49940189719200134,
        0.22748617827892303,
        0.03642747923731804,
        0.8987975716590881,
        -0.5544619560241699,
        0.29153862595558167,
        -0.07563336938619614,
        0.19024169445037842,
        -0.10811229795217514,
        0.6325896978378296,
        0.8389151096343994,
        -0.1462484449148178,
        0.16743986308574677,
        -7.011927604675293,
        0.382944256067276,
        0.5859448313713074,
        0.3865414559841156,
        0.2841956913471222,
        0.12285372614860535,
        0.19287393987178802,
        0.39776039123535156,
        -0.2803899943828583,
        0.3434501588344574,
        -0.30903637409210205,
        0.01434023305773735,
        -0.5862886309623718,
        0.12041661888360977,
        0.15251435339450836,
        0.020134657621383667,
        -0.21298803389072418,
        -0.7361882328987122,
        -6.654251575469971,
        0.5816658139228821,
        1.0239843130111694,
        0.10873077064752579,
        -0.6481833457946777,
        0.18144024908542633,
        -0.20944128930568695,
        0.573349118232727,
        0.0005992614314891398,
        0.3447606861591339,
        0.8702434301376343,
        -0.5067022442817688,
        -0.6211234927177429,
        -0.8496692776679993,
        -0.15701228380203247,
        1.0466471910476685,
        -0.04524318128824234,
        -0.13018567860126495,
        -1.146082878112793,
        -0.04630284011363983,
        -0.6029828786849976,
        -0.38069847226142883,
        0.5995224714279175,
        -0.6349010467529297,
        0.1637924462556839,
        -1.002953052520752,
        0.46445712447166443,
        -0.7139253616333008,
        -0.04132566228508949,
        -0.09120140969753265,
        0.6840490102767944,
        0.41355404257774353,
        -0.24756625294685364,
        -0.6936030387878418,
        0.016260206699371338,
        -0.6825087666511536,
        -1.2013440132141113,
        0.49533769488334656,
        0.3812636733055115
    ]
}