{
    "seed": 1000008,
    "theta": [
        -0.8933578133583069,
        -1.0508967638015747,
        -0.9465296864509583,
        0.24298733472824097,
        0.3190080225467682
    ],
    "x": [
        0.022239334881305695,
        0.2136431783437729,
        -0.16100458800792694,
        -0.09391067177057266,
        -0.2378864288330078,
        -0.32535579800605774,
        0.008200166746973991,
        -0.36894023418426514,
        -0.0512935072183609,
        0.2585305869579315,
        -0.15519435703754425,
        -0.15908557176589966,
        0.10247893631458282,
        0.2860386371612549,
        0.30871251225471497,
        0.6551441550254822,
        -0.013795806095004082,
        0.08599081635475159,
        -0.01596074178814888,
        -0.019627802073955536,
        -4.17354154586792,
        -0.7337904572486877,
        -0.13542768359184265,
        0.18959316611289978,
        -0.265287309885025,
        -0.4726749658584595,
        -0.3119708299636841,
        0.6858287453651428,
        0.4969612956047058,
        0.12215380370616913,
        0.6896817088127136,
        -0.18238691985607147,
        0.0033748471178114414,
        0.5269925594329834,
        -0.34973853826522827,
        0.33154207468032837,
        -0.04763652756810188,
        0.0965118259191513,
        -0.17982013523578644,
        -0.21943771839141846,
        0.18180938065052032,
        -0.41853106021881104,
        -0.12763841450214386,
        -0.045152850449085236,
        -0.08611263334751129,
        -0.004958948120474815,
        -0.012167599983513355,
        0.21275855600833893,
        0.2774435579776764,
        -0.10978839546442032,
        0.2258559912443161,
        -0.02118239365518093,
        0.1924927830696106,
        7.901585578918457,
        0.13991910219192505,
        -0.02316552959382534,
        -0.6469825506210327,
        0.2432975172996521,
        -0.46413084864616394,
        0.3949801027774811,
        0.12654998898506165,
        0.5405905246734619,
        0.0469583123922348,
        -0.058481477200984955,
        -0.07495201379060745,
        -0.07722602039575577,
        0.30989500880241394,
        0.1497512310743332,
        -0.2962649166584015,
        0.4408423900604248,
        -0.25002866983413696,
        -0.5672571659088135,
        -0.013509995304048061,
        0.547982931137085,
        0.3201673924922943,
        0.18064726889133453,
        0.1517743170261383,
        -0.02074977569282055,
        -0.07274875789880753,
        0.08507400751113892,
        0.15259429812431335,
        -0.039859455078840256,
        0.21182101964950562,
        0.4332752227783203,
        -0.27204620838165283,
        -0.12890563905239105,
        0.16804273426532745,
        0.07248345762491226,
        0.13355323672294617,
        -0.014043960720300674,
        0.22027787566184998,
        -0.4115186929702759,
        0.020210256800055504,
        0.5895234942436218,
        -0.06256324052810669,
        0.15832000970840454,
        0.15525375306606293,
        -0.11994066089391708
    ]
}