{
    "seed": 1000012,
    "theta": [
        -1.187632441520691,
        -1.4027259349822998,
        -1.1839710474014282,
        -0.17973904311656952,
        -0.4739166796207428
    ],
    "x": [
        -0.3960842788219452,
        -0.06530942767858505,
        -0.2838015854358673,
        -0.4260885417461395,
        -0.007912395521998405,
        -0.09321068227291107,
        0.19877822697162628,
        0.5092856884002686,
        -0.22999480366706848,
        0.21600772440433502,
        -0.6018456816673279,
        -0.4460919499397278,
        -0.2627578377723694,
        -0.056139327585697174,
        0.31347528100013733,
        -0.5634824633598328,
        -0.4730261266231537,
        0.23454134166240692,
        0.17674186825752258,
        0.22629445791244507,
        0.3927747905254364,
        0.16370470821857452,
        -0.47401005029678345,
        0.02555658482015133,
        0.2186957746744156,
        -0.13955064117908478,
        0.026025544852018356,
        -0.362611323595047,
        -0.23703554272651672,
        0.19505168497562408,
        0.5732347369194031,
        0.8529143333435059,
        0.23125120997428894,
        0.13636119663715363,
        0.08063749969005585,
        0.39519742131233215,
        -0.1418759822845459,
        -0.1726529449224472,
        -0.37277624011039734,
        -0.03717173635959625,
        0.41940411925315857,
        0.624417245388031,
        -0.023600345477461815,
        0.2957695722579956,
        -0.2606129050254822,
        0.12514391541481018,
        0.21699410676956177,
        -0.11824347078800201,
        0.4718225300312042,
        0.14457283914089203,
        -0.002876763232052326,
        0.04852171242237091,
        0.44084447622299194,
        -0.32968059182167053,
        0.30828607082366943,
        0.5778734087944031,
        -0.5735868811607361,
        -0.23130102455615997,
        -0.1839642971754074,
        0.5695565938949585,
        -0.10532388091087341,
        0.1206454411149025,
        0.1665366291999817,
        -0.6648407578468323,
        -0.24207176268100739,
        -0.1395491063594818,
        0.127399742603302,
        0.03873692452907562,
        0.31409165263175964,
        0.30262377858161926,
        -0.19176778197288513,
        -0.6562076807022095,
        -0.5649687051773071,
        0.07479993999004364,
        0.44453585147857666,
        -0.11714883148670197,
        0.3461819589138031,
        -0.5219285488128662,
        -0.19824868440628052,
        -0.24015644192695618,
        -0.672674298286438,
        0.13977186381816864,
        0.32000666856765747,
        -0.1167803481221199,
        0.025647908449172974,
        0.19189581274986267,
        -0.23963318765163422,
        -0.5623719096183777,
        0.12106069177389145,
        -0.5567649602890015,
        -0.09011577814817429,
        -0.2838323712348938,
        -0.3020537197589874,
        -0.49573615193367004,
        -0.06847188621759415,
        0.2550402879714966,
        -0.02234470658004284,
        0.3088435232639313
    ]
}