{
    "seed": 1000001,
    "theta": [
        -1.2376445531845093,
        -1.0773483514785767,
        -0.8251495957374573,
        0.3840710520744324,
        -0.14189523458480835
    ],
    "x": [
        -0.05295086279511452,
        0.23300015926361084,
        -0.43504592776298523,
        -0.05150986835360527,
        -0.12555153667926788,
        -0.10620319098234177,
        -0.10083059221506119,
        -0.5742085576057434,
        -0.4242844879627228,
        -0.21052336692810059,
        -0.6732690930366516,
        -0.29493120312690735,
        0.13094796240329742,
        -0.10112614929676056,
        0.4652988016605377,
        0.37205052375793457,
        0.11903541535139084,
        0.3220425546169281,
        0.43037551641464233,
        -0.5235655307769775,
        -0.5389374494552612,
        0.7238516807556152,
        0.047891516238451004,
        0.4949492812156677,
        0.46191829442977905,
        -0.06385622918605804,
        -0.24545295536518097,
        -0.5777779817581177,
        0.019453799352049828,
        -0.18835921585559845,
        0.19765673577785492,
        0.13475513458251953,
        0.39380529522895813,
        -9.685088157653809,
        -0.21342496573925018,
        0.18840837478637695,
        -0.04591406509280205,
        0.011562236584722996,
        0.007041271310299635,
        0.06102890521287918,
        -0.0016432101838290691,
        -0.35577496886253357,
        -0.33836978673934937,
        0.3025975227355957,
        0.044078316539525986,
        0.26998773217201233,
        0.4151427149772644,
        0.3034021854400635,
        0.4885673522949219,
        -0.3998018205165863,
        -0.02585522085428238,
        0.3204944133758545,
        0.0896875187754631,
        -0.33990830183029175,
        -0.06586971133947372,
        0.27615708112716675,
        -0.269046813249588,
        -0.12231329828500748,
        0.17325057089328766,
        -0.1367005705833435,
        0.0777515172958374,
        0.01557038351893425,
        0.1141664981842041,
        -0.3313486874103546,
        -0.24070987105369568,
        -0.22382187843322754,
        -0.3895241916179657,
        -0.01893940567970276,
        0.3845946192741394,
        0.23678380250930786,
        0.016837429255247116,
        -0.10579761117696762,
        -0.24972711503505707,
        0.4626756012439728,
        -0.06359536200761795,
        0.41863423585891724,
        0.05190662667155266,
        -0.6457594633102417,
        0.26195192337036133,
        0.09017959237098694,
        0.1551704853773117,
        0.4742119610309601,
        0.3311299979686737,
        -0.049883969128131866,
        -0.16970227658748627,
        -0.24604515731334686,
        -0.14622128009796143,
        -0.1867809146642685,
        -0.20855529606342316,
        0.6891128420829773,
        -8.430216789245605,
        -0.1858435720205307,
        -0.04550313949584961,
        0.052283015102148056,
        0.023977773264050484,
        -0.11778311431407928,
        0.25964808464050293,
        0.12178215384483337
    ]
}