{
    "seed": 1000003,
    "theta": [
        -0.6336061954498291,
        -0.6872482299804688
    ],
    "x": [
        1.8935235738754272,
        1.495549201965332,
        1.251084327697754,
        1.1193498373031616,
        0.8769161105155945,
        0.5866394639015198,
        0.5150291323661804,
        0.45798158645629883,
        0.38354480266571045,
        0.3007531762123108,
        0.20200632512569427,
        0.1242893636226654,
        0.04815678298473358,
        0.014189363457262516,
        -0.04125859588384628,
        -0.11742489039897919,
        -0.19683034718036652,
        -0.2565675973892212,
        -0.29990699887275696,
        -0.4064987003803253,
        -0.5117385983467102,
        -0.618346095085144,
        -0.6862700581550598,
        -0.7637955546379089,
        -0.7536503076553345
    ]
}