{
    "seed": 1000002,
    "theta": [
        0.5242619514465332,
        0.729134202003479
    ],
    "x": [
        1.8935235738754272,
        1.4533830881118774,
        1.1367099285125732,
        0.8227692246437073,
        0.620781421661377,
        0.4110996425151825,
        0.23698627948760986,
        0.07372166216373444,
        -0.03355050086975098,
        -0.011086639016866684,
        -0.08483999967575073,
        0.04740561544895172,
        -0.06205035746097565,
        -0.04128143936395645,
        -0.030213136225938797,
        -0.045107826590538025,
        -0.12348108738660812,
        -0.10537908971309662,
        -0.0332111231982708,
        0.15999950468540192,
        0.009197531268000603,
        0.050545480102300644,
        0.0369960218667984,
        0.054706424474716187,
        -0.11078077554702759
    ]
}