{
    "seed": 1000010,
    "theta": [
        -0.7804548740386963,
        -0.4783475399017334
    ],
    "x": [
        1.8935235738754272,
        1.655670404434204,
        1.502517580986023,
        1.312179446220398,
        1.22618567943573,
        1.0208953619003296,
        0.8439943194389343,
        0.6294847726821899,
        0.4920899271965027,
        0.38500159978866577,
        0.2574537992477417,
        0.15632307529449463,
        0.01941070891916752,
        -0.08753730356693268,
        -0.1453055888414383,
        -0.14824266731739044,
        -0.22059430181980133,
        -0.3892105519771576,
        -0.4362949728965759,
        -0.5791420340538025,
        -0.6144789457321167,
        -0.7388283610343933,
        -0.8302386403083801,
        -0.831878662109375,
        -0.8057613372802734
    ]
}