{
    "seed": 1000008,
    "theta": [
        0.46046116948127747,
        0.8369739055633545
    ],
    "x": [
        1.8935235738754272,
        1.4312167167663574,
        1.0947895050048828,
        0.8712995648384094,
        0.7388608455657959,
        0.49074873328208923,
        0.43581777811050415,
        0.4310086965560913,
        0.39795559644699097,
        0.43111032247543335,
        0.4148177206516266,
        0.45592013001441956,
        0.46302950382232666,
        0.36363914608955383,
        0.39571794867515564,
        0.3744015097618103,
        0.3272375166416168,
        0.3903001844882965,
        0.45514488220214844,
        0.5005279183387756,
        0.5329651832580566,
        0.4794412851333618,
        0.28271225094795227,
        0.3057330548763275,
        0.1962250918149948
    ]
}