{
    "seed": 1000000,
    "theta": [
        -0.6589957475662231,
        -0.750700831413269
    ],
    "x": [
        1.8935235738754272,
        1.6872278451919556,
        1.38369882106781,
        1.2215540409088135,
        0.9686061143875122,
        0.8394574522972107,
        0.6288926005363464,
        0.4831780195236206,
        0.3787183165550232,
        0.34388473629951477,
        0.21810032427310944,
        0.030143365263938904,
        -0.08296635746955872,
        -0.12434592097997665,
        -0.20765763521194458,
        -0.3236612379550934,
        -0.2888999879360199,
        -0.39327841997146606,
        -0.3963945209980011,
        -0.4770263433456421,
        -0.58768630027771,
        -0.7848207354545593,
        -0.8451536893844604,
        -0.7857160568237305,
        -0.7506246566772461
    ]
}