{
    "seed": 1000005,
    "theta": [
        -0.818916916847229,
        -0.6555154919624329
    ],
    "x": [
        1.8935235738754272,
        1.7840877771377563,
        1.722408413887024,
        1.5653164386749268,
        1.491336464881897,
        1.3972593545913696,
        1.3762670755386353,
        1.268463134765625,
        1.2140319347381592,
        1.050775408744812,
        0.8470420241355896,
        0.7956163883209229,
        0.6969178915023804,
        0.5766393542289734,
        0.44343915581703186,
        0.3065532147884369,
        0.18061265349388123,
        0.15230773389339447,
        0.06655837595462799,
        0.011323613114655018,
        -0.01995442807674408,
        -0.0020654781255871058,
        0.04362180829048157,
        -0.05415509268641472,
        -0.14750392735004425
    ]
}