{
    "seed": 1000004,
    "theta": [
        0.7479028105735779,
        0.3807786703109741
    ],
    "x": [
        -0.5416348576545715,
        -0.3685140609741211
    ]
}