{
    "seed": 1000003,
    "theta": [
        0.41214731335639954,
        0.25827616453170776
    ],
    "x": [
        -0.16544479131698608,
        -0.051320843398571014
    ]
}