{
    "seed": 1000009,
    "theta": [
        0.687322735786438,
        -0.06526270508766174
    ],
    "x": [
        -0.10460644960403442,
        -0.4852178692817688
    ]
}