{
    "seed": 1000000,
    "theta": [
        0.3318517208099365,
        0.23502343893051147
    ],
    "x": [
        -0.14812937378883362,
        0.029876001179218292
    ]
}