{
    "seed": 1000001,
    "theta": [
        0.5181150436401367,
        0.0790027529001236
    ],
    "x": [
        -0.16615590453147888,
        -0.22741204500198364
    ]
}