{
    "seed": 1000012,
    "theta": [
        0.3383561372756958,
        0.107729971408844
    ],
    "x": [
        -0.06481671333312988,
        -0.044390298426151276
    ]
}