{
    "seed": 1000002,
    "theta": [
        0.6882854700088501,
        0.2086832970380783
    ],
    "x": [
        -0.342475950717926,
        -0.2410593032836914
    ]
}