{
    "seed": 1000002,
    "theta": [
        0.3462557792663574,
        0.008412867784500122,
        0.45500820875167847,
        0.012555381283164024,
        0.09049556404352188,
        -0.1475304663181305,
        -0.24274511635303497,
        -0.06457368284463882,
        0.19382131099700928,
        0.116115503013134,
        -0.00898754596710205,
        0.02238546311855316,
        0.11178417503833771,
        0.11608198285102844,
        -0.19191032648086548,
        0.41370338201522827,
        0.005385708063840866,
        -0.031943850219249725,
        -0.00037219375371932983,
        -0.12328758835792542
    ],
    "x": [
        1.060218095779419,
        0.18798041343688965,
        0.10447493195533752,
        -0.34519752860069275,
        -0.3636573553085327,
        0.06497351825237274,
        -0.16068613529205322,
        0.4471357762813568,
        0.22336223721504211,
        0.028126351535320282,
        0.21585391461849213,
        -0.03733764961361885,
        -0.11386023461818695,
        -0.49358782172203064,
        -0.17714664340019226,
        0.49342188239097595,
        -0.4865567088127136,
        -0.4126681089401245,
        0.5378338098526001,
        0.021097227931022644
    ]
}