{
    "seed": 1000004,
    "theta": [
        -0.3032134175300598,
        -0.22093826532363892,
        0.1767694652080536,
        0.23599831759929657,
        0.34061482548713684,
        -0.16185367107391357,
        0.0007701292634010315,
        -0.23625017702579498,
        0.3876038193702698,
        0.17850473523139954,
        0.1783825308084488,
        0.020847156643867493,
        0.20084938406944275,
        -0.06262744218111038,
        -0.1346573531627655,
        -0.21170535683631897,
        -0.12612934410572052,
        -0.07167715579271317,
        -0.18234935402870178,
        -0.07631836831569672
    ],
    "x": [
        -0.4312500059604645,
        -0.608648419380188,
        -0.31802332401275635,
        0.27839526534080505,
        0.21669265627861023,
        -0.2576358914375305,
        -0.2644827365875244,
        -0.2706477642059326,
        0.2924649119377136,
        0.29557693004608154,
        0.3424222469329834,
        -0.22870977222919464,
        -0.03873874247074127,
        0.3859102427959442,
        -0.35871973633766174,
        0.008090406656265259,
        -0.06588666141033173,
        -0.448530375957489,
        0.1982337236404419,
        0.09644708037376404
    ]
}