{
    "seed": 1000010,
    "theta": [
        -0.35435372591018677,
        -0.2178216576576233,
        0.18172141909599304,
        -0.12722031772136688,
        0.046135224401950836,
        -0.028794631361961365,
        0.08921244740486145,
        0.0897776186466217,
        0.01494954526424408,
        0.15777580440044403,
        0.1710965782403946,
        -0.2705725431442261,
        -0.015025455504655838,
        -0.3077464699745178,
        0.45642632246017456,
        0.06898684799671173,
        -0.1029232069849968,
        -0.22000107169151306,
        -0.04207666963338852,
        -0.20383551716804504
    ],
    "x": [
        -0.09317848086357117,
        0.00630168616771698,
        -0.3143813908100128,
        -0.1646696776151657,
        -0.17506781220436096,
        -1.0460819005966187,
        -0.3957369923591614,
        0.16274070739746094,
        -0.11884456872940063,
        -0.19615112245082855,
        0.12335340678691864,
        -0.37920963764190674,
        0.03530025854706764,
        -0.7662575244903564,
        0.5487818717956543,
        0.4602324962615967,
        -0.02168026566505432,
        -0.014913603663444519,
        0.16799265146255493,
        -0.5909801721572876
    ]
}