{
    "seed": 1000003,
    "theta": [
        -0.027815207839012146,
        -0.3204045593738556,
        0.3853997588157654,
        -0.1119353324174881,
        0.2167774736881256,
        -0.13875553011894226,
        0.039986688643693924,
        -0.3921828269958496,
        0.17077979445457458,
        0.01606784760951996,
        -0.1471584588289261,
        0.09008947014808655,
        -0.14241690933704376,
        -0.13939931988716125,
        0.07800189405679703,
        -0.1886681616306305,
        -0.06472789496183395,
        -0.08117841929197311,
        -0.10335638374090195,
        -0.15435850620269775
    ],
    "x": [
        0.25091439485549927,
        -0.7925440669059753,
        0.6502237915992737,
        -0.28460216522216797,
        0.822223424911499,
        -0.7225136756896973,
        -0.07971128821372986,
        -0.18720059096813202,
        0.5511912107467651,
        0.13034087419509888,
        0.3061743974685669,
        0.21721312403678894,
        0.28725534677505493,
        0.13000893592834473,
        0.3071225583553314,
        -0.6647205948829651,
        0.06332644075155258,
        -0.03089352324604988,
        0.15149375796318054,
        -0.4149197041988373
    ]
}