{
    "seed": 1000008,
    "theta": [
        0.256785124540329,
        0.00412219762802124,
        0.25156596302986145,
        0.05178079381585121,
        0.34852486848831177,
        -0.18942159414291382,
        0.3230844736099243,
        -0.10249986499547958,
        0.36509910225868225,
        0.22571122646331787,
        0.2937273383140564,
        -0.15090502798557281,
        0.08429160714149475,
        0.06746195256710052,
        -0.10578662157058716,
        0.2131313681602478,
        0.14471282064914703,
        0.14535680413246155,
        0.15017831325531006,
        0.2516060173511505
    ],
    "x": [
        0.05809256434440613,
        -0.2807578146457672,
        0.032783135771751404,
        0.16311825811862946,
        0.12190942466259003,
        -0.24167127907276154,
        0.8874058723449707,
        -0.6536069512367249,
        0.7497443556785583,
        0.184066504240036,
        -0.0944928526878357,
        -0.3638359308242798,
        -0.042905405163764954,
        -0.5378017425537109,
        -0.02884833514690399,
        0.3111911416053772,
        0.2070600837469101,
        0.1816049963235855,
        0.44974616169929504,
        1.0794763565063477
    ]
}