{
    "seed": 1000000,
    "theta": [
        0.04754621535539627,
        -0.012239888310432434,
        -0.3400581479072571,
        0.22833512723445892,
        0.05471386760473251,
        -0.174800843000412,
        0.5932888388633728,
        0.22721178829669952,
        0.02705197036266327,
        0.043339744210243225,
        -0.07379922270774841,
        -0.008342891931533813,
        0.1897328644990921,
        -0.22457867860794067,
        0.20773494243621826,
        0.07231824100017548,
        -0.06188993155956268,
        0.3642245829105377,
        0.05395890399813652,
        -0.24016427993774414
    ],
    "x": [
        -0.12792456150054932,
        0.10321052372455597,
        -0.22095733880996704,
        0.5530358552932739,
        0.31451085209846497,
        -0.47763678431510925,
        0.49518847465515137,
        -0.3813445568084717,
        -0.06708525866270065,
        0.1042833924293518,
        -0.1274590939283371,
        -0.27536365389823914,
        -0.019423753023147583,
        -0.26663893461227417,
        0.524045467376709,
        -0.4341021180152893,
        -0.31754791736602783,
        0.30620110034942627,
        0.7061787843704224,
        -0.12690947949886322
    ]
}