{
    "seed": 1000009,
    "theta": [
        0.1540401577949524,
        -0.1382242888212204,
        0.024454548954963684,
        -0.031159143894910812,
        -0.2123480588197708,
        -0.09100648760795593,
        0.20751968026161194,
        -0.18610061705112457,
        0.39599889516830444,
        -0.016400732100009918,
        0.06745796650648117,
        -0.2107602208852768,
        -0.0362841822206974,
        -0.14303269982337952,
        0.002531871199607849,
        0.12555459141731262,
        0.10272623598575592,
        -0.06455904990434647,
        0.17284998297691345,
        -0.17606934905052185
    ],
    "x": [
        0.09163472056388855,
        -0.2755720615386963,
        -0.43536126613616943,
        0.14438019692897797,
        -0.4038342535495758,
        -0.13838905096054077,
        0.08170293271541595,
        0.11537335813045502,
        0.5589923858642578,
        -0.3934149742126465,
        -0.028949253261089325,
        -0.2064487785100937,
        0.4655919373035431,
        0.10654154419898987,
        0.009746603667736053,
        -0.18166044354438782,
        0.16557548940181732,
        -0.2633678913116455,
        0.0020467787981033325,
        -0.43011194467544556
    ]
}