{
    "seed": 1000012,
    "theta": [
        -0.0015532970428466797,
        -0.17517177760601044,
        0.04211023449897766,
        0.012302674353122711,
        0.3426814675331116,
        0.12494136393070221,
        0.20917908847332,
        -0.2183353453874588,
        0.040235817432403564,
        0.1641349345445633,
        -0.018452785909175873,
        -0.30841556191444397,
        0.014869529753923416,
        -0.27575743198394775,
        0.09119340777397156,
        -0.17047947645187378,
        0.006066115573048592,
        -0.08054365962743759,
        0.16769252717494965,
        -0.186908558011055
    ],
    "x": [
        0.39356091618537903,
        -0.11306414008140564,
        -0.004018519073724747,
        0.014742548577487469,
        0.6098219156265259,
        -0.5429432988166809,
        -0.31690943241119385,
        -0.2582135498523712,
        0.4098590016365051,
        -0.09438006579875946,
        0.1843208372592926,
        -0.6088718771934509,
        0.32684195041656494,
        -0.2457391321659088,
        -0.009110800921916962,
        -0.3753795623779297,
        0.16014333069324493,
        0.4961805045604706,
        -0.5021227598190308,
        -0.5637441873550415
    ]
}