{
    "seed": 1000005,
    "theta": [
        0.02846953272819519,
        -0.013779297471046448,
        0.1301903873682022,
        -0.19428902864456177,
        0.025297388434410095,
        -0.22694827616214752,
        0.1685425043106079,
        -0.08788637816905975,
        -0.23185153305530548,
        0.053994785994291306,
        -0.07237328588962555,
        -0.017288729548454285,
        0.36103129386901855,
        0.002705603837966919,
        -0.010509997606277466,
        0.06180690973997116,
        0.22193948924541473,
        0.025370217859745026,
        -0.027479223906993866,
        -0.14833992719650269
    ],
    "x": [
        0.19372959434986115,
        -0.29256677627563477,
        0.5203744173049927,
        -0.3597010672092438,
        -0.06209082156419754,
        -0.03577470779418945,
        -0.13789799809455872,
        -0.3773394823074341,
        -0.12133706361055374,
        -0.31223082542419434,
        0.01044221967458725,
        -0.34272199869155884,
        0.7000271081924438,
        0.3848016858100891,
        -0.2055147886276245,
        0.2880541682243347,
        0.23795723915100098,
        0.1695496141910553,
        0.268197625875473,
        0.06801874935626984
    ]
}