{
    "seed": 1000002,
    "theta": [
        0.34357061982154846,
        -0.15739892423152924,
        0.15589216351509094,
        0.32032638788223267,
        -0.2770030200481415,
        -0.022749895229935646,
        0.10417091846466064,
        -0.132862389087677,
        0.39246922731399536,
        -0.07068382203578949,
        0.12980309128761292,
        0.3171110153198242,
        -0.31133124232292175,
        0.40040773153305054,
        0.21864253282546997,
        -0.40759775042533875,
        -0.10861273854970932,
        -0.03892669081687927,
        -0.14420431852340698,
        -0.0041220178827643394
    ],
    "x": [
        0.3731115460395813,
        -0.24538807570934296,
        0.3807336091995239,
        0.26060327887535095,
        -0.5739752650260925,
        0.1319502592086792,
        0.3276313543319702,
        -0.23394399881362915,
        -0.4423881769180298,
        -0.08480527997016907,
        0.24711918830871582,
        0.6465244889259338,
        0.011664658784866333,
        0.9106011390686035,
        0.072058767080307,
        -0.0010374784469604492,
        -0.33745232224464417,
        0.03292340040206909,
        -0.33417651057243347,
        0.2576000392436981
    ]
}