{
    "seed": 1000008,
    "theta": [
        -0.04312574863433838,
        -0.37745437026023865,
        0.043462932109832764,
        0.3967956006526947,
        0.14873255789279938,
        -0.19106438755989075,
        -0.29532384872436523,
        -0.23957988619804382,
        0.16382509469985962,
        -0.04840775951743126,
        -0.42567503452301025,
        -0.1223984807729721,
        0.2672542929649353,
        0.12264382839202881,
        0.2648082673549652,
        0.1385953426361084,
        0.1618611365556717,
        0.2078222632408142,
        0.17213356494903564,
        -0.20237649977207184
    ],
    "x": [
        0.3415195047855377,
        -0.4190990924835205,
        -0.3447572588920593,
        0.18386469781398773,
        0.11156928539276123,
        -0.2689518630504608,
        -0.1049070805311203,
        0.0026378482580184937,
        -0.13958433270454407,
        -0.5665658116340637,
        -0.8578301668167114,
        0.09457965195178986,
        0.5197527408599854,
        0.15628798305988312,
        -0.01689484715461731,
        0.7786009311676025,
        0.25222718715667725,
        0.34842050075531006,
        0.3889891505241394,
        -0.14889709651470184
    ]
}