{
    "seed": 1000004,
    "theta": [
        -0.03412385284900665,
        -0.39633697271347046,
        -0.002674989402294159,
        0.4654964804649353,
        0.15531085431575775,
        -0.2069646269083023,
        -0.23651444911956787,
        -0.2543809711933136,
        0.13721460103988647,
        -0.11623090505599976,
        -0.4842037558555603,
        -0.09995833784341812,
        0.3071044683456421,
        0.14405325055122375,
        0.27628380060195923,
        0.0745135024189949,
        0.2134716659784317,
        0.2604260742664337,
        0.2126847356557846,
        -0.026660233736038208
    ],
    "x": [
        -0.1292627453804016,
        -0.27926480770111084,
        0.16136470437049866,
        0.21593955159187317,
        0.12993788719177246,
        -0.03777550160884857,
        -0.1797187477350235,
        -0.287769615650177,
        -0.35032692551612854,
        0.26322218775749207,
        -0.2636526823043823,
        -0.759489893913269,
        0.21273314952850342,
        -0.17698469758033752,
        0.2509665787220001,
        0.3951549828052521,
        0.06852363049983978,
        0.3998006284236908,
        0.096315398812294,
        -0.19351786375045776
    ]
}