{
    "seed": 1000012,
    "theta": [
        0.22722047567367554,
        -0.06609459966421127,
        0.2184000015258789,
        0.29466432332992554,
        -0.23751860857009888,
        0.013265348970890045,
        0.27153000235557556,
        -0.27429187297821045,
        0.2842990756034851,
        -0.24371731281280518,
        0.07775542140007019,
        0.3080749809741974,
        -0.3566289246082306,
        0.3180978298187256,
        0.3135864734649658,
        -0.37183210253715515,
        -0.007738374173641205,
        0.070062056183815,
        0.036565378308296204,
        -0.06562668085098267
    ],
    "x": [
        0.5968436598777771,
        -0.3246096074581146,
        0.421173632144928,
        -0.005791991949081421,
        -0.10794223845005035,
        -0.2871510088443756,
        0.005249828100204468,
        -0.3219043016433716,
        -0.21996641159057617,
        0.02695801854133606,
        0.6129896640777588,
        0.6194050312042236,
        -0.5014190673828125,
        0.9005740880966187,
        0.41570842266082764,
        -0.27876800298690796,
        -0.5494406819343567,
        -0.27401304244995117,
        0.1435859501361847,
        -0.14817163348197937
    ]
}