{
    "seed": 1000010,
    "theta": [
        -0.18318557739257812,
        -0.4046285152435303,
        -0.005589373409748077,
        0.3489285707473755,
        0.19461417198181152,
        -0.2723071873188019,
        -0.2057141363620758,
        -0.16289624571800232,
        0.18176034092903137,
        0.0013969019055366516,
        -0.45908594131469727,
        -0.20060759782791138,
        0.34438398480415344,
        0.2058688849210739,
        0.3291441798210144,
        0.15072257816791534,
        0.11845216155052185,
        0.2835805416107178,
        0.11351395398378372,
        -0.198140949010849
    ],
    "x": [
        -0.31697970628738403,
        -0.7585554122924805,
        -0.05333254858851433,
        0.24029147624969482,
        0.548694372177124,
        -0.2780798673629761,
        -0.20994369685649872,
        -0.06841133534908295,
        0.4885248839855194,
        0.72413569688797,
        -0.3716508746147156,
        0.2089347243309021,
        0.6314626932144165,
        0.22976452112197876,
        -0.0887860655784607,
        0.1444089710712433,
        0.7084856033325195,
        0.33769938349723816,
        0.23910248279571533,
        0.13235816359519958
    ]
}