{
    "seed": 1000005,
    "theta": [
        -0.28190600872039795,
        -0.44614094495773315,
        -0.10297732055187225,
        0.45024213194847107,
        0.09027380496263504,
        -0.1905888020992279,
        -0.1439199149608612,
        -0.07749684154987335,
        0.14174626767635345,
        -0.1445927768945694,
        -0.4691937267780304,
        -0.1678551435470581,
        0.20116552710533142,
        0.2621460556983948,
        0.34042829275131226,
        0.040197744965553284,
        0.10794808715581894,
        0.25208279490470886,
        0.20116424560546875,
        -0.17417758703231812
    ],
    "x": [
        -0.1713915467262268,
        -0.8123665452003479,
        -0.020161814987659454,
        0.12480884790420532,
        0.24439287185668945,
        -0.3217443525791168,
        -0.30137723684310913,
        0.27201539278030396,
        0.005814775824546814,
        -0.28188788890838623,
        -0.780287504196167,
        -0.7888387441635132,
        0.2106689214706421,
        0.06862592697143555,
        0.28088903427124023,
        0.7172036170959473,
        0.19182565808296204,
        0.22945202887058258,
        0.010923683643341064,
        -0.37713491916656494
    ]
}