{
    "seed": 1000008,
    "theta": [
        0.3929639160633087,
        0.6137032508850098,
        0.5425331592559814,
        0.36468538641929626
    ],
    "x": [
        0.8871256709098816,
        0.9651108980178833,
        0.8570899963378906,
        0.747512698173523,
        0.7976229190826416,
        0.8307906985282898,
        0.7197301387786865,
        0.745769739151001,
        0.6648489832878113,
        0.6057147979736328,
        0.6093989014625549,
        0.6295310854911804,
        0.6744504570960999,
        0.5835018157958984,
        0.611612856388092,
        0.6623813509941101,
        0.5824421048164368,
        0.6468292474746704,
        0.5073270201683044,
        0.5904673337936401,
        0.5331695675849915,
        0.4631277620792389,
        0.48267999291419983,
        0.5315893888473511,
        0.411050021648407,
        0.5156842470169067,
        0.46981531381607056,
        0.39936143159866333,
        0.2929307222366333,
        0.42658424377441406,
        0.4238058626651764,
        0.4858841001987457,
        0.3295761048793793,
        0.4976453185081482,
        0.46631062030792236,
        0.32455798983573914,
        0.4108790159225464,
        0.46719881892204285,
        0.3485444486141205,
        0.46063995361328125,
        0.5046246647834778,
        0.4315017759799957,
        0.3733290433883667,
        0.5222041010856628,
        0.34145990014076233,
        0.4879109561443329,
        0.27362874150276184,
        0.470590204000473,
        0.43439534306526184,
        0.4230111539363861,
        0.2731856107711792,
        0.3230529725551605,
        0.430563747882843,
        0.3480154573917389,
        0.40874239802360535,
        0.4182436764240265,
        0.40535813570022583,
        0.32619577646255493,
        0.39912936091423035,
        0.4125797152519226,
        0.43129095435142517,
        0.3138408660888672,
        0.34122148156166077,
        0.4389278292655945,
        0.4776349365711212,
        0.4193134307861328,
        0.48467737436294556,
        0.40387484431266785,
        0.4353828430175781,
        0.4341926574707031,
        0.34608954191207886,
        0.5375532507896423,
        0.44256097078323364,
        0.541161835193634,
        0.44597384333610535,
        0.4336434602737427,
        0.3416520357131958,
        0.4644697904586792,
        0.4192858338356018,
        0.4182683229446411,
        0.5002059936523438,
        0.3251328766345978,
        0.19273096323013306,
        0.4098953306674957,
        0.46893247961997986,
        0.30229541659355164,
        0.41213253140449524,
        0.41515377163887024,
        0.3924320340156555,
        0.485848993062973,
        0.32844656705856323,
        0.3511207699775696,
        0.3487282991409302,
        0.5002748966217041,
        0.3319709897041321,
        0.4506278932094574,
        0.5224810242652893,
        0.4568227231502533,
        0.3892401456832886,
        0.5423139929771423,
        0.5100186467170715
    ]
}