{
    "seed": 1000009,
    "theta": [
        0.4492988586425781,
        0.454577773809433,
        0.6891317963600159,
        0.7137073278427124
    ],
    "x": [
        0.8320097327232361,
        0.8942212462425232,
        0.9364520907402039,
        0.6870241761207581,
        0.6243190765380859,
        0.7934576869010925,
        0.791860044002533,
        0.7389253973960876,
        0.6746106743812561,
        0.7773728966712952,
        0.6592108607292175,
        0.662277340888977,
        0.5382663607597351,
        0.5262575745582581,
        0.6841450929641724,
        0.6457509398460388,
        0.4497653841972351,
        0.4938669800758362,
        0.5863540768623352,
        0.5123822689056396,
        0.4178828001022339,
        0.30978190898895264,
        0.4296508729457855,
        0.49048182368278503,
        0.6338528990745544,
        0.5228279232978821,
        0.4140937924385071,
        0.5056578516960144,
        0.3210751712322235,
        0.47797253727912903,
        0.2521054446697235,
        0.2971138060092926,
        0.5173123478889465,
        0.5014785528182983,
        0.43827998638153076,
        0.3734288513660431,
        0.5202036499977112,
        0.4782436490058899,
        0.5612945556640625,
        0.445239394903183,
        0.10245107114315033,
        0.3662910461425781,
        0.46923699975013733,
        0.49827587604522705,
        0.5564964413642883,
        0.5231775641441345,
        0.34149906039237976,
        0.44354376196861267,
        0.35342609882354736,
        0.5541273951530457,
        0.2506173551082611,
        0.5024459958076477,
        0.4184085726737976,
        0.45329105854034424,
        0.3106268644332886,
        0.5183374881744385,
        0.45494142174720764,
        0.28994396328926086,
        0.39815661311149597,
        0.2883619964122772,
        0.5380063652992249,
        0.39945489168167114,
        0.3489508330821991,
        0.41257235407829285,
        0.37257513403892517,
        0.38528454303741455,
        0.4657193422317505,
        0.40299543738365173,
        0.5280742645263672,
        0.5800241827964783,
        0.34880319237709045,
        0.21694590151309967,
        0.6209149956703186,
        0.5341759920120239,
        0.4375850558280945,
        0.04450276866555214,
        0.2924715578556061,
        0.5277112126350403,
        0.4580586850643158,
        0.5016171932220459,
        0.5561757683753967,
        0.46353963017463684,
        0.4034501314163208,
        0.5061838626861572,
        -0.234172061085701,
        0.48586374521255493,
        0.4361845552921295,
        0.5759231448173523,
        0.4611404538154602,
        0.45834413170814514,
        0.5938391089439392,
        0.5622777342796326,
        0.4597183167934418,
        0.5095263123512268,
        0.36665114760398865,
        0.4656594693660736,
        0.585607647895813,
        0.5696220397949219,
        0.5312166810035706,
        0.569756805896759,
        0.646384060382843
    ]
}