{
    "seed": 1000010,
    "theta": [
        0.5349940657615662,
        0.49140840768814087,
        0.8345135450363159,
        0.7444356083869934
    ],
    "x": [
        0.8178914189338684,
        0.7889541387557983,
        0.9405527710914612,
        0.9042630791664124,
        0.8095003962516785,
        0.7920907139778137,
        0.8041529059410095,
        0.762520968914032,
        0.7694506049156189,
        0.7000713348388672,
        0.5050556063652039,
        0.6908630132675171,
        0.5404777526855469,
        0.6117627620697021,
        0.4955144226551056,
        0.4702426791191101,
        0.2742663025856018,
        0.1840721070766449,
        0.5034118890762329,
        0.537790834903717,
        0.5387662053108215,
        0.6615323424339294,
        0.5620954036712646,
        0.5088691711425781,
        0.572371780872345,
        0.3274584412574768,
        0.47509637475013733,
        0.19246850907802582,
        0.3788108825683594,
        0.4784786105155945,
        0.4822947084903717,
        0.4401780366897583,
        0.4803153872489929,
        0.492730975151062,
        0.4771519899368286,
        0.49861907958984375,
        0.3665790557861328,
        0.40166881680488586,
        0.5136682987213135,
        0.3871559202671051,
        0.21286900341510773,
        0.4639073610305786,
        0.4474056363105774,
        0.40261000394821167,
        0.33676159381866455,
        0.1766972839832306,
        0.39039599895477295,
        0.4607582092285156,
        0.44198888540267944,
        0.45274847745895386,
        0.41394779086112976,
        0.4239547848701477,
        0.47975820302963257,
        0.5089660882949829,
        0.42493489384651184,
        0.4493497312068939,
        0.16706059873104095,
        0.4490094482898712,
        0.16986821591854095,
        0.4171048402786255,
        0.5350339412689209,
        0.42213326692581177,
        0.5198135375976562,
        0.3802241086959839,
        0.2710285186767578,
        0.4125467836856842,
        0.42429402470588684,
        0.493368923664093,
        0.32795462012290955,
        0.3372548520565033,
        0.44468486309051514,
        0.5196121335029602,
        0.4716607332229614,
        0.49872538447380066,
        0.22509510815143585,
        0.3391788601875305,
        0.5514917969703674,
        0.47090327739715576,
        0.29383137822151184,
        0.37415823340415955,
        0.2861028015613556,
        0.37952104210853577,
        0.3020367920398712,
        0.21128273010253906,
        0.5524362921714783,
        0.11867370456457138,
        0.31635385751724243,
        0.5200527310371399,
        0.46266236901283264,
        0.4830383360385895,
        0.448007196187973,
        0.3150099515914917,
        0.5557987093925476,
        0.3533898591995239,
        0.5290437340736389,
        0.10237045586109161,
        0.4232214689254761,
        0.333935409784317,
        0.524368941783905,
        0.5027325749397278,
        0.6391971707344055
    ]
}