{
    "seed": 1000003,
    "theta": [
        0.5074861645698547,
        0.47696593403816223,
        0.8040320873260498,
        0.7909194231033325
    ],
    "x": [
        0.8386473059654236,
        0.9515609741210938,
        1.0490587949752808,
        0.5559006929397583,
        0.7698918581008911,
        0.7292405366897583,
        0.7962959408760071,
        0.7540046572685242,
        0.7138291597366333,
        0.5594043731689453,
        0.6390425562858582,
        0.6125587224960327,
        0.38703078031539917,
        0.643846869468689,
        0.6362789273262024,
        0.6572182774543762,
        0.5206283330917358,
        0.6071881651878357,
        0.593239963054657,
        0.5231913328170776,
        0.49082374572753906,
        0.4954858124256134,
        0.4484825134277344,
        0.44372811913490295,
        0.5579248070716858,
        0.42678096890449524,
        0.48974609375,
        0.32120996713638306,
        0.3057842254638672,
        0.5533246397972107,
        0.5142003297805786,
        0.5351560115814209,
        0.5649577975273132,
        0.37906238436698914,
        0.4588484466075897,
        0.4438008666038513,
        0.3010992705821991,
        0.39659130573272705,
        0.41926586627960205,
        0.5276259183883667,
        0.44526493549346924,
        0.4721369445323944,
        0.5356706976890564,
        0.46326014399528503,
        0.45442989468574524,
        0.3293277621269226,
        0.5392542481422424,
        0.3787716031074524,
        0.5207542181015015,
        0.436355859041214,
        0.2028757780790329,
        0.44908204674720764,
        0.3750024139881134,
        0.43635380268096924,
        0.43075814843177795,
        0.42333272099494934,
        0.4323163330554962,
        0.4964326322078705,
        0.4675101041793823,
        0.3901594877243042,
        0.5331432223320007,
        0.20453593134880066,
        0.376757949590683,
        0.4153817594051361,
        0.476977676153183,
        0.35764744877815247,
        0.42090529203414917,
        0.47235971689224243,
        0.43442675471305847,
        0.5392234921455383,
        0.29020512104034424,
        0.25916939973831177,
        0.49347496032714844,
        0.4557200074195862,
        0.3947334289550781,
        0.5003228783607483,
        0.49202868342399597,
        0.41604501008987427,
        0.4865894317626953,
        0.13882140815258026,
        0.5553024411201477,
        0.569501519203186,
        0.2644821107387543,
        0.4917144775390625,
        0.4286156892776489,
        0.5146307349205017,
        0.3146194517612457,
        0.022381845861673355,
        0.5033732056617737,
        0.5571596622467041,
        0.5582662224769592,
        0.375286728143692,
        0.5631009340286255,
        0.3398628234863281,
        0.4021949768066406,
        0.491385281085968,
        0.400162011384964,
        0.5741093754768372,
        0.5798075199127197,
        0.6410049200057983,
        0.6045364141464233
    ]
}