{
    "seed": 1000000,
    "theta": [
        0.48310229182243347,
        0.3562600910663605,
        0.8079860210418701,
        0.7322271466255188
    ],
    "x": [
        0.872033417224884,
        0.9864788055419922,
        0.9355179071426392,
        0.8543562293052673,
        0.8364186882972717,
        0.7554187774658203,
        0.7747413516044617,
        0.6340364813804626,
        0.6458970308303833,
        0.6388422846794128,
        0.6039376854896545,
        0.588336706161499,
        0.5403100252151489,
        0.434286892414093,
        0.527783215045929,
        0.5115371942520142,
        0.5198811888694763,
        0.5935574769973755,
        0.37873077392578125,
        0.34522780776023865,
        0.4396451413631439,
        0.5675641298294067,
        0.5557395815849304,
        0.4434700012207031,
        0.32500049471855164,
        0.5549189448356628,
        0.41699981689453125,
        0.5488123297691345,
        0.4356750547885895,
        0.4739089906215668,
        0.45609232783317566,
        0.4599566161632538,
        0.4847300350666046,
        0.48991596698760986,
        0.49971136450767517,
        0.29804331064224243,
        0.4270830750465393,
        0.5023484826087952,
        0.5039840936660767,
        0.47840118408203125,
        0.49992358684539795,
        0.42945021390914917,
        0.4017205536365509,
        0.364700049161911,
        0.5014254450798035,
        0.44360464811325073,
        0.39794400334358215,
        0.36124521493911743,
        0.5529478788375854,
        0.4628882110118866,
        0.48247554898262024,
        0.4446200132369995,
        0.20905202627182007,
        0.3676188290119171,
        0.33195242285728455,
        0.45867055654525757,
        0.18904215097427368,
        0.5133290886878967,
        0.21540400385856628,
        0.39908409118652344,
        0.3986174166202545,
        0.4870680570602417,
        0.19322356581687927,
        0.4295412600040436,
        0.5116376280784607,
        0.4425707459449768,
        0.5324408411979675,
        0.22019590437412262,
        0.48818156123161316,
        0.3585721254348755,
        0.4558062255382538,
        0.5437979102134705,
        0.3181176483631134,
        0.42651939392089844,
        0.3257165253162384,
        0.530426025390625,
        0.3965848386287689,
        0.5129213929176331,
        0.5044516324996948,
        0.4725344479084015,
        0.4578811526298523,
        0.5003593564033508,
        0.1141003891825676,
        0.4101857542991638,
        0.5030002593994141,
        0.4828178286552429,
        0.5287925601005554,
        0.5660697817802429,
        0.429086297750473,
        0.27928873896598816,
        0.34872639179229736,
        0.46702080965042114,
        0.418170303106308,
        0.4524669647216797,
        0.14114761352539062,
        0.40336912870407104,
        0.5726778507232666,
        0.4789339601993561,
        0.5063292384147644,
        0.6384674310684204,
        0.676993191242218
    ]
}