{
    "seed": 1000004,
    "theta": [
        0.47506183385849,
        0.4146164357662201,
        0.8170657157897949,
        0.7017170190811157
    ],
    "x": [
        0.9230700135231018,
        0.9970390200614929,
        0.9165574312210083,
        0.7738454341888428,
        0.8126612305641174,
        0.8012282252311707,
        0.7716957330703735,
        0.7942934632301331,
        0.5698274970054626,
        0.7327443361282349,
        0.6312347650527954,
        0.6883707642555237,
        0.5298797488212585,
        0.6649569272994995,
        0.5168954133987427,
        0.5678874850273132,
        0.5759943723678589,
        0.45759010314941406,
        0.508269727230072,
        0.5133341550827026,
        0.5720654726028442,
        0.6073101162910461,
        0.5685461759567261,
        0.43313828110694885,
        0.34459608793258667,
        0.5548033118247986,
        0.39290136098861694,
        0.4872596859931946,
        0.45197027921676636,
        0.28922373056411743,
        0.390768826007843,
        0.4875423312187195,
        0.4509280025959015,
        0.5805946588516235,
        0.5950945615768433,
        0.5029451847076416,
        0.3125803768634796,
        0.5255289673805237,
        0.4855818450450897,
        0.11046244204044342,
        0.3151150941848755,
        0.3847951292991638,
        0.49231746792793274,
        0.5805729031562805,
        0.3518911898136139,
        0.44194743037223816,
        0.3391049802303314,
        0.4665335416793823,
        0.5430974364280701,
        0.49995294213294983,
        0.34903615713119507,
        0.31432315707206726,
        0.48119112849235535,
        0.45206934213638306,
        0.5249316096305847,
        0.5703263878822327,
        0.6049359440803528,
        0.5178274512290955,
        0.5156646966934204,
        0.3526901304721832,
        0.2107953429222107,
        0.5227484107017517,
        0.4579780697822571,
        0.36211827397346497,
        0.440350204706192,
        0.3980150818824768,
        0.4986470639705658,
        0.5579960942268372,
        0.45109429955482483,
        0.26720696687698364,
        0.5819165706634521,
        0.5429548621177673,
        0.5245699286460876,
        0.40782520174980164,
        0.446053683757782,
        0.5462941527366638,
        0.536611020565033,
        0.546918511390686,
        0.49080339074134827,
        0.4796878695487976,
        0.4709223508834839,
        0.3393450379371643,
        0.5176792144775391,
        0.4616127014160156,
        0.3912910521030426,
        0.5770078301429749,
        0.36536598205566406,
        0.6126617193222046,
        0.5124085545539856,
        0.4766637086868286,
        0.5458104610443115,
        0.5994930267333984,
        0.6542856693267822,
        0.6257273554801941,
        0.6251803040504456,
        0.5905722379684448,
        0.6507476568222046,
        0.6645280122756958,
        0.6921901702880859,
        0.7381194829940796,
        0.8128382563591003
    ]
}