{
    "seed": 1000005,
    "theta": [
        0.08719201385974884,
        -0.2569693326950073,
        -0.3091059923171997,
        -0.4374322295188904,
        -0.025841977447271347,
        -0.3663809895515442,
        0.10410751402378082,
        0.0008598342537879944,
        -0.15295735001564026,
        -0.1821495145559311
    ],
    "x": [
        0.5287304520606995,
        -0.20557647943496704,
        -0.4260658621788025,
        -0.941550612449646,
        -0.30299973487854004,
        -0.039321690797805786,
        -0.3695681691169739,
        0.4798588454723358,
        -0.003959536552429199,
        -0.4242910146713257
    ]
}