{
    "seed": 1000012,
    "theta": [
        0.1545187532901764,
        -0.08427150547504425,
        -0.479073703289032,
        -0.4984443783760071,
        -0.0823160782456398,
        -0.3902167081832886,
        0.13846440613269806,
        -0.056649550795555115,
        -0.09331241250038147,
        -0.2782560884952545
    ],
    "x": [
        0.23282787203788757,
        0.18311302363872528,
        -0.45269858837127686,
        -0.38593363761901855,
        0.03466355800628662,
        -0.7258800268173218,
        -0.008397608995437622,
        0.20917834341526031,
        -0.36983367800712585,
        0.10813888907432556
    ]
}