{
    "seed": 1000001,
    "theta": [
        0.17941342294216156,
        -0.36248502135276794,
        -0.4471293091773987,
        -0.3635656237602234,
        -0.0706561878323555,
        -0.3846871852874756,
        0.08654607832431793,
        -0.1579485982656479,
        0.024725094437599182,
        -0.1716783046722412
    ],
    "x": [
        -0.2504507899284363,
        -0.6821045875549316,
        -0.36163464188575745,
        -0.20738278329372406,
        0.6046441197395325,
        -0.3953383266925812,
        0.6802365183830261,
        0.6324087381362915,
        0.25621598958969116,
        -0.12868383526802063
    ]
}