{
    "seed": 1000008,
    "theta": [
        0.09093993902206421,
        -0.3591671884059906,
        -0.5759139657020569,
        -0.31792640686035156,
        0.028944700956344604,
        -0.317441463470459,
        0.11539198458194733,
        -0.0677289366722107,
        -0.10462482273578644,
        -0.1254081130027771
    ],
    "x": [
        -0.03964695334434509,
        -0.1709434688091278,
        -0.11800223588943481,
        -0.2872127294540405,
        0.3399682641029358,
        0.4110332131385803,
        -0.09685133397579193,
        -0.1782630980014801,
        -0.35622841119766235,
        -0.5790188908576965
    ]
}