{
    "seed": 1000002,
    "theta": [
        0.2652592062950134,
        -0.34803536534309387,
        -0.499651163816452,
        -0.30450838804244995,
        -0.03883837163448334,
        -0.2599955201148987,
        0.09361767023801804,
        -0.1271168738603592,
        -0.05677919462323189,
        -0.33113259077072144
    ],
    "x": [
        -0.020298033952713013,
        -0.9775192737579346,
        -0.500422477722168,
        -0.8880364894866943,
        -0.07764734327793121,
        -0.2603798508644104,
        -0.022042036056518555,
        -0.1699482500553131,
        -0.23346783220767975,
        -0.18935541808605194
    ]
}