{
    "seed": 1000010,
    "theta": [
        0.2011241912841797,
        -0.2826005816459656,
        -0.44049376249313354,
        -0.4736015200614929,
        0.03984113782644272,
        -0.383264422416687,
        0.06842575967311859,
        -0.021759549155831337,
        -0.04971243068575859,
        -0.12443099170923233
    ],
    "x": [
        -0.1252652406692505,
        0.2532089948654175,
        -0.726453423500061,
        -0.7823203802108765,
        0.05479894578456879,
        -0.38764968514442444,
        0.4296656847000122,
        0.24103014171123505,
        -0.20961199700832367,
        -0.25601956248283386
    ]
}