{
    "seed": 1000010,
    "theta": [
        -0.04548736661672592,
        0.4288627505302429
    ],
    "x": [
        1.8935235738754272,
        1.3178304433822632,
        0.9262952208518982,
        0.5655948519706726,
        0.3697398602962494,
        0.088201604783535,
        -0.12021535634994507,
        -0.33422085642814636,
        -0.43967631459236145,
        -0.5007265210151672,
        -0.5752836465835571,
        -0.6147910952568054,
        -0.6869786381721497,
        -0.7214327454566956,
        -0.7048256993293762,
        -0.639094352722168,
        -0.6554547548294067,
        -0.7681335210800171,
        -0.7451735734939575,
        -0.8244267106056213,
        -0.787312388420105,
        -0.8478474020957947,
        -0.869347095489502,
        -0.8009858131408691,
        -0.7179895639419556
    ]
}