{
    "seed": 1000001,
    "theta": [
        0.30076366662979126,
        0.11483432352542877
    ],
    "x": [
        1.8935235738754272,
        1.2100086212158203,
        0.6189709305763245,
        0.22507870197296143,
        -0.03468673303723335,
        -0.30862489342689514,
        -0.3465442657470703,
        -0.5179242491722107,
        -0.6975085735321045,
        -0.7580564618110657,
        -0.7961117029190063,
        -0.8471935391426086,
        -0.7989248633384705,
        -0.940548300743103,
        -0.9592721462249756,
        -0.8526548147201538,
        -0.7959071397781372,
        -0.8454030752182007,
        -0.8374519944190979,
        -0.9101340770721436,
        -0.991161048412323,
        -0.9682065844535828,
        -1.0273572206497192,
        -1.0634952783584595,
        -1.1828047037124634
    ]
}