{
    "seed": 1000008,
    "theta": [
        0.1392117589712143,
        0.2758601903915405
    ],
    "x": [
        1.8935235738754272,
        1.2618579864501953,
        0.7649560570716858,
        0.395938903093338,
        0.13677111268043518,
        -0.21770501136779785,
        -0.37070712447166443,
        -0.4547717869281769,
        -0.5493316650390625,
        -0.565793514251709,
        -0.6182677745819092,
        -0.6061500906944275,
        -0.6187807321548462,
        -0.7329566478729248,
        -0.7186804413795471,
        -0.7516821026802063,
        -0.8092384934425354,
        -0.7572306990623474,
        -0.6968703866004944,
        -0.6507837772369385,
        -0.6148873567581177,
        -0.6636561751365662,
        -0.8601523637771606,
        -0.8495917320251465,
        -0.9672417640686035
    ]
}