{
    "seed": 1000009,
    "theta": [
        0.27002814412117004,
        0.24104845523834229
    ],
    "x": [
        1.8935235738754272,
        1.1805152893066406,
        0.6313667297363281,
        0.24887536466121674,
        0.039689287543296814,
        -0.2572695314884186,
        -0.31800633668899536,
        -0.34384065866470337,
        -0.44653767347335815,
        -0.5847793817520142,
        -0.5640937089920044,
        -0.4950776696205139,
        -0.5891883969306946,
        -0.5709172487258911,
        -0.5449534058570862,
        -0.6634311079978943,
        -0.687972903251648,
        -0.7807517647743225,
        -0.8673171997070312,
        -0.6904237270355225,
        -0.6278437972068787,
        -0.7557964324951172,
        -0.8189489841461182,
        -0.7479410171508789,
        -0.8141488432884216
    ]
}