{
    "seed": 1000003,
    "theta": [
        0.10169705748558044,
        0.2199016511440277
    ],
    "x": [
        1.8935235738754272,
        1.1217341423034668,
        0.6443465352058411,
        0.3669625520706177,
        0.030344752594828606,
        -0.29771122336387634,
        -0.35608839988708496,
        -0.39228740334510803,
        -0.44207993149757385,
        -0.494710773229599,
        -0.5577669739723206,
        -0.5931355953216553,
        -0.6248217225074768,
        -0.6129398345947266,
        -0.62764573097229,
        -0.663892924785614,
        -0.7009737491607666,
        -0.7160348296165466,
        -0.715756893157959,
        -0.7819684147834778,
        -0.8400501608848572,
        -0.8944134712219238,
        -0.9059269428253174,
        -0.9294825196266174,
        -0.8658581972122192
    ]
}