{
    "seed": 1000012,
    "theta": [
        0.09157704561948776,
        0.43465518951416016
    ],
    "x": [
        1.8935235738754272,
        1.2294849157333374,
        0.971735417842865,
        0.7223483324050903,
        0.5536845922470093,
        0.2778938412666321,
        0.17431427538394928,
        0.09474892169237137,
        -0.12415875494480133,
        -0.19838131964206696,
        -0.2766401469707489,
        -0.27763402462005615,
        -0.35137122869491577,
        -0.454880952835083,
        -0.3817831873893738,
        -0.44436702132225037,
        -0.44801726937294006,
        -0.5725785493850708,
        -0.5423862934112549,
        -0.6139816641807556,
        -0.5488582849502563,
        -0.46970072388648987,
        -0.4395112991333008,
        -0.49197161197662354,
        -0.5586174130439758
    ]
}