{
    "seed": 1000002,
    "theta": [
        0.10051166266202927,
        0.2845064699649811
    ],
    "x": [
        1.8935235738754272,
        1.4292372465133667,
        1.0564305782318115,
        0.6718735694885254,
        0.3882056474685669,
        0.0977032408118248,
        -0.15721246600151062,
        -0.39825084805488586,
        -0.580015242099762,
        -0.6247390508651733,
        -0.7489880919456482,
        -0.6623745560646057,
        -0.7962109446525574,
        -0.803732693195343,
        -0.8129680156707764,
        -0.8427594304084778,
        -0.9340128302574158,
        -0.9325982332229614,
        -0.871910572052002,
        -0.6815370917320251,
        -0.8181772232055664,
        -0.7785649299621582,
        -0.7899638414382935,
        -0.7717245817184448,
        -0.9352983832359314
    ]
}