{
    "seed": 1000005,
    "theta": [
        -0.08426298946142197,
        0.2516547739505768
    ],
    "x": [
        1.8935235738754272,
        1.4008150100708008,
        1.0421377420425415,
        0.6515046954154968,
        0.4098379909992218,
        0.18965540826320648,
        0.07947616279125214,
        -0.0980958417057991,
        -0.19367751479148865,
        -0.382550448179245,
        -0.5832210779190063,
        -0.6022102236747742,
        -0.6668569445610046,
        -0.7448182702064514,
        -0.8257789015769958,
        -0.9004216194152832,
        -0.9554058313369751,
        -0.907245397567749,
        -0.9263749718666077,
        -0.9145920276641846,
        -0.883010745048523,
        -0.8091792464256287,
        -0.7204235792160034,
        -0.7897328734397888,
        -0.8454614281654358
    ]
}