{
    "seed": 1000000,
    "theta": [
        0.07628506422042847,
        0.1563645750284195
    ],
    "x": [
        1.8935235738754272,
        1.2989495992660522,
        0.7210590243339539,
        0.3882468342781067,
        0.025213222950696945,
        -0.15312673151493073,
        -0.3833023011684418,
        -0.5134412050247192,
        -0.5842497944831848,
        -0.5773143768310547,
        -0.6651982665061951,
        -0.8049159049987793,
        -0.8525298833847046,
        -0.8258786201477051,
        -0.8497185707092285,
        -0.9068005681037903,
        -0.8087419271469116,
        -0.8685601949691772,
        -0.8213584423065186,
        -0.8620453476905823,
        -0.9295014142990112,
        -1.0764586925506592,
        -1.0684257745742798,
        -0.9464659094810486,
        -0.8710514903068542
    ]
}