{
    "seed": 1000001,
    "theta": [
        0.3337232768535614,
        0.11215253919363022,
        -0.3041834831237793,
        0.45564591884613037,
        0.05450369417667389,
        -0.19249296188354492,
        0.3329765200614929,
        -0.3842446804046631,
        0.2742074429988861,
        0.013294124975800514,
        -0.2054539918899536,
        0.3557316064834595,
        -0.2420506775379181,
        0.15889593958854675,
        -0.18875710666179657,
        0.36940085887908936,
        -0.14627903699874878,
        0.1969497799873352,
        0.1447259932756424,
        -0.27784448862075806
    ],
    "x": [
        -0.02659192681312561,
        -0.03539546579122543,
        -0.2989153563976288,
        0.21751728653907776,
        0.6163246035575867,
        -0.4701680541038513,
        0.07081905007362366,
        0.42625224590301514,
        0.048363879323005676,
        -0.4997599422931671,
        -0.06804437935352325,
        0.41395536065101624,
        0.3337801396846771,
        0.4505496025085449,
        -0.08131980895996094,
        0.4266715943813324,
        -0.0823669359087944,
        -0.029801666736602783,
        -0.26847052574157715,
        -0.21891775727272034
    ]
}