{
    "seed": 1000000,
    "theta": [
        0.3254103660583496,
        0.1705615073442459,
        -0.47762608528137207,
        0.5141041278839111,
        0.05989472195506096,
        -0.14345717430114746,
        0.4497006833553314,
        -0.3233131468296051,
        0.21831351518630981,
        -0.02019965834915638,
        -0.2707979083061218,
        0.41056182980537415,
        -0.15637770295143127,
        0.06284414231777191,
        -0.1565556675195694,
        0.3029014766216278,
        -0.049025747925043106,
        0.15469396114349365,
        0.0872778594493866,
        -0.2753041386604309
    ],
    "x": [
        0.14993958175182343,
        0.2860119342803955,
        -0.35852527618408203,
        0.8388048410415649,
        0.3196916878223419,
        -0.4462931156158447,
        0.35160031914711,
        -0.9318695068359375,
        0.12417628616094589,
        0.04074399173259735,
        -0.3244577944278717,
        0.14354106783866882,
        -0.36553430557250977,
        0.02078387886285782,
        0.15975482761859894,
        -0.20351889729499817,
        -0.30468371510505676,
        0.0966704934835434,
        0.7394977807998657,
        -0.16204933822155
    ]
}