{
    "seed": 1000003,
    "theta": [
        0.295265793800354,
        0.04729562997817993,
        -0.18744289875030518,
        0.37799590826034546,
        0.12472017109394073,
        -0.12903904914855957,
        0.22837981581687927,
        -0.5710710287094116,
        0.27580463886260986,
        -0.031108420342206955,
        -0.3001416027545929,
        0.44993478059768677,
        -0.2892376184463501,
        0.09691589325666428,
        -0.2084488868713379,
        0.1985069215297699,
        -0.050160933285951614,
        -0.02346724271774292,
        0.02435174584388733,
        -0.2409818321466446
    ],
    "x": [
        0.5739954113960266,
        -0.4248438775539398,
        0.07738113403320312,
        0.2053290754556656,
        0.7301660776138306,
        -0.7127971649169922,
        0.10868183523416519,
        -0.3660888075828552,
        0.656216025352478,
        0.08316460251808167,
        0.15319126844406128,
        0.5770584344863892,
        0.1404346227645874,
        0.36632415652275085,
        0.020671769976615906,
        -0.2775455117225647,
        0.07789340615272522,
        0.026817653328180313,
        0.2792018949985504,
        -0.5015430450439453
    ]
}