{
    "seed": 1000004,
    "theta": [
        0.18510651588439941,
        0.0870821475982666,
        -0.2708950340747833,
        0.5171693563461304,
        0.1742551177740097,
        -0.1382783055305481,
        0.21269318461418152,
        -0.5086979866027832,
        0.3625342845916748,
        0.033866338431835175,
        -0.16992518305778503,
        0.4222378432750702,
        -0.15193109214305878,
        0.12762464582920074,
        -0.29351258277893066,
        0.1892920434474945,
        -0.07472150772809982,
        -0.01966673880815506,
        -0.007245451211929321,
        -0.20976577699184418
    ],
    "x": [
        0.05706992745399475,
        -0.30062803626060486,
        -0.7656878232955933,
        0.5595663189888,
        0.05033295601606369,
        -0.23406054079532623,
        -0.05255967378616333,
        -0.543095588684082,
        0.26739537715911865,
        0.1509385108947754,
        -0.005885481834411621,
        0.17268091440200806,
        -0.3915192186832428,
        0.5761623382568359,
        -0.5175749659538269,
        0.40908780694007874,
        -0.01447882130742073,
        -0.3965199589729309,
        0.37333762645721436,
        -0.03700032830238342
    ]
}