{
    "seed": 1000012,
    "theta": [
        0.3057705760002136,
        0.10538874566555023,
        -0.32475870847702026,
        0.42769110202789307,
        0.1750817596912384,
        -0.023560285568237305,
        0.2960567772388458,
        -0.5015320181846619,
        0.2235870510339737,
        0.028118420392274857,
        -0.24865932762622833,
        0.2905327379703522,
        -0.22632303833961487,
        0.04237264394760132,
        -0.20317228138446808,
        0.20578239858150482,
        -0.021843325346708298,
        -0.02321334183216095,
        0.1327713131904602,
        -0.2540018558502197
    ],
    "x": [
        0.7008848190307617,
        0.16749638319015503,
        -0.3708874583244324,
        0.4301309883594513,
        0.4422221779823303,
        -0.6914449334144592,
        -0.23003175854682922,
        -0.5414102077484131,
        0.5932102203369141,
        -0.2303965836763382,
        -0.04588569700717926,
        -0.009923577308654785,
        0.08564937114715576,
        0.07239094376564026,
        -0.303476482629776,
        0.0008822977542877197,
        0.1322338879108429,
        0.553510844707489,
        -0.5370439887046814,
        -0.6308375000953674
    ]
}