{
    "seed": 1000003,
    "theta": [
        0.6283156275749207,
        0.09113523364067078,
        -0.4184965491294861,
        -0.6548770666122437,
        -0.36632218956947327
    ],
    "x": [
        -0.2345767319202423,
        0.27942562103271484,
        0.4789097011089325,
        -0.2859562039375305,
        1.0581248998641968,
        -0.3064894676208496,
        -0.3700006604194641,
        -0.9961502552032471,
        -0.13644009828567505,
        0.591508150100708,
        0.6054844856262207,
        0.4741212725639343,
        0.5673463940620422,
        0.5446876287460327,
        0.30997055768966675,
        0.6963040828704834,
        -0.19851210713386536,
        -0.7022728323936462,
        0.6866739988327026,
        -0.10202857106924057,
        0.2368735671043396,
        -0.2402895838022232,
        -0.5249083638191223,
        0.6927690505981445,
        -0.4339641034603119,
        0.2144920527935028,
        0.09660452604293823,
        -0.006825827062129974,
        -0.3696470856666565,
        0.703488826751709,
        -0.24367129802703857,
        -0.6218422651290894,
        -0.20393387973308563,
        0.784816563129425,
        0.19174779951572418,
        -0.11687622964382172,
        0.46883752942085266,
        0.0517556257545948,
        0.19009116291999817,
        0.6051885485649109,
        0.39915886521339417,
        0.3458729386329651,
        -0.03217713534832001,
        -0.09731734544038773,
        0.4515083134174347,
        -0.5172893404960632,
        -0.02073509804904461,
        0.23779292404651642,
        -0.3263133466243744,
        0.6871695518493652,
        -0.1372433453798294,
        0.12538135051727295,
        -0.3111468553543091,
        -0.5337945222854614,
        -0.11295227706432343,
        0.8707218766212463,
        0.22962641716003418,
        0.29594942927360535,
        -0.08826281130313873,
        0.08886802196502686,
        0.46178799867630005,
        -0.16035355627536774,
        -0.14633943140506744,
        -0.6496813297271729,
        -0.17461904883384705,
        -0.07568953186273575,
        -0.5690908432006836,
        -0.5457870960235596,
        0.4131099283695221,
        0.12549328804016113,
        0.12638947367668152,
        -0.12247192859649658,
        0.09896956384181976,
        -0.16119197010993958,
        0.7386114597320557,
        0.04952863231301308,
        0.06436757743358612,
        0.317094624042511,
        0.2820698916912079,
        0.41804391145706177,
        -0.4367114007472992,
        0.1280946284532547,
        0.04538062587380409,
        0.3882211148738861,
        0.39049914479255676,
        -0.06484723836183548,
        0.10203652083873749,
        0.03323495388031006,
        -0.06734439730644226,
        -0.05027436092495918,
        -0.11045592278242111,
        0.15867385268211365,
        -0.09975017607212067,
        -0.3697746992111206,
        0.2643093466758728,
        0.7631785869598389,
        0.24872232973575592,
        -0.373701274394989
    ]
}