{
    "seed": 1000002,
    "theta": [
        1.0048727989196777,
        0.5967270135879517,
        0.03955346345901489,
        -0.5839645862579346,
        -1.2438087463378906
    ],
    "x": [
        0.03462657332420349,
        -0.1974564641714096,
        0.004173391032963991,
        -0.21621832251548767,
        -0.012810894288122654,
        0.23485107719898224,
        -0.4739246070384979,
        -0.10224742442369461,
        0.7077885866165161,
        0.09470474720001221,
        -0.0988643541932106,
        -0.1384117156267166,
        0.30717700719833374,
        -0.06884416192770004,
        -0.18288947641849518,
        1.2841978073120117,
        0.23269762098789215,
        -0.4570116102695465,
        0.23033253848552704,
        0.09179166704416275,
        0.10990450531244278,
        -0.3236636817455292,
        -0.7947960495948792,
        -0.3425619602203369,
        -0.39092937111854553,
        0.019875064492225647,
        0.7827038168907166,
        -0.42817771434783936,
        0.4744587540626526,
        -0.7291586399078369,
        0.2414272427558899,
        -0.03352973610162735,
        -0.6026268601417542,
        -0.24779824912548065,
        0.3575519621372223,
        -0.9623106718063354,
        -0.01900259032845497,
        -0.09624180942773819,
        0.978854775428772,
        -0.6898067593574524,
        -0.3447282612323761,
        1.0275895595550537,
        -1.0986238718032837,
        0.7769948244094849,
        -0.03270953893661499,
        0.631511390209198,
        -0.27368173003196716,
        0.49978187680244446,
        0.20900429785251617,
        0.18297161161899567,
        0.7663244605064392,
        0.132887601852417,
        0.17646363377571106,
        -0.12400858104228973,
        0.03151436150074005,
        -0.07916980981826782,
        0.09099187701940536,
        0.14939582347869873,
        -0.3186488747596741,
        -0.2217312902212143,
        0.8308110237121582,
        -0.4684488773345947,
        0.007800439838320017,
        -0.4450798034667969,
        -0.8791639804840088,
        -0.021301815286278725,
        0.9149762392044067,
        -0.4324740171432495,
        -0.10513141751289368,
        0.8440144658088684,
        -0.46418097615242004,
        0.35275033116340637,
        -0.10411600768566132,
        -0.05109655484557152,
        0.753911554813385,
        0.037873826920986176,
        0.34758737683296204,
        -0.8944252133369446,
        0.19329874217510223,
        -0.48548829555511475,
        -0.10216886550188065,
        0.2993737459182739,
        -0.19144977629184723,
        -0.37511423230171204,
        0.1543843299150467,
        0.7734302282333374,
        -1.1299388408660889,
        0.05586835369467735,
        -0.18832778930664062,
        0.18266561627388,
        0.05323963984847069,
        -0.34009885787963867,
        -0.2553894817829132,
        -0.2521879971027374,
        -0.2697483003139496,
        0.8186503648757935,
        -0.4439068138599396,
        -0.2646346986293793
    ]
}