{
    "seed": 1000010,
    "theta": [
        0.4401310980319977,
        1.2674729824066162,
        -0.982964277267456,
        0.027293920516967773,
        -0.8258509635925293
    ],
    "x": [
        0.07029809057712555,
        0.018615785986185074,
        0.6191081404685974,
        0.2507829964160919,
        0.4124203324317932,
        0.2641487419605255,
        0.5645062327384949,
        0.12135735154151917,
        0.18665094673633575,
        0.30293259024620056,
        0.2526412010192871,
        0.2808281481266022,
        0.0315655916929245,
        0.6443929076194763,
        -0.05437309294939041,
        0.767139732837677,
        0.15009649097919464,
        0.28596630692481995,
        0.7625717520713806,
        -0.46488985419273376,
        0.3757741153240204,
        0.012979673221707344,
        -0.3118595480918884,
        0.685655415058136,
        0.03877697139978409,
        0.34935685992240906,
        0.7120600342750549,
        -0.17178894579410553,
        0.13918092846870422,
        -0.08706021308898926,
        -0.31914517283439636,
        0.4779154062271118,
        -0.8763603568077087,
        0.1798994094133377,
        -0.18527133762836456,
        -0.4766528308391571,
        -0.7847757339477539,
        -0.1326448768377304,
        0.08934668451547623,
        -0.714185357093811,
        -0.3666748106479645,
        -7.011927604675293,
        -0.5858481526374817,
        -0.34858235716819763,
        -0.5698251128196716,
        -0.6561091542243958,
        -0.7797956466674805,
        -0.4933936595916748,
        -0.23367543518543243,
        0.5052523016929626,
        1.0988274812698364,
        -0.41702213883399963,
        0.033436793833971024,
        -0.9574543237686157,
        -0.9484182000160217,
        -1.1964993476867676,
        0.9628627896308899,
        0.920590877532959,
        -0.1593605875968933,
        -6.654251575469971,
        -0.28896841406822205,
        -0.35365915298461914,
        -1.2525761127471924,
        1.0033023357391357,
        0.8540825843811035,
        0.32138946652412415,
        0.41790154576301575,
        -0.5874643921852112,
        -0.7447865009307861,
        -0.7113175988197327,
        0.9666997790336609,
        0.5869061350822449,
        -0.0425235889852047,
        -0.15357832610607147,
        0.11713969707489014,
        -1.013096570968628,
        -1.4273755550384521,
        0.5572398900985718,
        0.9458214640617371,
        0.1310872584581375,
        -0.3632389307022095,
        0.09615333378314972,
        -1.1370655298233032,
        -1.2684651613235474,
        0.6040623188018799,
        1.3211703300476074,
        0.08317440003156662,
        0.05813772976398468,
        -0.4045946002006531,
        -0.45225632190704346,
        -0.9729307293891907,
        1.086540937423706,
        0.49403876066207886,
        0.5238231420516968,
        -0.47894927859306335,
        -1.4702337980270386,
        -0.15147894620895386,
        -0.38083240389823914
    ]
}