{
    "seed": 1000004,
    "theta": [
        0.7701533436775208,
        0.06379887461662292,
        -0.15596619248390198,
        -0.20389941334724426,
        -0.7115541100502014
    ],
    "x": [
        0.4572116732597351,
        0.12234331667423248,
        -0.6079245805740356,
        0.735016942024231,
        -0.1606130599975586,
        0.6411362290382385,
        -0.6651774048805237,
        -0.8247618079185486,
        -0.07801372557878494,
        -0.12186513841152191,
        -1.505893349647522,
        -0.06571163982152939,
        0.878941535949707,
        0.8143852353096008,
        0.21848084032535553,
        0.9877654314041138,
        2.7771198749542236,
        0.41846224665641785,
        0.9863812327384949,
        -0.04435409978032112,
        0.4334113895893097,
        -0.4893398582935333,
        0.9779908657073975,
        -0.48369309306144714,
        -0.45516034960746765,
        -0.02846483327448368,
        0.2830519676208496,
        0.2214793860912323,
        -0.3166795074939728,
        0.3898301422595978,
        -0.3797094523906708,
        -0.6944153904914856,
        -0.7833185195922852,
        -0.44802573323249817,
        -0.1540740728378296,
        0.023987889289855957,
        0.8126088380813599,
        -0.3171578347682953,
        -0.11796623468399048,
        -0.11835163086652756,
        -0.9314910173416138,
        0.9564148187637329,
        -0.15711823105812073,
        -0.17640934884548187,
        0.12883885204792023,
        -0.14025700092315674,
        0.2534624934196472,
        0.029990101233124733,
        0.17539434134960175,
        -0.3121032118797302,
        -0.1359187215566635,
        -0.06667415052652359,
        -0.6338351368904114,
        0.09365743398666382,
        -0.1712876856327057,
        0.47403478622436523,
        -0.1575734168291092,
        0.364359050989151,
        0.6694394946098328,
        -0.9235531091690063,
        0.17285828292369843,
        -7.465919494628906,
        -0.04008004814386368,
        -0.44457927346229553,
        -0.012277379631996155,
        0.3306225538253784,
        0.5656968951225281,
        -0.3257521688938141,
        0.019699029624462128,
        0.0500161349773407,
        -0.043411169201135635,
        0.217463880777359,
        0.5368607044219971,
        0.4137110114097595,
        0.3093651235103607,
        -0.4386557638645172,
        0.030062571167945862,
        0.4287536144256592,
        0.2662303149700165,
        0.15723225474357605,
        8.440900802612305,
        -0.7581901550292969,
        0.5218342542648315,
        0.16270968317985535,
        -0.1619136929512024,
        0.31096822023391724,
        -0.3026508390903473,
        0.025357799604535103,
        -0.5492433309555054,
        0.20281442999839783,
        -0.43451449275016785,
        -0.30881017446517944,
        -0.40075305104255676,
        -0.24719899892807007,
        0.535510241985321,
        0.3230447769165039,
        -0.6261754631996155,
        -0.05086781457066536
    ]
}