{
    "seed": 1000001,
    "theta": [
        0.46913620829582214,
        0.3260326683521271,
        -0.22060948610305786,
        -0.6434421539306641,
        0.7147989273071289
    ],
    "x": [
        0.1115822121500969,
        0.6012809872627258,
        0.12399415671825409,
        0.5133963227272034,
        0.07103734463453293,
        0.1122470498085022,
        0.2115723192691803,
        -0.9145674109458923,
        -0.3941322863101959,
        -0.23711137473583221,
        -0.7334697246551514,
        -0.08323219418525696,
        0.4568956196308136,
        0.1621367633342743,
        0.8301181793212891,
        0.029060930013656616,
        0.2303914725780487,
        0.7414954900741577,
        0.984032928943634,
        -0.6389077305793762,
        -0.767517626285553,
        1.060050129890442,
        0.05496864765882492,
        0.4172651767730713,
        0.8025659918785095,
        0.33759164810180664,
        -0.2831944227218628,
        -0.8888724446296692,
        -0.23225830495357513,
        -0.3667997121810913,
        0.046248551458120346,
        0.013107901439070702,
        0.3481733500957489,
        -9.685088157653809,
        -0.1332527995109558,
        -0.015666743740439415,
        -0.34227126836776733,
        -0.21429255604743958,
        -0.5885341763496399,
        -0.3166685402393341,
        -0.2426876574754715,
        0.27604424953460693,
        -0.8769590258598328,
        0.0547606386244297,
        -0.4270452558994293,
        0.022980792447924614,
        -0.04312631115317345,
        0.24784214794635773,
        0.48195680975914,
        -0.3693845570087433,
        0.161514550447464,
        0.25115543603897095,
        0.09934848546981812,
        -0.6285803318023682,
        -0.4046836197376251,
        0.11485226452350616,
        0.09533482789993286,
        -0.199725940823555,
        0.639086902141571,
        -0.6492456197738647,
        -0.03375302627682686,
        -0.2090402990579605,
        -0.102872334420681,
        -0.08075033873319626,
        0.06415480375289917,
        -0.23388239741325378,
        -0.488234281539917,
        -0.18300572037696838,
        0.23784540593624115,
        0.02739339880645275,
        0.254395991563797,
        0.09650003910064697,
        -0.0576520599424839,
        0.6671750545501709,
        -0.3714676797389984,
        0.3705832362174988,
        -0.10940752923488617,
        -0.614177405834198,
        0.6649342775344849,
        0.3060767650604248,
        0.5549750924110413,
        0.5076515674591064,
        0.10288555175065994,
        -0.4233933091163635,
        0.005168656352907419,
        -0.20094451308250427,
        -0.12932106852531433,
        -0.035340189933776855,
        -0.4129052758216858,
        0.8459334373474121,
        -8.430216789245605,
        0.03801354020833969,
        0.12564131617546082,
        0.13981333374977112,
        0.19100652635097504,
        0.3493368327617645,
        0.23846404254436493,
        0.017819765955209732
    ]
}