{
    "seed": 1000009,
    "theta": [
        0.2187453955411911,
        -0.11903727054595947,
        -0.8344599008560181,
        -0.07871633768081665,
        -0.31832343339920044
    ],
    "x": [
        0.09152574837207794,
        -0.023139139637351036,
        0.5402793288230896,
        1.0044286251068115,
        -0.570709228515625,
        0.46313416957855225,
        0.5196173787117004,
        -0.8870640397071838,
        -0.406700998544693,
        0.5553744435310364,
        0.45391449332237244,
        0.40263670682907104,
        0.06794802844524384,
        0.006698560435324907,
        -1.9905953407287598,
        0.24600422382354736,
        0.1174427717924118,
        -0.25026682019233704,
        -0.6133813858032227,
        -0.7407047152519226,
        6.971373750275234e-06,
        -0.4366637170314789,
        0.2994748651981354,
        -0.21673381328582764,
        -0.10862372070550919,
        0.13870413601398468,
        -0.11421442031860352,
        -0.1555759608745575,
        0.12605102360248566,
        -0.2763661742210388,
        -0.48909085988998413,
        0.034676630049943924,
        -0.4932404160499573,
        -0.14901065826416016,
        0.25004059076309204,
        0.12735013663768768,
        -0.5777419805526733,
        0.164816215634346,
        -0.3378194272518158,
        0.5186372399330139,
        -0.2092253565788269,
        -0.5185151696205139,
        -0.27011874318122864,
        0.27972081303596497,
        0.011928475461900234,
        -0.16899852454662323,
        -0.7830659747123718,
        -0.40189188718795776,
        0.23132988810539246,
        -0.031098252162337303,
        0.004349639173597097,
        0.25560155510902405,
        -0.2677348852157593,
        -0.012603905983269215,
        -0.05532063916325569,
        -0.02079366333782673,
        0.39037951827049255,
        0.13679645955562592,
        0.17882201075553894,
        0.15089797973632812,
        -0.07634800672531128,
        -0.008506090380251408,
        -0.22461186349391937,
        0.6839351654052734,
        0.354232519865036,
        0.1074972078204155,
        -0.42014080286026,
        -0.016296688467264175,
        -0.19479703903198242,
        -0.812995970249176,
        -0.0373808890581131,
        -0.10883112996816635,
        0.6566746234893799,
        -0.02968495339155197,
        -0.056324899196624756,
        -0.029149256646633148,
        -0.30075308680534363,
        0.1621171236038208,
        0.019663967192173004,
        -0.0018296000780537724,
        0.09432798624038696,
        -0.5601112246513367,
        -0.038004860281944275,
        -0.19003787636756897,
        0.18863239884376526,
        0.32921943068504333,
        -0.6455381512641907,
        0.07864857465028763,
        -0.14439460635185242,
        -0.31275850534439087,
        -0.2725245952606201,
        0.010577065870165825,
        -0.13975094258785248,
        0.13150888681411743,
        -0.39031851291656494,
        0.1499091535806656,
        -0.3323371112346649,
        -0.28159666061401367
    ]
}