{
    "seed": 1000008,
    "theta": [
        -0.39101603627204895,
        0.520006537437439,
        -0.7568182945251465,
        -0.768286406993866,
        -0.27866122126579285
    ],
    "x": [
        0.38425999879837036,
        0.5218493342399597,
        -0.08839152753353119,
        -0.004968563094735146,
        -0.15328100323677063,
        -0.2952115833759308,
        0.1080009713768959,
        -0.03868154436349869,
        0.25268125534057617,
        0.34826117753982544,
        -0.10286960005760193,
        -0.1292508989572525,
        0.1525111347436905,
        0.4160401225090027,
        0.36280447244644165,
        0.7119767069816589,
        0.17404556274414062,
        0.0812407061457634,
        0.043753862380981445,
        0.025138644501566887,
        -4.17354154586792,
        -0.821237325668335,
        -0.1466699242591858,
        0.10357584059238434,
        -0.343072772026062,
        -0.5526872277259827,
        -0.3594544529914856,
        0.8496116995811462,
        0.5342774987220764,
        0.09446217119693756,
        0.7440367341041565,
        -0.1771833300590515,
        -0.21865807473659515,
        0.2264252007007599,
        -0.3860906660556793,
        0.33099865913391113,
        -0.07828208804130554,
        0.054976265877485275,
        -0.25302332639694214,
        -0.36707887053489685,
        -0.14283905923366547,
        0.11285857856273651,
        -0.21325519680976868,
        -0.157856747508049,
        -0.1961572766304016,
        -0.09861806780099869,
        -0.048271678388118744,
        0.6481373310089111,
        0.09985267370939255,
        0.28684937953948975,
        0.37515705823898315,
        -0.4201129972934723,
        0.33650681376457214,
        7.901585578918457,
        -0.3179095685482025,
        -0.6576160788536072,
        -0.1486455351114273,
        1.1583307981491089,
        -0.4582314193248749,
        0.5494328141212463,
        -0.15571032464504242,
        0.2531959116458893,
        -0.5632292032241821,
        0.6214823126792908,
        0.5244213938713074,
        0.0435960590839386,
        0.481020987033844,
        -0.027064228430390358,
        -0.8785374760627747,
        -0.059211067855358124,
        0.2930993139743805,
        -0.27564936876296997,
        0.36699122190475464,
        0.7873537540435791,
        0.09773015975952148,
        -0.3449351191520691,
        -0.4125390648841858,
        0.5608310103416443,
        0.3129485249519348,
        0.42395758628845215,
        0.3041965961456299,
        -0.18699978291988373,
        -0.31709423661231995,
        -0.020192820578813553,
        0.337022602558136,
        0.2868863642215729,
        0.5700559020042419,
        0.1318170130252838,
        0.060083597898483276,
        -0.30514025688171387,
        -0.7065290212631226,
        -0.00512385880574584,
        0.4895004332065582,
        1.0971757173538208,
        -0.030799292027950287,
        0.2882343530654907,
        -0.055792998522520065,
        -0.5015745162963867
    ]
}