{
    "seed": 1000005,
    "theta": [
        -0.1571984738111496,
        0.5306896567344666,
        0.23484671115875244,
        0.32619380950927734,
        -0.4472910463809967
    ],
    "x": [
        0.3382975459098816,
        0.29824838042259216,
        -0.23071739077568054,
        -0.7157971858978271,
        -0.7843533158302307,
        0.3214510977268219,
        0.01698179729282856,
        -0.3915861248970032,
        0.9357208013534546,
        -0.267364501953125,
        -0.39177456498146057,
        -0.9845090508460999,
        -0.37033459544181824,
        -0.04822615906596184,
        -1.0175673961639404,
        0.5477563142776489,
        -0.712602972984314,
        0.6634088754653931,
        0.13705101609230042,
        0.29910507798194885,
        1.087988257408142,
        -0.43546658754348755,
        -0.48415055871009827,
        -0.2523755729198456,
        0.3745427131652832,
        0.296033650636673,
        0.08810320496559143,
        -0.3239472210407257,
        0.5537265539169312,
        0.35356655716896057,
        0.32200226187705994,
        -0.8103381991386414,
        0.10268811136484146,
        0.1914476752281189,
        0.42903411388397217,
        -9.360305786132812,
        0.28658604621887207,
        0.6531908512115479,
        0.00010793122055474669,
        0.13036413490772247,
        0.11507057398557663,
        -0.3698503077030182,
        0.2148696929216385,
        0.3931374251842499,
        0.3440079689025879,
        0.42515042424201965,
        0.36732128262519836,
        -0.28366196155548096,
        0.21240270137786865,
        -0.008723416365683079,
        -0.20348501205444336,
        1.5489968061447144,
        -0.7148370742797852,
        0.24429500102996826,
        0.43138614296913147,
        -4.887210845947266,
        -0.7438610792160034,
        -0.007876516319811344,
        -0.23398634791374207,
        0.75164794921875,
        -0.5867077708244324,
        0.3114430010318756,
        0.23761478066444397,
        -0.3340715169906616,
        -0.803763747215271,
        -0.09598288685083389,
        0.3919585049152374,
        0.09210767596960068,
        0.605783998966217,
        -0.126076340675354,
        -0.32654669880867004,
        1.8693844079971313,
        -0.33145278692245483,
        -3.1587865352630615,
        0.2944556474685669,
        0.23218588531017303,
        0.48096928000450134,
        -0.4465005099773407,
        0.2292020469903946,
        -0.34340766072273254,
        -1.0911308526992798,
        -0.3076419532299042,
        0.6497880816459656,
        0.024337049573659897,
        -0.45188960433006287,
        -0.13604749739170074,
        0.27675414085388184,
        -0.09466695785522461,
        0.23394228518009186,
        0.32557252049446106,
        0.022645706310868263,
        -0.3832140564918518,
        -0.3630205988883972,
        0.0070217568427324295,
        0.40883705019950867,
        -0.9522964358329773,
        0.44549909234046936,
        0.5216184258460999
    ]
}