{
    "seed": 1000002,
    "theta": [
        0.6213907599449158,
        0.30579307675361633,
        0.5297368764877319,
        0.5606536269187927
    ],
    "x": [
        0.8567116856575012,
        0.8706806302070618,
        0.9596328735351562,
        0.9119388461112976,
        0.8858940005302429,
        0.7678857445716858,
        0.7639027833938599,
        0.623009979724884,
        0.6426493525505066,
        0.6695168614387512,
        0.5785209536552429,
        0.5083541870117188,
        0.5096760988235474,
        0.5759986639022827,
        0.5774639248847961,
        0.48447227478027344,
        0.5512307286262512,
        0.48214390873908997,
        0.533044695854187,
        0.4984518587589264,
        0.544321596622467,
        0.5921610593795776,
        0.3924392759799957,
        0.44908827543258667,
        0.45193201303482056,
        0.39499613642692566,
        0.602411150932312,
        0.2751121520996094,
        0.43224844336509705,
        0.41408219933509827,
        0.40995585918426514,
        0.5728095769882202,
        0.4755822420120239,
        0.39708468317985535,
        0.4810139834880829,
        0.5236824154853821,
        0.4128798246383667,
        0.5046321749687195,
        0.5216662287712097,
        0.4877980649471283,
        0.5069382786750793,
        0.5560086369514465,
        0.4371933043003082,
        0.45269444584846497,
        0.3469533324241638,
        0.411843478679657,
        0.34850895404815674,
        0.44985172152519226,
        0.5048198699951172,
        0.37997257709503174,
        0.3062019348144531,
        0.26347288489341736,
        0.43180784583091736,
        0.3089340329170227,
        0.3452836275100708,
        0.342327743768692,
        0.46863695979118347,
        0.45072707533836365,
        0.5029477477073669,
        0.47141826152801514,
        0.48772189021110535,
        0.5706826448440552,
        0.34239768981933594,
        0.5402291417121887,
        0.419015109539032,
        0.33030688762664795,
        0.48728814721107483,
        0.3432673215866089,
        0.39640554785728455,
        0.509041965007782,
        0.48803722858428955,
        0.5255878567695618,
        0.47290533781051636,
        0.43292465806007385,
        0.34544485807418823,
        0.4861808717250824,
        0.36881574988365173,
        0.37289607524871826,
        0.543927788734436,
        0.4309430420398712,
        0.3918585479259491,
        0.3955584168434143,
        0.5066636204719543,
        0.4016585052013397,
        0.42678388953208923,
        0.4939561188220978,
        0.518872857093811,
        0.5344464778900146,
        0.5113791227340698,
        0.6121392846107483,
        0.5724535584449768,
        0.49712321162223816,
        0.49452272057533264,
        0.3027908205986023,
        0.5621585845947266,
        0.5070480108261108,
        0.6156360507011414,
        0.6370466947555542,
        0.5999483466148376,
        0.6005616784095764,
        0.6987419128417969
    ]
}