{
    "seed": 1000000,
    "theta": [
        0.6499837040901184,
        0.32577764987945557,
        0.5181147456169128,
        0.5571966767311096
    ],
    "x": [
        0.9366043210029602,
        1.028924584388733,
        0.9310498833656311,
        0.919219434261322,
        0.731787383556366,
        0.35391438007354736,
        0.8155401945114136,
        0.7214739322662354,
        0.79835444688797,
        0.42862218618392944,
        0.618817925453186,
        0.5950444340705872,
        0.6011220216751099,
        0.42040786147117615,
        0.4060368835926056,
        0.45485496520996094,
        0.4170342683792114,
        0.420821875333786,
        0.4359138607978821,
        0.35481885075569153,
        0.4774459898471832,
        0.2545715272426605,
        0.5186350345611572,
        0.504413366317749,
        0.37701594829559326,
        0.4167770445346832,
        0.3868282437324524,
        0.4672549068927765,
        0.47239023447036743,
        0.45331674814224243,
        0.504766583442688,
        0.46393507719039917,
        0.2885085940361023,
        0.34324774146080017,
        0.4412788450717926,
        0.35025647282600403,
        0.3075852692127228,
        0.4792523682117462,
        0.5035665035247803,
        0.5157844424247742,
        0.4879717528820038,
        0.4876457154750824,
        0.3807334899902344,
        0.37444278597831726,
        0.3593583405017853,
        0.432324081659317,
        0.5429129004478455,
        0.4918380677700043,
        0.5021564364433289,
        0.47990596294403076,
        0.5813198089599609,
        0.34492048621177673,
        0.5314223170280457,
        0.4575744569301605,
        0.4213288724422455,
        0.40743687748908997,
        0.5103620886802673,
        0.47644156217575073,
        0.33174362778663635,
        0.5330817103385925,
        0.4490961730480194,
        0.45436376333236694,
        0.4341874420642853,
        0.21170425415039062,
        0.5334388613700867,
        0.2961110472679138,
        0.3860529661178589,
        0.4434361755847931,
        0.38048553466796875,
        0.4896869659423828,
        0.4412726163864136,
        0.49512240290641785,
        0.41012293100357056,
        0.42898571491241455,
        0.46113699674606323,
        0.41177889704704285,
        0.4802261292934418,
        0.4364570677280426,
        0.45471394062042236,
        0.47240766882896423,
        0.28517037630081177,
        0.5320008397102356,
        0.47733548283576965,
        0.5705973505973816,
        0.23988519608974457,
        0.3971877992153168,
        0.477011114358902,
        0.459552139043808,
        0.4905765652656555,
        0.5009076595306396,
        0.5352714657783508,
        0.5437801480293274,
        0.5075748562812805,
        0.4801378846168518,
        0.5852900147438049,
        0.5782802700996399,
        0.623247504234314,
        0.5867047905921936,
        0.6597846746444702,
        0.7139944434165955,
        0.780264675617218
    ]
}