{
    "seed": 1000008,
    "theta": [
        0.6527551412582397,
        0.40247881412506104,
        0.5104008316993713,
        0.5538853406906128
    ],
    "x": [
        0.8338490724563599,
        0.9274910092353821,
        0.8190419673919678,
        0.789172887802124,
        0.7036600708961487,
        0.7331722378730774,
        0.751180112361908,
        0.7150396704673767,
        0.6449698209762573,
        0.658706784248352,
        0.7160278558731079,
        0.5905695557594299,
        0.6685137152671814,
        0.5625268220901489,
        0.5939804315567017,
        0.5834861993789673,
        0.4522135555744171,
        0.5030957460403442,
        0.6358746886253357,
        0.3682871460914612,
        0.48273059725761414,
        0.5139190554618835,
        0.46910157799720764,
        0.4740959107875824,
        0.5588092803955078,
        0.396218866109848,
        0.45611318945884705,
        0.5195426940917969,
        0.48304176330566406,
        0.3787856996059418,
        0.16706110537052155,
        0.5647393465042114,
        0.5430076718330383,
        0.14491373300552368,
        0.4025637209415436,
        0.540209949016571,
        0.4548807740211487,
        0.23646774888038635,
        0.4701296389102936,
        0.48151078820228577,
        0.52482670545578,
        0.3767338991165161,
        0.542397677898407,
        0.487689346075058,
        0.5176050662994385,
        0.4506613314151764,
        0.4952140748500824,
        0.39890480041503906,
        0.39338862895965576,
        0.24070535600185394,
        0.4728200137615204,
        0.3853791654109955,
        0.3332061767578125,
        0.5033276677131653,
        0.4481750428676605,
        0.4408968687057495,
        0.5790255069732666,
        0.4493546783924103,
        0.5010907649993896,
        0.4139813780784607,
        0.15968754887580872,
        0.1285914033651352,
        0.41256409883499146,
        0.39276403188705444,
        0.5456282496452332,
        0.4911080598831177,
        0.4466962218284607,
        0.5271636843681335,
        0.44334742426872253,
        0.3937358856201172,
        0.5064454674720764,
        0.5418899655342102,
        0.46553879976272583,
        0.5192314386367798,
        0.34443411231040955,
        0.46808674931526184,
        0.45158514380455017,
        0.38711053133010864,
        0.5240243077278137,
        0.4882153868675232,
        0.5062965154647827,
        0.5155345797538757,
        0.49446818232536316,
        0.5034553408622742,
        0.3683536648750305,
        0.5251327753067017,
        0.5855735540390015,
        0.4667409360408783,
        0.46338221430778503,
        0.5339009761810303,
        0.4820639193058014,
        0.5478395819664001,
        0.5593212246894836,
        0.4888332486152649,
        0.5682569146156311,
        0.6223893761634827,
        0.5128929018974304,
        0.5561507940292358,
        0.5932338833808899,
        0.6220994591712952,
        0.516534149646759
    ]
}