{
    "seed": 1000003,
    "theta": [
        0.6391158699989319,
        0.3104112148284912,
        0.5803161859512329,
        0.6002591252326965
    ],
    "x": [
        0.7991544008255005,
        0.8956546783447266,
        1.015754222869873,
        0.9358272552490234,
        0.805984377861023,
        0.623083770275116,
        0.7177507877349854,
        0.8491602540016174,
        0.7498087286949158,
        0.45169562101364136,
        0.5393847227096558,
        0.5666058659553528,
        0.5382345914840698,
        0.3780040740966797,
        0.4644552767276764,
        0.39034169912338257,
        0.4325224459171295,
        0.49725696444511414,
        0.47842076420783997,
        0.4562891721725464,
        0.5355363488197327,
        0.4477849304676056,
        0.485662579536438,
        0.4403742551803589,
        0.4969291687011719,
        0.3411268889904022,
        0.4984551668167114,
        0.39414241909980774,
        0.4671526551246643,
        0.5411267876625061,
        0.5680209994316101,
        0.5623345971107483,
        0.5040501952171326,
        0.4700429141521454,
        0.4164230227470398,
        0.5054098963737488,
        0.5501434206962585,
        0.4988446533679962,
        0.4911000430583954,
        0.5404104590415955,
        0.4915156066417694,
        0.42636680603027344,
        0.4715225100517273,
        0.07279230654239655,
        0.43536731600761414,
        0.4585915803909302,
        0.44341596961021423,
        0.25083109736442566,
        0.5681102871894836,
        0.42945021390914917,
        0.34266775846481323,
        0.2720497250556946,
        0.2720109224319458,
        0.42940622568130493,
        0.45645445585250854,
        0.36875560879707336,
        0.41775575280189514,
        0.4003768861293793,
        0.442614883184433,
        0.3988949954509735,
        0.4325513243675232,
        0.5323445796966553,
        0.49702757596969604,
        0.31177470088005066,
        0.33898746967315674,
        0.5387929081916809,
        0.3521069884300232,
        0.4690888822078705,
        0.4136199951171875,
        0.2903035581111908,
        0.4365858733654022,
        0.3413808047771454,
        0.36811956763267517,
        0.4369606077671051,
        0.4254182279109955,
        0.5034627318382263,
        0.5580890774726868,
        0.18411916494369507,
        0.44166743755340576,
        0.32633131742477417,
        0.15614548325538635,
        0.20487314462661743,
        0.40528208017349243,
        0.4645867645740509,
        0.5032787322998047,
        0.5402973294258118,
        0.442147821187973,
        0.3889450132846832,
        0.4639475643634796,
        0.2005012482404709,
        0.47515004873275757,
        0.42409324645996094,
        0.43838056921958923,
        0.3258017301559448,
        0.39930662512779236,
        0.5406084656715393,
        0.4053914248943329,
        0.43696707487106323,
        0.5739186406135559,
        0.48576685786247253,
        0.6172114014625549
    ]
}