{
    "seed": 1000010,
    "theta": [
        0.691362738609314,
        0.3343402147293091,
        0.4701572358608246,
        0.4730057716369629
    ],
    "x": [
        0.919427216053009,
        0.8314046263694763,
        0.7507933378219604,
        0.9176241755485535,
        0.8168998956680298,
        0.8122586607933044,
        0.7052372097969055,
        0.49560776352882385,
        0.6705247163772583,
        0.5205821990966797,
        0.571524441242218,
        0.5684580206871033,
        0.6592877507209778,
        0.37154310941696167,
        0.41524478793144226,
        0.33536428213119507,
        0.25314393639564514,
        0.4923802614212036,
        0.449712872505188,
        0.30759239196777344,
        0.49749818444252014,
        0.535399854183197,
        0.4789988100528717,
        0.49009042978286743,
        0.38927000761032104,
        0.5082140564918518,
        0.4107181429862976,
        0.445138543844223,
        0.39135462045669556,
        0.4716082215309143,
        0.3737049102783203,
        0.31466686725616455,
        0.41623610258102417,
        0.12567469477653503,
        0.4429219663143158,
        0.46855977177619934,
        0.416705459356308,
        0.07950185239315033,
        0.42791926860809326,
        0.4072374999523163,
        0.5805946588516235,
        0.4993368685245514,
        0.4318496584892273,
        0.4508013427257538,
        0.39136645197868347,
        0.47217151522636414,
        0.4838162660598755,
        0.4465393126010895,
        0.49493521451950073,
        0.26840081810951233,
        0.4391830563545227,
        0.5638120174407959,
        0.2196376770734787,
        0.4055442810058594,
        0.28124645352363586,
        0.19343312084674835,
        0.27633145451545715,
        0.5219322443008423,
        0.3485092222690582,
        0.5145747065544128,
        0.4158911406993866,
        0.36962154507637024,
        0.434378445148468,
        0.4865526854991913,
        0.3494604825973511,
        0.5201629400253296,
        0.3712526857852936,
        0.45498961210250854,
        0.42487895488739014,
        0.42166024446487427,
        0.3970821499824524,
        0.38817062973976135,
        0.4552949368953705,
        0.35061758756637573,
        0.4646378755569458,
        0.44656434655189514,
        0.4183005094528198,
        0.4194127321243286,
        0.44001248478889465,
        0.41052600741386414,
        0.36254093050956726,
        0.5215592980384827,
        0.4892387390136719,
        0.4988144040107727,
        0.5091801881790161,
        0.32785236835479736,
        0.37573179602622986,
        0.4952239990234375,
        0.48015785217285156,
        0.4847755432128906,
        0.46191278100013733,
        0.4819100797176361,
        0.3139878511428833,
        0.3854338228702545,
        0.4772071838378906,
        0.24165929853916168,
        0.5276947021484375,
        0.41129201650619507,
        0.5006435513496399,
        0.46047911047935486,
        0.5451050996780396
    ]
}