{
    "seed": 1000012,
    "theta": [
        0.6395010352134705,
        0.44544094800949097,
        0.4298219084739685,
        0.5406246185302734
    ],
    "x": [
        0.9968540072441101,
        1.014339566230774,
        1.0319892168045044,
        0.9097193479537964,
        0.8610150814056396,
        0.8272257447242737,
        0.8120020627975464,
        0.534405529499054,
        0.7200515866279602,
        0.5833331942558289,
        0.26990318298339844,
        0.5418014526367188,
        0.6561812162399292,
        0.5818923711776733,
        0.318746954202652,
        0.5232914090156555,
        0.48784664273262024,
        0.5037224888801575,
        0.525830864906311,
        0.5046451687812805,
        0.5113939642906189,
        0.46873119473457336,
        0.48068568110466003,
        0.4730594754219055,
        0.45200780034065247,
        0.49086442589759827,
        0.4992108643054962,
        0.3580804169178009,
        0.3619679808616638,
        0.43112805485725403,
        0.4465904235839844,
        0.17857997119426727,
        0.3946116268634796,
        0.49241918325424194,
        0.558053195476532,
        0.3845309019088745,
        0.44931742548942566,
        0.4753156006336212,
        0.525130569934845,
        0.27473780512809753,
        0.5545445680618286,
        0.31940510869026184,
        0.41943246126174927,
        0.4833272397518158,
        0.47904205322265625,
        0.4250648617744446,
        0.3568502962589264,
        0.45852723717689514,
        0.5276860594749451,
        0.42933782935142517,
        0.5121827721595764,
        0.45058363676071167,
        0.30441638827323914,
        0.4707499146461487,
        0.2619197964668274,
        0.4812367856502533,
        0.4319958984851837,
        0.518899142742157,
        0.3647677004337311,
        0.36194178462028503,
        0.46474647521972656,
        0.49755972623825073,
        0.31224504113197327,
        0.5484420657157898,
        0.36751964688301086,
        0.42758750915527344,
        0.4721425473690033,
        0.46857503056526184,
        0.40423712134361267,
        0.416125625371933,
        0.3202667236328125,
        0.5352133512496948,
        0.2972380220890045,
        0.07528813928365707,
        0.4899238646030426,
        0.32300034165382385,
        0.5816547274589539,
        0.46311086416244507,
        0.5047199130058289,
        0.3677806854248047,
        0.47583797574043274,
        0.4897294342517853,
        0.41595980525016785,
        0.4389127194881439,
        0.296554833650589,
        0.44608789682388306,
        0.3938344419002533,
        0.4790917634963989,
        0.5589916110038757,
        0.3390743136405945,
        0.4780096709728241,
        0.5289319157600403,
        0.513411819934845,
        0.3936333954334259,
        0.5771401524543762,
        0.5517385005950928,
        0.3519369661808014,
        0.6249963045120239,
        0.5036296844482422,
        0.6594398617744446,
        0.7440869808197021
    ]
}