{
    "seed": 1000009,
    "theta": [
        0.6133506894111633,
        0.41516822576522827,
        0.5143027901649475,
        0.5389967560768127
    ],
    "x": [
        0.9350231289863586,
        0.932189404964447,
        0.9301128387451172,
        0.8322303891181946,
        0.739641547203064,
        0.8924654722213745,
        0.8022629022598267,
        0.7630770206451416,
        0.7104479670524597,
        0.6961789727210999,
        0.6974430084228516,
        0.5743293762207031,
        0.7015267610549927,
        0.7006557583808899,
        0.692516565322876,
        0.5786603093147278,
        0.41594162583351135,
        0.6019408106803894,
        0.6150604486465454,
        0.589612603187561,
        0.2555370330810547,
        0.2398052215576172,
        0.5582630038261414,
        0.44013074040412903,
        0.5012009739875793,
        0.5613694787025452,
        0.46688780188560486,
        0.524579644203186,
        0.566234827041626,
        0.4917171597480774,
        0.39268481731414795,
        0.5389530062675476,
        0.41132277250289917,
        0.4440712034702301,
        0.5111466646194458,
        0.4242416322231293,
        0.3744339048862457,
        0.2691660523414612,
        0.4511183500289917,
        0.5158147215843201,
        0.6172885894775391,
        0.5444049835205078,
        0.5006629824638367,
        0.4858047366142273,
        0.48174095153808594,
        0.4147714078426361,
        0.43869882822036743,
        0.09347661584615707,
        0.4673880338668823,
        0.5164172053337097,
        0.5084612369537354,
        0.30183741450309753,
        0.5751368403434753,
        0.5658805966377258,
        0.4747943878173828,
        0.469497948884964,
        0.41736629605293274,
        0.5428532958030701,
        0.41414642333984375,
        0.4083859622478485,
        0.3826254606246948,
        0.36761119961738586,
        0.5157540440559387,
        0.45211106538772583,
        0.41973596811294556,
        0.3970657289028168,
        0.5099828243255615,
        0.39402973651885986,
        0.38788020610809326,
        0.4701653718948364,
        0.5083389282226562,
        0.4976440370082855,
        0.4182182252407074,
        0.5107936859130859,
        0.501392126083374,
        0.4922068417072296,
        0.5529224276542664,
        0.45121243596076965,
        0.2376754730939865,
        0.45011699199676514,
        0.44285252690315247,
        0.5423368811607361,
        0.5032541751861572,
        0.5600279569625854,
        0.14144083857536316,
        0.5208085179328918,
        0.6222577691078186,
        0.5690139532089233,
        0.5292611718177795,
        0.5819562077522278,
        0.5770136713981628,
        0.6241275668144226,
        0.6129843592643738,
        0.4056563079357147,
        0.6396570801734924,
        0.617199718952179,
        0.6631762385368347,
        0.6915276646614075,
        0.686665952205658,
        0.7193033695220947,
        0.7923928499221802
    ]
}