{
    "seed": 1000003,
    "theta": [
        -0.026140904054045677,
        -0.29246318340301514
    ],
    "x": [
        1.8935235738754272,
        1.1289480924606323,
        0.637636661529541,
        0.3368353247642517,
        -0.025731148198246956,
        -0.3832879960536957,
        -0.47380775213241577,
        -0.5373814105987549,
        -0.6101422905921936,
        -0.682541012763977,
        -0.7628605961799622,
        -0.8137421607971191,
        -0.8588241338729858,
        -0.8585390448570251,
        -0.8822793364524841,
        -0.9261770844459534,
        -0.9703452587127686,
        -0.9920613169670105,
        -0.9975272417068481,
        -1.0683567523956299,
        -1.1318498849868774,
        -1.1920557022094727,
        -1.2096636295318604,
        -1.2384209632873535,
        -1.179587483406067
    ]
}