{
    "seed": 1000009,
    "theta": [
        0.06688059866428375,
        -0.10987569391727448
    ],
    "x": [
        1.8935235738754272,
        1.2346841096878052,
        0.6991769671440125,
        0.30510449409484863,
        0.07126801460981369,
        -0.2535805106163025,
        -0.34832125902175903,
        -0.4033716320991516,
        -0.5301003456115723,
        -0.691418468952179,
        -0.6945019960403442,
        -0.643342912197113,
        -0.7486962080001831,
        -0.7430924773216248,
        -0.726350724697113,
        -0.8510278463363647,
        -0.8852599263191223,
        -0.9866586327552795,
        -1.0837739706039429,
        -0.9186966419219971,
        -0.8582243919372559,
        -0.985292375087738,
        -1.0529476404190063,
        -0.9880475997924805,
        -1.0561749935150146
    ]
}