{
    "seed": 1000008,
    "theta": [
        0.3860068619251251,
        -0.20806291699409485
    ],
    "x": [
        1.8935235738754272,
        1.0316754579544067,
        0.39957618713378906,
        -0.0426347516477108,
        -0.33649253845214844,
        -0.7032502889633179,
        -0.8476328253746033,
        -0.9179153442382812,
        -0.9983640909194946,
        -0.9999592304229736,
        -1.0408751964569092,
        -1.0178130865097046,
        -1.023131251335144,
        -1.1313982009887695,
        -1.1072155237197876,
        -1.1337614059448242,
        -1.1850227117538452,
        -1.1256238222122192,
        -1.0624884366989136,
        -1.017375111579895,
        -0.9844571948051453,
        -1.037150502204895,
        -1.2340762615203857,
        -1.2141271829605103,
        -1.3255125284194946
    ]
}