{
    "seed": 1000010,
    "theta": [
        -0.1779317706823349,
        -0.4786749482154846
    ],
    "x": [
        1.8935235738754272,
        1.2780402898788452,
        0.8380075097084045,
        0.42641186714172363,
        0.17847490310668945,
        -0.15177014470100403,
        -0.40834352374076843,
        -0.6681086421012878,
        -0.8174689412117004,
        -0.9179987907409668,
        -1.027161717414856,
        -1.0975604057312012,
        -1.1966066360473633,
        -1.2554155588150024,
        -1.260071873664856,
        -1.2116678953170776,
        -1.2407656908035278,
        -1.3645211458206177,
        -1.3538011312484741,
        -1.442673921585083,
        -1.4156968593597412,
        -1.4837193489074707,
        -1.5130789279937744,
        -1.4518548250198364,
        -1.373011589050293
    ]
}