{
    "seed": 1000005,
    "theta": [
        -0.2578836679458618,
        -0.8446860313415527
    ],
    "x": [
        1.8935235738754272,
        1.4241760969161987,
        1.0682836771011353,
        0.6675674915313721,
        0.4037497043609619,
        0.15631204843521118,
        0.015277577564120293,
        -0.19239605963230133,
        -0.3197776675224304,
        -0.5390496253967285,
        -0.7721658945083618,
        -0.8257529139518738,
        -0.9205219745635986,
        -1.0263794660568237,
        -1.1338030099868774,
        -1.2337923049926758,
        -1.3129528760910034,
        -1.2872896194458008,
        -1.3239049911499023,
        -1.3276770114898682,
        -1.3089326620101929,
        -1.2449361085891724,
        -1.161992073059082,
        -1.233168363571167,
        -1.2928935289382935
    ]
}