{
    "seed": 1000003,
    "theta": [
        -0.17069825530052185,
        -0.17974241077899933,
        0.012099254876375198,
        0.31326401233673096,
        -0.09634888172149658,
        0.21775372326374054,
        -0.3641446828842163,
        -0.09099143743515015,
        -0.38913673162460327,
        -0.4434392750263214,
        0.5024597644805908,
        0.052964091300964355,
        0.2304089218378067,
        -0.011095196008682251,
        -0.06058412790298462,
        0.3557283282279968,
        0.14797420799732208,
        0.35373082756996155,
        -0.07104712724685669,
        -0.12207242846488953
    ],
    "x": [
        0.2097131609916687,
        -0.06546939164400101,
        0.46543213725090027,
        0.44038766622543335,
        0.290490061044693,
        0.35885417461395264,
        -0.2087297886610031,
        0.19419506192207336,
        -0.43394529819488525,
        -1.0401015281677246,
        0.3713940978050232,
        0.6983397603034973,
        0.626571536064148,
        0.18477751314640045,
        -0.35830435156822205,
        0.5406274199485779,
        0.23599597811698914,
        0.5502999424934387,
        0.1928623914718628,
        -0.17023983597755432
    ]
}