{
    "seed": 1000000,
    "theta": [
        -0.3305739760398865,
        -0.24570763111114502,
        -0.0672437772154808,
        0.21814638376235962,
        -0.000506281852722168,
        0.25006696581840515,
        -0.24296313524246216,
        -0.14147871732711792,
        -0.4943828880786896,
        -0.45824098587036133,
        0.3994302451610565,
        0.061160214245319366,
        0.2737599313259125,
        -0.06213020160794258,
        -0.23902833461761475,
        0.3853384852409363,
        0.0831487625837326,
        0.33931270241737366,
        0.15027374029159546,
        0.1256854236125946
    ],
    "x": [
        -0.4247111976146698,
        -0.18476398289203644,
        -0.12090365588665009,
        -0.0488743782043457,
        -0.28180328011512756,
        0.413208931684494,
        -0.5400215983390808,
        -0.5772279500961304,
        -0.8162620663642883,
        -0.9114601612091064,
        0.4076148569583893,
        0.4735865890979767,
        0.2388865202665329,
        -0.14776700735092163,
        -0.5637280344963074,
        0.3643975257873535,
        -0.4795057773590088,
        0.13845565915107727,
        0.20689991116523743,
        -0.06242261826992035
    ]
}