{
    "seed": 1000001,
    "theta": [
        -0.13525615632534027,
        -0.29880255460739136,
        -0.031744807958602905,
        0.12657666206359863,
        -0.07130862772464752,
        0.3129885792732239,
        -0.24945220351219177,
        -0.05723808705806732,
        -0.41657209396362305,
        -0.3691750168800354,
        0.44714611768722534,
        0.1764499992132187,
        0.2939784824848175,
        -0.03733072429895401,
        -0.12008556723594666,
        0.3006434440612793,
        0.07775773108005524,
        0.2902769148349762,
        0.03354958817362785,
        0.06475390493869781
    ],
    "x": [
        -0.3610997200012207,
        -0.8118566274642944,
        0.10566480457782745,
        0.1848004013299942,
        0.001786455512046814,
        0.7409036159515381,
        -0.4508991241455078,
        0.14077581465244293,
        -0.28833794593811035,
        -0.7010034322738647,
        0.23696182668209076,
        0.8348636031150818,
        0.6689271330833435,
        -0.36774876713752747,
        0.4086150825023651,
        -0.14338427782058716,
        -0.1725272387266159,
        -0.02512967586517334,
        -0.26956120133399963,
        -0.23155246675014496
    ]
}