{
    "seed": 1000008,
    "theta": [
        -0.17205168306827545,
        -0.23800967633724213,
        0.040848858654499054,
        0.22367721796035767,
        -0.16570347547531128,
        0.3483365774154663,
        -0.32940399646759033,
        -0.11059682071208954,
        -0.37164032459259033,
        -0.5334204435348511,
        0.5069970488548279,
        0.11389440298080444,
        0.22807997465133667,
        -0.02882600575685501,
        -0.31407248973846436,
        0.2986324727535248,
        0.2006731629371643,
        0.3334643840789795,
        0.0421920008957386,
        -0.006199243478477001
    ],
    "x": [
        0.21259357035160065,
        -0.2796543836593628,
        -0.34737133979797363,
        0.010746315121650696,
        -0.20286674797534943,
        0.27044910192489624,
        -0.1389872282743454,
        0.13162091374397278,
        -0.6750497817993164,
        -1.0515785217285156,
        0.07484191656112671,
        0.3308725357055664,
        0.4805784523487091,
        0.0048181526362895966,
        -0.5957756042480469,
        0.9386380910873413,
        0.29103919863700867,
        0.47406262159347534,
        0.25904759764671326,
        0.04728015884757042
    ]
}