{
    "seed": 1000010,
    "theta": [
        -0.12328997254371643,
        -0.2704659700393677,
        -0.16027885675430298,
        -0.05464659631252289,
        0.34948182106018066,
        0.12683913111686707,
        0.06638147681951523,
        -0.4464453458786011,
        -0.12947125732898712,
        0.16135290265083313,
        0.3040470778942108,
        -0.23430383205413818,
        0.4762480854988098,
        -0.3923299312591553,
        -0.3187149167060852,
        0.06212959438562393,
        0.204452782869339,
        0.12604528665542603,
        -0.3055167496204376,
        0.24595239758491516
    ],
    "x": [
        -0.25708407163619995,
        -0.6243928670883179,
        -0.20802202820777893,
        -0.16328369081020355,
        0.7035620212554932,
        0.12106643617153168,
        0.062151920050382614,
        -0.3519604206085205,
        0.17729328572750092,
        0.8840917348861694,
        0.3914821445941925,
        0.1752384901046753,
        0.7633267641067505,
        -0.36843428015708923,
        -0.7366451621055603,
        0.05581597983837128,
        0.7944862842559814,
        0.1801641285419464,
        -0.1799282282590866,
        0.5764515399932861
    ]
}