{
    "seed": 1000002,
    "theta": [
        -0.12857761979103088,
        -0.29069799184799194,
        0.02490827813744545,
        0.2204311639070511,
        -0.04266400635242462,
        0.23309266567230225,
        -0.38137727975845337,
        -0.027532920241355896,
        -0.2901468873023987,
        -0.3313755393028259,
        0.4990110397338867,
        0.1782432198524475,
        0.24909132719039917,
        -0.08945305645465851,
        -0.274371862411499,
        0.3878299593925476,
        0.09746143966913223,
        0.35022085905075073,
        -0.18413986265659332,
        0.008971230126917362
    ],
    "x": [
        -0.09903669357299805,
        -0.37868714332580566,
        0.24974973499774933,
        0.16070805490016937,
        -0.33963626623153687,
        0.38779282569885254,
        -0.1579168438911438,
        -0.12861451506614685,
        -1.1250042915344238,
        -0.3454969823360443,
        0.6163271069526672,
        0.5076566934585571,
        0.5720872282981873,
        0.42074036598205566,
        -0.420955628156662,
        0.7943902015686035,
        -0.1313781440258026,
        0.4220709502696991,
        -0.374112069606781,
        0.270693302154541
    ]
}