{
    "seed": 1000005,
    "theta": [
        -0.22201041877269745,
        -0.31197836995124817,
        -0.25766679644584656,
        0.0466669462621212,
        0.24514144659042358,
        0.20855750143527985,
        0.12817570567131042,
        -0.3610459566116333,
        -0.16948533058166504,
        0.015363231301307678,
        0.2939392924308777,
        -0.2015513777732849,
        0.3330296277999878,
        -0.3360527753829956,
        -0.30743080377578735,
        -0.04839523881673813,
        0.19394870102405548,
        0.09454751759767532,
        -0.217866450548172,
        0.26991575956344604
    ],
    "x": [
        -0.11149594932794571,
        -0.6782039403915405,
        -0.17485129833221436,
        -0.27876633405685425,
        0.3992605209350586,
        0.07740195095539093,
        -0.0292816162109375,
        -0.0115337073802948,
        -0.3054168224334717,
        -0.12193186581134796,
        -0.01715448498725891,
        -0.82253497838974,
        0.34253302216529846,
        -0.5295729041099548,
        -0.3669700622558594,
        0.6286106705665588,
        0.2778262495994568,
        0.07191675901412964,
        -0.4081070125102997,
        0.06695842742919922
    ]
}