{
    "seed": 1000004,
    "theta": [
        0.02577175199985504,
        -0.2621743977069855,
        -0.15736445784568787,
        0.06192129850387573,
        0.3101785182952881,
        0.19218167662620544,
        0.03558117151260376,
        -0.5379300713539124,
        -0.17401698231697083,
        0.04372510686516762,
        0.2789292633533478,
        -0.13365457952022552,
        0.4389685392379761,
        -0.45414555072784424,
        -0.3715752959251404,
        -0.014079483225941658,
        0.29947227239608765,
        0.10289081186056137,
        -0.20634596049785614,
        0.41743311285972595
    ],
    "x": [
        -0.06936714053153992,
        -0.14510221779346466,
        0.006675243377685547,
        -0.1876356303691864,
        0.2848055362701416,
        0.3613708019256592,
        0.09237687289714813,
        -0.5713187456130981,
        -0.6615585088729858,
        0.42317819595336914,
        0.49948036670684814,
        -0.7931861281394958,
        0.3445972204208374,
        -0.7751834988594055,
        -0.3968925178050995,
        0.30656200647354126,
        0.15452423691749573,
        0.24226537346839905,
        -0.32271528244018555,
        0.2505754828453064
    ]
}