{
    "seed": 1000009,
    "theta": [
        0.029129788279533386,
        -0.3401365876197815,
        -0.2017342895269394,
        -0.03072165884077549,
        0.22008636593818665,
        0.18322139978408813,
        -0.0604986809194088,
        -0.43518921732902527,
        -0.11976265907287598,
        0.04962337762117386,
        0.3843855857849121,
        -0.2628506124019623,
        0.3238883316516876,
        -0.5065157413482666,
        -0.2912914752960205,
        0.011192131787538528,
        0.03697608411312103,
        0.19867855310440063,
        -0.1926993429660797,
        0.1912098228931427
    ],
    "x": [
        0.19212326407432556,
        -0.7171508073806763,
        -0.2981415092945099,
        -0.026410220190882683,
        -0.038743793964385986,
        0.28462016582489014,
        0.13351541757583618,
        0.19676151871681213,
        -0.49963581562042236,
        0.5145925283432007,
        0.35780590772628784,
        -0.11158536374568939,
        0.013884812593460083,
        -0.5376479029655457,
        -0.5297011733055115,
        -0.19001954793930054,
        0.15722131729125977,
        0.5344003438949585,
        -0.21086186170578003,
        0.2341284155845642
    ]
}