{
    "seed": 1000012,
    "theta": [
        -0.2449277639389038,
        -0.19939365983009338,
        0.08741611987352371,
        0.19476911425590515,
        -0.003179602324962616,
        0.2691079080104828,
        -0.21401822566986084,
        -0.16896238923072815,
        -0.3983170688152313,
        -0.5044090151786804,
        0.446963369846344,
        0.16920718550682068,
        0.20379363000392914,
        -0.17176295816898346,
        -0.17942790687084198,
        0.4235956072807312,
        0.19833579659461975,
        0.4592095911502838,
        -0.0033701620995998383,
        -0.052533432841300964
    ],
    "x": [
        0.12469542026519775,
        -0.45790866017341614,
        0.2901897430419922,
        -0.1056872010231018,
        0.1263967752456665,
        -0.03130844235420227,
        -0.48029839992523193,
        -0.2165748029947281,
        -0.9025825262069702,
        -0.23373368382453918,
        0.9821975827217102,
        0.4805372655391693,
        0.059003472328186035,
        0.4107133150100708,
        -0.07730596512556076,
        0.516659677028656,
        -0.3433665335178375,
        0.11513447761535645,
        0.10365040600299835,
        -0.13507837057113647
    ]
}