{
    "seed": 1000002,
    "theta": [
        -1.1844518184661865,
        -0.0314299613237381,
        0.5515415072441101,
        1.1321814060211182,
        -1.1994904279708862
    ],
    "x": [
        -0.12880630791187286,
        -0.3994033932685852,
        -0.6017048358917236,
        -0.6274517178535461,
        -0.5066022872924805,
        -0.3551446199417114,
        -0.7636051177978516,
        -0.014182660728693008,
        0.2648831307888031,
        -0.41652587056159973,
        -0.6066749095916748,
        -0.5280539393424988,
        -0.07356627285480499,
        -0.5458970665931702,
        -0.24640031158924103,
        0.7441153526306152,
        -0.02261924184858799,
        -0.5068551301956177,
        -0.15071511268615723,
        -0.17756199836730957,
        -0.1335260272026062,
        -0.1610001027584076,
        -0.397015780210495,
        0.06651171296834946,
        -0.261211097240448,
        -0.046942152082920074,
        0.3043965995311737,
        -0.25410860776901245,
        0.5126925706863403,
        -0.09017066657543182,
        0.40799859166145325,
        0.20598363876342773,
        -0.24835599958896637,
        0.05562299117445946,
        0.4375072419643402,
        -0.22382888197898865,
        0.33294564485549927,
        0.43850278854370117,
        1.045242190361023,
        0.009602545760571957,
        -0.03139414265751839,
        0.23614640533924103,
        -0.07564298808574677,
        0.9506049752235413,
        0.6294325590133667,
        0.8752074837684631,
        0.4214819669723511,
        0.8718309998512268,
        0.5032444596290588,
        -0.06640975177288055,
        0.5894747376441956,
        0.16743692755699158,
        0.2612323462963104,
        0.09299831837415695,
        0.34936848282814026,
        0.20937968790531158,
        -0.2074321210384369,
        -0.06029409542679787,
        -0.5357462763786316,
        -0.13841724395751953,
        1.0202476978302002,
        -0.08706124126911163,
        0.3193075358867645,
        -0.8367626070976257,
        -1.1286722421646118,
        -0.16722843050956726,
        0.8951258659362793,
        -0.25268617272377014,
        0.23132503032684326,
        1.1932436227798462,
        -0.747657060623169,
        0.056364428251981735,
        -0.2595520615577698,
        0.013735107146203518,
        0.9585124254226685,
        0.30888405442237854,
        0.6997700929641724,
        -1.147438406944275,
        -0.08518906682729721,
        -0.6576091647148132,
        -0.16687630116939545,
        0.22155871987342834,
        -0.03565163537859917,
        -0.030948499217629433,
        -0.15589801967144012,
        0.4356481432914734,
        -1.184583067893982,
        -0.0618978887796402,
        0.18631571531295776,
        0.17241176962852478,
        0.6543732285499573,
        -0.6642618775367737,
        -0.5106421113014221,
        -0.48670387268066406,
        -0.3954657018184662,
        0.6206271052360535,
        -0.2934386730194092,
        0.04419468343257904
    ]
}