{
    "seed": 1000001,
    "theta": [
        -1.2060787677764893,
        0.17457981407642365,
        0.34392455220222473,
        0.6715391874313354,
        -1.108566164970398
    ],
    "x": [
        -0.028799813240766525,
        -0.19513773918151855,
        -0.717969536781311,
        -0.28348246216773987,
        -0.37163376808166504,
        -0.34922415018081665,
        -0.3449837565422058,
        -0.17625878751277924,
        -0.3705028295516968,
        -0.4806901514530182,
        -0.911169707775116,
        -0.49635493755340576,
        -0.025660736486315727,
        -0.2850074768066406,
        0.4151313304901123,
        0.28950560092926025,
        0.14725038409233093,
        0.22915394604206085,
        0.4240342676639557,
        -0.6728922724723816,
        -0.6933246850967407,
        0.8019816875457764,
        0.04680071771144867,
        0.5269757509231567,
        0.5105641484260559,
        -0.04986467584967613,
        -0.2657928168773651,
        -0.6398211717605591,
        0.1135430559515953,
        -0.11725489050149918,
        0.30551186203956604,
        0.2884359061717987,
        0.5088059306144714,
        -9.685088157653809,
        -0.13371504843235016,
        0.3819027543067932,
        0.12115144729614258,
        0.1830040067434311,
        0.16772913932800293,
        0.3001804053783417,
        -0.044128380715847015,
        -0.1950850635766983,
        -0.14225071668624878,
        0.5683366656303406,
        0.28034794330596924,
        0.5271221399307251,
        0.686158299446106,
        0.5361299514770508,
        0.45409703254699707,
        -0.5127066969871521,
        -0.12869609892368317,
        0.346728652715683,
        0.10893551260232925,
        -0.5389530658721924,
        -0.15805046260356903,
        0.42663487792015076,
        -0.354633629322052,
        -0.2582395374774933,
        0.333093523979187,
        -0.3236580491065979,
        0.10318893939256668,
        0.01609613746404648,
        0.18443132936954498,
        -0.5053379535675049,
        -0.2865481674671173,
        -0.38282904028892517,
        -0.5803472995758057,
        -0.05616755783557892,
        0.5357547402381897,
        0.34640148282051086,
        -0.0005211189272813499,
        -0.13627779483795166,
        -0.37310177087783813,
        0.6069677472114563,
        -0.1992492526769638,
        0.6315100193023682,
        0.13469645380973816,
        -0.9807941317558289,
        0.4370206892490387,
        0.12716144323349,
        0.3456013798713684,
        0.8094612956047058,
        0.5602973103523254,
        -0.08247602730989456,
        -0.28144827485084534,
        -0.4210158586502075,
        -0.2485487312078476,
        -0.1749410480260849,
        -0.5296741724014282,
        0.9921419620513916,
        -8.430216789245605,
        -0.2721621096134186,
        -0.08637410402297974,
        0.04601510986685753,
        0.11784795671701431,
        -0.09515561908483505,
        0.4422394037246704,
        0.11551465094089508
    ]
}