{
    "seed": 1000008,
    "theta": [
        -1.3838342428207397,
        0.3385780155658722,
        0.1472577154636383,
        0.9475414156913757,
        -1.2297046184539795
    ],
    "x": [
        0.08832671493291855,
        0.10872578620910645,
        -0.543367862701416,
        -0.4869719445705414,
        -0.6443357467651367,
        -0.7013190388679504,
        -0.39042648673057556,
        0.07589633017778397,
        0.24984608590602875,
        0.05138099566102028,
        -0.435008704662323,
        -0.43450191617012024,
        -0.1673557460308075,
        -0.0248099472373724,
        0.16098980605602264,
        0.5220694541931152,
        0.0769314095377922,
        -0.11856086552143097,
        -0.16958071291446686,
        -0.18199847638607025,
        -4.17354154586792,
        -0.7372304797172546,
        -0.15071329474449158,
        0.22537021338939667,
        -0.2636403441429138,
        -0.426835834980011,
        -0.3006575405597687,
        0.6580036282539368,
        0.6447938084602356,
        0.28219088912010193,
        0.8359633088111877,
        0.0320558175444603,
        -0.04244339466094971,
        0.26238158345222473,
        -0.21622955799102783,
        0.6054695248603821,
        0.2150988131761551,
        0.37537628412246704,
        0.08598427474498749,
        -0.0667954832315445,
        -0.08134061843156815,
        -0.1590171903371811,
        0.2531418800354004,
        0.35828131437301636,
        0.31231334805488586,
        0.3827268183231354,
        0.5843728184700012,
        1.0869858264923096,
        0.23148880898952484,
        -0.059258829802274704,
        0.4957984685897827,
        -0.0088959326967597,
        0.3374595046043396,
        7.901585578918457,
        0.19042162597179413,
        -0.075080506503582,
        -1.0126150846481323,
        1.0875266790390015,
        -0.5204632878303528,
        0.6111520528793335,
        0.15688525140285492,
        0.8621380925178528,
        0.03982170671224594,
        -0.013509057462215424,
        -0.10809119045734406,
        -0.19124369323253632,
        0.5891468524932861,
        0.2329750657081604,
        -0.5053455233573914,
        0.667380690574646,
        -0.36502304673194885,
        -0.8811278343200684,
        0.08436372131109238,
        1.0039668083190918,
        0.4621063470840454,
        0.2059900015592575,
        0.21086986362934113,
        -0.016375381499528885,
        -0.12939241528511047,
        0.18263335525989532,
        0.2883618175983429,
        0.026422491297125816,
        0.3057064712047577,
        0.6609433889389038,
        -0.36511412262916565,
        -0.19683240354061127,
        0.33436521887779236,
        0.15673737227916718,
        0.24664907157421112,
        0.06616513431072235,
        0.25364628434181213,
        -0.6765488386154175,
        0.04771120473742485,
        0.9934148788452148,
        -0.0535256564617157,
        -0.133289635181427,
        0.31819549202919006,
        -0.2068023532629013
    ]
}