{
    "seed": 1000009,
    "theta": [
        -1.2587038278579712,
        0.13412916660308838,
        0.4005398452281952,
        1.2608604431152344,
        -1.1477274894714355
    ],
    "x": [
        0.09923309832811356,
        -0.4593285322189331,
        -0.3459497392177582,
        0.002308809896931052,
        -1.1992943286895752,
        -0.280344158411026,
        -0.3192930221557617,
        -0.19042371213436127,
        -0.3898749351501465,
        -0.048533741384744644,
        -0.17055588960647583,
        -0.18038888275623322,
        -0.4420815706253052,
        -0.5572274923324585,
        -0.9245223999023438,
        0.39085954427719116,
        0.10134623199701309,
        -0.5714866518974304,
        -0.8179718255996704,
        -0.9217009544372559,
        -0.18019194900989532,
        -0.38717201352119446,
        0.1983274519443512,
        -0.0024214687291532755,
        -0.11054425686597824,
        -0.04344005882740021,
        -0.12634356319904327,
        -0.12429524213075638,
        0.39513418078422546,
        0.17243388295173645,
        -0.11095861345529556,
        0.4631393253803253,
        -0.24591714143753052,
        -0.16780395805835724,
        0.3633788526058197,
        0.6290876269340515,
        0.10838299989700317,
        0.717831552028656,
        0.3771951198577881,
        1.1060789823532104,
        -0.004217315465211868,
        -0.16134420037269592,
        0.435594379901886,
        0.9354252815246582,
        0.729497492313385,
        0.4609915614128113,
        0.14294672012329102,
        0.08845759183168411,
        0.39780890941619873,
        -0.3108072578907013,
        -0.35606566071510315,
        0.19967952370643616,
        -0.36813604831695557,
        0.2235698699951172,
        0.3553917407989502,
        0.5133996605873108,
        -0.15414242446422577,
        -0.044493772089481354,
        0.06292935460805893,
        0.24335110187530518,
        0.14580994844436646,
        0.44635289907455444,
        0.2633640766143799,
        0.24197936058044434,
        0.027201835066080093,
        -0.07227478921413422,
        -0.5858721733093262,
        0.22816626727581024,
        0.16407445073127747,
        -0.5272064805030823,
        -0.5889159440994263,
        -0.5781558752059937,
        0.6628300547599792,
        -0.012817438691854477,
        0.18563401699066162,
        0.38468223810195923,
        0.1385229378938675,
        -0.34593909978866577,
        -0.40968647599220276,
        -0.20806805789470673,
        0.08042579144239426,
        -0.4830494225025177,
        0.4751906096935272,
        0.31419670581817627,
        -0.31753361225128174,
        -0.030601615086197853,
        -1.0890259742736816,
        0.10028296709060669,
        0.012353364378213882,
        0.018591832369565964,
        0.4636083245277405,
        -0.540861964225769,
        -0.6077767610549927,
        -0.08044560998678207,
        -0.5230765342712402,
        -0.04605918005108833,
        0.010956439189612865,
        -0.008228320628404617
    ]
}