{
    "seed": 1000003,
    "theta": [
        -1.134710431098938,
        0.22794853150844574,
        0.5862394571304321,
        1.3015646934509277,
        -0.9864043593406677
    ],
    "x": [
        -0.3169177770614624,
        -0.3752261698246002,
        -0.5525837540626526,
        -0.7783482670783997,
        0.15543322265148163,
        -0.9123925566673279,
        -0.9243923425674438,
        -0.33031192421913147,
        0.04498212784528732,
        -0.0005876010982319713,
        -0.1322285681962967,
        -0.10827798396348953,
        -0.01452691201120615,
        -0.07073862850666046,
        0.012932575307786465,
        0.3825519382953644,
        -0.2980676591396332,
        -0.9705771803855896,
        0.146064892411232,
        -0.2897164821624756,
        -0.16746599972248077,
        -0.18354712426662445,
        -0.07455133646726608,
        0.5744414925575256,
        -0.27261489629745483,
        0.039727047085762024,
        0.07219745218753815,
        -0.052968934178352356,
        -0.069505475461483,
        0.7949586510658264,
        0.21582911908626556,
        -0.22644200921058655,
        0.011622892692685127,
        0.23490799963474274,
        0.31720679998397827,
        0.40901002287864685,
        0.9122200012207031,
        0.4886372983455658,
        0.6521294116973877,
        1.1312065124511719,
        0.2903285324573517,
        0.20203310251235962,
        0.6086540818214417,
        0.6006906628608704,
        0.9657224416732788,
        0.31483495235443115,
        0.6150985956192017,
        0.6940803527832031,
        -0.3091414272785187,
        0.4450598657131195,
        -0.4981274902820587,
        0.2453734129667282,
        -0.23474957048892975,
        -0.47225621342658997,
        0.08738046884536743,
        1.4482431411743164,
        -0.3485938310623169,
        0.1148982048034668,
        -0.4046265780925751,
        0.13924247026443481,
        0.6945688128471375,
        0.15959417819976807,
        0.19828617572784424,
        -1.1652262210845947,
        -0.5206145644187927,
        -0.1310596913099289,
        -0.7288960218429565,
        -0.4919019639492035,
        0.7974120378494263,
        0.5618295669555664,
        -0.2659030258655548,
        -0.46178099513053894,
        -0.02170058712363243,
        -0.19404351711273193,
        1.1928551197052002,
        0.35675784945487976,
        0.4663732051849365,
        -0.006716522853821516,
        0.019984325394034386,
        0.36474958062171936,
        -0.5478792786598206,
        0.2918635904788971,
        0.3683783710002899,
        0.831179678440094,
        0.11956032365560532,
        -0.3592371642589569,
        -0.03779342770576477,
        0.12691627442836761,
        0.25820523500442505,
        0.04788121208548546,
        0.5037129521369934,
        -0.16413824260234833,
        -0.417182981967926,
        -0.5837122797966003,
        0.31867560744285583,
        0.7631785869598389,
        0.5395205616950989,
        -0.14133070409297943
    ]
}