{
    "seed": 1000010,
    "theta": [
        -1.2040168046951294,
        0.2930231988430023,
        0.23387539386749268,
        0.721492350101471,
        -1.1337850093841553
    ],
    "x": [
        -0.5422452092170715,
        -0.5894331336021423,
        -0.4217042028903961,
        -0.6616907715797424,
        -0.5291900634765625,
        -0.6485756635665894,
        -0.38589584827423096,
        0.024951405823230743,
        -0.28834834694862366,
        -0.20126259326934814,
        -0.45108187198638916,
        -0.37763553857803345,
        -0.595886766910553,
        -0.07093112915754318,
        -0.10813019424676895,
        0.4261673092842102,
        -0.261176735162735,
        -0.11167549341917038,
        0.26172569394111633,
        -0.7102986574172974,
        -0.035098008811473846,
        0.057381294667720795,
        -0.14911745488643646,
        0.566135585308075,
        0.08490727096796036,
        0.3132830560207367,
        0.33739638328552246,
        -0.1531926989555359,
        0.5070673227310181,
        0.33083122968673706,
        0.11287213116884232,
        0.7580153346061707,
        -0.45951756834983826,
        0.19429603219032288,
        -0.06215484067797661,
        0.254731684923172,
        -0.04218585044145584,
        0.48666027188301086,
        0.7113115191459656,
        -0.04821496456861496,
        0.17746584117412567,
        -7.011927604675293,
        0.3463422954082489,
        0.585215151309967,
        0.3627414405345917,
        0.37948334217071533,
        0.22281275689601898,
        0.18848690390586853,
        0.4197694957256317,
        -0.15611734986305237,
        0.2698434889316559,
        -0.11433567851781845,
        0.08628959953784943,
        -0.4948306977748871,
        0.047554563730955124,
        0.08062036335468292,
        0.08551887422800064,
        -0.065404012799263,
        -0.6322314143180847,
        -6.654251575469971,
        0.32916709780693054,
        0.7957127690315247,
        0.012311819940805435,
        -0.49213191866874695,
        0.11487257480621338,
        -0.05897848680615425,
        0.586280345916748,
        0.02425587736070156,
        0.3000655770301819,
        0.6899997591972351,
        -0.36389467120170593,
        -0.4731448292732239,
        -0.7853935360908508,
        -0.17227470874786377,
        0.8929576873779297,
        0.031837522983551025,
        -0.19657893478870392,
        -0.879970908164978,
        -0.05776822194457054,
        -0.5554576516151428,
        -0.4927029311656952,
        0.4882887601852417,
        -0.5887796878814697,
        0.09753698110580444,
        -0.8267032504081726,
        0.41560274362564087,
        -0.5861406326293945,
        -0.06421077996492386,
        -0.1796727329492569,
        0.549567461013794,
        0.28844448924064636,
        -0.22007085382938385,
        -0.6169683933258057,
        -0.051444221287965775,
        -0.5925228595733643,
        -1.139674186706543,
        0.426631361246109,
        0.2664550840854645
    ]
}