{
    "seed": 1000004,
    "theta": [
        -0.12985959649085999,
        0.04311264306306839,
        0.06772200763225555,
        0.3814666271209717,
        0.9469984173774719
    ],
    "x": [
        0.3224245607852936,
        -0.10954505205154419,
        -0.8701590895652771,
        0.2750113308429718,
        -0.47530511021614075,
        0.18070387840270996,
        -0.9414902925491333,
        -0.7766090035438538,
        -0.2252243310213089,
        -0.2539476454257965,
        -1.505893349647522,
        -0.282182514667511,
        0.47659629583358765,
        0.42163968086242676,
        0.08050702512264252,
        0.7310793399810791,
        2.7771198749542236,
        0.2855944037437439,
        0.688507080078125,
        -0.19388556480407715,
        0.2430686503648758,
        -0.4132876396179199,
        0.8801995515823364,
        -0.5161959528923035,
        -0.3521920144557953,
        -0.05731358751654625,
        0.2260257601737976,
        0.18945886194705963,
        -0.06764116883277893,
        0.49673858284950256,
        -0.3028993308544159,
        -0.5917118191719055,
        -0.33361658453941345,
        -0.3144364655017853,
        -0.0245386753231287,
        0.25639447569847107,
        0.9496757984161377,
        0.003872114699333906,
        0.1440574675798416,
        0.056524813175201416,
        -0.3994532823562622,
        0.7085461020469666,
        0.2511451542377472,
        0.2070716768503189,
        0.4477182626724243,
        0.24691422283649445,
        0.5567055940628052,
        0.24414238333702087,
        0.15637673437595367,
        -0.3113200068473816,
        -0.3300670087337494,
        -0.3135475516319275,
        -0.6412331461906433,
        0.13962295651435852,
        -0.11261586099863052,
        0.5979298949241638,
        -0.0654735192656517,
        0.23239555954933167,
        0.5834586024284363,
        -1.1434475183486938,
        0.23819486796855927,
        -7.465919494628906,
        0.06699800491333008,
        -0.5541108250617981,
        0.11126454919576645,
        0.4322628080844879,
        0.5341842770576477,
        -0.2919479310512543,
        0.08982260525226593,
        0.14846542477607727,
        -0.1417653113603592,
        0.15469978749752045,
        0.7231592535972595,
        0.18871662020683289,
        0.20355752110481262,
        -0.38668006658554077,
        0.14604420959949493,
        0.34482690691947937,
        0.1904018670320511,
        0.198340505361557,
        8.440900802612305,
        -0.709001362323761,
        0.5742242336273193,
        0.26831337809562683,
        -0.2711363732814789,
        0.22830025851726532,
        -0.33719173073768616,
        0.07773812860250473,
        -0.33975914120674133,
        0.26972755789756775,
        -0.4475955367088318,
        -0.42235299944877625,
        -0.4710569977760315,
        -0.2844122052192688,
        0.5129027366638184,
        0.6355071067810059,
        -0.3824002742767334,
        0.02212947979569435
    ]
}