{
    "seed": 1000002,
    "theta": [
        -0.7442746162414551,
        -0.1481577605009079,
        0.0015101432800292969,
        0.31530800461769104,
        0.5309534668922424
    ],
    "x": [
        -0.21656912565231323,
        -0.3380824327468872,
        -0.4657062888145447,
        -0.5299999117851257,
        -0.39255720376968384,
        -0.22770731151103973,
        -0.6843330264091492,
        0.005101179704070091,
        0.08118990808725357,
        -0.14337356388568878,
        -0.45936477184295654,
        -0.4204384982585907,
        -0.01770945079624653,
        -0.40902888774871826,
        -0.19491811096668243,
        0.8199520111083984,
        -0.10259412229061127,
        -0.4515746831893921,
        -0.06835349649190903,
        -0.1136588528752327,
        -0.08191604167222977,
        -0.19122542440891266,
        -0.43196049332618713,
        -0.1499941647052765,
        -0.30294644832611084,
        0.05959220230579376,
        0.37060946226119995,
        -0.2822490632534027,
        0.48254188895225525,
        -0.23833875358104706,
        0.3545370101928711,
        0.08026674389839172,
        -0.14785975217819214,
        -0.016856450587511063,
        0.3759186267852783,
        -0.35702839493751526,
        0.2576948404312134,
        0.2966171205043793,
        0.9935764670372009,
        -0.22062179446220398,
        -0.06754948198795319,
        0.4070129990577698,
        -0.288293719291687,
        0.8864083886146545,
        0.4504205882549286,
        0.7989387512207031,
        0.0858413502573967,
        0.679565966129303,
        0.4217979907989502,
        -0.008191077969968319,
        0.11735385656356812,
        0.17356719076633453,
        0.2156277894973755,
        0.022713137790560722,
        0.2224275767803192,
        0.10922928154468536,
        0.16154713928699493,
        -0.044708505272865295,
        -0.5482423901557922,
        -0.182236447930336,
        0.8523969650268555,
        -0.1824885904788971,
        0.19976232945919037,
        -0.6379739046096802,
        -0.9448943138122559,
        -0.1397632509469986,
        0.766457200050354,
        -0.26420536637306213,
        0.11763928830623627,
        0.9621036052703857,
        -0.5877666473388672,
        0.12646768987178802,
        -0.03772648051381111,
        -0.020673615857958794,
        0.6074393391609192,
        0.20461028814315796,
        0.5252979397773743,
        -0.9499592185020447,
        -0.0010250672930851579,
        -0.5417264103889465,
        -0.03228176012635231,
        0.26108771562576294,
        -0.22450098395347595,
        -0.11526274681091309,
        -0.0555061511695385,
        0.47792378067970276,
        -1.0377163887023926,
        0.059182438999414444,
        0.2354937046766281,
        0.15657198429107666,
        0.242254376411438,
        -0.5013324022293091,
        -0.3837117850780487,
        -0.3657906949520111,
        -0.31783536076545715,
        1.0121396780014038,
        0.17698901891708374,
        -0.1033085361123085
    ]
}