{
    "seed": 1000010,
    "theta": [
        -0.9303799867630005,
        0.27494069933891296,
        -1.121538758277893,
        0.13988426327705383,
        -0.872001051902771
    ],
    "x": [
        -0.18886832892894745,
        -0.2343653291463852,
        0.037991080433130264,
        -0.19623710215091705,
        -0.06895861029624939,
        -0.18153132498264313,
        0.059797465801239014,
        -0.1620369404554367,
        -0.04962191730737686,
        0.0239797905087471,
        -0.11445869505405426,
        -0.051002148538827896,
        -0.24844616651535034,
        0.23526279628276825,
        0.055382292717695236,
        0.5593812465667725,
        -0.06411278247833252,
        0.05449971184134483,
        0.3977002501487732,
        -0.5002767443656921,
        0.13664811849594116,
        0.04282676428556442,
        -0.1369130164384842,
        0.5432289838790894,
        0.06182250753045082,
        0.28638380765914917,
        0.3307773768901825,
        -0.1501273363828659,
        0.2881585359573364,
        0.12184789776802063,
        -0.061201535165309906,
        0.5338549613952637,
        -0.5500444173812866,
        0.27817076444625854,
        -0.20966990292072296,
        -0.07888006418943405,
        -0.3406260013580322,
        0.15633757412433624,
        0.36030614376068115,
        -0.29680490493774414,
        -0.04835512489080429,
        -7.011927604675293,
        -0.08990167826414108,
        0.11926829069852829,
        -0.07453246414661407,
        -0.07281488925218582,
        -0.27907201647758484,
        -0.12474921345710754,
        0.08170261979103088,
        0.19818457961082458,
        0.460079550743103,
        -0.42978549003601074,
        0.08477476984262466,
        -0.6915231347084045,
        -0.5658047795295715,
        -0.7054771184921265,
        0.7636225819587708,
        0.6045841574668884,
        -0.3980831503868103,
        -6.654251575469971,
        -0.11733295023441315,
        -0.029762383550405502,
        -0.7608493566513062,
        0.3975405693054199,
        0.6620433330535889,
        0.167508065700531,
        0.44904404878616333,
        -0.3011297583580017,
        -0.368814080953598,
        -0.2656688392162323,
        0.49915048480033875,
        0.24102282524108887,
        -0.2615228295326233,
        -0.1395103484392166,
        0.32712581753730774,
        -0.5484868288040161,
        -0.9047610759735107,
        0.13428975641727448,
        0.5433036088943481,
        -0.08921497315168381,
        -0.38406264781951904,
        0.17821283638477325,
        -0.8285112977027893,
        -0.6884669065475464,
        0.16428659856319427,
        0.8946234583854675,
        -0.09181000292301178,
        -0.06469498574733734,
        -0.15783539414405823,
        -0.204127237200737,
        -0.7785117626190186,
        0.5957245826721191,
        0.14075447618961334,
        0.289398729801178,
        -0.44091230630874634,
        -1.2300587892532349,
        0.18232227861881256,
        -0.09508606046438217
    ]
}