{
    "seed": 1000008,
    "theta": [
        -0.5297640562057495,
        0.07187424600124359,
        0.5704143047332764,
        0.4358478784561157,
        1.114243507385254
    ],
    "x": [
        0.0017942257691174746,
        0.18003761768341064,
        -0.5308353900909424,
        -0.4433971643447876,
        -0.6286554336547852,
        -0.7626083493232727,
        -0.32213765382766724,
        -0.20655059814453125,
        0.08810944855213165,
        0.15132461488246918,
        -0.4279352128505707,
        -0.457607239484787,
        -0.1304198056459427,
        0.1326562464237213,
        0.23243273794651031,
        0.6363281011581421,
        -0.09933015704154968,
        0.12474829703569412,
        -0.119001604616642,
        -0.15055392682552338,
        -4.17354154586792,
        -0.9473987817764282,
        -0.1800580471754074,
        0.005390862934291363,
        -0.37142887711524963,
        -0.5662180185317993,
        -0.3932352364063263,
        0.9105085730552673,
        0.7803272604942322,
        0.28568458557128906,
        1.012952446937561,
        -0.23593060672283173,
        0.017073722556233406,
        0.4969688951969147,
        -0.2738739848136902,
        0.6901866793632507,
        0.20945870876312256,
        0.37621018290519714,
        0.002783674281090498,
        -0.13850007951259613,
        0.099935382604599,
        -0.20981217920780182,
        0.1845908761024475,
        0.2692070007324219,
        0.2201288789510727,
        0.31934282183647156,
        0.3726837933063507,
        1.3550326824188232,
        0.4530065059661865,
        -0.1931709349155426,
        0.11803179234266281,
        -0.2319355010986328,
        0.35344046354293823,
        7.901585578918457,
        0.35520052909851074,
        0.15045876801013947,
        -1.2399650812149048,
        0.4739251434803009,
        -0.7206290364265442,
        0.6096890568733215,
        0.23888427019119263,
        1.0158528089523315,
        0.262662798166275,
        -0.22150741517543793,
        -0.07517700642347336,
        -0.13586901128292084,
        0.26097649335861206,
        0.34014540910720825,
        -0.3118181526660919,
        0.8641393184661865,
        -0.5758321285247803,
        -1.0285004377365112,
        0.06129974499344826,
        0.7282392382621765,
        0.47429242730140686,
        0.35048556327819824,
        0.42872732877731323,
        -0.2490476816892624,
        -0.3208087980747223,
        0.09363146871328354,
        0.5530272722244263,
        -0.02779671922326088,
        0.4495445191860199,
        0.8668720722198486,
        -0.5575463771820068,
        -0.3738243877887726,
        0.24297316372394562,
        0.15846748650074005,
        0.28153088688850403,
        0.07864213734865189,
        0.46075308322906494,
        -0.9003426432609558,
        -0.1353418380022049,
        0.8701731562614441,
        -0.04315951094031334,
        0.3502036929130554,
        0.3176037669181824,
        -0.09074430167675018
    ]
}