{
    "seed": 1000003,
    "theta": [
        -0.8610736131668091,
        0.2098660171031952,
        -0.7691746354103088,
        0.719956636428833,
        -0.7246203422546387
    ],
    "x": [
        -0.1036003977060318,
        0.020031962543725967,
        -0.15372085571289062,
        -0.4309972822666168,
        0.4775317311286926,
        -0.5299152731895447,
        -0.5471929907798767,
        -0.648359477519989,
        0.035344868898391724,
        0.2580845057964325,
        0.12610480189323425,
        0.1368485689163208,
        0.2228681594133377,
        0.17945455014705658,
        0.14586813747882843,
        0.44083264470100403,
        -0.19093017280101776,
        -0.7660320401191711,
        0.28390219807624817,
        -0.15451382100582123,
        -0.006948802154511213,
        -0.17187443375587463,
        -0.12366386502981186,
        0.5495360493659973,
        -0.27123212814331055,
        0.04833723232150078,
        0.06066929176449776,
        -0.042182810604572296,
        -0.18766222894191742,
        0.6231905817985535,
        0.04916762560606003,
        -0.3220658302307129,
        -0.074348583817482,
        0.38829803466796875,
        0.1780143827199936,
        0.13889621198177338,
        0.6043828725814819,
        0.22740788757801056,
        0.375302791595459,
        0.7571516036987305,
        0.21466907858848572,
        0.14131516218185425,
        0.2490471601486206,
        0.23368246853351593,
        0.5914971828460693,
        -0.03606025502085686,
        0.2706364691257477,
        0.3732317388057709,
        -0.38740023970603943,
        0.7384708523750305,
        -0.21499478816986084,
        0.43325135111808777,
        -0.1736634075641632,
        -0.6291249990463257,
        -0.39502662420272827,
        0.5528689622879028,
        0.6232851147651672,
        0.3252798318862915,
        -0.2061997950077057,
        0.12368173897266388,
        0.287917822599411,
        -0.32893499732017517,
        -0.4307946264743805,
        -0.34828969836235046,
        0.05031663924455643,
        0.11517105996608734,
        -0.5948781371116638,
        -0.6379289627075195,
        0.17255669832229614,
        -0.14162641763687134,
        0.36936891078948975,
        0.07954432815313339,
        0.23449799418449402,
        -0.16945479810237885,
        0.6232790946960449,
        -0.16451574862003326,
        -0.21284115314483643,
        0.578079104423523,
        0.4681832194328308,
        0.5329687595367432,
        -0.443769633769989,
        0.052324142307043076,
        -0.18645678460597992,
        0.08812496811151505,
        0.6817722916603088,
        0.17678917944431305,
        0.22441042959690094,
        0.08483978360891342,
        0.10949493199586868,
        -0.1762688159942627,
        -0.5305302143096924,
        0.457902193069458,
        0.1292310357093811,
        -0.19532695412635803,
        0.24025976657867432,
        0.7631785869598389,
        0.22243230044841766,
        -0.37685972452163696
    ]
}