{
    "seed": 1000000,
    "theta": [
        -0.44837015867233276,
        0.14422839879989624,
        0.3423634469509125,
        0.019961386919021606,
        0.8282450437545776
    ],
    "x": [
        -0.10350021719932556,
        -0.2385178804397583,
        -0.41044390201568604,
        -0.2627236545085907,
        -0.9833210706710815,
        -0.4939790666103363,
        -0.43238139152526855,
        -0.7528948783874512,
        -0.5982307195663452,
        0.1955903023481369,
        -0.13884322345256805,
        0.06200297921895981,
        0.7911337614059448,
        0.030107928439974785,
        5.0350565910339355,
        0.33216890692710876,
        -0.2908945083618164,
        -0.46721571683883667,
        -0.9185841083526611,
        -0.24086204171180725,
        0.3479646146297455,
        0.38656505942344666,
        -0.884810209274292,
        0.22434908151626587,
        -0.15295717120170593,
        0.4403337240219116,
        -0.1692994236946106,
        0.17983299493789673,
        0.187925323843956,
        0.033760931342840195,
        -0.31459587812423706,
        0.06355247646570206,
        -0.07102291285991669,
        -0.3978084921836853,
        0.4765288829803467,
        0.2831698954105377,
        0.21115003526210785,
        0.6739081740379333,
        0.3209887742996216,
        -0.10503088682889938,
        0.3213600814342499,
        -0.28293198347091675,
        -0.226851224899292,
        0.20053045451641083,
        0.9419292211532593,
        0.3906533420085907,
        0.4194104075431824,
        0.5264379382133484,
        -0.2951529324054718,
        0.4485170543193817,
        -0.2832440435886383,
        -0.6571351289749146,
        0.18946558237075806,
        0.02310851402580738,
        0.08104017376899719,
        0.42420443892478943,
        -1.0590780973434448,
        -0.12897108495235443,
        -7.671506881713867,
        -0.9641656279563904,
        -0.07553261518478394,
        -0.4187757968902588,
        0.5345900058746338,
        -0.07291512936353683,
        -0.22177429497241974,
        -0.5403801798820496,
        0.4286947250366211,
        -0.45699283480644226,
        0.4406977593898773,
        0.7665562033653259,
        -0.5790589451789856,
        -0.395650178194046,
        -0.10402120649814606,
        0.29496899247169495,
        0.015964709222316742,
        0.7408003807067871,
        0.7032977342605591,
        -0.9140598177909851,
        0.22352086007595062,
        -0.29705265164375305,
        -0.0904378592967987,
        -0.29480937123298645,
        -0.798029899597168,
        -0.08600039780139923,
        -0.6641073226928711,
        -0.3709803819656372,
        -0.637883186340332,
        -0.10605064779520035,
        0.7531612515449524,
        -0.3625551760196686,
        1.1233679056167603,
        -0.1846984475851059,
        -0.6695764660835266,
        -0.2809283137321472,
        -0.1651829481124878,
        0.5235497355461121,
        0.2705807387828827,
        -0.11158134043216705
    ]
}