{
    "seed": 1000005,
    "theta": [
        -0.8888766765594482,
        -0.039213865995407104,
        -0.8723772168159485,
        0.2830093502998352,
        -0.9228026866912842
    ],
    "x": [
        0.37715408205986023,
        0.3385348618030548,
        -0.005026746541261673,
        -0.4401110112667084,
        -0.46288061141967773,
        0.3720984160900116,
        0.12810178101062775,
        -0.6980581879615784,
        0.6661055684089661,
        -0.10186626017093658,
        -0.21741624176502228,
        -0.651658296585083,
        -0.17922617495059967,
        0.05902210250496864,
        -0.7385762333869934,
        0.5260692834854126,
        -0.4945647120475769,
        0.4662364721298218,
        0.07890228182077408,
        0.2682872414588928,
        0.8368696570396423,
        -0.3367859423160553,
        -0.3095860183238983,
        -0.09992314875125885,
        0.3009755611419678,
        0.15367825329303741,
        0.03467412292957306,
        -0.2537619173526764,
        0.34042391180992126,
        0.2443864792585373,
        0.18011939525604248,
        -0.6255558133125305,
        -0.020046008750796318,
        0.0703015848994255,
        0.2058195173740387,
        -9.360305786132812,
        0.12834566831588745,
        0.3793843984603882,
        -0.06871435046195984,
        -0.019086329266428947,
        0.023955337703227997,
        -0.1488121896982193,
        0.044418614357709885,
        0.20827987790107727,
        0.11878389120101929,
        0.22599497437477112,
        0.1899053007364273,
        -0.2542899549007416,
        0.0738116204738617,
        0.25820720195770264,
        -0.10596738010644913,
        1.358790636062622,
        -0.5066183805465698,
        0.01582840457558632,
        0.04161357507109642,
        -4.887210845947266,
        -0.17521430552005768,
        0.16790267825126648,
        -0.15341481566429138,
        0.5887443423271179,
        -0.5845849514007568,
        -0.07412197440862656,
        -0.20047631859779358,
        0.07939791679382324,
        -0.3331155478954315,
        0.010579140856862068,
        0.3739051818847656,
        -0.1013406366109848,
        0.20051400363445282,
        -0.45876508951187134,
        0.1221797838807106,
        1.8693844079971313,
        -0.15713775157928467,
        -3.1587865352630615,
        0.13555239140987396,
        -0.14456671476364136,
        0.009836376644670963,
        0.03989921882748604,
        0.43183761835098267,
        -0.08918473869562149,
        -0.8601163625717163,
        -0.3566209077835083,
        0.20484472811222076,
        -0.2924097776412964,
        0.027102939784526825,
        0.2315882444381714,
        0.3438781499862671,
        -0.10113175958395004,
        0.16130192577838898,
        -0.14336718618869781,
        -0.3559204339981079,
        0.07662568241357803,
        0.03824900463223457,
        0.1529083251953125,
        0.3009248375892639,
        -0.9228498935699463,
        0.2588401436805725,
        0.20663177967071533
    ]
}