{
    "seed": 1000001,
    "theta": [
        -0.9324419498443604,
        0.1564972996711731,
        -1.0114895105361938,
        0.08993107080459595,
        -0.8467821478843689
    ],
    "x": [
        0.2574908435344696,
        0.3490400016307831,
        -0.19920365512371063,
        0.13936634361743927,
        0.01918599009513855,
        0.04043209180235863,
        0.06077305227518082,
        -0.4348120093345642,
        -0.18619611859321594,
        -0.2112298309803009,
        -0.5733975172042847,
        -0.16832837462425232,
        0.25346657633781433,
        0.02493736892938614,
        0.543920636177063,
        0.26638200879096985,
        0.23526360094547272,
        0.35680660605430603,
        0.5463583469390869,
        -0.4708380103111267,
        -0.5012165307998657,
        0.737705647945404,
        0.05010077357292175,
        0.47786077857017517,
        0.4916520118713379,
        -0.02536727488040924,
        -0.241557314991951,
        -0.5955698490142822,
        -0.0629657655954361,
        -0.2481437474489212,
        0.12564276158809662,
        0.12828810513019562,
        0.31203311681747437,
        -9.685088157653809,
        -0.23784488439559937,
        0.06678691506385803,
        -0.16893082857131958,
        -0.1024794653058052,
        -0.1339379847049713,
        -0.021100305020809174,
        -0.2596908509731293,
        0.2239212691783905,
        -0.5114715695381165,
        0.14045093953609467,
        -0.13813516497612,
        0.11217428743839264,
        0.23652714490890503,
        0.18921063840389252,
        0.16417808830738068,
        -0.05314541980624199,
        0.1387302726507187,
        0.5846456289291382,
        0.09406117349863052,
        -0.7057979106903076,
        -0.6402773261070251,
        -0.3522964417934418,
        0.7065603137016296,
        0.10891401767730713,
        0.509914219379425,
        -0.2518450617790222,
        -0.21488256752490997,
        -0.5163564085960388,
        -0.5382254719734192,
        0.2970932424068451,
        0.33080819249153137,
        -0.05865529924631119,
        -0.4424671232700348,
        -0.3256547749042511,
        -0.10991467535495758,
        -0.4104219675064087,
        0.6754918694496155,
        0.40782874822616577,
        0.03365824744105339,
        0.5066289305686951,
        -0.4186899662017822,
        -0.03457418084144592,
        -0.5761507153511047,
        -0.07088321447372437,
        0.8521244525909424,
        0.38718411326408386,
        0.2771661579608917,
        0.30165594816207886,
        -0.31132224202156067,
        -0.7424511909484863,
        0.46603161096572876,
        0.21538947522640228,
        0.10908295959234238,
        -0.16170398890972137,
        -0.5867780447006226,
        0.4662480056285858,
        -8.430216789245605,
        0.4671092629432678,
        0.46436572074890137,
        0.3407226502895355,
        0.07061496376991272,
        0.10661278665065765,
        0.152561753988266,
        -0.2133469432592392
    ]
}