{
    "seed": 1000012,
    "theta": [
        -0.9590699076652527,
        0.16990543901920319,
        -0.770362138748169,
        0.31547656655311584,
        -0.9445037245750427
    ],
    "x": [
        -0.12433280795812607,
        -0.13190552592277527,
        -0.39984941482543945,
        -0.5843451023101807,
        -0.09952926635742188,
        -0.20082105696201324,
        0.13107217848300934,
        0.2060202807188034,
        0.018247604370117188,
        0.08532068133354187,
        -0.7398163080215454,
        -0.5812311172485352,
        -0.36775708198547363,
        -0.13195742666721344,
        0.30223459005355835,
        -0.5134215950965881,
        -0.49669796228408813,
        0.21242974698543549,
        0.17184440791606903,
        0.21625059843063354,
        0.4073598086833954,
        0.18348409235477448,
        -0.5923410058021545,
        -0.011059406213462353,
        0.29623088240623474,
        -0.10851401090621948,
        0.035624708980321884,
        -0.4032355546951294,
        -0.22814705967903137,
        0.25988802313804626,
        0.6793117523193359,
        0.9871471524238586,
        0.12522296607494354,
        0.23005791008472443,
        0.16216512024402618,
        0.5191121101379395,
        -0.0914437398314476,
        -0.12892967462539673,
        -0.38909369707107544,
        0.0443977415561676,
        0.22155672311782837,
        0.4927464723587036,
        0.07643212378025055,
        0.4313341975212097,
        -0.20400512218475342,
        0.23167119920253754,
        0.3261311650276184,
        -0.14277957379817963,
        0.386859655380249,
        0.42350107431411743,
        0.05699950084090233,
        0.033310823142528534,
        0.6139693260192871,
        -0.7034366726875305,
        0.05469699576497078,
        0.39437010884284973,
        -0.30702313780784607,
        -0.08279459178447723,
        -0.01572515442967415,
        0.8064942359924316,
        -0.37361615896224976,
        -0.2044086456298828,
        -0.23282365500926971,
        -0.6648407578468323,
        0.1859360635280609,
        -0.07950305938720703,
        0.11060412973165512,
        -0.12811116874217987,
        0.06705620884895325,
        -0.03012228198349476,
        0.19205960631370544,
        -0.604022204875946,
        -0.5717884302139282,
        0.11778617650270462,
        0.40028953552246094,
        -0.5903573036193848,
        0.0528532974421978,
        -0.28405651450157166,
        0.09984631836414337,
        -0.11417074501514435,
        -0.9319910407066345,
        0.022664105519652367,
        -0.021037498489022255,
        -0.7014116048812866,
        0.5297040939331055,
        0.6477394104003906,
        -0.12236951291561127,
        -0.833487331867218,
        0.0891217589378357,
        -0.5567649602890015,
        -0.7527446150779724,
        0.07451704889535904,
        -0.05941842496395111,
        -0.47970375418663025,
        -0.07592369616031647,
        0.3052256405353546,
        -0.021901816129684448,
        0.11646611988544464
    ]
}