{
    "seed": 1000009,
    "theta": [
        -0.9850669503211975,
        0.11604665964841843,
        -0.9548742771148682,
        0.6792523860931396,
        -0.8859434127807617
    ],
    "x": [
        0.2352643609046936,
        -0.15403573215007782,
        0.02254430577158928,
        0.3725326657295227,
        -0.7740263342857361,
        0.07853610068559647,
        0.06670401990413666,
        -0.5718714594841003,
        -0.26474839448928833,
        0.23445573449134827,
        0.10391385853290558,
        0.08863060921430588,
        -0.16186603903770447,
        -0.25204309821128845,
        -1.0845948457717896,
        0.36930638551712036,
        0.16700667142868042,
        -0.39722660183906555,
        -0.6306508779525757,
        -0.724643349647522,
        -0.055211909115314484,
        -0.35767167806625366,
        0.20721180737018585,
        -0.027580462396144867,
        -0.111962229013443,
        -0.025385042652487755,
        -0.11809582263231277,
        -0.12111109495162964,
        0.2294563204050064,
        -0.010461305268108845,
        -0.24063405394554138,
        0.27709266543388367,
        -0.3630172610282898,
        -0.21604973077774048,
        0.21215543150901794,
        0.33087167143821716,
        -0.1790316253900528,
        0.4015001952648163,
        0.054178472608327866,
        0.7176750898361206,
        -0.14434319734573364,
        -0.19086089730262756,
        0.0674510970711708,
        0.5296736359596252,
        0.3304952383041382,
        0.11248666048049927,
        -0.28716832399368286,
        -0.21025350689888,
        0.13325674831867218,
        0.1100679561495781,
        -0.22882145643234253,
        0.4612020254135132,
        -0.2726486325263977,
        -0.11319788545370102,
        -0.22996167838573456,
        -0.2501738965511322,
        0.7854085564613342,
        0.23646631836891174,
        0.11289359629154205,
        0.20533452928066254,
        -0.16545747220516205,
        -0.1531907021999359,
        -0.4382917582988739,
        0.8751171231269836,
        0.5426353216171265,
        0.11511950194835663,
        -0.4609666168689728,
        -0.08710373938083649,
        -0.37293943762779236,
        -1.0477101802825928,
        0.18745483458042145,
        0.03731704130768776,
        0.7720336318016052,
        -0.0135838957503438,
        -0.15171445906162262,
        -0.1922837495803833,
        -0.532341718673706,
        0.37241795659065247,
        0.18177872896194458,
        0.11587818711996078,
        0.054642364382743835,
        -0.6045182943344116,
        -0.28565308451652527,
        -0.3799555003643036,
        0.3945115804672241,
        0.4687032401561737,
        -0.5578320026397705,
        0.0691392794251442,
        -0.05982065200805664,
        -0.4167006015777588,
        -0.6408991813659668,
        0.22502011060714722,
        0.03603038191795349,
        0.22109639644622803,
        -0.4175107777118683,
        0.09126826375722885,
        -0.20172558724880219,
        -0.2913617193698883
    ]
}