{
    "seed": 1000010,
    "theta": [
        0.3796771466732025,
        0.3898669481277466
    ],
    "x": [
        -0.16796225309371948,
        0.0564861036837101
    ]
}