{
    "seed": 1000002,
    "theta": [
        0.5423581004142761,
        0.021168753504753113
    ],
    "x": [
        -0.13904163241386414,
        -0.4811926782131195
    ]
}