{
    "seed": 1000008,
    "theta": [
        0.43891555070877075,
        0.2074156254529953
    ],
    "x": [
        -0.16889065504074097,
        -0.0657118707895279
    ]
}