{
    "seed": 1000001,
    "theta": [
        0.48965299129486084,
        0.31709665060043335
    ],
    "x": [
        -0.2702673077583313,
        -0.18547409772872925
    ]
}