{
    "seed": 1000003,
    "theta": [
        0.29288172721862793,
        -0.11154840886592865
    ],
    "x": [
        0.22191670536994934,
        -0.31348857283592224
    ]
}