{
    "seed": 1000004,
    "theta": [
        0.5335263013839722,
        0.42226073145866394
    ],
    "x": [
        -0.34422555565834045,
        -0.05799103528261185
    ]
}