{
    "seed": 1000012,
    "theta": [
        0.5100272297859192,
        -0.03636892884969711
    ],
    "x": [
        0.014083176851272583,
        -0.3992290198802948
    ]
}