{
    "seed": 1000005,
    "theta": [
        0.5073056221008301,
        0.5366004705429077
    ],
    "x": [
        -0.41288843750953674,
        0.0917878970503807
    ]
}