{
    "seed": 1000004,
    "theta": [
        0.3759935796260834,
        0.38141483068466187
    ],
    "x": [
        -0.27910512685775757,
        -0.10508466511964798
    ]
}