{
    "seed": 1000001,
    "theta": [
        -0.19816617667675018,
        -0.37219470739364624
    ],
    "x": [
        -0.1472359001636505,
        -0.03996949642896652
    ]
}