{
    "seed": 1000000,
    "theta": [
        -0.6601276397705078,
        0.017566245049238205
    ],
    "x": [
        -0.20164760947227478,
        0.5775458812713623
    ]
}