{
    "seed": 1000003,
    "theta": [
        -0.4622672200202942,
        0.07565735280513763
    ],
    "x": [
        0.03524169325828552,
        0.4378525912761688
    ]
}