{
    "seed": 1000008,
    "theta": [
        0.19408854842185974,
        0.07620465010404587
    ],
    "x": [
        0.11762841045856476,
        -0.15882250666618347
    ]
}