{
    "seed": 1000005,
    "theta": [
        -0.3538627326488495,
        0.07212324440479279
    ],
    "x": [
        0.12098944187164307,
        0.2363247573375702
    ]
}