{
    "seed": 1000012,
    "theta": [
        -0.6443008780479431,
        -0.30046093463897705
    ],
    "x": [
        -0.41743364930152893,
        0.3618185818195343
    ]
}