{
    "seed": 1000012,
    "theta": [
        -0.15219148993492126,
        -0.18380746245384216
    ],
    "x": [
        1.8935235738754272,
        1.2569236755371094,
        0.9895861148834229,
        0.7196705937385559,
        0.521800696849823,
        0.21353287994861603,
        0.06953740119934082,
        -0.04864083230495453,
        -0.3034931421279907,
        -0.4182381331920624,
        -0.5337669849395752,
        -0.569526731967926,
        -0.6721832752227783,
        -0.8033036589622498,
        -0.7581813931465149,
        -0.8404333591461182,
        -0.8634679317474365,
        -1.0043046474456787,
        -0.9937009811401367,
        -1.0800914764404297,
        -1.030745029449463,
        -0.9615142941474915,
        -0.9357093572616577,
        -0.9903386831283569,
        -1.0613434314727783
    ]
}