{
    "seed": 1000002,
    "theta": [
        -0.14325687289237976,
        -0.33395618200302124
    ],
    "x": [
        1.8935235738754272,
        1.490041732788086,
        1.1449854373931885,
        0.7652478814125061,
        0.46682512760162354,
        0.15026633441448212,
        -0.14040419459342957,
        -0.42349886894226074,
        -0.6518648266792297,
        -0.7440667748451233,
        -0.9098391532897949,
        -0.863691508769989,
        -1.0268372297286987,
        -1.0651713609695435,
        -1.1003060340881348,
        -1.152009129524231,
        -1.262872338294983,
        -1.2821563482284546,
        -1.2385514974594116,
        -1.0593751668930054,
        -1.196012258529663,
        -1.1630592346191406,
        -1.1780451536178589,
        -1.1633338928222656,
        -1.3289419412612915
    ]
}