{
    "seed": 1000009,
    "theta": [
        0.02625960111618042,
        -0.37741419672966003
    ],
    "x": [
        1.8935235738754272,
        1.2367855310440063,
        0.69759601354599,
        0.29624632000923157,
        0.05342474952340126,
        -0.28046441078186035,
        -0.3850294053554535,
        -0.44865724444389343,
        -0.5826500654220581,
        -0.7507708668708801,
        -0.7605714201927185,
        -0.7147757411003113,
        -0.8239760398864746,
        -0.822285532951355,
        -0.8086082339286804,
        -0.9355849027633667,
        -0.9726574420928955,
        -1.0765916109085083,
        -1.1765459775924683,
        -1.0145137310028076,
        -0.9551205039024353,
        -1.082554817199707,
        -1.151533603668213,
        -1.0882349014282227,
        -1.1571077108383179
    ]
}