{
    "seed": 1000005,
    "theta": [
        -0.3280315399169922,
        -0.36680787801742554
    ],
    "x": [
        1.8935235738754272,
        1.4819949865341187,
        1.16956627368927,
        0.801479697227478,
        0.5602842569351196,
        0.3287275731563568,
        0.1979682892560959,
        -0.002789918566122651,
        -0.1270989328622818,
        -0.34549832344055176,
        -0.5809354782104492,
        -0.6398021578788757,
        -0.7398930788040161,
        -0.8516867160797119,
        -0.9657338261604309,
        -1.0729635953903198,
        -1.1597943305969238,
        -1.1418811082839966,
        -1.184844970703125,
        -1.194625735282898,
        -1.1811357736587524,
        -1.1214244365692139,
        -1.0412917137145996,
        -1.113737940788269,
        -1.1755609512329102
    ]
}