{
    "seed": 1000001,
    "theta": [
        0.05699513852596283,
        -0.5036283135414124
    ],
    "x": [
        1.8935235738754272,
        1.2873809337615967,
        0.7240352630615234,
        0.3231655955314636,
        0.03869430720806122,
        -0.2673916220664978,
        -0.34401828050613403,
        -0.5477716326713562,
        -0.7612408995628357,
        -0.8572659492492676,
        -0.9262505769729614,
        -1.0035786628723145,
        -0.978498101234436,
        -1.1360543966293335,
        -1.1742477416992188,
        -1.0838967561721802,
        -1.0347788333892822,
        -1.0875250101089478,
        -1.084550142288208,
        -1.160768747329712,
        -1.2481282949447632,
        -1.234117865562439,
        -1.299202799797058,
        -1.3429044485092163,
        -1.4699403047561646
    ]
}