{
    "seed": 1000010,
    "theta": [
        -0.28925591707229614,
        -0.1895999014377594
    ],
    "x": [
        1.8935235738754272,
        1.361732006072998,
        0.9797906279563904,
        0.6082316040992737,
        0.3854760229587555,
        0.07131245732307434,
        -0.17881809175014496,
        -0.43876883387565613,
        -0.5940720438957214,
        -0.7030255794525146,
        -0.8216530680656433,
        -0.9026012420654297,
        -1.0122648477554321,
        -1.0823873281478882,
        -1.0980581045150757,
        -1.0592067241668701,
        -1.0954214334487915,
        -1.2259299755096436,
        -1.2237586975097656,
        -1.3197261095046997,
        -1.3008140325546265,
        -1.3751544952392578,
        -1.4114482402801514,
        -1.3568265438079834,
        -1.2822837829589844
    ]
}