{
    "seed": 1000008,
    "theta": [
        -0.10455678403377533,
        -0.3426024317741394
    ],
    "x": [
        1.8935235738754272,
        1.32123601436615,
        0.8422821760177612,
        0.46377289295196533,
        0.17882190644741058,
        -0.20945529639720917,
        -0.40748706459999084,
        -0.5359765291213989,
        -0.6711036562919617,
        -0.7254778146743774,
        -0.8098772764205933,
        -0.8265256881713867,
        -0.8621799945831299,
        -0.9958720803260803,
        -1.0031832456588745,
        -1.0532103776931763,
        -1.1263521909713745,
        -1.08994460105896,
        -1.0398551225662231,
        -0.9992573261260986,
        -0.965619683265686,
        -1.0144927501678467,
        -1.2134521007537842,
        -1.2144933938980103,
        -1.3411527872085571
    ]
}