{
    "seed": 1000003,
    "theta": [
        -0.14207148551940918,
        -0.3985610008239746
    ],
    "x": [
        1.8935235738754272,
        1.1943413019180298,
        0.7394750714302063,
        0.45747360587120056,
        0.10350699722766876,
        -0.25533217191696167,
        -0.3552045226097107,
        -0.4286248981952667,
        -0.5110169053077698,
        -0.5930812358856201,
        -0.6830864548683167,
        -0.7438542246818542,
        -0.7983058094978333,
        -0.806827962398529,
        -0.8378575444221497,
        -0.8883443474769592,
        -0.9389887452125549,
        -0.9670940041542053,
        -0.9783563017845154,
        -1.0541143417358398,
        -1.1233326196670532,
        -1.1897532939910889,
        -1.213905692100525,
        -1.2484928369522095,
        -1.1951556205749512
    ]
}