{
    "seed": 1000004,
    "theta": [
        -0.2109750658273697,
        -0.2998388707637787
    ],
    "x": [
        1.8935235738754272,
        1.3646361827850342,
        1.0085293054580688,
        0.5308446884155273,
        0.20886829495429993,
        0.08232434839010239,
        -0.06750494986772537,
        -0.22488290071487427,
        -0.2491566240787506,
        -0.4330851137638092,
        -0.45428189635276794,
        -0.572333574295044,
        -0.486797034740448,
        -0.5780349373817444,
        -0.5869438052177429,
        -0.6744092702865601,
        -0.6946417689323425,
        -0.9223959445953369,
        -0.9606989026069641,
        -1.002474069595337,
        -0.9849485754966736,
        -0.9650521278381348,
        -1.1568883657455444,
        -1.214774250984192,
        -1.4264556169509888
    ]
}