{
    "seed": 1000000,
    "theta": [
        -0.16748347878456116,
        -0.46209806203842163
    ],
    "x": [
        1.8935235738754272,
        1.3834589719772339,
        0.8470188975334167,
        0.5205811858177185,
        0.14663496613502502,
        -0.05849986895918846,
        -0.3197035491466522,
        -0.4869261682033539,
        -0.5949887037277222,
        -0.6225566267967224,
        -0.7388607263565063,
        -0.9065511226654053,
        -0.9842921495437622,
        -0.9850730895996094,
        -1.0304781198501587,
        -1.1066969633102417,
        -1.027371883392334,
        -1.098023533821106,
        -1.0627678632736206,
        -1.1111105680465698,
        -1.1869312524795532,
        -1.3441492319107056,
        -1.3518331050872803,
        -1.242581844329834,
        -1.171813726425171
    ]
}