{
    "seed": 1000012,
    "theta": [
        0.38807448744773865,
        0.18939511477947235
    ],
    "x": [
        1.8935235738754272,
        0.998671293258667,
        0.6135624647140503,
        0.2874574661254883,
        0.07816246896982193,
        -0.21697808802127838,
        -0.31818145513534546,
        -0.38988807797431946,
        -0.5984004735946655,
        -0.6521325707435608,
        -0.711188018321991,
        -0.6936690211296082,
        -0.7539738416671753,
        -0.8434075713157654,
        -0.7540034651756287,
        -0.8091424703598022,
        -0.8037034869194031,
        -0.9214824438095093,
        -0.8790042400360107,
        -0.943514883518219,
        -0.8690279126167297,
        -0.7869681715965271,
        -0.7593762278556824,
        -0.8155030012130737,
        -0.8816866278648376
    ]
}