{
    "seed": 1000000,
    "theta": [
        0.45473039150238037,
        0.37857189774513245
    ],
    "x": [
        1.8935235738754272,
        1.158549427986145,
        0.5261104702949524,
        0.1983606517314911,
        -0.1358933001756668,
        -0.26634925603866577,
        -0.4490740895271301,
        -0.5281460881233215,
        -0.5528953671455383,
        -0.5079420208930969,
        -0.5693939924240112,
        -0.683718204498291,
        -0.702751874923706,
        -0.6522316932678223,
        -0.6611644625663757,
        -0.7058720588684082,
        -0.594718873500824,
        -0.6526742577552795,
        -0.5996240973472595,
        -0.6397368311882019,
        -0.7037062644958496,
        -0.8430856466293335,
        -0.8185563683509827,
        -0.6855079531669617,
        -0.6114619970321655
    ]
}