{
    "seed": 1000005,
    "theta": [
        -0.25554192066192627,
        -0.6807618141174316
    ],
    "x": [
        1.8935235738754272,
        1.4261536598205566,
        1.0721644163131714,
        0.6732344627380371,
        0.4111247956752777,
        0.16526451706886292,
        0.025688258931040764,
        -0.18067806959152222,
        -0.30684977769851685,
        -0.5250322818756104,
        -0.7571185827255249,
        -0.8097199201583862,
        -0.9036248326301575,
        -1.0087025165557861,
        -1.1154128313064575,
        -1.2147445678710938,
        -1.2932988405227661,
        -1.2670824527740479,
        -1.3032392263412476,
        -1.3066034317016602,
        -1.2875105142593384,
        -1.2232259511947632,
        -1.1400667428970337,
        -1.2110987901687622,
        -1.2706679105758667
    ]
}