{
    "seed": 1000010,
    "theta": [
        -0.1755884289741516,
        -0.2980193495750427
    ],
    "x": [
        1.8935235738754272,
        1.2855491638183594,
        0.8520756363868713,
        0.4461641311645508,
        0.20316694676876068,
        -0.12283667176961899,
        -0.3757130801677704,
        -0.6322705745697021,
        -0.7788304090499878,
        -0.8769516944885254,
        -0.9840559363365173,
        -1.0526841878890991,
        -1.1502188444137573,
        -1.2077192068099976,
        -1.2112549543380737,
        -1.1619130373001099,
        -1.190250277519226,
        -1.313356876373291,
        -1.302037239074707,
        -1.3904139995574951,
        -1.3629812002182007,
        -1.430635690689087,
        -1.459656000137329,
        -1.3981349468231201,
        -1.3190721273422241
    ]
}