{
    "seed": 1000004,
    "theta": [
        0.4626399874687195,
        0.3260093927383423
    ],
    "x": [
        1.8935235738754272,
        1.0803428888320923,
        0.5943596959114075,
        0.07276708632707596,
        -0.21591784060001373,
        -0.2755314111709595,
        -0.3609609603881836,
        -0.45259249210357666,
        -0.4091499149799347,
        -0.5419009327888489,
        -0.5021116733551025,
        -0.57416170835495,
        -0.44017598032951355,
        -0.5086612105369568,
        -0.4891814589500427,
        -0.5553624629974365,
        -0.5487532019615173,
        -0.754791796207428,
        -0.7470478415489197,
        -0.7510857582092285,
        -0.7012342810630798,
        -0.6608290076255798,
        -0.8408365249633789,
        -0.864509105682373,
        -1.0441869497299194
    ]
}