{
    "seed": 1000002,
    "theta": [
        0.33510297536849976,
        0.5412188172340393
    ],
    "x": [
        1.8935235738754272,
        1.4064940214157104,
        1.0388007164001465,
        0.6754830479621887,
        0.4254258871078491,
        0.17286881804466248,
        -0.04060392826795578,
        -0.23930519819259644,
        -0.37872833013534546,
        -0.38388875126838684,
        -0.4770403206348419,
        -0.3618033528327942,
        -0.4787231385707855,
        -0.4675661027431488,
        -0.4627571702003479,
        -0.481821209192276,
        -0.5638140439987183,
        -0.5513300895690918,
        -0.48259514570236206,
        -0.28917059302330017,
        -0.43250635266304016,
        -0.3913908898830414,
        -0.40354663133621216,
        -0.38532716035842896,
        -0.549771249294281
    ]
}