{
    "seed": 1000003,
    "theta": [
        -0.023796342313289642,
        -0.11111157387495041
    ],
    "x": [
        1.8935235738754272,
        1.1430037021636963,
        0.6633620858192444,
        0.3721824884414673,
        0.017500312998890877,
        -0.3335416316986084,
        -0.4186507761478424,
        -0.47782769799232483,
        -0.547020435333252,
        -0.6165135502815247,
        -0.6944608092308044,
        -0.7433957457542419,
        -0.7868872284889221,
        -0.7853010296821594,
        -0.8079943060874939,
        -0.85103839635849,
        -0.8944989442825317,
        -0.9156248569488525,
        -0.9206056594848633,
        -0.9910422563552856,
        -1.0541858673095703,
        -1.1140806674957275,
        -1.1314101219177246,
        -1.1599349975585938,
        -1.1009010076522827
    ]
}