{
    "seed": 1000009,
    "theta": [
        0.06922506541013718,
        0.07165346294641495
    ],
    "x": [
        1.8935235738754272,
        1.2577646970748901,
        0.7407115697860718,
        0.36139777302742004,
        0.13934876024723053,
        -0.17612335085868835,
        -0.263340562582016,
        -0.31243178248405457,
        -0.43444985151290894,
        -0.5920052528381348,
        -0.592055082321167,
        -0.5385096073150635,
        -0.6420107483863831,
        -0.6349015235900879,
        -0.6169789433479309,
        -0.7407355308532715,
        -0.7741855978965759,
        -0.8749532699584961,
        -0.9715251922607422,
        -0.8059749007225037,
        -0.7452083230018616,
        -0.8720732927322388,
        -0.9395094513893127,
        -0.8744052648544312,
        -0.942402720451355
    ]
}