{
    "seed": 1000008,
    "theta": [
        -0.4432006776332855,
        -0.08335863053798676
    ],
    "x": [
        1.8935235738754272,
        1.5432556867599487,
        1.2228370904922485,
        0.9527695775032043,
        0.7385483384132385,
        0.39382511377334595,
        0.2081996500492096,
        0.07732241600751877,
        -0.06862905621528625,
        -0.14177413284778595,
        -0.24653686583042145,
        -0.2869971990585327,
        -0.3449392318725586,
        -0.5008519291877747,
        -0.5369641184806824,
        -0.6130800843238831,
        -0.71279376745224,
        -0.7049528956413269,
        -0.6777830719947815,
        -0.6541599035263062,
        -0.6328571438789368,
        -0.6904131174087524,
        -0.9003987312316895,
        -0.9247136116027832,
        -1.0721254348754883
    ]
}