{
    "seed": 1000000,
    "theta": [
        -0.41656792163848877,
        0.0789390355348587
    ],
    "x": [
        1.8935235738754272,
        1.5687991380691528,
        1.170662760734558,
        0.9396670460700989,
        0.63376384973526,
        0.47010329365730286,
        0.23531533777713776,
        0.07841373980045319,
        -0.02886277437210083,
        -0.061119478195905685,
        -0.18293863534927368,
        -0.3612945079803467,
        -0.4568102955818176,
        -0.47716471552848816,
        -0.5398982763290405,
        -0.6336854696273804,
        -0.5736756920814514,
        -0.6574372053146362,
        -0.6372812390327454,
        -0.6972054243087769,
        -0.7856646180152893,
        -0.9578233361244202,
        -0.9865366816520691,
        -0.8962438106536865,
        -0.8367794156074524
    ]
}