{
    "seed": 1000010,
    "theta": [
        -0.6689234375953674,
        -0.19199985265731812
    ],
    "x": [
        1.8935235738754272,
        1.5921788215637207,
        1.3850442171096802,
        1.1477152109146118,
        1.0220876932144165,
        0.7817062735557556,
        0.5766168236732483,
        0.3397313952445984,
        0.18622729182243347,
        0.06716098636388779,
        -0.06918272376060486,
        -0.17568203806877136,
        -0.31535154581069946,
        -0.4218200743198395,
        -0.4767550230026245,
        -0.47575777769088745,
        -0.5443701148033142,
        -0.7078807950019836,
        -0.7464365363121033,
        -0.8802692890167236,
        -0.9040024280548096,
        -1.0167280435562134,
        -1.0945106744766235,
        -1.0813862085342407,
        -1.0414456129074097
    ]
}