{
    "seed": 1000003,
    "theta": [
        -0.6081945896148682,
        -0.11718551069498062
    ],
    "x": [
        1.8935235738754272,
        1.4931471347808838,
        1.248490810394287,
        1.1178224086761475,
        0.8770407438278198,
        0.5895187258720398,
        0.5219225287437439,
        0.4689386188983917,
        0.39853692054748535,
        0.3198423683643341,
        0.22529236972332,
        0.1519453525543213,
        0.08023525029420853,
        0.05073070526123047,
        -0.0004315252008382231,
        -0.07236617058515549,
        -0.14748434722423553,
        -0.20286673307418823,
        -0.24188891053199768,
        -0.3442814350128174,
        -0.4451095461845398,
        -0.5471159815788269,
        -0.6102576851844788,
        -0.683030366897583,
        -0.6681109070777893
    ]
}