{
    "seed": 1000004,
    "theta": [
        -0.4133920669555664,
        0.0578523650765419
    ],
    "x": [
        1.8935235738754272,
        1.5112550258636475,
        1.2631542682647705,
        0.8663877844810486,
        0.5964978933334351,
        0.5028948187828064,
        0.3770187795162201,
        0.23471832275390625,
        0.21738195419311523,
        0.0385940782725811,
        0.014488805085420609,
        -0.10698825865983963,
        -0.029254363849759102,
        -0.12391664832830429,
        -0.1395418494939804,
        -0.2332962453365326,
        -0.26262083649635315,
        -0.4992194175720215,
        -0.5545493364334106,
        -0.6129046678543091,
        -0.6117052435874939,
        -0.6055098176002502,
        -0.808634340763092,
        -0.8842503428459167,
        -1.1139250993728638
    ]
}