{
    "seed": 1000012,
    "theta": [
        -0.44330838322639465,
        0.0031097866594791412
    ],
    "x": [
        1.8935235738754272,
        1.444913625717163,
        1.307570457458496,
        1.137610673904419,
        1.0128520727157593,
        0.7580350041389465,
        0.6435905694961548,
        0.543289303779602,
        0.29744285345077515,
        0.1758626103401184,
        0.04757872223854065,
        -0.00624243076890707,
        -0.1270313411951065,
        -0.28024229407310486,
        -0.2623853385448456,
        -0.3662398159503937,
        -0.41326066851615906,
        -0.5767542719841003,
        -0.5944848656654358,
        -0.7054374814033508,
        -0.6829485297203064,
        -0.6347118616104126,
        -0.6235325336456299,
        -0.6896568536758423,
        -0.7740573883056641
    ]
}