{
    "seed": 1000001,
    "theta": [
        -0.5453060865402222,
        0.04390636086463928
    ],
    "x": [
        1.8935235738754272,
        1.687134027481079,
        1.4141722917556763,
        1.2094186544418335,
        1.0549397468566895,
        0.8327575922012329,
        0.795533299446106,
        0.6183688044548035,
        0.4045262038707733,
        0.28244730830192566,
        0.17821089923381805,
        0.06052696704864502,
        0.03960646316409111,
        -0.15674644708633423,
        -0.24918746948242188,
        -0.21275179088115692,
        -0.20176243782043457,
        -0.28325310349464417,
        -0.31276246905326843,
        -0.41815298795700073,
        -0.541212797164917,
        -0.5701795816421509,
        -0.6726456880569458,
        -0.7581691145896912,
        -0.92848801612854
    ]
}