{
    "seed": 1000003,
    "theta": [
        -0.032074302434921265,
        -0.4441415071487427,
        0.339994341135025,
        -0.045982301235198975,
        0.4341003894805908,
        -0.11459685117006302,
        0.35514649748802185,
        -0.17337830364704132,
        -0.17546838521957397,
        -0.045496512204408646,
        0.20997029542922974,
        -0.401031494140625,
        0.17956961691379547,
        0.06908178329467773,
        -0.05278699845075607,
        0.16543611884117126,
        -0.2427254468202591,
        -0.14349105954170227,
        -0.16132399439811707,
        0.11139141023159027
    ],
    "x": [
        0.3483371138572693,
        -0.32986849546432495,
        0.7933272123336792,
        0.08114135265350342,
        0.820939302444458,
        0.026503585278987885,
        0.5105614066123962,
        0.11180819571018219,
        -0.22027695178985596,
        -0.6421587467193604,
        0.07890461385250092,
        0.24434417486190796,
        0.5757322311401367,
        0.26495450735092163,
        -0.3505072295665741,
        0.3503352403640747,
        -0.15470367670059204,
        0.053078070282936096,
        0.10258552432060242,
        0.06322399526834488
    ]
}