{
    "seed": 1000008,
    "theta": [
        0.04565342888236046,
        -0.36028414964675903,
        0.516348659992218,
        -0.14238010346889496,
        0.44127294421195984,
        -0.09177292138338089,
        0.3343924880027771,
        -0.266914039850235,
        -0.27789512276649475,
        -0.030404213815927505,
        0.2422133982181549,
        -0.38978996872901917,
        0.34165123105049133,
        -0.06563378870487213,
        -0.11795777082443237,
        0.18120041489601135,
        -0.14193186163902283,
        -0.18461576104164124,
        -0.2952464818954468,
        0.14833876490592957
    ],
    "x": [
        0.43029868602752686,
        -0.4019288718700409,
        0.12812846899032593,
        -0.35531100630760193,
        0.4041096568107605,
        -0.16966038942337036,
        0.5248092412948608,
        -0.02469630539417267,
        -0.5813045501708984,
        -0.5485622882843018,
        -0.18994173407554626,
        -0.1728118360042572,
        0.5941497087478638,
        -0.031989630311727524,
        -0.3996608853340149,
        0.8212059736251831,
        -0.05156582593917847,
        -0.04401750862598419,
        -0.07839089632034302,
        0.20181816816329956
    ]
}