{
    "seed": 1000004,
    "theta": [
        0.054655324667692184,
        -0.37916675209999084,
        0.4702107608318329,
        -0.07367923110723495,
        0.4478512406349182,
        -0.10767316818237305,
        0.39320188760757446,
        -0.28171515464782715,
        -0.3045056164264679,
        -0.0982273519039154,
        0.18368467688560486,
        -0.3673498332500458,
        0.38150137662887573,
        -0.04422435909509659,
        -0.10648225247859955,
        0.11711856722831726,
        -0.09032133966684341,
        -0.13201195001602173,
        -0.2546952962875366,
        0.324055016040802
    ],
    "x": [
        -0.040483567863702774,
        -0.26209455728530884,
        0.6342504620552063,
        -0.3232361674308777,
        0.42247825860977173,
        0.06151595711708069,
        0.44999760389328003,
        -0.31510379910469055,
        -0.7920471429824829,
        0.2812257409095764,
        0.4042357802391052,
        -1.0268813371658325,
        0.28713005781173706,
        -0.36526229977607727,
        -0.13179947435855865,
        0.43776005506515503,
        -0.23526936769485474,
        0.0073626041412353516,
        -0.3710646331310272,
        0.15719738602638245
    ]
}