{
    "seed": 1000012,
    "theta": [
        0.24069446325302124,
        0.2623193562030792,
        -0.20832841098308563,
        -0.43313077092170715,
        0.18255388736724854,
        -0.14490322768688202,
        -0.07032277435064316,
        0.16262033581733704,
        0.28368687629699707,
        -0.41535839438438416,
        -0.09075740724802017,
        0.44662559032440186,
        -0.4943888485431671,
        -0.28740373253822327,
        -0.3558635115623474,
        0.09831424057483673,
        -0.043444111943244934,
        -0.0999237596988678,
        0.2424314022064209,
        0.1528521180152893
    ],
    "x": [
        0.6103176474571228,
        0.0038043558597564697,
        -0.00555478036403656,
        -0.7335870862007141,
        0.31213027238845825,
        -0.44531959295272827,
        -0.33660295605659485,
        0.1150079220533371,
        -0.2205786108970642,
        -0.14468306303024292,
        0.44447681307792664,
        0.7579556703567505,
        -0.639178991317749,
        0.2950725257396698,
        -0.2537415623664856,
        0.19137832522392273,
        -0.585146427154541,
        -0.44399887323379517,
        0.3494519591331482,
        0.0703071728348732
    ]
}