{
    "seed": 1000005,
    "theta": [
        -0.19312684237957,
        -0.42897072434425354,
        0.3699084222316742,
        -0.08893358707427979,
        0.3828141987323761,
        -0.09129734337329865,
        0.48579642176628113,
        -0.10483101010322571,
        -0.2999739646911621,
        -0.12658923864364624,
        0.19869472086429596,
        -0.43524664640426636,
        0.27556246519088745,
        0.07386843115091324,
        -0.04233776777982712,
        0.08280280977487564,
        -0.19584491848945618,
        -0.14035524427890778,
        -0.26621580123901367,
        0.1765376776456833
    ],
    "x": [
        -0.08261237293481827,
        -0.7951962947845459,
        0.4527239203453064,
        -0.41436687111854553,
        0.5369333028793335,
        -0.22245289385318756,
        0.3283390998840332,
        0.2446812391281128,
        -0.43590545654296875,
        -0.2638843357563019,
        -0.11239905655384064,
        -1.0562303066253662,
        0.2850658595561981,
        -0.11965169757604599,
        -0.10187702625989914,
        0.7598087191581726,
        -0.11196735501289368,
        -0.16298601031303406,
        -0.45645636320114136,
        -0.026419654488563538
    ]
}