{
    "seed": 1000010,
    "theta": [
        -0.09440640360116959,
        -0.38745832443237305,
        0.4672963619232178,
        -0.19024711847305298,
        0.4871545433998108,
        -0.17301571369171143,
        0.42400220036506653,
        -0.19023041427135468,
        -0.259959876537323,
        0.019400447607040405,
        0.2088024914264679,
        -0.46799910068511963,
        0.4187809228897095,
        0.017591271549463272,
        -0.053621865808963776,
        0.1933276355266571,
        -0.18534083664417267,
        -0.10885748267173767,
        -0.3538660705089569,
        0.1525743156671524
    ],
    "x": [
        -0.2282005250453949,
        -0.7413852214813232,
        0.4195531904697418,
        -0.29888421297073364,
        0.8412346839904785,
        -0.17878840863704681,
        0.4197726547718048,
        -0.0957455039024353,
        0.04680466651916504,
        0.7421392202377319,
        0.2962375581264496,
        -0.05845677852630615,
        0.7058596611022949,
        0.041486915200948715,
        -0.4715521037578583,
        0.18701401352882385,
        0.4046926498413086,
        -0.05473863705992699,
        -0.2282775491476059,
        0.4830734133720398
    ]
}