{
    "seed": 1000001,
    "theta": [
        -0.033671505749225616,
        -0.39973896741867065,
        0.4346819519996643,
        -0.14018547534942627,
        0.31467753648757935,
        -0.1969509720802307,
        0.4327750504016876,
        -0.1932433843612671,
        -0.19151854515075684,
        -0.21485945582389832,
        0.18042360246181488,
        -0.30265939235687256,
        0.26878273487091064,
        -0.060243792831897736,
        -0.12022259831428528,
        0.1996462047100067,
        -0.22382371127605438,
        -0.15641340613365173,
        -0.1741362363100052,
        0.15213333070278168
    ],
    "x": [
        -0.25951507687568665,
        -0.9127930402755737,
        0.5720915794372559,
        -0.0819617360830307,
        0.3877726197242737,
        0.2309640645980835,
        0.23132812976837158,
        0.004770517349243164,
        -0.06328441202640533,
        -0.5466878414154053,
        -0.029760688543319702,
        0.35575419664382935,
        0.6437313556671143,
        -0.3906618356704712,
        0.4084780514240265,
        -0.24438151717185974,
        -0.4741086959838867,
        -0.47181999683380127,
        -0.4772469997406006,
        -0.1441730409860611
    ]
}