{
    "seed": 1000002,
    "theta": [
        -0.02285769209265709,
        -0.4041224420070648,
        0.3952627182006836,
        -0.0730639100074768,
        0.3751538097858429,
        -0.15170492231845856,
        0.3014006018638611,
        -0.10229688882827759,
        -0.2705320119857788,
        -0.05626688152551651,
        0.3232775628566742,
        -0.40221381187438965,
        0.303663045167923,
        0.03862422704696655,
        0.022318080067634583,
        0.09238699078559875,
        -0.2510431110858917,
        -0.13182514905929565,
        -0.2504015266895294,
        0.09832008183002472
    ],
    "x": [
        0.006683235988020897,
        -0.49211159348487854,
        0.620104193687439,
        -0.13278701901435852,
        0.07818156480789185,
        0.002995237708091736,
        0.5248610377311707,
        -0.20337849855422974,
        -1.1053893566131592,
        -0.07038833200931549,
        0.4405936598777771,
        -0.07280033826828003,
        0.6266589164733887,
        0.5488176345825195,
        -0.12426568567752838,
        0.49894726276397705,
        -0.47988271713256836,
        -0.05997505784034729,
        -0.4403737187385559,
        0.36004215478897095
    ]
}