{
    "seed": 1000008,
    "theta": [
        0.4398626685142517,
        0.026997864246368408
    ],
    "x": [
        1.8935235738754272,
        1.036041021347046,
        0.41633340716362,
        -0.010245965793728828,
        -0.28821060061454773,
        -0.6404867172241211,
        -0.7706076502799988,
        -0.8291803002357483,
        -0.9005342125892639,
        -0.8947868943214417,
        -0.9304578304290771,
        -0.9032204151153564,
        -0.905813992023468,
        -1.0120837688446045,
        -0.9853127598762512,
        -1.010276198387146,
        -1.0601248741149902,
        -0.9991680383682251,
        -0.9355629682540894,
        -0.8907954692840576,
        -0.8586095571517944,
        -0.9121786952018738,
        -1.1091605424880981,
        -1.0871301889419556,
        -1.1972485780715942
    ]
}