{
    "seed": 1000010,
    "theta": [
        -0.12379096448421478,
        -0.24440933763980865
    ],
    "x": [
        1.8935235738754272,
        1.2572108507156372,
        0.8066633939743042,
        0.3911605775356293,
        0.14445792138576508,
        -0.18208444118499756,
        -0.43202799558639526,
        -0.6835469007492065,
        -0.8232933878898621,
        -0.9142768383026123,
        -1.0144777297973633,
        -1.0763027667999268,
        -1.1675156354904175,
        -1.2187916040420532,
        -1.2165979146957397,
        -1.1624940633773804,
        -1.1874150037765503,
        -1.307410478591919,
        -1.2922494411468506,
        -1.3775752782821655,
        -1.3467108011245728,
        -1.4118189811706543,
        -1.4380385875701904,
        -1.3739068508148193,
        -1.2933282852172852
    ]
}