{
    "seed": 1000009,
    "theta": [
        0.12101590633392334,
        0.12520325183868408
    ],
    "x": [
        1.8935235738754272,
        1.2374372482299805,
        0.7111992239952087,
        0.3301157057285309,
        0.1106225848197937,
        -0.2005666047334671,
        -0.2811933755874634,
        -0.3242683410644531,
        -0.44111061096191406,
        -0.593386709690094,
        -0.5877088308334351,
        -0.529719352722168,
        -0.6303274631500244,
        -0.6199018359184265,
        -0.5994799137115479,
        -0.7214832901954651,
        -0.7522912621498108,
        -0.8506627678871155,
        -0.9443319439888,
        -0.7755294442176819,
        -0.7139546275138855,
        -0.8408219814300537,
        -0.9069458842277527,
        -0.8401250243186951,
        -0.9074652194976807
    ]
}