{
    "seed": 1000005,
    "theta": [
        -0.20376694202423096,
        -0.6281810402870178
    ],
    "x": [
        1.8935235738754272,
        1.3947482109069824,
        1.0191941261291504,
        0.6057992577552795,
        0.33565884828567505,
        0.08576101064682007,
        -0.054663848131895065,
        -0.2602985203266144,
        -0.3837180435657501,
        -0.5982802510261536,
        -0.8250634074211121,
        -0.8708028793334961,
        -0.9583940505981445,
        -1.0571908950805664,
        -1.1575325727462769,
        -1.250404953956604,
        -1.3224998712539673,
        -1.290039300918579,
        -1.321217656135559,
        -1.3200219869613647,
        -1.297060251235962,
        -1.229720950126648,
        -1.1446590423583984,
        -1.2149524688720703,
        -1.273164987564087
    ]
}