{
    "seed": 1000003,
    "theta": [
        0.028008630499243736,
        -0.05749949812889099
    ],
    "x": [
        1.8935235738754272,
        1.1180152893066406,
        0.6262989640235901,
        0.33049672842025757,
        -0.02484074793756008,
        -0.3727283775806427,
        -0.4516945481300354,
        -0.5051097273826599,
        -0.5691123008728027,
        -0.6337653994560242,
        -0.7071476578712463,
        -0.7516485452651978,
        -0.791110634803772,
        -0.7858729958534241,
        -0.8056819438934326,
        -0.846199631690979,
        -0.8872071504592896,
        -0.9059340953826904,
        -0.9087904095649719,
        -0.9774875640869141,
        -1.0385196208953857,
        -1.0960828065872192,
        -1.110939383506775,
        -1.1373203992843628,
        -1.0762876272201538
    ]
}