{
    "seed": 1000004,
    "theta": [
        0.5139558911323547,
        0.3792687952518463
    ],
    "x": [
        1.8935235738754272,
        1.0746045112609863,
        0.5929664373397827,
        0.0793910026550293,
        -0.1983511745929718,
        -0.24737249314785004,
        -0.3248051404953003,
        -0.4099844694137573,
        -0.3611028492450714,
        -0.490507572889328,
        -0.44702282547950745,
        -0.5169047117233276,
        -0.38066792488098145,
        -0.44895878434181213,
        -0.42864057421684265,
        -0.49443691968917847,
        -0.4868803322315216,
        -0.6923262476921082,
        -0.6820544004440308,
        -0.684409499168396,
        -0.6333431005477905,
        -0.5926024913787842,
        -0.7727908492088318,
        -0.7947421073913574,
        -0.9729768633842468
    ]
}