{
    "seed": 1000000,
    "theta": [
        0.5060738325119019,
        0.43169939517974854
    ],
    "x": [
        1.8935235738754272,
        1.1556838750839233,
        0.528789758682251,
        0.2114088088274002,
        -0.11223384737968445,
        -0.23184247314929962,
        -0.40564775466918945,
        -0.4766105115413666,
        -0.4948812425136566,
        -0.44514667987823486,
        -0.5037192702293396,
        -0.6154002547264099,
        -0.631412923336029,
        -0.5785863399505615,
        -0.5864261388778687,
        -0.6302782893180847,
        -0.518068253993988,
        -0.5764264464378357,
        -0.5230626463890076,
        -0.5635010600090027,
        -0.6272861361503601,
        -0.7658798098564148,
        -0.7393701672554016,
        -0.605189859867096,
        -0.5317191481590271
    ]
}