{
    "seed": 1000001,
    "theta": [
        0.1851399689912796,
        0.34454983472824097
    ],
    "x": [
        1.8935235738754272,
        1.3325625658035278,
        0.8192241191864014,
        0.47094643115997314,
        0.23687517642974854,
        -0.023466145619750023,
        -0.05734623596072197,
        -0.22652128338813782,
        -0.4083864092826843,
        -0.47482722997665405,
        -0.518778920173645,
        -0.5752394795417786,
        -0.5322558879852295,
        -0.6767955422401428,
        -0.7010194063186646,
        -0.5990312695503235,
        -0.5433501601219177,
        -0.5923476219177246,
        -0.5851606726646423,
        -0.6582419872283936,
        -0.7412543296813965,
        -0.7216883897781372,
        -0.7828934788703918,
        -0.8219668865203857,
        -0.9443516135215759
    ]
}