{
    "seed": 1000012,
    "theta": [
        0.4395943880081177,
        0.24285683035850525
    ],
    "x": [
        1.8935235738754272,
        0.9854610562324524,
        0.6001662611961365,
        0.2778969407081604,
        0.07469332963228226,
        -0.21395306289196014,
        -0.30749091506004333,
        -0.37269628047943115,
        -0.575840413570404,
        -0.6236013174057007,
        -0.6778512001037598,
        -0.6563016772270203,
        -0.7139168977737427,
        -0.800814151763916,
        -0.7086823582649231,
        -0.7628002762794495,
        -0.7560659646987915,
        -0.8729786276817322,
        -0.8286699652671814,
        -0.8923147320747375,
        -0.8165466785430908,
        -0.734342098236084,
        -0.707492470741272,
        -0.7644323110580444,
        -0.8306164741516113
    ]
}