{
    "seed": 1000010,
    "theta": [
        0.4889664053916931,
        0.3527291715145111,
        0.44918468594551086,
        0.4709029793739319
    ],
    "x": [
        0.9039945006370544,
        0.8808433413505554,
        0.880623996257782,
        0.8649369478225708,
        0.5337114930152893,
        0.7420775294303894,
        0.6552017331123352,
        0.7315596342086792,
        0.6976807713508606,
        0.6045128107070923,
        0.44536349177360535,
        0.5834560394287109,
        0.6049551367759705,
        0.6033167243003845,
        0.54246586561203,
        0.2925211489200592,
        0.4234282076358795,
        0.29070141911506653,
        0.4792165160179138,
        0.415811151266098,
        0.4148062467575073,
        0.26582780480384827,
        0.47548726201057434,
        0.3037644624710083,
        0.35823261737823486,
        0.3552894592285156,
        0.35879644751548767,
        0.5455702543258667,
        0.44340717792510986,
        0.361001193523407,
        0.15161895751953125,
        0.5042208433151245,
        0.4005378782749176,
        0.43214353919029236,
        0.30135777592658997,
        0.20229440927505493,
        0.4258446991443634,
        0.2521514892578125,
        0.4517337679862976,
        0.40073534846305847,
        0.431127667427063,
        0.4554542601108551,
        0.48790106177330017,
        0.5347986817359924,
        0.470834344625473,
        0.500048041343689,
        0.43391290307044983,
        0.4711175262928009,
        0.45280760526657104,
        0.408099502325058,
        0.4369041323661804,
        0.29440802335739136,
        0.3105362057685852,
        0.44020193815231323,
        0.2979239225387573,
        0.11379801481962204,
        0.1372576355934143,
        0.3161029815673828,
        0.42202961444854736,
        0.45884019136428833,
        0.42225709557533264,
        0.44470927119255066,
        0.4617510437965393,
        0.4784894287586212,
        0.4093601107597351,
        0.47896015644073486,
        0.5221360325813293,
        0.43732184171676636,
        0.28164559602737427,
        0.43513602018356323,
        0.4381767213344574,
        0.4968765377998352,
        0.4730677306652069,
        0.3384321928024292,
        0.5311700105667114,
        0.4030461609363556,
        0.442184180021286,
        0.4694913327693939,
        0.47719091176986694,
        0.3133382201194763,
        0.37551090121269226,
        0.4311881959438324,
        0.4672688841819763,
        0.37829527258872986,
        0.4244997799396515,
        0.3479684293270111,
        0.26105526089668274,
        0.4033810794353485,
        0.4571903347969055,
        0.42683079838752747,
        0.49354198575019836,
        0.40605953335762024,
        0.5434246063232422,
        0.5123404264450073,
        0.5479240417480469,
        0.39066454768180847,
        0.38629138469696045,
        0.5415636897087097,
        0.6115390658378601,
        0.6612085700035095,
        0.7098792791366577
    ]
}