{
    "seed": 1000009,
    "theta": [
        0.4109543561935425,
        0.4335571825504303,
        0.4933302402496338,
        0.5368939638137817
    ],
    "x": [
        0.9077154994010925,
        0.503435492515564,
        0.7946009039878845,
        0.8471527099609375,
        0.7490801215171814,
        0.6483911871910095,
        0.6629664301872253,
        0.767435610294342,
        0.8041087985038757,
        0.547382116317749,
        0.7015458345413208,
        0.7648672461509705,
        0.5301753878593445,
        0.5690938234329224,
        0.4900980591773987,
        0.4855078458786011,
        0.6199432611465454,
        0.4936191439628601,
        0.5056493282318115,
        0.42265066504478455,
        0.5159324407577515,
        0.4288546144962311,
        0.3422042727470398,
        0.4456497132778168,
        0.37659263610839844,
        0.17997971177101135,
        0.42809727787971497,
        0.4253145754337311,
        0.5063992738723755,
        0.5596199035644531,
        0.32017454504966736,
        0.49676451086997986,
        0.4235215485095978,
        0.44100698828697205,
        0.5249455571174622,
        0.3174716830253601,
        0.3687792420387268,
        0.3901715576648712,
        0.3437005281448364,
        0.37544581294059753,
        0.44280141592025757,
        0.43902525305747986,
        0.30899059772491455,
        0.3545575439929962,
        0.359732061624527,
        0.336084246635437,
        0.42344728112220764,
        0.41208088397979736,
        0.2651292085647583,
        0.4386628568172455,
        0.2586781680583954,
        0.5085782408714294,
        0.44303053617477417,
        0.43851011991500854,
        0.44861680269241333,
        0.4946248233318329,
        0.4593203365802765,
        0.2715389132499695,
        0.5121435523033142,
        0.19052912294864655,
        0.5395268797874451,
        0.5243138670921326,
        0.4798929989337921,
        0.372570663690567,
        0.4479752779006958,
        0.4071060121059418,
        0.5122411251068115,
        0.31949183344841003,
        0.37095704674720764,
        0.45134976506233215,
        0.38771578669548035,
        0.45717036724090576,
        0.3808235228061676,
        0.4571184813976288,
        0.24396629631519318,
        0.3009871244430542,
        0.3787124752998352,
        0.49106571078300476,
        0.4535409212112427,
        0.444164901971817,
        0.4574395418167114,
        0.5404745936393738,
        0.45062053203582764,
        0.44751280546188354,
        0.4262275695800781,
        0.46337154507637024,
        0.5037434697151184,
        0.5339688658714294,
        0.4834292232990265,
        -0.11362304538488388,
        0.5005244016647339,
        0.5632125735282898,
        0.5589491724967957,
        0.559216320514679,
        0.532757043838501,
        0.41309279203414917,
        0.5147659182548523,
        0.585317075252533,
        0.5488268733024597,
        0.6322611570358276,
        0.6599937677383423
    ]
}