{
    "seed": 1000002,
    "theta": [
        0.4189944267272949,
        0.32418203353881836,
        0.5087642669677734,
        0.5585508346557617
    ],
    "x": [
        0.8885279297828674,
        0.9026222229003906,
        0.9244478940963745,
        0.9316354393959045,
        0.80522221326828,
        0.8078042268753052,
        0.7566917538642883,
        0.683584988117218,
        0.6113777160644531,
        0.7083175778388977,
        0.5151339173316956,
        0.5117533206939697,
        0.5155411958694458,
        0.5447872281074524,
        0.5533792972564697,
        0.6416803002357483,
        0.506072461605072,
        0.4848586916923523,
        0.5077724456787109,
        0.3750251829624176,
        0.5809345245361328,
        0.3260331451892853,
        0.5160924196243286,
        0.5465937256813049,
        0.5597770810127258,
        0.5620613098144531,
        0.4837956726551056,
        0.4610818326473236,
        0.4881134033203125,
        0.4723982512950897,
        0.49303358793258667,
        0.37394776940345764,
        0.2643844485282898,
        0.5162601470947266,
        0.4391789734363556,
        0.5269057154655457,
        0.42362847924232483,
        0.4389760196208954,
        0.4983879029750824,
        0.4400038421154022,
        0.4156046509742737,
        0.420846164226532,
        0.545867383480072,
        0.42064616084098816,
        0.5674057006835938,
        0.4583161771297455,
        0.5502685308456421,
        0.5452046990394592,
        0.5225386023521423,
        0.5023086667060852,
        0.23833198845386505,
        0.3019522428512573,
        0.3973388671875,
        0.5665799379348755,
        0.4406537413597107,
        0.39288049936294556,
        0.46229681372642517,
        0.4492912292480469,
        0.4738474488258362,
        0.39298275113105774,
        0.5148282647132874,
        0.4845982789993286,
        0.4165802001953125,
        0.38680267333984375,
        0.2836814820766449,
        0.41100719571113586,
        0.5502710938453674,
        0.3954172730445862,
        0.3873306214809418,
        0.5100822448730469,
        0.3972815275192261,
        0.5627461671829224,
        0.45949286222457886,
        0.4896225035190582,
        0.5571772456169128,
        0.5150970220565796,
        0.27614274621009827,
        0.5134143829345703,
        0.4639357328414917,
        0.491534560918808,
        0.5820056796073914,
        0.43475329875946045,
        0.4606355130672455,
        0.34359803795814514,
        0.5146343111991882,
        0.48899969458580017,
        0.5292424559593201,
        0.5015019774436951,
        0.40547066926956177,
        0.4995872378349304,
        0.48895251750946045,
        0.5154408812522888,
        0.3758534789085388,
        0.6140464544296265,
        0.5550087094306946,
        0.46557173132896423,
        0.6868732571601868,
        0.5885879397392273,
        0.6240651607513428,
        0.6990993618965149,
        0.7483418583869934
    ]
}