{
    "seed": 1000008,
    "theta": [
        0.4503587782382965,
        0.42086777091026306,
        0.4894282817840576,
        0.5517825484275818
    ],
    "x": [
        0.8555376529693604,
        0.891191840171814,
        0.8293161988258362,
        0.8680444359779358,
        0.6806781888008118,
        0.8142444491386414,
        0.8097113370895386,
        0.6600239872932434,
        0.7293611168861389,
        0.6957841515541077,
        0.6331366300582886,
        0.5764244198799133,
        0.6266002655029297,
        0.4912607967853546,
        0.5520146489143372,
        0.39433783292770386,
        0.6336129307746887,
        0.4698694944381714,
        0.3543015718460083,
        0.4334845244884491,
        0.5252704620361328,
        0.31256765127182007,
        0.3685964047908783,
        0.4843076169490814,
        0.37206408381462097,
        0.3070346713066101,
        0.4919937252998352,
        0.38052991032600403,
        0.5308132171630859,
        0.3647570312023163,
        0.45129573345184326,
        0.4822484254837036,
        0.5188650488853455,
        0.4009057283401489,
        0.44175657629966736,
        0.5042197108268738,
        0.34365132451057434,
        0.4518590271472931,
        0.5054003596305847,
        0.5768689513206482,
        0.5207609534263611,
        0.501922607421875,
        0.37034404277801514,
        0.3494790494441986,
        0.441854864358902,
        0.42590343952178955,
        0.4732955992221832,
        0.5465306639671326,
        0.3982584774494171,
        0.5817966461181641,
        0.36561253666877747,
        0.4580039978027344,
        0.24313710629940033,
        0.364923357963562,
        0.4550371766090393,
        0.421242892742157,
        0.5339344143867493,
        0.30691972374916077,
        0.43037477135658264,
        0.4503072202205658,
        0.4991872012615204,
        0.4724554717540741,
        0.4045904874801636,
        0.5412485599517822,
        0.47804883122444153,
        0.45216941833496094,
        0.5647249817848206,
        0.5271008610725403,
        0.5342051386833191,
        0.41599133610725403,
        0.4787549376487732,
        0.3899471163749695,
        0.3733479678630829,
        0.42356860637664795,
        0.38042423129081726,
        0.4712599515914917,
        0.3507518768310547,
        0.4373916685581207,
        0.5001906156539917,
        0.4308343231678009,
        0.4807223081588745,
        0.4667823910713196,
        0.2366258054971695,
        0.42047780752182007,
        0.5647158026695251,
        0.5021522641181946,
        0.2000916749238968,
        0.26181602478027344,
        0.5247995853424072,
        0.4078725278377533,
        0.42891183495521545,
        0.46372681856155396,
        0.5799387693405151,
        0.5375310182571411,
        0.49551379680633545,
        0.26188036799430847,
        0.5191253423690796,
        0.5222737789154053,
        0.5538342595100403,
        0.582503616809845,
        0.6410685181617737
    ]
}