{
    "seed": 1000000,
    "theta": [
        0.44758737087249756,
        0.3441666066646576,
        0.49714216589927673,
        0.5550938844680786
    ],
    "x": [
        0.8827807307243347,
        1.0040143728256226,
        0.87236088514328,
        0.8827846646308899,
        0.8615348935127258,
        0.6870216131210327,
        0.7277308106422424,
        0.8214398622512817,
        0.71250981092453,
        0.7178647518157959,
        0.47943609952926636,
        0.64512699842453,
        0.3567935824394226,
        0.4997294247150421,
        0.45053163170814514,
        0.3944217562675476,
        0.3959007263183594,
        0.5259743928909302,
        0.3827541470527649,
        0.3629342317581177,
        0.47765249013900757,
        0.4777689576148987,
        0.4273949861526489,
        0.504190981388092,
        0.48791632056236267,
        0.5117777585983276,
        0.5112370848655701,
        0.3661051392555237,
        0.4938868284225464,
        0.2760491669178009,
        0.25140267610549927,
        0.49922382831573486,
        0.32363662123680115,
        0.5001383423805237,
        0.4613863527774811,
        0.4320022463798523,
        0.5656936764717102,
        0.5022290349006653,
        0.28550949692726135,
        0.4943930208683014,
        0.5585459470748901,
        0.4846954345703125,
        0.3389393985271454,
        0.06329473108053207,
        0.4541645050048828,
        0.4903578460216522,
        0.47419917583465576,
        0.49753671884536743,
        0.41694971919059753,
        0.5252695679664612,
        0.5672742128372192,
        0.3948860168457031,
        0.40943846106529236,
        0.23889096081256866,
        0.3147727847099304,
        0.212089404463768,
        0.5168737769126892,
        0.5270527005195618,
        0.38564619421958923,
        0.32905641198158264,
        0.4027196168899536,
        0.5286265015602112,
        0.48015010356903076,
        0.4941544830799103,
        0.45301997661590576,
        0.5036341547966003,
        0.44256529211997986,
        0.3609932065010071,
        0.4415031373500824,
        0.4336868226528168,
        0.5163620114326477,
        0.3855957090854645,
        0.5190597772598267,
        0.5235626101493835,
        0.5108495354652405,
        0.5790660977363586,
        0.44113653898239136,
        0.5319814085960388,
        0.574914813041687,
        0.5170150995254517,
        0.3580642640590668,
        0.39300650358200073,
        0.5013566613197327,
        0.38598886132240295,
        0.472610741853714,
        0.5150516629219055,
        0.37968242168426514,
        0.5924180150032043,
        0.48078295588493347,
        0.5325870513916016,
        0.5180523991584778,
        0.5512599945068359,
        0.4421423673629761,
        0.612145721912384,
        0.5612248778343201,
        0.5483295321464539,
        0.5959453582763672,
        0.5892945528030396,
        0.7202478051185608,
        0.6982535123825073,
        0.7915290594100952
    ]
}