{
    "seed": 1000003,
    "theta": [
        0.4367195665836334,
        0.32880017161369324,
        0.5593436360359192,
        0.5981563329696655
    ],
    "x": [
        0.900512158870697,
        0.9189833402633667,
        1.0201659202575684,
        0.811279296875,
        0.8310827612876892,
        0.8256085515022278,
        0.6840237975120544,
        0.31375235319137573,
        0.6530565619468689,
        0.6515243649482727,
        0.5897247195243835,
        0.5058378577232361,
        0.47555479407310486,
        0.44761478900909424,
        0.4646453857421875,
        0.5030689239501953,
        0.4381210207939148,
        0.4795776307582855,
        0.4711493253707886,
        0.3674982786178589,
        0.45203539729118347,
        0.44590872526168823,
        0.37162426114082336,
        0.36016273498535156,
        0.22253544628620148,
        0.4375019073486328,
        0.4433914124965668,
        0.5304781794548035,
        0.47671255469322205,
        0.5039220452308655,
        0.4384702146053314,
        0.3910013735294342,
        0.3207314908504486,
        0.5785024166107178,
        0.42930108308792114,
        0.5217272639274597,
        0.5010140538215637,
        0.4617518186569214,
        0.43549907207489014,
        0.4398677945137024,
        0.47264227271080017,
        0.43005600571632385,
        0.5020411014556885,
        0.47267264127731323,
        0.5292046666145325,
        0.4351605772972107,
        0.3211425840854645,
        0.2904936373233795,
        0.5133837461471558,
        0.4440823793411255,
        0.3421582579612732,
        0.5192343592643738,
        0.310302734375,
        0.5205351710319519,
        0.3481791317462921,
        0.29913443326950073,
        0.3955950438976288,
        0.47058969736099243,
        0.31543096899986267,
        0.33200302720069885,
        0.5578147768974304,
        0.1502123475074768,
        0.536673367023468,
        0.5450912714004517,
        0.5022158026695251,
        0.4413752257823944,
        0.507567822933197,
        0.43896204233169556,
        0.42873522639274597,
        0.44534289836883545,
        0.4105267822742462,
        0.46547216176986694,
        0.5528298616409302,
        0.4937424957752228,
        0.421966552734375,
        0.48355787992477417,
        0.4494796693325043,
        0.4256907105445862,
        0.46664315462112427,
        0.1979365050792694,
        0.3040276765823364,
        0.5145024657249451,
        0.5316427946090698,
        0.496905654668808,
        0.5011014342308044,
        0.547261655330658,
        0.4411628842353821,
        0.3534507751464844,
        0.49529293179512024,
        0.328252911567688,
        0.1933191865682602,
        0.35212022066116333,
        0.4548019468784332,
        0.4235774874687195,
        0.4095345735549927,
        0.4840036928653717,
        0.5451608300209045,
        0.5040443539619446,
        0.46503308415412903,
        0.2896460294723511,
        0.5085277557373047
    ]
}