{
    "seed": 1000005,
    "theta": [
        0.45510169863700867,
        0.4420652389526367,
        0.5737688541412354,
        0.4884512722492218
    ],
    "x": [
        0.7434788942337036,
        0.9700513482093811,
        0.888562023639679,
        0.7855430841445923,
        0.7116362452507019,
        0.9418608546257019,
        0.577343225479126,
        0.6531422734260559,
        0.6989300847053528,
        0.5050378441810608,
        0.6567415595054626,
        0.5853528380393982,
        0.6710262298583984,
        0.5639725923538208,
        0.5508651733398438,
        0.564459502696991,
        0.5106905698776245,
        0.44118258357048035,
        0.4881259799003601,
        0.3953956663608551,
        0.3508948087692261,
        0.5258151888847351,
        0.41909295320510864,
        0.4631258547306061,
        0.4674995541572571,
        0.36296018958091736,
        0.4375838041305542,
        0.5220698118209839,
        0.29220300912857056,
        0.18325449526309967,
        0.47312864661216736,
        0.4738425016403198,
        0.4585777223110199,
        0.25194600224494934,
        0.41861674189567566,
        0.5342742800712585,
        0.40292155742645264,
        0.40567028522491455,
        0.33012160658836365,
        0.31299182772636414,
        0.4852915406227112,
        0.44125595688819885,
        0.35930123925209045,
        0.3664540648460388,
        0.5166587829589844,
        0.4600415527820587,
        0.19462484121322632,
        0.3606387972831726,
        0.4212280213832855,
        0.43245595693588257,
        0.3113713562488556,
        0.45877254009246826,
        0.3954240083694458,
        0.4841252565383911,
        0.2942304015159607,
        0.40429383516311646,
        0.5387097597122192,
        0.4037686586380005,
        0.34093984961509705,
        0.46510493755340576,
        0.5168684720993042,
        0.5353913903236389,
        0.4629969298839569,
        0.25748762488365173,
        0.35133475065231323,
        0.4302939176559448,
        0.412734717130661,
        0.3950057923793793,
        0.4746735990047455,
        0.45609766244888306,
        0.41087111830711365,
        0.5284619927406311,
        0.1657264679670334,
        0.410324364900589,
        0.42157822847366333,
        0.233482226729393,
        0.37543079257011414,
        0.4676095247268677,
        0.4009188413619995,
        0.4811711609363556,
        0.46876537799835205,
        0.43568941950798035,
        0.3918570280075073,
        0.4680060148239136,
        0.3240460753440857,
        0.16490554809570312,
        0.4779694974422455,
        0.30724436044692993,
        0.4994119107723236,
        0.4172707796096802,
        0.5247089266777039,
        0.4214504361152649,
        0.4454232454299927,
        0.49533283710479736,
        0.39781367778778076,
        0.2831125855445862,
        0.4299817383289337,
        0.34772083163261414,
        0.4836101531982422,
        0.4996274411678314,
        0.4846542477607727
    ]
}