{
    "seed": 1000001,
    "theta": [
        0.3984336256980896,
        0.38045012950897217,
        0.48722928762435913,
        0.5340915322303772
    ],
    "x": [
        0.720647931098938,
        0.8865694403648376,
        0.919769823551178,
        0.9610303044319153,
        0.8645581603050232,
        0.5977569818496704,
        0.7718022465705872,
        0.7400873899459839,
        0.6404761075973511,
        0.6215649843215942,
        0.5529004335403442,
        0.5695255398750305,
        0.6318799257278442,
        0.5638822913169861,
        0.3942134976387024,
        0.6162251830101013,
        0.4067334532737732,
        0.43225938081741333,
        0.48011285066604614,
        0.4539831876754761,
        0.45982182025909424,
        0.4713616669178009,
        0.4515763521194458,
        0.3856651186943054,
        0.4004620909690857,
        0.38890188932418823,
        0.0049842833541333675,
        0.43158823251724243,
        0.4837837219238281,
        0.4123624265193939,
        0.4540705382823944,
        0.30211880803108215,
        0.4116722047328949,
        0.5349143743515015,
        0.5260900855064392,
        0.6047276854515076,
        0.4208368957042694,
        0.3138794004917145,
        0.4905845522880554,
        0.4095263183116913,
        0.43784254789352417,
        0.4921722412109375,
        0.3173972964286804,
        0.44111695885658264,
        0.48917922377586365,
        0.43170496821403503,
        0.2534627318382263,
        0.40647202730178833,
        0.39423903822898865,
        0.21707865595817566,
        0.4793380796909332,
        0.18538054823875427,
        0.5063411593437195,
        0.38878658413887024,
        0.4670480191707611,
        0.5454956293106079,
        0.4617041349411011,
        0.2792440950870514,
        0.4908284544944763,
        0.3428001403808594,
        0.4880322813987732,
        0.44221609830856323,
        0.34949925541877747,
        0.4885668456554413,
        0.5150495171546936,
        0.3997240662574768,
        0.3219813108444214,
        0.39412420988082886,
        0.33811646699905396,
        0.39897677302360535,
        0.21972642838954926,
        0.5546419620513916,
        0.37512218952178955,
        0.46086743474006653,
        0.508529782295227,
        0.4943528473377228,
        0.4259132444858551,
        0.4555678069591522,
        0.29176026582717896,
        0.4827412962913513,
        0.5778911709785461,
        0.5289499759674072,
        0.35983631014823914,
        0.41653937101364136,
        0.36840590834617615,
        0.4646743834018707,
        0.1696784943342209,
        0.3844553530216217,
        0.3449578583240509,
        0.500934362411499,
        0.3171921968460083,
        0.40620243549346924,
        0.533812940120697,
        0.34523874521255493,
        0.40354183316230774,
        0.44359055161476135,
        0.5219143033027649,
        0.5916338562965393,
        0.4997555911540985,
        0.5468772649765015,
        0.6271400451660156
    ]
}