{
    "seed": 1000002,
    "theta": [
        0.6566473841667175,
        -0.6664968132972717
    ],
    "x": [
        0.2848120927810669,
        -0.8375335335731506
    ]
}