{
    "seed": 1000004,
    "theta": [
        0.7162919640541077,
        -0.4944663345813751
    ],
    "x": [
        0.09960907697677612,
        -0.9650534391403198
    ]
}