{
    "seed": 1000010,
    "theta": [
        0.837666928768158,
        -0.7003477811813354
    ],
    "x": [
        0.17530891299247742,
        -1.177841305732727
    ]
}