{
    "seed": 1000008,
    "theta": [
        0.6434794664382935,
        -0.6167162656784058
    ],
    "x": [
        0.28983011841773987,
        -0.9665588736534119
    ]
}