{
    "seed": 1000009,
    "theta": [
        0.6556843519210815,
        -0.934310793876648
    ],
    "x": [
        0.13823777437210083,
        -1.077355980873108
    ]
}