{
    "seed": 1000005,
    "theta": [
        0.4240487217903137,
        -0.6183493137359619
    ],
    "x": [
        0.18281805515289307,
        -0.8019795417785645
    ]
}