{
    "seed": 1000012,
    "theta": [
        0.3066980838775635,
        -0.7672637701034546
    ],
    "x": [
        -0.075055330991745,
        -0.6407186388969421
    ]
}