{
    "seed": 1000002,
    "theta": [
        0.37026482820510864,
        0.701280951499939,
        0.7323976159095764,
        0.27512773871421814
    ],
    "x": [
        0.9542373418807983,
        0.9345430731773376,
        0.9377701878547668,
        0.6726030707359314,
        0.8796220421791077,
        0.6817087531089783,
        0.7949068546295166,
        0.7237052917480469,
        0.7850760221481323,
        0.8197827935218811,
        0.7594945430755615,
        0.6766029596328735,
        0.6079134345054626,
        0.7116824984550476,
        0.680553674697876,
        0.6105690002441406,
        0.6011480689048767,
        0.6268768310546875,
        0.5801541805267334,
        0.5031237006187439,
        0.5149346590042114,
        0.5363903045654297,
        0.6055474877357483,
        0.47524911165237427,
        0.47237473726272583,
        0.5882671475410461,
        0.4801579713821411,
        0.49738451838493347,
        0.4759323000907898,
        0.4502035677433014,
        0.5027103424072266,
        0.37485262751579285,
        0.4826839566230774,
        0.4772898256778717,
        0.5152427554130554,
        0.4869881868362427,
        0.40257516503334045,
        0.3234544098377228,
        0.3890099823474884,
        0.4382334351539612,
        0.41833850741386414,
        0.3855148255825043,
        0.4375877380371094,
        0.36832326650619507,
        0.4565823972225189,
        0.44889527559280396,
        0.4243629574775696,
        0.4694623351097107,
        0.4223366975784302,
        0.358190655708313,
        0.39477843046188354,
        0.39854711294174194,
        0.34844285249710083,
        0.49591687321662903,
        0.311867892742157,
        0.20961113274097443,
        0.43208667635917664,
        0.4763247072696686,
        0.3887675106525421,
        0.44437867403030396,
        0.450878769159317,
        0.4641793668270111,
        0.3598519563674927,
        0.4938908815383911,
        0.41916006803512573,
        0.410910427570343,
        0.4500165283679962,
        0.4237707853317261,
        0.4500845670700073,
        0.2753280699253082,
        0.4975746273994446,
        0.4655652344226837,
        0.28407540917396545,
        0.4962354004383087,
        0.5307815670967102,
        0.3570023775100708,
        0.31830137968063354,
        0.3988792300224304,
        0.3674832582473755,
        0.49320462346076965,
        0.49551138281822205,
        0.4203343689441681,
        0.4506573975086212,
        0.49942511320114136,
        0.5342918634414673,
        0.5729075074195862,
        0.4950146973133087,
        0.5067914128303528,
        0.26035335659980774,
        0.5386914610862732,
        0.32841429114341736,
        0.5056348443031311,
        0.4787864685058594,
        0.5140856504440308,
        0.5352095365524292,
        0.5073812007904053,
        0.5068111419677734,
        0.5826136469841003,
        0.6457427740097046,
        0.6371795535087585,
        0.7383149266242981
    ]
}