{
    "seed": 1000001,
    "theta": [
        0.4170885384082794,
        0.6990931630134583,
        0.7505456805229187,
        0.23535245656967163
    ],
    "x": [
        0.9651997685432434,
        0.9148305058479309,
        1.0084178447723389,
        0.9751549959182739,
        0.9113819003105164,
        0.7694072723388672,
        0.8112881779670715,
        0.7696811556816101,
        0.7976592779159546,
        0.7361104488372803,
        0.812969446182251,
        0.6873587369918823,
        0.68168705701828,
        0.6815475225448608,
        0.5399253964424133,
        0.5398984551429749,
        0.6090183258056641,
        0.6348874568939209,
        0.6700782775878906,
        0.7033777832984924,
        0.6793041229248047,
        0.46116358041763306,
        0.5414156317710876,
        0.341534286737442,
        0.5668604373931885,
        0.466882586479187,
        0.455429345369339,
        0.47934824228286743,
        0.35944339632987976,
        0.44387614727020264,
        0.33132094144821167,
        0.3967394530773163,
        0.49275436997413635,
        0.5887864232063293,
        0.507843017578125,
        0.11604512482881546,
        0.4711962342262268,
        0.4113076627254486,
        0.25486069917678833,
        0.2492780089378357,
        0.08746032416820526,
        0.147257998585701,
        0.5490761995315552,
        0.35868582129478455,
        0.35607847571372986,
        0.39265137910842896,
        0.48055776953697205,
        0.34544017910957336,
        0.4628407657146454,
        0.3545290529727936,
        0.3706721067428589,
        0.27164599299430847,
        0.42496517300605774,
        0.47014057636260986,
        0.4365682005882263,
        0.24421119689941406,
        0.4622914493083954,
        0.35911673307418823,
        0.5645249485969543,
        0.31576207280158997,
        0.45533040165901184,
        0.4531967043876648,
        0.36929193139076233,
        0.4014144837856293,
        0.4327564239501953,
        0.4801699221134186,
        0.3228837251663208,
        0.42632153630256653,
        0.40128517150878906,
        0.4808553159236908,
        0.41438546776771545,
        0.267816424369812,
        0.46335551142692566,
        0.35456860065460205,
        0.421731561422348,
        0.526753842830658,
        0.4682183563709259,
        0.29398587346076965,
        0.5341041684150696,
        0.4381411373615265,
        0.3563275635242462,
        0.4078139066696167,
        0.3204541504383087,
        0.4745585024356842,
        0.3860432803630829,
        0.37464040517807007,
        0.42439499497413635,
        0.48187002539634705,
        0.47342681884765625,
        0.47349295020103455,
        0.5132850408554077,
        0.5054277777671814,
        0.49163755774497986,
        0.4782056212425232,
        0.5377329587936401,
        0.5733612179756165,
        0.5322278141975403,
        0.6313105225563049,
        0.6170768737792969,
        0.6971907019615173,
        0.7681925296783447
    ]
}