{
    "seed": 1000009,
    "theta": [
        0.46282169222831726,
        0.6653435230255127,
        0.4835081100463867,
        0.18971332907676697
    ],
    "x": [
        0.9160816073417664,
        0.9227081537246704,
        0.9236226677894592,
        0.8382311463356018,
        0.7382508516311646,
        0.7662409543991089,
        0.8432851433753967,
        0.803247332572937,
        0.6977162957191467,
        0.5319284796714783,
        0.7376449704170227,
        0.7555539608001709,
        0.6714044213294983,
        0.6636175513267517,
        0.5814304351806641,
        0.5389925837516785,
        0.6112538576126099,
        0.6299973726272583,
        0.6407660245895386,
        0.4366719424724579,
        0.6282082796096802,
        0.6326025724411011,
        0.5693247318267822,
        0.44606882333755493,
        0.16032308340072632,
        0.46594861149787903,
        0.49500465393066406,
        0.4007401764392853,
        0.43784651160240173,
        0.4203657805919647,
        0.4319768249988556,
        0.4742450714111328,
        0.41697704792022705,
        0.49374833703041077,
        0.529218316078186,
        0.2854820191860199,
        0.32875925302505493,
        0.31320545077323914,
        0.40219801664352417,
        0.4457651674747467,
        0.39017513394355774,
        0.4278007447719574,
        0.2854480743408203,
        0.42596307396888733,
        0.44124922156333923,
        0.3788132965564728,
        0.3264877200126648,
        0.32837778329849243,
        0.291360467672348,
        0.18293330073356628,
        0.4225107729434967,
        0.4696660339832306,
        0.4351348876953125,
        0.5238457918167114,
        0.4178530275821686,
        0.35286763310432434,
        0.4146102964878082,
        0.24026285111904144,
        0.4347039461135864,
        0.39702528715133667,
        0.40358594059944153,
        0.3534286618232727,
        0.36003902554512024,
        0.44987767934799194,
        0.33498305082321167,
        0.3805598020553589,
        0.30626869201660156,
        0.3548316955566406,
        0.3016957640647888,
        0.3865370452404022,
        0.3494797945022583,
        0.4918328523635864,
        0.38747328519821167,
        0.48092472553253174,
        0.3103458285331726,
        0.42039427161216736,
        0.045515187084674835,
        0.4714979827404022,
        0.43601685762405396,
        0.5015760064125061,
        0.4190853238105774,
        0.4209049344062805,
        0.04449310153722763,
        0.40669047832489014,
        0.4430539309978485,
        0.3474402129650116,
        0.3558914065361023,
        0.5072405338287354,
        0.27171605825424194,
        0.4353340268135071,
        0.34164315462112427,
        0.40503591299057007,
        0.4592890441417694,
        0.4639725983142853,
        0.2801436185836792,
        0.5043752193450928,
        0.5310162901878357,
        0.31858888268470764,
        0.5177657008171082,
        0.6047439575195312,
        0.6273414492607117
    ]
}