{
    "seed": 1000012,
    "theta": [
        0.4038090109825134,
        0.7269241809844971,
        0.6795480847358704,
        0.288308709859848
    ],
    "x": [
        0.7845712304115295,
        0.8046448826789856,
        0.972249448299408,
        0.9243329167366028,
        0.7576978206634521,
        0.8021537661552429,
        0.8788465857505798,
        0.7950103878974915,
        0.6623453497886658,
        0.672591507434845,
        0.7439033389091492,
        0.6015943884849548,
        0.6580809354782104,
        0.534011721611023,
        0.7331901788711548,
        0.6578134894371033,
        0.6299763917922974,
        0.5816522240638733,
        0.4180397093296051,
        0.45591214299201965,
        0.6668609380722046,
        0.5017103552818298,
        0.439040869474411,
        0.5337369441986084,
        0.5676175355911255,
        0.5017232298851013,
        0.4259413480758667,
        0.40369224548339844,
        0.4784134030342102,
        0.45453453063964844,
        0.39544397592544556,
        0.4107404053211212,
        0.3824005126953125,
        0.5160163640975952,
        0.4421073794364929,
        0.371176540851593,
        0.39161884784698486,
        0.37487080693244934,
        0.5022550225257874,
        0.4654195010662079,
        0.26360830664634705,
        0.43180403113365173,
        0.354394793510437,
        0.2045143097639084,
        0.45584437251091003,
        0.4662539064884186,
        0.4347659945487976,
        0.5100758671760559,
        0.4609355926513672,
        0.16472777724266052,
        0.4445142149925232,
        0.19681650400161743,
        0.43609505891799927,
        0.46433690190315247,
        0.29293951392173767,
        0.47811153531074524,
        0.3052721619606018,
        0.4732007384300232,
        0.4335964322090149,
        0.38861873745918274,
        0.43576353788375854,
        0.4779585599899292,
        0.4262925386428833,
        0.29565301537513733,
        0.2809496521949768,
        0.25194066762924194,
        0.3465895354747772,
        0.36329764127731323,
        0.49317410588264465,
        0.3965761959552765,
        0.46269911527633667,
        0.42453739047050476,
        0.45939305424690247,
        0.3478661775588989,
        0.32450026273727417,
        0.49582773447036743,
        0.4162485897541046,
        0.39832940697669983,
        0.48057112097740173,
        -0.05407155305147171,
        0.4723599851131439,
        0.4240923523902893,
        0.4806346893310547,
        0.3372211456298828,
        0.46152177453041077,
        0.3257012665271759,
        0.4325524568557739,
        0.405007928609848,
        0.41956964135169983,
        0.12383957207202911,
        0.4396038055419922,
        0.4994381070137024,
        0.35231271386146545,
        0.508316159248352,
        0.3478890657424927,
        0.5084121823310852,
        0.43254151940345764,
        0.3538537323474884,
        0.40898922085762024,
        0.528765082359314,
        0.5443192720413208
    ]
}