{
    "seed": 1000003,
    "theta": [
        -0.22413946688175201,
        0.3224530518054962,
        -0.08838026225566864,
        -0.22340069711208344,
        0.15818947553634644,
        -0.2762673497200012,
        -0.26778653264045715,
        -0.13267645239830017,
        -0.18151041865348816,
        -0.34138429164886475,
        -0.2643313407897949,
        0.3828292787075043,
        -0.48740822076797485,
        -0.216119647026062,
        -0.13450683653354645,
        0.1322515904903412,
        -0.4616009294986725,
        -0.028554202988743782,
        -0.09169000387191772,
        -0.35916435718536377
    ],
    "x": [
        0.15627194941043854,
        0.43672606348991394,
        0.36495262384414673,
        -0.09627704322338104,
        0.5450284481048584,
        -0.13516691327095032,
        -0.11237163841724396,
        0.15251004695892334,
        -0.22631898522377014,
        -0.9380465149879456,
        -0.39539700746536255,
        1.0282049179077148,
        -0.09124559164047241,
        -0.02024693787097931,
        -0.43222707509994507,
        0.31715071201324463,
        -0.37357914447784424,
        0.16801492869853973,
        0.17221951484680176,
        -0.40733176469802856
    ]
}