{
    "seed": 1000012,
    "theta": [
        -0.051452215760946274,
        -0.30972927808761597,
        0.417432963848114,
        -0.2988307476043701,
        0.12966105341911316,
        0.0975472554564476,
        -0.3912346065044403,
        0.2886633276939392,
        0.06868825107812881,
        -0.038033563643693924,
        -0.11816059798002243,
        -0.39133942127227783,
        -0.019391130656003952,
        -0.1579740047454834,
        0.41324418783187866,
        0.1283949911594391,
        0.47227585315704346,
        0.39817655086517334,
        0.2540867328643799,
        -0.16779190301895142
    ],
    "x": [
        0.318170964717865,
        -0.5682442784309387,
        0.6202065944671631,
        -0.5992870330810547,
        0.2592374086380005,
        -0.20286908745765686,
        -0.6575148105621338,
        0.24105091392993927,
        -0.43557724356651306,
        0.2326417714357376,
        0.4170736074447632,
        -0.0800093412399292,
        -0.16418129205703735,
        0.42450225353240967,
        0.5153661370277405,
        0.22145907580852509,
        -0.06942647695541382,
        0.05410143733024597,
        0.3611072897911072,
        -0.2503368556499481
    ]
}