{
    "seed": 1000000,
    "theta": [
        -0.13709844648838043,
        -0.3560432493686676,
        0.2627730965614319,
        -0.27545347809791565,
        0.1323343813419342,
        0.07850631326436996,
        -0.4201795160770416,
        0.31614699959754944,
        -0.027377568185329437,
        0.008134491741657257,
        -0.1656937152147293,
        -0.49938637018203735,
        0.05057516694068909,
        -0.04834125563502312,
        0.3536437451839447,
        0.09013785421848297,
        0.3570888042449951,
        0.2782796621322632,
        0.4077306389808655,
        0.010426953434944153
    ],
    "x": [
        -0.23123568296432495,
        -0.2950996160507202,
        0.2091132253408432,
        -0.5424742698669434,
        -0.1489626169204712,
        0.24164828658103943,
        -0.7172379493713379,
        -0.1196022629737854,
        -0.3492567539215088,
        -0.44508469104766846,
        -0.15750908851623535,
        -0.08695998787879944,
        0.015701759606599808,
        -0.13397805392742157,
        0.028944045305252075,
        0.06919687986373901,
        -0.20556575059890747,
        0.0774226188659668,
        0.46435680985450745,
        -0.1776810884475708
    ]
}