{
    "seed": 1000008,
    "theta": [
        -0.14641173183918,
        0.40631040930747986,
        0.08797406405210495,
        -0.3197984993457794,
        0.16536201536655426,
        -0.2534434199333191,
        -0.2885405421257019,
        -0.22621220350265503,
        -0.28393715620040894,
        -0.3262919783592224,
        -0.23208822309970856,
        0.3940708041191101,
        -0.3253265917301178,
        -0.3508352041244507,
        -0.19967761635780334,
        0.14801590144634247,
        -0.360807329416275,
        -0.0696789100766182,
        -0.22561249136924744,
        -0.3222169876098633
    ],
    "x": [
        0.2382335215806961,
        0.364665687084198,
        -0.30024611949920654,
        -0.5327293872833252,
        0.1281987428665161,
        -0.33133089542388916,
        -0.09812377393245697,
        0.016005530953407288,
        -0.5873465538024902,
        -0.844450056552887,
        -0.6642433404922485,
        0.6110489368438721,
        -0.07282811403274536,
        -0.3171910345554352,
        -0.48138073086738586,
        0.7880215048789978,
        -0.27044129371643066,
        0.07091934233903885,
        -0.008756905794143677,
        -0.2687375843524933
    ]
}