{
    "seed": 1000009,
    "theta": [
        -0.13405179977416992,
        0.309465616941452,
        -0.0025336863473057747,
        -0.3437405824661255,
        0.08184818923473358,
        -0.27830395102500916,
        -0.3258109986782074,
        -0.13827241957187653,
        -0.25629332661628723,
        -0.38821685314178467,
        -0.18516063690185547,
        0.28731489181518555,
        -0.40055665373802185,
        -0.3817959427833557,
        -0.10791824758052826,
        0.10920566320419312,
        -0.5716930031776428,
        0.07871265709400177,
        -0.17141468822956085,
        -0.3727240264415741
    ],
    "x": [
        0.028941676020622253,
        -0.06754863262176514,
        -0.098940908908844,
        -0.3394291400909424,
        -0.17698197066783905,
        -0.17690518498420715,
        -0.13179689645767212,
        0.49367833137512207,
        -0.6361664533615112,
        0.07675227522850037,
        -0.21174031496047974,
        0.43858015537261963,
        -0.7105602025985718,
        -0.41292810440063477,
        -0.3463279604911804,
        -0.09200601279735565,
        -0.4514477849006653,
        0.4144344925880432,
        -0.18957720696926117,
        -0.3298054337501526
    ]
}