{
    "seed": 1000001,
    "theta": [
        -0.22573666274547577,
        0.36685559153556824,
        0.006307334639132023,
        -0.31760385632514954,
        0.03876660764217377,
        -0.3586214780807495,
        -0.19015797972679138,
        -0.15254153311252594,
        -0.19756057858467102,
        -0.5107471942901611,
        -0.2938780188560486,
        0.4812013804912567,
        -0.3981950879096985,
        -0.3454452157020569,
        -0.20194244384765625,
        0.16646167635917664,
        -0.4426991939544678,
        -0.04147655889391899,
        -0.10450224578380585,
        -0.31842243671417236
    ],
    "x": [
        -0.4515802264213562,
        -0.14619848132133484,
        0.1437169462442398,
        -0.2593801021575928,
        0.1118616908788681,
        0.0692935585975647,
        -0.3916049003601074,
        0.045472368597984314,
        -0.06932644546031952,
        -0.8425756096839905,
        -0.504062294960022,
        1.1396149396896362,
        -0.023246437311172485,
        -0.6758632659912109,
        0.3267582058906555,
        -0.2775660455226898,
        -0.6929841637611389,
        -0.35688313841819763,
        -0.40761303901672363,
        -0.6147288084030151
    ]
}