{
    "seed": 1000010,
    "theta": [
        -0.28647157549858093,
        0.37913626432418823,
        0.03892175853252411,
        -0.36766552925109863,
        0.2112436294555664,
        -0.3346862196922302,
        -0.19893082976341248,
        -0.14952856302261353,
        -0.2660019099712372,
        -0.2764873206615448,
        -0.26549914479255676,
        0.31586170196533203,
        -0.24819689989089966,
        -0.2676101624965668,
        -0.13534170389175415,
        0.16014313697814941,
        -0.40421631932258606,
        0.006079377140849829,
        -0.28423207998275757,
        -0.31798145174980164
    ],
    "x": [
        -0.42026567459106445,
        0.02520933747291565,
        -0.008821416646242142,
        -0.4763026237487793,
        0.5653238296508789,
        -0.3404588997364044,
        -0.2031603902578354,
        -0.05504365265369415,
        0.040762633085250854,
        0.4462514817714691,
        -0.17806407809257507,
        0.7254040241241455,
        0.0388818085193634,
        -0.24371451139450073,
        -0.5532719492912292,
        0.15382951498031616,
        0.185817152261734,
        0.06019822135567665,
        -0.15864355862140656,
        0.012517660856246948
    ]
}