{
    "seed": 1000008,
    "theta": [
        0.5157895088195801,
        0.49920397996902466,
        0.4483545422554016,
        0.5042563676834106
    ],
    "x": [
        0.931259274482727,
        0.9691233038902283,
        0.8643707036972046,
        0.5676435828208923,
        0.8180254697799683,
        0.7773540616035461,
        0.7352410554885864,
        0.8355420231819153,
        0.692041277885437,
        0.5755425691604614,
        0.5273730158805847,
        0.7027619481086731,
        0.6146284937858582,
        0.7257755398750305,
        0.4837825894355774,
        0.6586695313453674,
        0.4738728702068329,
        0.5426287055015564,
        0.431164413690567,
        0.5397089719772339,
        0.5652197599411011,
        0.5457514524459839,
        0.5916193723678589,
        0.302041232585907,
        0.4436468780040741,
        0.45314648747444153,
        0.41784730553627014,
        0.5384551882743835,
        0.5031781792640686,
        0.5294443964958191,
        0.4864870607852936,
        0.4565238952636719,
        0.44499194622039795,
        0.5468679070472717,
        0.059021249413490295,
        0.4301035702228546,
        0.3989512026309967,
        0.3239341676235199,
        0.4740842282772064,
        0.5155004858970642,
        0.46156933903694153,
        0.40300828218460083,
        0.46113866567611694,
        0.5054084658622742,
        0.42983880639076233,
        0.4425364136695862,
        0.21427179872989655,
        0.3953284025192261,
        0.5332515835762024,
        0.4431312680244446,
        0.5225099921226501,
        0.5499306917190552,
        0.5132083892822266,
        0.5303347110748291,
        0.4471116364002228,
        0.41850218176841736,
        0.5569953918457031,
        0.45854198932647705,
        0.44626566767692566,
        0.4651336669921875,
        0.36875292658805847,
        0.3566698729991913,
        0.515997588634491,
        0.33955511450767517,
        0.49361851811408997,
        0.3438814878463745,
        0.41147536039352417,
        0.4392506778240204,
        0.4154820740222931,
        0.49142977595329285,
        0.10736948996782303,
        0.414267361164093,
        0.3468434512615204,
        0.3859568238258362,
        0.3737959563732147,
        0.32688382267951965,
        0.47396838665008545,
        0.44047725200653076,
        0.3765239715576172,
        0.4804883301258087,
        0.512715756893158,
        0.4177657961845398,
        0.5152618288993835,
        0.3515467345714569,
        0.5709103941917419,
        0.42653146386146545,
        0.5496386289596558,
        0.4716328978538513,
        0.5362218022346497,
        0.5931066870689392,
        0.4004964232444763,
        0.5434720516204834,
        0.57623291015625,
        0.5544291138648987,
        0.287307471036911,
        0.5222325921058655,
        0.6186937689781189,
        0.6017608642578125,
        0.6526520848274231,
        0.6561167240142822,
        0.7213299870491028
    ]
}