{
    "seed": 1000000,
    "theta": [
        0.5088651180267334,
        0.30774807929992676,
        0.46762815117836,
        0.5125296711921692
    ],
    "x": [
        0.8449391722679138,
        0.9328442811965942,
        0.9832099676132202,
        0.8295734524726868,
        0.8898826837539673,
        0.7741472721099854,
        0.613810122013092,
        0.6862062811851501,
        0.5642121434211731,
        0.6645603179931641,
        0.602245569229126,
        0.6256250739097595,
        0.4201183319091797,
        0.4094404876232147,
        0.4474082887172699,
        0.417740136384964,
        0.4869041442871094,
        0.5385298132896423,
        0.4592566192150116,
        0.36420172452926636,
        0.39826837182044983,
        0.46162769198417664,
        0.478845477104187,
        0.5168431401252747,
        0.4734534025192261,
        0.4949614107608795,
        0.3943406343460083,
        0.4402395784854889,
        0.45749154686927795,
        0.428323358297348,
        0.28026312589645386,
        0.3955691158771515,
        0.477649062871933,
        0.00788726843893528,
        0.4111919403076172,
        0.4026876986026764,
        0.48072484135627747,
        0.3572554290294647,
        0.38393160700798035,
        0.3730153441429138,
        0.30392277240753174,
        0.4714551270008087,
        0.5188587307929993,
        0.44049084186553955,
        0.38217467069625854,
        0.3238530457019806,
        0.3932698667049408,
        0.26918601989746094,
        0.5723280310630798,
        0.4822019040584564,
        0.39640504121780396,
        0.2815813720226288,
        0.4865506589412689,
        0.30732396245002747,
        0.2574968934059143,
        0.46884891390800476,
        0.41151782870292664,
        0.5557349920272827,
        0.49087169766426086,
        0.37755775451660156,
        0.32613053917884827,
        0.2971930205821991,
        0.4364519715309143,
        0.5559762120246887,
        0.4667626619338989,
        0.5242781043052673,
        0.45151659846305847,
        0.4130110442638397,
        0.4961053133010864,
        0.4043228030204773,
        0.5011947751045227,
        0.46974170207977295,
        0.5460706353187561,
        0.5011022090911865,
        0.5412266850471497,
        0.45292776823043823,
        0.388070285320282,
        0.4474945068359375,
        0.47185617685317993,
        0.4697822630405426,
        0.5058990716934204,
        0.4784623384475708,
        0.33228302001953125,
        0.42799872159957886,
        0.5351849794387817,
        0.4891089200973511,
        0.44694289565086365,
        0.4246908724308014,
        0.36863023042678833,
        0.5133807063102722,
        0.30686748027801514,
        0.5606594085693359,
        0.5844166874885559,
        0.44186121225357056,
        0.39103496074676514,
        0.534218966960907,
        0.5606709718704224,
        0.6090520024299622,
        0.4727453887462616,
        0.6390200257301331,
        0.7264918088912964
    ]
}