{
    "seed": 1000009,
    "theta": [
        0.4173344373703003,
        0.5309078693389893,
        0.4581037163734436,
        0.46706005930900574
    ],
    "x": [
        0.8935316801071167,
        0.8222076296806335,
        0.9164957404136658,
        0.8939622044563293,
        0.7848457098007202,
        0.8120601773262024,
        0.685171902179718,
        0.6713259220123291,
        0.7052574157714844,
        0.6491633057594299,
        0.707550585269928,
        0.5467185974121094,
        0.6751493811607361,
        0.7502404451370239,
        0.623517632484436,
        0.44871774315834045,
        0.5093746185302734,
        0.4636792540550232,
        0.5434168577194214,
        0.413498193025589,
        0.5156163573265076,
        0.4440441131591797,
        0.49457281827926636,
        0.4180302917957306,
        0.28763312101364136,
        0.4847024381160736,
        0.3484792113304138,
        0.5401288270950317,
        0.43663927912712097,
        0.4479699432849884,
        0.47918498516082764,
        0.40959930419921875,
        0.37264710664749146,
        0.4548886716365814,
        0.5377952456474304,
        0.18810373544692993,
        0.33454665541648865,
        0.41178399324417114,
        0.5960408449172974,
        0.46581727266311646,
        0.524758517742157,
        0.4718376100063324,
        0.48010966181755066,
        0.13823242485523224,
        0.3747563660144806,
        0.44942155480384827,
        0.500896692276001,
        0.48143360018730164,
        0.35661187767982483,
        0.39328497648239136,
        0.3996531069278717,
        0.5444793701171875,
        0.47912585735321045,
        0.41873741149902344,
        0.3964599668979645,
        0.42222848534584045,
        0.5207073092460632,
        0.5077229738235474,
        0.3209030032157898,
        0.41777217388153076,
        0.3570500612258911,
        0.48803991079330444,
        0.45566609501838684,
        0.27460989356040955,
        0.2637813687324524,
        0.41930580139160156,
        0.48381105065345764,
        0.473922997713089,
        0.3729342222213745,
        0.47981947660446167,
        0.43821704387664795,
        0.4178295135498047,
        0.46010270714759827,
        0.34324657917022705,
        0.3859419524669647,
        0.47494861483573914,
        0.36855238676071167,
        0.4137265384197235,
        0.5155298709869385,
        0.4272204041481018,
        0.37763404846191406,
        0.4284835755825043,
        0.31944769620895386,
        0.43797823786735535,
        0.36019402742385864,
        0.5139220952987671,
        0.5173224210739136,
        0.4356929659843445,
        0.4832790493965149,
        0.36303889751434326,
        0.4109247922897339,
        0.5658435821533203,
        0.5561368465423584,
        0.44508007168769836,
        0.47127392888069153,
        0.35459887981414795,
        0.48253631591796875,
        0.5634334683418274,
        0.5818583369255066,
        0.6201497316360474,
        0.6978378295898438
    ]
}