{
    "seed": 1000012,
    "theta": [
        0.4826732575893402,
        0.6065444946289062,
        0.24728623032569885,
        0.47112664580345154
    ],
    "x": [
        0.8507924675941467,
        0.9114907383918762,
        0.8425622582435608,
        0.8090550899505615,
        0.9450326561927795,
        0.9006137847900391,
        0.8670876622200012,
        0.6637346744537354,
        0.7431411743164062,
        0.7077447175979614,
        0.5037676692008972,
        0.18713785707950592,
        0.45549696683883667,
        0.6646069884300232,
        0.6446271538734436,
        0.7254562377929688,
        0.5031980872154236,
        0.5262443423271179,
        0.5746777653694153,
        0.4078294038772583,
        0.5694814324378967,
        0.3750929534435272,
        0.6160627007484436,
        0.48558858036994934,
        0.25567296147346497,
        0.5692664980888367,
        0.17872746288776398,
        0.5668296813964844,
        0.47688814997673035,
        0.39225247502326965,
        0.45274847745895386,
        0.5463007688522339,
        0.15897268056869507,
        0.3856474459171295,
        0.42068493366241455,
        0.3740970492362976,
        0.4379587769508362,
        0.497143417596817,
        0.3911084532737732,
        0.3636322021484375,
        0.3517756164073944,
        0.3395257294178009,
        0.47781816124916077,
        0.3904861509799957,
        0.31116968393325806,
        0.2110641449689865,
        0.33975550532341003,
        0.4415765106678009,
        0.3390296995639801,
        0.4454072415828705,
        0.4022783935070038,
        0.4224826693534851,
        0.3945566713809967,
        0.1317545622587204,
        0.3295205533504486,
        0.5218474268913269,
        0.47805264592170715,
        0.41934558749198914,
        0.4317878782749176,
        0.5370374321937561,
        0.4529072940349579,
        0.5203723907470703,
        0.37287598848342896,
        0.5039379000663757,
        0.4539323151111603,
        0.4383895993232727,
        0.4663490355014801,
        0.5158714056015015,
        0.415670782327652,
        0.5571264624595642,
        0.3938898742198944,
        0.2767532467842102,
        0.4721553921699524,
        0.4140630066394806,
        0.38220569491386414,
        0.6099269986152649,
        0.502411425113678,
        0.42554205656051636,
        0.5733540654182434,
        0.4652072787284851,
        0.4789346158504486,
        0.3873748779296875,
        0.5042591094970703,
        0.34489619731903076,
        0.45134034752845764,
        0.5164660215377808,
        0.458120733499527,
        0.42355841398239136,
        0.451892226934433,
        0.5199305415153503,
        0.41525891423225403,
        0.4063071012496948,
        0.361655056476593,
        0.48315098881721497,
        0.4454711973667145,
        0.5295027494430542,
        0.5648160576820374,
        0.5726380944252014,
        0.556591272354126,
        0.6765482425689697,
        0.7074134945869446
    ]
}