{
    "seed": 1000004,
    "theta": [
        0.6817293763160706,
        0.703875720500946,
        0.5958558320999146,
        0.522239089012146
    ],
    "x": [
        0.8055092096328735,
        0.9454546570777893,
        0.7390574216842651,
        0.8456448912620544,
        0.9512760043144226,
        0.8643926978111267,
        0.9422363042831421,
        0.8772546052932739,
        0.8655121922492981,
        0.7060815095901489,
        0.6015617251396179,
        0.5454467535018921,
        0.5945665836334229,
        0.8262529969215393,
        0.5909145474433899,
        0.4874382019042969,
        0.5799884796142578,
        0.524932324886322,
        0.5869176387786865,
        0.4396067261695862,
        0.6298466920852661,
        0.5461168885231018,
        0.24307963252067566,
        0.5758526921272278,
        0.4371803402900696,
        0.47247314453125,
        0.4604625701904297,
        0.3633580505847931,
        0.34615248441696167,
        0.33537471294403076,
        0.5998163819313049,
        0.465649276971817,
        0.5223110318183899,
        0.5245165228843689,
        0.48826295137405396,
        0.5457523465156555,
        0.4440079927444458,
        0.5302029848098755,
        0.36536866426467896,
        0.5632997155189514,
        0.4582366943359375,
        0.5049657225608826,
        0.42335307598114014,
        0.496014267206192,
        0.43440374732017517,
        0.46441829204559326,
        0.50816410779953,
        0.5615572333335876,
        0.4241110384464264,
        0.4614418148994446,
        0.4726289212703705,
        0.38710224628448486,
        0.45494091510772705,
        0.478857159614563,
        0.42909571528434753,
        0.16335271298885345,
        0.5402246117591858,
        0.4002620577812195,
        0.1074119582772255,
        0.2928153872489929,
        -0.01799418218433857,
        -0.027298228815197945,
        0.3675903379917145,
        0.42029163241386414,
        0.4193789064884186,
        0.5403211116790771,
        0.4509042203426361,
        0.5091379880905151,
        0.4202567934989929,
        0.34579581022262573,
        0.5634292364120483,
        0.4651072323322296,
        0.45280811190605164,
        0.5147949457168579,
        0.24614842236042023,
        0.4548291563987732,
        0.4258412718772888,
        0.32092055678367615,
        0.4605375826358795,
        0.5055517554283142,
        0.5094796419143677,
        0.4282676577568054,
        0.4646975100040436,
        0.41089949011802673,
        0.36451491713523865,
        0.5590441226959229,
        0.4113001525402069,
        0.45675596594810486,
        0.18210119009017944,
        0.30573540925979614,
        0.42573750019073486,
        0.5968251824378967,
        0.4989061951637268,
        0.5261411070823669,
        0.5089892148971558,
        0.5338447690010071,
        0.5327596068382263,
        0.5275957584381104,
        0.5805302858352661,
        0.6162242889404297,
        0.6574572324752808
    ]
}