{
    "seed": 1000010,
    "theta": [
        0.6122286915779114,
        0.32908639311790466,
        0.3478350043296814,
        0.30236345529556274
    ],
    "x": [
        0.8991374969482422,
        0.7123463749885559,
        0.8065556883811951,
        0.7958118319511414,
        0.7187355160713196,
        0.7639387845993042,
        0.8716669678688049,
        0.6692594885826111,
        0.7310717105865479,
        0.7235105037689209,
        0.43847885727882385,
        0.586089551448822,
        0.5092496275901794,
        0.5667793154716492,
        0.6012864708900452,
        0.5426061153411865,
        0.4439322054386139,
        0.3786454498767853,
        0.5428485870361328,
        0.5600413084030151,
        0.3479970395565033,
        0.4782613217830658,
        0.49666672945022583,
        0.5018182396888733,
        -0.03421885147690773,
        0.460715115070343,
        0.4309614896774292,
        0.3228500485420227,
        0.40276527404785156,
        0.4767921566963196,
        0.262472540140152,
        0.33744800090789795,
        0.4162956178188324,
        0.39831796288490295,
        0.5053984522819519,
        0.35752028226852417,
        0.4210957884788513,
        0.3513983488082886,
        0.25761285424232483,
        0.27211353182792664,
        0.38909098505973816,
        0.23286069929599762,
        0.5217787623405457,
        0.4869705140590668,
        0.4381186068058014,
        0.40476876497268677,
        0.36550459265708923,
        0.45995011925697327,
        0.37743937969207764,
        0.4604773223400116,
        0.4686182737350464,
        0.42858707904815674,
        0.3883664309978485,
        0.40162545442581177,
        0.4963373839855194,
        0.5084162354469299,
        0.15541687607765198,
        0.4747447967529297,
        0.4399360716342926,
        0.20890527963638306,
        0.44462698698043823,
        0.5051301121711731,
        0.4245803952217102,
        0.4875335693359375,
        0.3920959532260895,
        0.3707583248615265,
        0.489697128534317,
        0.1380515992641449,
        0.49124208092689514,
        0.39014843106269836,
        0.483789324760437,
        0.45653584599494934,
        0.2555221617221832,
        0.43415209650993347,
        0.4568495452404022,
        0.3930257260799408,
        0.3582043945789337,
        0.4584813416004181,
        0.4286980926990509,
        0.2986643612384796,
        0.4518793821334839,
        0.257674902677536,
        0.2289934754371643,
        0.42560145258903503,
        0.39065322279930115,
        0.49753543734550476,
        0.4571579098701477,
        0.4527636170387268,
        0.575151801109314,
        0.5060142278671265,
        0.3804000914096832,
        0.4293287992477417,
        0.49627164006233215,
        0.43620553612709045,
        0.5668541193008423,
        0.514760434627533,
        0.5404291749000549,
        0.6049860715866089,
        0.5305206179618835,
        0.6483562588691711,
        0.6922816038131714
    ]
}