{
    "seed": 1000002,
    "theta": [
        0.437422513961792,
        0.25804001092910767,
        0.4966677129268646,
        0.5211669206619263
    ],
    "x": [
        0.8996448516845703,
        0.8420475125312805,
        0.8990427851676941,
        0.9582890868186951,
        0.7412059903144836,
        0.838971734046936,
        0.5681421756744385,
        0.5891959071159363,
        0.5392704010009766,
        0.6943581700325012,
        0.5286117792129517,
        0.5955796837806702,
        0.5623618960380554,
        0.5899938941001892,
        0.5109228491783142,
        0.3262326419353485,
        0.5593231320381165,
        0.46909865736961365,
        0.5248466730117798,
        0.2752443850040436,
        0.5122788548469543,
        0.23793601989746094,
        -0.0014272053958848119,
        0.47444942593574524,
        0.4199991822242737,
        0.42677661776542664,
        0.6001104712486267,
        0.4268830716609955,
        0.5419700741767883,
        0.39907583594322205,
        0.5306828618049622,
        0.4718996584415436,
        0.4716275632381439,
        0.4243806302547455,
        0.542217493057251,
        0.4314221739768982,
        0.4284769594669342,
        0.28553277254104614,
        0.404864639043808,
        0.4060988128185272,
        0.4809371829032898,
        0.5144401788711548,
        0.36491215229034424,
        0.583299994468689,
        0.405377060174942,
        0.3508056700229645,
        0.48182615637779236,
        0.5444923639297485,
        0.5181159973144531,
        0.4576878845691681,
        0.2672991454601288,
        0.3842971920967102,
        0.5613175630569458,
        0.4917961061000824,
        0.4583676755428314,
        0.554827094078064,
        0.44360020756721497,
        0.5066365599632263,
        0.2664513885974884,
        0.5172897577285767,
        0.4835534393787384,
        0.4432367980480194,
        0.4557334780693054,
        0.4484623074531555,
        0.26393648982048035,
        0.38137105107307434,
        0.4344739317893982,
        0.31276652216911316,
        0.44203057885169983,
        0.4588698148727417,
        0.48568853735923767,
        0.08009262382984161,
        0.4772378206253052,
        0.5593618750572205,
        0.32835084199905396,
        0.43967360258102417,
        0.389754980802536,
        0.4676203429698944,
        0.4442710876464844,
        0.49641087651252747,
        0.4454345703125,
        0.4650411009788513,
        0.444042831659317,
        0.459783673286438,
        0.5425750613212585,
        0.5197002291679382,
        0.284185528755188,
        0.3951304256916046,
        0.45032259821891785,
        0.4428724944591522,
        0.48508721590042114,
        0.5579521059989929,
        0.5235356688499451,
        0.36843568086624146,
        0.5062986016273499,
        0.447470098733902,
        0.5213311314582825,
        0.6155981421470642,
        0.46584293246269226,
        0.6062856316566467,
        0.6557247042655945
    ]
}