{
    "seed": 1000003,
    "theta": [
        0.48171088099479675,
        0.26951104402542114,
        0.6230297684669495,
        0.6201204657554626
    ],
    "x": [
        0.8230863213539124,
        0.9211744666099548,
        0.7894200682640076,
        0.991882860660553,
        0.6704807281494141,
        0.6313172578811646,
        0.6380036473274231,
        0.530877947807312,
        0.5356802344322205,
        0.6540363430976868,
        0.4779652953147888,
        0.5047067999839783,
        0.4532356262207031,
        0.4877530336380005,
        0.21783968806266785,
        0.475936621427536,
        0.47451502084732056,
        0.4601481258869171,
        0.5924776792526245,
        0.4385673403739929,
        0.45834147930145264,
        0.43774425983428955,
        0.39377862215042114,
        0.4601229429244995,
        0.34302622079849243,
        0.48971912264823914,
        0.4610333740711212,
        0.5308099389076233,
        0.46367084980010986,
        0.4547172486782074,
        0.4811567962169647,
        0.3422674834728241,
        0.5376319885253906,
        0.464337021112442,
        0.412274032831192,
        0.4849816560745239,
        0.5010388493537903,
        0.4644427001476288,
        0.3765823245048523,
        0.257885605096817,
        0.5111954808235168,
        0.41846874356269836,
        0.39501774311065674,
        0.43437957763671875,
        0.48708584904670715,
        0.4992324709892273,
        0.555438220500946,
        0.4255560636520386,
        0.5192070007324219,
        0.528427004814148,
        0.4306977689266205,
        0.5128713250160217,
        0.2436860352754593,
        0.41565462946891785,
        0.3491630554199219,
        0.5213844180107117,
        0.363571435213089,
        0.3715018033981323,
        0.4662138521671295,
        0.1982671171426773,
        0.4750712215900421,
        0.565973162651062,
        0.3230990171432495,
        0.2247210144996643,
        0.30559590458869934,
        0.4844328463077545,
        0.46711602807044983,
        0.3764062225818634,
        0.39763781428337097,
        0.45684701204299927,
        0.5427513122558594,
        0.4887579679489136,
        0.4694550931453705,
        0.5538569092750549,
        0.4250447452068329,
        0.32411906123161316,
        0.40941160917282104,
        0.4930100739002228,
        0.4662512540817261,
        0.5752468109130859,
        0.36221617460250854,
        0.29922205209732056,
        0.5266530513763428,
        0.40156352519989014,
        0.4564639925956726,
        0.4952615201473236,
        0.5876032710075378,
        0.4405502378940582,
        0.5142109990119934,
        0.32588639855384827,
        0.48307088017463684,
        0.2830805480480194,
        0.4979534149169922,
        0.41492539644241333,
        0.5024145841598511,
        0.3888881802558899,
        0.5505406856536865,
        0.5279039740562439,
        0.5033925175666809,
        0.5237534642219543,
        0.5730330348014832
    ]
}