{
    "seed": 1000012,
    "theta": [
        -0.21736599504947662,
        -0.4189567565917969
    ],
    "x": [
        1.8935235738754272,
        1.2832101583480835,
        1.029746413230896,
        0.7680485248565674,
        0.5735916495323181,
        0.26562342047691345,
        0.11786232143640518,
        -0.005368969403207302,
        -0.2660239338874817,
        -0.3889853358268738,
        -0.5129401087760925,
        -0.5573128461837769,
        -0.6677002310752869,
        -0.8066796064376831,
        -0.7698952555656433,
        -0.8585919141769409,
        -0.8881345391273499,
        -1.0347609519958496,
        -1.0308763980865479,
        -1.1227960586547852,
        -1.0792396068572998,
        -1.014249324798584,
        -0.9911183714866638,
        -1.0476670265197754,
        -1.1210026741027832
    ]
}