{
    "seed": 1000010,
    "theta": [
        -0.44302958250045776,
        -0.6140655279159546
    ],
    "x": [
        1.8935235738754272,
        1.4408824443817139,
        1.1129192113876343,
        0.7775790691375732,
        0.5755806565284729,
        0.27301108837127686,
        0.02352115325629711,
        -0.24355317652225494,
        -0.4131811261177063,
        -0.5396398901939392,
        -0.6771735548973083,
        -0.778570294380188,
        -0.9088941216468811,
        -1.0007480382919312,
        -1.0378860235214233,
        -1.0185925960540771,
        -1.0709917545318604,
        -1.2169955968856812,
        -1.232607364654541,
        -1.3443101644515991,
        -1.3423320055007935,
        -1.4311381578445435,
        -1.4825730323791504,
        -1.4425218105316162,
        -1.3792465925216675
    ]
}