{
    "seed": 1000000,
    "theta": [
        -0.19062389433383942,
        -0.343127578496933
    ],
    "x": [
        1.8935235738754272,
        1.4035661220550537,
        0.8816179633140564,
        0.5648436546325684,
        0.19748564064502716,
        -0.003858087118715048,
        -0.26283374428749084,
        -0.4293978810310364,
        -0.5376824140548706,
        -0.5659364461898804,
        -0.6829432845115662,
        -0.8517608642578125,
        -0.931222677230835,
        -0.9338056445121765,
        -0.9807246923446655,
        -1.058422565460205,
        -0.9806897640228271,
        -1.0523089170455933,
        -1.0181910991668701,
        -1.0673242807388306,
        -1.1440314054489136,
        -1.3023431301116943,
        -1.311671257019043,
        -1.2038335800170898,
        -1.133744716644287
    ]
}