{
    "seed": 1000009,
    "theta": [
        -0.3450467884540558,
        -0.46609944105148315
    ],
    "x": [
        1.8935235738754272,
        1.4641515016555786,
        1.073775053024292,
        0.7617044448852539,
        0.5666625499725342,
        0.2562620937824249,
        0.14731404185295105,
        0.07211210578680038,
        -0.07666386663913727,
        -0.26758185029029846,
        -0.30967816710472107,
        -0.292675644159317,
        -0.4234965443611145,
        -0.44870394468307495,
        -0.4582757353782654,
        -0.6044402718544006,
        -0.6676167249679565,
        -0.7969885468482971,
        -0.9267666339874268,
        -0.7980743050575256,
        -0.7556211352348328,
        -0.8933658003807068,
        -0.9807677865028381,
        -0.9386014938354492,
        -1.0211379528045654
    ]
}