{
    "seed": 1000001,
    "theta": [
        -0.31937384605407715,
        -0.3781602382659912
    ],
    "x": [
        1.8935235738754272,
        1.5283466577529907,
        1.1275385618209839,
        0.8246759176254272,
        0.5946952104568481,
        0.31426921486854553,
        0.23676934838294983,
        0.026493659242987633,
        -0.20794744789600372,
        -0.3381580412387848,
        -0.4439029395580292,
        -0.5581798553466797,
        -0.5708394646644592,
        -0.7591106295585632,
        -0.835697591304779,
        -0.7813888192176819,
        -0.756605863571167,
        -0.8266770243644714,
        -0.842639148235321,
        -0.9349931478500366,
        -1.042028784751892,
        -1.0515921115875244,
        -1.1359870433807373,
        -1.201269268989563,
        -1.3502378463745117
    ]
}