{
    "seed": 1000008,
    "theta": [
        -0.2172582745552063,
        -0.5054250359535217
    ],
    "x": [
        1.8935235738754272,
        1.3838424682617188,
        0.9447947144508362,
        0.5891484618186951,
        0.31494954228401184,
        -0.07068155705928802,
        -0.2752334475517273,
        -0.41368597745895386,
        -0.560112714767456,
        -0.6270633339881897,
        -0.7232959866523743,
        -0.7518275380134583,
        -0.7978798747062683,
        -0.9411458969116211,
        -0.9595457911491394,
        -1.0190904140472412,
        -1.1013875007629395,
        -1.0743504762649536,
        -1.0313440561294556,
        -0.9955912828445435,
        -0.9651252627372742,
        -1.0159151554107666,
        -1.2175929546356201,
        -1.2254116535186768,
        -1.3578109741210938
    ]
}