{
    "seed": 1000002,
    "theta": [
        -0.23859676718711853,
        -0.2776656150817871
    ],
    "x": [
        1.8935235738754272,
        1.5520269870758057,
        1.251822829246521,
        0.9035280346870422,
        0.6245190501213074,
        0.3187272846698761,
        0.031148133799433708,
        -0.25486838817596436,
        -0.4911094009876251,
        -0.5943415760993958,
        -0.7712225914001465,
        -0.7376529574394226,
        -0.9105814099311829,
        -0.9603193998336792,
        -1.0058521032333374,
        -1.0670400857925415,
        -1.18692946434021,
        -1.2159790992736816,
        -1.1810206174850464,
        -1.0083423852920532,
        -1.1470714807510376,
        -1.118497371673584,
        -1.1365668773651123,
        -1.124755620956421,
        -1.29254150390625
    ]
}