{
    "seed": 1000004,
    "theta": [
        -0.1874479204416275,
        -0.3642142415046692
    ],
    "x": [
        1.8935235738754272,
        1.3466315269470215,
        0.9779346585273743,
        0.4913816452026367,
        0.16422587633132935,
        0.03485921770334244,
        -0.11673867702484131,
        -0.2748928368091583,
        -0.29907602071762085,
        -0.4828145503997803,
        -0.5029867887496948,
        -0.6200805902481079,
        -0.5331863760948181,
        -0.6236897110939026,
        -0.6315541863441467,
        -0.7181029319763184,
        -0.7371561527252197,
        -0.9638276100158691,
        -1.0001521110534668,
        -1.0400899648666382,
        -1.0208293199539185,
        -0.9995620250701904,
        -1.1903438568115234,
        -1.2464439868927002,
        -1.4563575983047485
    ]
}