{
    "seed": 1000000,
    "theta": [
        -0.0016489028930664062,
        0.23420628905296326,
        0.0006225407123565674,
        -0.05675728619098663,
        -0.3672269582748413,
        -0.1085246279835701,
        -0.2235969603061676,
        0.07421781122684479,
        -0.00931287556886673,
        0.28082555532455444
    ],
    "x": [
        0.773643434047699,
        0.11458218842744827,
        -0.407455176115036,
        0.013308718800544739,
        -0.550855278968811,
        -0.140745609998703,
        0.08013305068016052,
        -0.054261595010757446,
        -0.25876033306121826,
        0.2562050521373749
    ]
}