{
    "seed": 1000010,
    "theta": [
        0.07829509675502777,
        -0.14520305395126343,
        -0.14814424514770508,
        -0.1883685290813446,
        0.2936111390590668,
        -0.20522400736808777,
        -0.09007448703050613,
        0.19776473939418793,
        0.09273368865251541,
        0.2915688753128052
    ],
    "x": [
        -0.2480943351984024,
        0.39060652256011963,
        -0.4341038763523102,
        -0.49708741903305054,
        0.30856895446777344,
        -0.209609255194664,
        0.2711654603481293,
        0.46055442094802856,
        -0.06716587394475937,
        0.15998029708862305
    ]
}