{
    "seed": 1000004,
    "theta": [
        -0.2170650064945221,
        -0.14708846807479858,
        -0.09608129411935806,
        0.10816124081611633,
        -0.0321444571018219,
        -0.20339839160442352,
        0.22783036530017853,
        0.1922585815191269,
        0.05300614982843399,
        0.21504905819892883
    ],
    "x": [
        0.02818639576435089,
        0.1743222177028656,
        -0.19701553881168365,
        -0.41685739159584045,
        -0.02461315132677555,
        -0.6360149383544922,
        0.10855134576559067,
        0.4764440059661865,
        0.5199630260467529,
        0.4116641581058502
    ]
}