{
    "seed": 1000001,
    "theta": [
        0.024018213152885437,
        -0.34491413831710815,
        -0.16473305225372314,
        0.08672122657299042,
        0.017367834225296974,
        -0.2087809145450592,
        -0.04477369412779808,
        -0.14270788431167603,
        0.2788274884223938,
        0.17345061898231506
    ],
    "x": [
        -0.4058459997177124,
        -0.6645336747169495,
        -0.0792383924126625,
        0.24290406703948975,
        0.6926681399345398,
        -0.2194320410490036,
        0.548916757106781,
        0.6476494669914246,
        0.510318398475647,
        0.21644508838653564
    ]
}