{
    "seed": 1000004,
    "theta": [
        0.481903076171875,
        0.24964527785778046
    ],
    "x": [
        -0.26081931591033936,
        -0.27314913272857666
    ]
}