{
    "seed": 1000003,
    "theta": [
        -0.35659468173980713,
        -0.05642341077327728
    ],
    "x": [
        0.016568273305892944,
        0.2697356045246124
    ]
}