{
    "seed": 1000010,
    "theta": [
        0.7786988615989685,
        -0.2649061679840088
    ],
    "x": [
        -0.0908980667591095,
        -0.8282409310340881
    ]
}