{
    "seed": 1000002,
    "theta": [
        0.33321666717529297,
        -0.18030090630054474
    ],
    "x": [
        0.1836489588022232,
        -0.2650410830974579
    ]
}