{
    "seed": 1000000,
    "theta": [
        -0.5565515160560608,
        -0.11451199650764465
    ],
    "x": [
        -0.22180163860321045,
        0.4109130799770355
    ]
}