{
    "seed": 1000008,
    "theta": [
        0.30034738779067993,
        -0.05587610602378845
    ],
    "x": [
        0.1358872652053833,
        -0.3273540139198303
    ]
}