{
    "seed": 1000005,
    "theta": [
        -0.24783845245838165,
        -0.05995782092213631
    ],
    "x": [
        0.1025644838809967,
        0.06795885413885117
    ]
}