{
    "seed": 1000001,
    "theta": [
        -0.09192018955945969,
        -0.503528356552124
    ],
    "x": [
        -0.1649755835533142,
        -0.20796367526054382
    ]
}