{
    "seed": 1000005,
    "theta": [
        0.05840247869491577,
        -0.6329428553581238
    ],
    "x": [
        -0.0860520601272583,
        -0.5537477731704712
    ]
}