{
    "seed": 1000003,
    "theta": [
        0.014843478798866272,
        -0.6315291523933411
    ],
    "x": [
        -0.12744644284248352,
        -0.3995719850063324
    ]
}