{
    "seed": 1000012,
    "theta": [
        -0.058948785066604614,
        -0.7817360162734985
    ],
    "x": [
        -0.3438401520252228,
        -0.39240074157714844
    ]
}