{
    "seed": 1000001,
    "theta": [
        0.12081437557935715,
        -0.8102506399154663
    ],
    "x": [
        -0.23143494129180908,
        -0.5752751231193542
    ]
}