{
    "seed": 1000009,
    "theta": [
        0.2900463342666626,
        -0.9458156228065491
    ],
    "x": [
        -0.12844246625900269,
        -0.826945960521698
    ]
}