{
    "seed": 1000008,
    "theta": [
        0.27784016728401184,
        -0.631310224533081
    ],
    "x": [
        0.05881348252296448,
        -0.7183323502540588
    ]
}