{
    "seed": 1000002,
    "theta": [
        0.29100948572158813,
        -0.6810731887817383
    ],
    "x": [
        0.01596003770828247,
        -0.5892955660820007
    ]
}