{
    "seed": 1000010,
    "theta": [
        0.47224190831184387,
        -0.714904248714447
    ],
    "x": [
        0.10082006454467773,
        -0.929739773273468
    ]
}