{
    "seed": 1000000,
    "theta": [
        -0.06545327603816986,
        -0.6547624468803406
    ],
    "x": [
        -0.25655752420425415,
        -0.3183605372905731
    ]
}