{
    "seed": 1000005,
    "theta": [
        0.4492982029914856,
        0.2997705936431885,
        0.35178157687187195,
        0.5455641746520996
    ],
    "x": [
        0.873299777507782,
        0.893142819404602,
        0.8755062222480774,
        0.6945787072181702,
        0.7709783911705017,
        0.6690939664840698,
        0.6158493161201477,
        0.7260648012161255,
        0.6955228447914124,
        0.5552414059638977,
        0.5419197082519531,
        0.5772613286972046,
        0.5355326533317566,
        0.5009361505508423,
        0.37629586458206177,
        0.48664677143096924,
        0.48551827669143677,
        0.4569508731365204,
        0.5055447816848755,
        0.38597792387008667,
        0.4778410494327545,
        0.417150616645813,
        0.49774423241615295,
        0.47528254985809326,
        0.5460020899772644,
        0.4665570557117462,
        0.4185541868209839,
        0.36548691987991333,
        0.46072325110435486,
        0.4929833710193634,
        0.3777023255825043,
        0.28872808814048767,
        0.4011489748954773,
        0.12329661101102829,
        0.3666684329509735,
        0.2773798704147339,
        0.4165753722190857,
        0.3531050384044647,
        0.5442583560943604,
        0.5468667149543762,
        0.31550395488739014,
        0.4284716248512268,
        0.4093635678291321,
        0.38735440373420715,
        0.4570869505405426,
        0.4134938418865204,
        0.3438715636730194,
        0.4595757722854614,
        0.5008513331413269,
        0.5162087678909302,
        0.5317782163619995,
        0.3547857999801636,
        0.5238310694694519,
        0.47542303800582886,
        0.28364282846450806,
        0.4372515380382538,
        0.44269129633903503,
        0.35697874426841736,
        0.3262545168399811,
        0.5123656988143921,
        0.5333536863327026,
        0.3055213987827301,
        0.35784250497817993,
        0.49498799443244934,
        0.4015781283378601,
        0.4538174867630005,
        0.2320866882801056,
        0.5345078706741333,
        0.535666286945343,
        0.49221599102020264,
        0.4528464078903198,
        0.44020143151283264,
        0.4779778718948364,
        0.5612813234329224,
        0.5552284121513367,
        0.5767154693603516,
        0.34325677156448364,
        0.4622915983200073,
        0.4057941436767578,
        0.42557474970817566,
        0.49727681279182434,
        0.5469463467597961,
        0.3977246582508087,
        0.22903341054916382,
        0.45034268498420715,
        0.4822588562965393,
        0.2344844788312912,
        0.4032459259033203,
        0.4249682128429413,
        0.5032396912574768,
        0.49657338857650757,
        0.27059313654899597,
        0.4290824830532074,
        0.4649258852005005,
        0.6381255984306335,
        0.4729970395565033,
        0.658731997013092,
        0.46561190485954285,
        0.5012885928153992,
        0.6578940153121948,
        0.723831832408905
    ]
}