{
    "seed": 1000008,
    "theta": [
        0.4530755579471588,
        0.28200989961624146,
        0.5852699279785156,
        0.5952223539352417
    ],
    "x": [
        0.9116991758346558,
        0.8725377321243286,
        0.8605232238769531,
        0.7961897253990173,
        0.6913223266601562,
        0.6934749484062195,
        0.742346465587616,
        0.7109271883964539,
        0.5277392268180847,
        0.646062970161438,
        0.5694217681884766,
        0.5697059631347656,
        0.5022684931755066,
        0.5411443114280701,
        0.6126574277877808,
        0.5469703674316406,
        0.5477696657180786,
        0.40628764033317566,
        0.45819827914237976,
        0.4750122129917145,
        0.5320709347724915,
        0.47084859013557434,
        0.39774590730667114,
        0.5722445249557495,
        0.5667864680290222,
        0.10895207524299622,
        0.4893590211868286,
        0.21025899052619934,
        0.5728581547737122,
        0.5349291563034058,
        0.39609795808792114,
        0.40323880314826965,
        0.2905923128128052,
        0.40280264616012573,
        0.3205477297306061,
        0.5895645022392273,
        0.3268049955368042,
        0.4238176941871643,
        0.29030290246009827,
        0.45848211646080017,
        0.4577192962169647,
        0.3895202577114105,
        0.37894120812416077,
        0.47412630915641785,
        0.35183894634246826,
        0.5170221924781799,
        0.3024144470691681,
        0.43938344717025757,
        0.36732038855552673,
        0.5343465209007263,
        0.2610315978527069,
        0.4915083646774292,
        0.45363566279411316,
        0.39732247591018677,
        0.4956434965133667,
        0.4178108274936676,
        0.43639272451400757,
        0.5553802251815796,
        0.41269123554229736,
        0.5036914944648743,
        0.5421966314315796,
        0.49937450885772705,
        0.44257214665412903,
        0.5444587469100952,
        0.5264760255813599,
        0.4249396026134491,
        0.40292346477508545,
        0.38480567932128906,
        0.4431520998477936,
        0.4776616394519806,
        0.37324512004852295,
        0.5654541254043579,
        0.47404542565345764,
        0.47442132234573364,
        0.3987523317337036,
        0.5097709894180298,
        0.5617403388023376,
        0.5902670621871948,
        0.5285794734954834,
        0.5171858668327332,
        0.3823052644729614,
        0.3759091794490814,
        0.5462316870689392,
        0.5612413883209229,
        0.4661463499069214,
        0.49282658100128174,
        0.3570583462715149,
        0.5937680602073669,
        0.466381698846817,
        0.5858562588691711,
        0.4092758297920227,
        0.516387403011322,
        0.46697717905044556,
        0.6294199824333191,
        0.3228342831134796,
        0.5505228638648987,
        0.5906438231468201,
        0.5646363496780396,
        0.5802543759346008,
        0.6477471590042114,
        0.6577497124671936
    ]
}