{
    "seed": 1000003,
    "theta": [
        0.39835482835769653,
        0.36319243907928467,
        0.36662450432777405,
        0.6390208005905151
    ],
    "x": [
        0.8478001952171326,
        0.9292126893997192,
        0.8605251312255859,
        0.9385195374488831,
        0.9028180241584778,
        0.8396490812301636,
        0.5373402833938599,
        0.677439272403717,
        0.7408657073974609,
        0.6053149104118347,
        0.510833740234375,
        0.7138347625732422,
        0.590850830078125,
        0.5374570488929749,
        0.3546236753463745,
        0.4492117464542389,
        0.5872930884361267,
        0.31463611125946045,
        0.5727287530899048,
        0.5374916195869446,
        0.48983776569366455,
        0.41882553696632385,
        0.5043689608573914,
        0.3730819821357727,
        0.43002089858055115,
        0.5189831852912903,
        0.26537054777145386,
        0.4030858278274536,
        0.4854976534843445,
        0.46961721777915955,
        0.2578567564487457,
        0.495929092168808,
        0.49277764558792114,
        0.36657360196113586,
        0.3872438967227936,
        0.461745947599411,
        0.49183323979377747,
        0.3426251709461212,
        0.5304487943649292,
        0.502426028251648,
        0.5228668451309204,
        0.5032691955566406,
        0.5573215484619141,
        0.3911673128604889,
        0.4432334899902344,
        0.43234050273895264,
        0.19406865537166595,
        0.39632657170295715,
        0.5339022278785706,
        0.39135512709617615,
        0.3909130096435547,
        0.41877809166908264,
        0.32031822204589844,
        0.3658706545829773,
        0.5745401978492737,
        0.4971328675746918,
        0.3532661497592926,
        0.4565652310848236,
        0.4952278137207031,
        0.4843583405017853,
        0.4710426330566406,
        0.186431884765625,
        0.534845232963562,
        0.4838261902332306,
        0.5888994932174683,
        0.3168460726737976,
        0.49033764004707336,
        0.3612651824951172,
        0.5474698543548584,
        0.2876843810081482,
        0.5068017244338989,
        0.6120336055755615,
        0.483444482088089,
        0.42864495515823364,
        0.4343879818916321,
        0.3480285704135895,
        0.45653775334358215,
        0.23022906482219696,
        0.5106703639030457,
        0.3800247311592102,
        0.41772714257240295,
        0.5885733366012573,
        0.38059502840042114,
        0.3937147855758667,
        0.34597599506378174,
        0.4817274808883667,
        0.4859474301338196,
        0.4650377929210663,
        0.511578381061554,
        0.378216415643692,
        0.4958333373069763,
        0.4973866641521454,
        0.4818096160888672,
        0.5151060819625854,
        0.6498851776123047,
        0.600500762462616,
        0.5584436058998108,
        0.6054643988609314,
        0.5418102145195007,
        0.5751826167106628,
        0.6803929805755615
    ]
}