{
    "seed": 1000002,
    "theta": [
        0.34577393531799316,
        0.19104114174842834,
        0.44231826066970825,
        0.5095848441123962
    ],
    "x": [
        0.8854469060897827,
        0.8002447485923767,
        0.9889981746673584,
        0.7868205904960632,
        0.800399124622345,
        0.6525219082832336,
        0.6626242399215698,
        0.5579500794410706,
        0.5270149111747742,
        0.6191069483757019,
        0.3144821226596832,
        0.5576812624931335,
        0.4611061215400696,
        0.49511590600013733,
        0.5117015838623047,
        0.3859139680862427,
        0.4944438934326172,
        0.5607882142066956,
        0.5025970339775085,
        0.4080529510974884,
        0.49285775423049927,
        0.4615395963191986,
        0.5171673893928528,
        0.5395589470863342,
        0.5096315741539001,
        0.5470651984214783,
        0.5194052457809448,
        0.46679624915122986,
        0.5722310543060303,
        0.499038428068161,
        0.5178441405296326,
        0.47945937514305115,
        0.21850408613681793,
        0.5372451543807983,
        0.4036857485771179,
        0.41472306847572327,
        0.42501258850097656,
        0.38661956787109375,
        0.5317121148109436,
        0.3403256833553314,
        0.2577313780784607,
        0.29224827885627747,
        0.434585303068161,
        0.5301983952522278,
        0.22862815856933594,
        0.42302435636520386,
        0.43419620394706726,
        0.49242961406707764,
        0.4465540647506714,
        0.17651544511318207,
        0.43695691227912903,
        0.47064870595932007,
        0.35590502619743347,
        0.3115343749523163,
        0.5442676544189453,
        0.39786797761917114,
        0.3650074005126953,
        0.429644912481308,
        0.23541997373104095,
        0.457317978143692,
        0.5052762627601624,
        0.4761978089809418,
        0.4557052552700043,
        0.5414569973945618,
        0.3887433409690857,
        0.24817809462547302,
        0.5245262384414673,
        0.32316258549690247,
        0.30251121520996094,
        0.4737869203090668,
        0.4432540833950043,
        0.5327269434928894,
        0.48242199420928955,
        0.5268248319625854,
        0.3849247097969055,
        0.47316983342170715,
        0.4736199676990509,
        0.20017267763614655,
        0.5479428768157959,
        0.5075016021728516,
        0.49823009967803955,
        0.5125948786735535,
        0.2520122528076172,
        0.5294449925422668,
        0.29116693139076233,
        0.31657347083091736,
        0.5202186703681946,
        0.5486795902252197,
        0.5194353461265564,
        0.5084429383277893,
        0.45339903235435486,
        0.42095616459846497,
        0.5706533789634705,
        0.5260584354400635,
        0.5329561829566956,
        0.5850158929824829,
        0.5627358555793762,
        0.5306746363639832,
        0.5799309015274048,
        0.6925275325775146,
        0.7200965881347656
    ]
}