{
    "seed": 1000004,
    "theta": [
        0.3659304678440094,
        0.30084294080734253,
        0.37965866923332214,
        0.5498183965682983
    ],
    "x": [
        0.8128154873847961,
        0.8192996978759766,
        0.6349573731422424,
        0.8241990208625793,
        0.6830373406410217,
        0.7680086493492126,
        0.6691075563430786,
        0.7575406432151794,
        0.691254198551178,
        0.5052834749221802,
        0.6019564270973206,
        0.647628903388977,
        0.6379890441894531,
        0.4936220943927765,
        0.5258753299713135,
        0.553485095500946,
        0.41748759150505066,
        0.4964045286178589,
        0.5053461790084839,
        0.4516102969646454,
        0.47077813744544983,
        0.5213185548782349,
        0.4667973816394806,
        0.5426760315895081,
        0.47861239314079285,
        0.5019114017486572,
        0.5199404358863831,
        0.5449116826057434,
        0.512298583984375,
        0.5508041381835938,
        0.5068522095680237,
        0.4416506588459015,
        0.28466808795928955,
        0.45609205961227417,
        0.4103950560092926,
        0.5157163143157959,
        0.46574604511260986,
        0.46850332617759705,
        0.40147170424461365,
        0.3740836977958679,
        0.4274391233921051,
        0.48538893461227417,
        0.4359484314918518,
        0.49850133061408997,
        0.5094996094703674,
        0.3846449553966522,
        0.4674125611782074,
        0.44674810767173767,
        0.5221202969551086,
        0.3153930604457855,
        0.4916081726551056,
        0.47270023822784424,
        0.5043718814849854,
        0.09354298561811447,
        0.5208470821380615,
        0.32618585228919983,
        0.4438234865665436,
        0.4521142244338989,
        0.46813252568244934,
        0.48472481966018677,
        0.5043909549713135,
        0.4617502987384796,
        0.46998393535614014,
        0.42518845200538635,
        0.4643886685371399,
        0.5568229556083679,
        0.5165903568267822,
        0.44523367285728455,
        0.3317527770996094,
        0.2626565396785736,
        0.4834054410457611,
        0.1883242279291153,
        0.5191131830215454,
        0.4029832184314728,
        0.4430477023124695,
        0.39197298884391785,
        0.5722028017044067,
        0.4968874752521515,
        0.348974347114563,
        0.522408664226532,
        0.4227800965309143,
        0.39078763127326965,
        0.4743892550468445,
        0.40127450227737427,
        0.3167438507080078,
        0.504034161567688,
        0.5087070465087891,
        0.32044193148612976,
        0.3115394711494446,
        0.5553932189941406,
        0.410263329744339,
        0.545821487903595,
        0.4919064939022064,
        0.5267239809036255,
        0.4937800168991089,
        0.4275994598865509,
        0.42896372079849243,
        0.4934731721878052,
        0.46899211406707764,
        0.5461806058883667,
        0.5315132141113281
    ]
}