{
    "seed": 1000008,
    "theta": [
        0.1655697226524353,
        -0.24248673021793365,
        -0.2843014597892761,
        0.3861786127090454,
        -0.2584621012210846,
        -0.35624468326568604,
        0.11875706166028976,
        -0.29639989137649536,
        -0.11919877678155899,
        0.15051651000976562,
        -0.3948300778865814,
        -0.2042352706193924,
        0.014700649306178093,
        -0.24373859167099,
        -0.13358861207962036,
        -0.09207538515329361,
        -0.08808980137109756,
        0.06232893466949463,
        -0.32358285784721375,
        0.3868190348148346
    ],
    "x": [
        0.5502150058746338,
        -0.2841314375400543,
        -0.6725216507911682,
        0.17324770987033844,
        -0.29562538862228394,
        -0.4341321587562561,
        0.3091738224029541,
        -0.054182156920433044,
        -0.4226081967353821,
        -0.3676415681838989,
        -0.826985239982605,
        0.012742862105369568,
        0.2671991288661957,
        -0.21009443700313568,
        -0.4152917265892029,
        0.5479301810264587,
        0.0022762343287467957,
        0.20292718708515167,
        -0.10672727227210999,
        0.4402984380722046
    ]
}