{
    "seed": 1000012,
    "theta": [
        0.09543588757514954,
        0.18498575687408447,
        0.4123706817626953,
        0.21067503094673157,
        0.3639395833015442,
        0.07343602180480957,
        0.3170205354690552,
        0.16207094490528107,
        -0.0893479734659195,
        -0.3389054238796234,
        0.3441958725452423,
        -0.38598865270614624,
        -0.276481956243515,
        0.20147362351417542,
        -0.2923186421394348,
        -0.3978596329689026,
        0.5125757455825806,
        0.23535901308059692,
        -0.015058085322380066,
        -0.06801670789718628
    ],
    "x": [
        0.4650590717792511,
        -0.07352924346923828,
        0.6151443123817444,
        -0.08978128433227539,
        0.4935159683227539,
        -0.2269803285598755,
        0.05074036121368408,
        0.11445853114128113,
        -0.5936134457588196,
        -0.06823009252548218,
        0.8794300556182861,
        -0.07465857267379761,
        -0.4212720990180969,
        0.7839498519897461,
        -0.190196692943573,
        -0.3047955632209778,
        -0.02912658452987671,
        -0.10871610045433044,
        0.09196248650550842,
        -0.15056166052818298
    ]
}