{
    "seed": 1000002,
    "theta": [
        0.09705859422683716,
        -0.28632503747940063,
        -0.40538740158081055,
        0.45549482107162476,
        -0.32458123564720154,
        -0.4161766767501831,
        0.08576516807079315,
        -0.13178274035453796,
        -0.11183564364910126,
        0.12465383857488632,
        -0.31376591324806213,
        -0.21665911376476288,
        -0.02328752726316452,
        -0.1394805759191513,
        0.006687246263027191,
        -0.1808888018131256,
        -0.19720104336738586,
        0.1151195615530014,
        -0.2787379026412964,
        0.33680033683776855
    ],
    "x": [
        0.12659952044487,
        -0.37431418895721436,
        -0.18054594099521637,
        0.39577171206474304,
        -0.6215534806251526,
        -0.2614765167236328,
        0.3092256188392639,
        -0.2328643500804901,
        -0.9466930627822876,
        0.11053238809108734,
        -0.19644981622695923,
        0.11275435984134674,
        0.29970836639404297,
        0.3707128167152405,
        -0.13989651203155518,
        0.22567147016525269,
        -0.4260406494140625,
        0.18696965277194977,
        -0.4687100946903229,
        0.598522424697876
    ]
}