{
    "seed": 1000009,
    "theta": [
        0.17792963981628418,
        -0.3393315374851227,
        -0.374809205532074,
        0.36223652958869934,
        -0.3419759273529053,
        -0.3811052143573761,
        0.08148661255836487,
        -0.20846012234687805,
        -0.09155493974685669,
        0.08859163522720337,
        -0.34790247678756714,
        -0.31099116802215576,
        -0.06052941828966141,
        -0.274699330329895,
        -0.041829247027635574,
        -0.13088561594486237,
        -0.29897546768188477,
        0.2107205092906952,
        -0.26938503980636597,
        0.3363119959831238
    ],
    "x": [
        0.34092313051223755,
        -0.7163457870483398,
        -0.47121644020080566,
        0.36654797196388245,
        -0.6008061170578003,
        -0.2797064483165741,
        0.27550071477890015,
        0.42349061369895935,
        -0.4714280962944031,
        0.553560733795166,
        -0.3744821548461914,
        -0.15972591936588287,
        -0.37053292989730835,
        -0.3058314919471741,
        -0.28023895621299744,
        -0.33209729194641113,
        -0.17873023450374603,
        0.5464423298835754,
        -0.2875475585460663,
        0.3792305886745453
    ]
}