{
    "seed": 1000000,
    "theta": [
        0.009789660573005676,
        0.13867178559303284,
        0.2577108144760132,
        0.23405230045318604,
        0.36661291122436523,
        0.05439508333802223,
        0.28807562589645386,
        0.1895546168088913,
        -0.18541379272937775,
        -0.29273736476898193,
        0.29666274785995483,
        -0.49403560161590576,
        -0.20651565492153168,
        0.3111063838005066,
        -0.3519190847873688,
        -0.4361167550086975,
        0.3973887264728546,
        0.11546211689710617,
        0.13858582079410553,
        0.11020215600728989
    ],
    "x": [
        -0.08434756845235825,
        0.19961543381214142,
        0.2040509432554245,
        -0.03296846151351929,
        0.08531591296195984,
        0.2175370454788208,
        -0.008982837200164795,
        -0.24619464576244354,
        -0.5072929859161377,
        -0.745956540107727,
        0.3048473596572876,
        -0.08160921931266785,
        -0.24138906598091125,
        0.22546958923339844,
        -0.6766188144683838,
        -0.4570577144622803,
        -0.16526582837104797,
        -0.08539492636919022,
        0.1952119916677475,
        -0.07790588587522507
    ]
}