{
    "seed": 1000004,
    "theta": [
        0.17457160353660583,
        -0.26136934757232666,
        -0.33043935894966125,
        0.454879492521286,
        -0.2518838047981262,
        -0.3721449375152588,
        0.17756646871566772,
        -0.3112010061740875,
        -0.14580926299095154,
        0.08269336819648743,
        -0.45335879921913147,
        -0.181795135140419,
        0.054550811648368835,
        -0.22232916951179504,
        -0.12211309373378754,
        -0.1561572402715683,
        -0.036479271948337555,
        0.11493275314569473,
        -0.2830316722393036,
        0.562535285949707
    ],
    "x": [
        0.07943271100521088,
        -0.14429716765880585,
        -0.16639965772628784,
        0.20532256364822388,
        -0.2772567868232727,
        -0.20295581221580505,
        0.2343621701002121,
        -0.3445896506309509,
        -0.6333507895469666,
        0.46214646100997925,
        -0.2328077107667923,
        -0.8413266539573669,
        -0.03982049971818924,
        -0.5433671474456787,
        -0.14743031561374664,
        0.16448424756526947,
        -0.18142729997634888,
        0.2543072998523712,
        -0.3994010090827942,
        0.3956776559352875
    ]
}