{
    "seed": 1000010,
    "theta": [
        0.02550988271832466,
        -0.2696608901023865,
        -0.33335375785827637,
        0.3383115828037262,
        -0.21258048713207245,
        -0.43748748302459717,
        0.2083667665719986,
        -0.21971626579761505,
        -0.10126353800296783,
        0.20032116770744324,
        -0.42824098467826843,
        -0.28244438767433167,
        0.09183033555746078,
        -0.16051353514194489,
        -0.06925269961357117,
        -0.07994815707206726,
        -0.1314987689256668,
        0.1380872279405594,
        -0.3822024464607239,
        0.39105457067489624
    ],
    "x": [
        -0.10828423500061035,
        -0.6235878467559814,
        -0.3810969293117523,
        0.22967448830604553,
        0.14149968326091766,
        -0.44326016306877136,
        0.20413720607757568,
        -0.12523135542869568,
        0.2055010050535202,
        0.9230599403381348,
        -0.34080591797828674,
        0.1270979344844818,
        0.37890905141830444,
        -0.13661789894104004,
        -0.48718294501304626,
        -0.08626177161931992,
        0.45853471755981445,
        0.19220606982707977,
        -0.25661391019821167,
        0.7215536832809448
    ]
}