{
    "seed": 1000001,
    "theta": [
        0.08624477684497833,
        -0.28194156289100647,
        -0.36596816778182983,
        0.3883732557296753,
        -0.3850575089454651,
        -0.46142274141311646,
        0.2171396166086197,
        -0.22272923588752747,
        -0.03282218426465988,
        -0.033938728272914886,
        -0.45661988854408264,
        -0.11710469424724579,
        -0.05816785246133804,
        -0.238348588347435,
        -0.13585343956947327,
        -0.07362960278987885,
        -0.16998164355754852,
        0.09053128957748413,
        -0.20247261226177216,
        0.3906135857105255
    ],
    "x": [
        -0.1395987868309021,
        -0.7949956655502319,
        -0.22855855524539948,
        0.44659700989723206,
        -0.31196242570877075,
        -0.033507704734802246,
        0.01569269597530365,
        -0.024715334177017212,
        0.09541194885969162,
        -0.36576715111732483,
        -0.6668041944503784,
        0.5413088798522949,
        0.31678080558776855,
        -0.5687666535377502,
        0.3928472101688385,
        -0.5176573395729065,
        -0.42026662826538086,
        -0.2248753011226654,
        -0.5055834054946899,
        0.09430721402168274
    ]
}