{
    "seed": 1000012,
    "theta": [
        0.282105028629303,
        0.38240161538124084,
        0.2704564929008484,
        0.24414697289466858
    ],
    "x": [
        0.8842384219169617,
        0.9293709993362427,
        0.8922968506813049,
        0.9287346005439758,
        0.9086031317710876,
        0.6143786311149597,
        0.7113233208656311,
        0.645349383354187,
        0.4192523956298828,
        0.7115424871444702,
        0.544021725654602,
        0.6679368615150452,
        0.5625908970832825,
        0.46117860078811646,
        0.5575645565986633,
        0.42906850576400757,
        0.5255064368247986,
        0.48532357811927795,
        0.28348731994628906,
        0.4488862454891205,
        0.39574751257896423,
        0.32984238862991333,
        0.3522911071777344,
        0.33535879850387573,
        0.5103022456169128,
        0.3540930449962616,
        0.46911317110061646,
        0.12774938344955444,
        0.48318353295326233,
        0.3788160979747772,
        0.41487300395965576,
        0.508226752281189,
        0.416980117559433,
        0.4257267117500305,
        0.3520623445510864,
        0.3077997863292694,
        0.4820162355899811,
        0.3921875059604645,
        0.4263249635696411,
        0.319781631231308,
        0.4178549349308014,
        0.3613998293876648,
        0.4128356873989105,
        0.37315255403518677,
        0.5143947601318359,
        0.30653494596481323,
        0.4864608645439148,
        0.4877479672431946,
        0.27339527010917664,
        0.3234163820743561,
        0.4378994107246399,
        0.34717532992362976,
        0.396246075630188,
        0.16853764653205872,
        0.311627060174942,
        0.42883872985839844,
        0.20216089487075806,
        0.42959532141685486,
        0.25923269987106323,
        0.331811785697937,
        0.2777734100818634,
        0.3834391236305237,
        0.4344865083694458,
        0.3970845639705658,
        0.45008963346481323,
        0.3663959503173828,
        0.22999267280101776,
        0.3248266875743866,
        0.37762248516082764,
        0.4099094271659851,
        0.33407655358314514,
        0.35578805208206177,
        0.40813255310058594,
        0.46141955256462097,
        0.3608880341053009,
        0.31629881262779236,
        0.5084532499313354,
        0.4088209867477417,
        0.44914600253105164,
        0.200889453291893,
        0.3436833620071411,
        0.48169898986816406,
        0.3105766177177429,
        0.41121533513069153,
        0.3828287720680237,
        0.2814951539039612,
        0.38688406348228455,
        0.5251327753067017,
        0.4685530364513397,
        0.4157370328903198,
        0.33421579003334045,
        0.334945946931839,
        0.4018346071243286,
        0.5567094087600708,
        0.422497421503067,
        0.45010656118392944,
        0.6198012232780457,
        0.5558655858039856,
        0.6204851865768433,
        0.6408149600028992,
        0.7453271150588989
    ]
}