{
    "seed": 1000004,
    "theta": [
        0.4629597067832947,
        0.4190152883529663,
        0.34408825635910034,
        0.2661188244819641
    ],
    "x": [
        0.7777979373931885,
        0.8770965337753296,
        0.8909677863121033,
        0.8979868292808533,
        0.8479874730110168,
        0.2999037504196167,
        0.7718157172203064,
        0.8022485375404358,
        0.7899946570396423,
        0.8003613948822021,
        0.5686213374137878,
        0.6982498168945312,
        0.6957646608352661,
        0.485254168510437,
        0.44128939509391785,
        0.4441843628883362,
        0.5035386681556702,
        0.5724573731422424,
        0.3300133943557739,
        0.2808869779109955,
        0.5324705839157104,
        0.48790982365608215,
        0.2629357576370239,
        0.4149279296398163,
        0.4706253111362457,
        0.37767842411994934,
        0.5481122136116028,
        0.49019724130630493,
        0.17973226308822632,
        0.3899078369140625,
        0.21189193427562714,
        0.22026291489601135,
        0.42166441679000854,
        0.33941471576690674,
        0.2823981046676636,
        0.34171855449676514,
        0.4527322053909302,
        0.4962369203567505,
        0.4988122284412384,
        0.5174158811569214,
        0.3772207796573639,
        0.31664326786994934,
        0.37350592017173767,
        0.166911318898201,
        0.45310261845588684,
        0.36444804072380066,
        0.3494637906551361,
        0.35542184114456177,
        0.475085586309433,
        0.465798556804657,
        0.41004765033721924,
        0.43929851055145264,
        0.3873904049396515,
        0.4549453854560852,
        0.40584462881088257,
        0.3605462312698364,
        0.4717393219470978,
        0.49915313720703125,
        0.3789993226528168,
        0.42146480083465576,
        0.41021499037742615,
        0.28362908959388733,
        0.48131993412971497,
        0.37613728642463684,
        0.5095270872116089,
        0.3915330171585083,
        0.301407128572464,
        0.3010139465332031,
        0.46213850378990173,
        0.3777364194393158,
        0.4953770935535431,
        0.5061582922935486,
        0.5219916105270386,
        0.4916890561580658,
        0.4232954680919647,
        0.45307186245918274,
        0.42103463411331177,
        0.43303361535072327,
        0.45234933495521545,
        0.07163823395967484,
        0.4996115267276764,
        0.41916707158088684,
        0.4678872525691986,
        0.28326594829559326,
        0.3835713565349579,
        0.4956616759300232,
        0.40826719999313354,
        0.13456624746322632,
        0.47061869502067566,
        0.45920485258102417,
        0.4660147428512573,
        0.4984947144985199,
        0.5724105834960938,
        0.5255277156829834,
        0.5522913336753845,
        0.549554169178009,
        0.5987134575843811,
        0.5447412133216858,
        0.6016826629638672,
        0.6483551263809204,
        0.665905773639679
    ]
}