{
    "seed": 1000000,
    "theta": [
        0.3963150680065155,
        0.3829156458377838,
        0.2587050199508667,
        0.19455090165138245
    ],
    "x": [
        0.8722801208496094,
        0.9174497127532959,
        0.8829962611198425,
        0.9617144465446472,
        0.6959280371665955,
        0.7501609921455383,
        0.6884768009185791,
        0.8020432591438293,
        0.6891366243362427,
        0.6211236119270325,
        0.6374568939208984,
        0.6207730770111084,
        0.6138885617256165,
        0.6370016932487488,
        0.5609115362167358,
        0.4979797303676605,
        0.5051292181015015,
        0.5132008790969849,
        0.45225194096565247,
        0.4862218201160431,
        0.4233596920967102,
        0.38360849022865295,
        0.4128238558769226,
        0.4976833462715149,
        0.4135793149471283,
        0.29382985830307007,
        0.3379947543144226,
        0.3549930453300476,
        0.5041481256484985,
        0.20427526533603668,
        0.2749191224575043,
        0.4910774230957031,
        0.11847203224897385,
        0.4460459351539612,
        0.4287478029727936,
        0.4089392423629761,
        0.36615243554115295,
        0.45202866196632385,
        0.4340517818927765,
        0.4711175262928009,
        0.22354622185230255,
        0.4498194456100464,
        0.38912302255630493,
        0.3296198546886444,
        0.3697102963924408,
        0.29876887798309326,
        0.48139891028404236,
        0.46734490990638733,
        0.407693475484848,
        0.36207592487335205,
        0.19787827134132385,
        0.3958948850631714,
        0.44858473539352417,
        0.40747731924057007,
        0.20621947944164276,
        0.3498765230178833,
        0.2721530795097351,
        0.2433367371559143,
        0.431756854057312,
        0.4927510619163513,
        0.4541018307209015,
        0.432327002286911,
        0.060578156262636185,
        0.4012552797794342,
        0.33865025639533997,
        0.32801538705825806,
        0.3151051700115204,
        0.3919239044189453,
        0.4534001648426056,
        0.4628242552280426,
        0.4520682096481323,
        0.32058361172676086,
        0.5571889281272888,
        0.46919912099838257,
        0.3961981534957886,
        0.4051048159599304,
        0.5059557557106018,
        0.4023241698741913,
        0.5100575685501099,
        0.5176544189453125,
        0.16117452085018158,
        0.4860877990722656,
        0.30764758586883545,
        0.38769418001174927,
        0.4019671082496643,
        0.4867207705974579,
        0.5313631892204285,
        0.36530253291130066,
        0.3399384915828705,
        -0.009677378460764885,
        0.5178893804550171,
        0.42073413729667664,
        0.49067941308021545,
        0.5223912596702576,
        0.5578352808952332,
        0.5100045800209045,
        0.5367341637611389,
        0.5869293212890625,
        0.5857729315757751,
        0.6525536775588989,
        0.6999463438987732
    ]
}