{
    "seed": 1000009,
    "theta": [
        0.38395512104034424,
        0.5026320815086365,
        0.30504274368286133,
        0.28554534912109375
    ],
    "x": [
        0.8633801937103271,
        0.8527368903160095,
        0.9207655787467957,
        0.7872409820556641,
        0.5624249577522278,
        0.655990481376648,
        0.8792826533317566,
        0.7074099183082581,
        0.6318107843399048,
        0.7852729558944702,
        0.7470086216926575,
        0.6998176574707031,
        0.6354609131813049,
        0.6528499722480774,
        0.6486148834228516,
        0.5307530760765076,
        0.34807726740837097,
        0.5796496272087097,
        0.43166378140449524,
        0.6331230401992798,
        0.5605272650718689,
        0.409134179353714,
        0.373187392950058,
        0.4614860415458679,
        0.5090381503105164,
        0.33174577355384827,
        0.3504381775856018,
        0.5344866514205933,
        0.4563852846622467,
        0.4374069273471832,
        0.49405643343925476,
        0.443587988615036,
        0.2842163145542145,
        0.5123656988143921,
        0.4188634157180786,
        0.3892522156238556,
        0.41664251685142517,
        0.46257299184799194,
        0.376992791891098,
        0.3513847291469574,
        0.29837265610694885,
        0.5116913914680481,
        0.24976831674575806,
        0.5157460570335388,
        0.33240967988967896,
        0.504409670829773,
        0.2626730501651764,
        0.32274526357650757,
        0.5412401556968689,
        0.47889479994773865,
        0.4570574462413788,
        0.5491294860839844,
        0.4562075436115265,
        0.4484521150588989,
        0.38594359159469604,
        0.5506005883216858,
        0.27348023653030396,
        0.4839438199996948,
        0.4285751283168793,
        0.4475255310535431,
        0.2838720977306366,
        0.4679935574531555,
        0.5261580348014832,
        0.32047030329704285,
        0.37478435039520264,
        0.17241185903549194,
        0.44995105266571045,
        0.4876856505870819,
        0.4945641756057739,
        0.33023402094841003,
        0.48286932706832886,
        0.5487965941429138,
        0.3837994933128357,
        0.39032337069511414,
        0.504406213760376,
        0.3861094117164612,
        0.3226771056652069,
        0.2788792848587036,
        0.40703633427619934,
        0.4489479064941406,
        0.5182215571403503,
        0.4456077516078949,
        0.470880389213562,
        0.496258407831192,
        0.4836088716983795,
        0.5232274532318115,
        0.521128237247467,
        0.5541931390762329,
        0.4094070494174957,
        0.5849871039390564,
        0.48071086406707764,
        0.5680796504020691,
        0.48800888657569885,
        0.5693587064743042,
        0.5912885069847107,
        0.5728350281715393,
        0.6156317591667175,
        0.6423279047012329,
        0.6543342471122742,
        0.6802407503128052,
        0.7570218443870544
    ]
}