{
    "seed": 1000005,
    "theta": [
        0.6505863666534424,
        0.18244779109954834,
        0.6063708066940308,
        0.2954299747943878
    ],
    "x": [
        0.5697296261787415,
        0.8167616724967957,
        0.8332908749580383,
        0.7845443487167358,
        0.6320734620094299,
        0.472970187664032,
        0.7664056420326233,
        0.6307633519172668,
        0.6134540438652039,
        0.4214462339878082,
        0.4886489808559418,
        0.4086533784866333,
        0.4741162657737732,
        0.2913907468318939,
        0.3300260007381439,
        0.49811452627182007,
        0.25128796696662903,
        0.3861019015312195,
        0.5019426941871643,
        0.33548787236213684,
        0.2554878294467926,
        0.46653062105178833,
        0.3291344940662384,
        0.4347694516181946,
        0.5203412175178528,
        0.3068223297595978,
        0.35661327838897705,
        0.4839589297771454,
        0.5196260809898376,
        0.37269413471221924,
        0.4558044373989105,
        0.4289360046386719,
        0.44703736901283264,
        0.215464785695076,
        0.39141324162483215,
        0.41034698486328125,
        0.417281836271286,
        0.47787222266197205,
        0.19742685556411743,
        0.25203678011894226,
        0.45852458477020264,
        0.12766291201114655,
        0.4654860198497772,
        0.3779953122138977,
        0.3739519715309143,
        0.4635842740535736,
        0.3886221647262573,
        0.26047414541244507,
        0.5400516390800476,
        0.19140294194221497,
        0.30887120962142944,
        0.37093162536621094,
        0.4259166717529297,
        0.4091721773147583,
        0.3865243196487427,
        0.3703041076660156,
        0.40829670429229736,
        0.41550955176353455,
        0.45536181330680847,
        0.44565990567207336,
        0.4249001741409302,
        0.4022192656993866,
        0.4078816771507263,
        0.45998573303222656,
        0.4331413209438324,
        0.1629435271024704,
        0.4117546081542969,
        0.4785841703414917,
        0.20948587357997894,
        0.5509158968925476,
        0.3474273681640625,
        0.2909095883369446,
        0.4285912811756134,
        0.3250986635684967,
        0.447677880525589,
        0.21069209277629852,
        0.4493929445743561,
        0.35884857177734375,
        0.29769644141197205,
        0.08956629782915115,
        0.4267922639846802,
        0.43708813190460205,
        0.3679061830043793,
        0.39617425203323364,
        0.37563401460647583,
        0.25606295466423035,
        0.5021433234214783,
        0.3742530941963196,
        0.4049217104911804,
        0.43541690707206726,
        0.44347482919692993,
        0.23793551325798035,
        0.30616098642349243,
        0.42669790983200073,
        0.45522281527519226,
        0.356833279132843,
        0.35435929894447327,
        0.45194485783576965,
        0.41229259967803955,
        0.5082157254219055,
        0.30871251225471497
    ]
}