{
    "seed": 1000002,
    "theta": [
        0.2485608607530594,
        0.3567582070827484,
        0.32330596446990967,
        0.23096606135368347
    ],
    "x": [
        0.8154469728469849,
        0.8665943145751953,
        0.8394509553909302,
        0.9086106419563293,
        0.9098829627037048,
        0.8131758570671082,
        0.7148972749710083,
        0.6001182794570923,
        0.678732693195343,
        0.5300730466842651,
        0.4472717344760895,
        0.6130207180976868,
        0.5932149291038513,
        0.5661687254905701,
        0.5308521389961243,
        0.4868479371070862,
        0.4678756594657898,
        0.43814289569854736,
        0.5092737674713135,
        0.4125047028064728,
        0.31819406151771545,
        0.36989784240722656,
        0.2436162382364273,
        0.3241952359676361,
        0.4057266116142273,
        0.4991821348667145,
        0.48127633333206177,
        0.4270886778831482,
        0.33715465664863586,
        0.47734731435775757,
        0.4625205993652344,
        0.3476758301258087,
        0.4470862150192261,
        0.20050621032714844,
        0.5338993072509766,
        0.2292625457048416,
        0.3283889889717102,
        0.37739434838294983,
        0.5116837620735168,
        0.4590384066104889,
        0.3953801393508911,
        -0.04324493557214737,
        0.3507722318172455,
        0.3740716278553009,
        0.512213408946991,
        0.3841250240802765,
        0.28965747356414795,
        0.3046374022960663,
        0.5158100128173828,
        0.3257676362991333,
        0.2616710662841797,
        0.4616049528121948,
        0.5136815309524536,
        0.45965638756752014,
        0.4448142945766449,
        0.3558858335018158,
        0.15278039872646332,
        0.38761112093925476,
        0.42350590229034424,
        0.4530586302280426,
        0.3898063600063324,
        0.25253817439079285,
        0.49418309330940247,
        0.431808739900589,
        0.3528284728527069,
        0.49221307039260864,
        0.4369722902774811,
        0.42864787578582764,
        0.4674634337425232,
        0.4188232421875,
        0.3036729097366333,
        0.4604387879371643,
        0.4340265989303589,
        0.4837799072265625,
        0.35819944739341736,
        0.45473480224609375,
        0.4073178470134735,
        0.44332757592201233,
        0.41653189063072205,
        0.4128214418888092,
        0.43976491689682007,
        0.4678334593772888,
        0.28267401456832886,
        0.48107248544692993,
        0.26173338294029236,
        0.17951354384422302,
        0.38920772075653076,
        0.5383248925209045,
        0.28621622920036316,
        0.4018056094646454,
        0.2775619626045227,
        0.460437148809433,
        0.4694984555244446,
        0.5410374999046326,
        0.44911181926727295,
        0.5185388922691345,
        0.5633783936500549,
        0.4128075838088989,
        0.5677469968795776,
        0.5452131628990173,
        0.5709871649742126
    ]
}