{
    "seed": 1000008,
    "theta": [
        0.4709053337574005,
        0.3654531240463257,
        0.4361044764518738,
        0.28127580881118774
    ],
    "x": [
        0.9311696290969849,
        0.9194498658180237,
        0.8880168795585632,
        0.8912385106086731,
        0.5957960486412048,
        0.8468151092529297,
        0.6925771236419678,
        0.6449689269065857,
        0.7203634977340698,
        0.7168050408363342,
        0.6585795283317566,
        0.4654993712902069,
        0.5505625605583191,
        0.5752679109573364,
        0.4903727173805237,
        0.6277943849563599,
        0.4561172425746918,
        0.602996289730072,
        0.5992394685745239,
        0.46676063537597656,
        0.5033449530601501,
        0.5063604712486267,
        0.5387099981307983,
        0.2972067594528198,
        0.5889292359352112,
        0.39744848012924194,
        0.43694332242012024,
        0.42831167578697205,
        0.5127970576286316,
        0.5318686366081238,
        0.5372215509414673,
        0.4805251955986023,
        0.42527058720588684,
        0.5020104646682739,
        0.48134690523147583,
        0.5075525641441345,
        0.46314048767089844,
        0.4215703308582306,
        0.4450368285179138,
        0.4315480589866638,
        0.3307088315486908,
        0.3617185056209564,
        0.5080841183662415,
        0.3747960329055786,
        0.5027127861976624,
        0.5373618006706238,
        0.40150249004364014,
        0.4115898013114929,
        0.400186151266098,
        0.376007080078125,
        -0.01876169815659523,
        0.4227021634578705,
        0.5243390202522278,
        0.549094021320343,
        0.3874104917049408,
        0.515981137752533,
        0.30223527550697327,
        0.13312555849552155,
        0.4656176269054413,
        0.1771191954612732,
        0.5062535405158997,
        0.4385509490966797,
        0.5208793878555298,
        0.5041146874427795,
        0.4195168912410736,
        0.36984455585479736,
        0.3952401578426361,
        0.38943469524383545,
        0.48750177025794983,
        0.26675185561180115,
        0.5480392575263977,
        0.5210915803909302,
        0.5185414552688599,
        0.34008076786994934,
        0.42781347036361694,
        0.43007251620292664,
        0.3951560854911804,
        0.5600444674491882,
        0.48263055086135864,
        0.44823989272117615,
        0.4586380124092102,
        0.49052783846855164,
        0.4045262634754181,
        0.30766627192497253,
        0.4524447023868561,
        0.4911049008369446,
        0.4549330472946167,
        0.47780025005340576,
        0.5140123963356018,
        0.4892417788505554,
        0.5395670533180237,
        0.5149312615394592,
        0.5950238704681396,
        0.5389264225959778,
        0.586258053779602,
        0.5476996302604675,
        0.625989556312561,
        0.602465808391571,
        0.6282145380973816,
        0.6848291754722595,
        0.7535611391067505
    ]
}