{
    "seed": 1000004,
    "theta": [
        -0.39094096422195435,
        -0.0006575733423233032,
        0.36844295263290405,
        -0.005263790488243103,
        -0.4098671078681946,
        -0.13911409676074982,
        0.365887850522995,
        -0.37769272923469543,
        0.3431570827960968,
        -0.10406788438558578
    ],
    "x": [
        -0.14568956196308136,
        0.3207530975341797,
        0.26750871539115906,
        -0.5302824378013611,
        -0.4023357927799225,
        -0.5717306733131409,
        0.24660882353782654,
        -0.09350728988647461,
        0.8101139068603516,
        0.0925472155213356
    ]
}