{
    "seed": 1000003,
    "theta": [
        -0.3157273530960083,
        -0.14973998069763184,
        0.3576303720474243,
        -0.15019913017749786,
        -0.40844079852104187,
        -0.04181663691997528,
        0.13348466157913208,
        -0.33506062626838684,
        0.27382636070251465,
        -0.27222543954849243
    ],
    "x": [
        -0.26294252276420593,
        -0.19450154900550842,
        -0.3738998770713806,
        -0.3356100916862488,
        -0.5606648921966553,
        -0.17314720153808594,
        -0.5754271745681763,
        -0.5397632718086243,
        0.5746884346008301,
        -0.21799203753471375
    ]
}