{
    "seed": 1000008,
    "theta": [
        -0.38298115134239197,
        -0.07646999508142471,
        0.21219758689403534,
        0.03179940581321716,
        -0.29046130180358887,
        -0.07402138411998749,
        0.28569212555885315,
        -0.4214596450328827,
        0.3041357100009918,
        -0.07443706691265106
    ],
    "x": [
        -0.5135680437088013,
        0.11175372451543808,
        0.6701093316078186,
        0.0625130832195282,
        0.02056226134300232,
        0.6544532775878906,
        0.07344880700111389,
        -0.5319938063621521,
        0.0525321364402771,
        -0.5280478596687317
    ]
}