{
    "seed": 1000010,
    "theta": [
        -0.2727968990802765,
        9.659677743911743e-05,
        0.3476177752017975,
        -0.1238757073879242,
        -0.27956485748291016,
        -0.13984434306621552,
        0.23872590065002441,
        -0.3754902482032776,
        0.35904809832572937,
        -0.07345994561910629
    ],
    "x": [
        -0.5991863012313843,
        0.535906195640564,
        0.06165814399719238,
        -0.4325945973396301,
        -0.2646070420742035,
        -0.14422959089279175,
        0.5999658107757568,
        -0.11270055174827576,
        0.1991485357284546,
        -0.20504853129386902
    ]
}