{
    "seed": 1000012,
    "theta": [
        -0.3194023370742798,
        0.19842568039894104,
        0.30903783440589905,
        -0.14871855080127716,
        -0.4017220735549927,
        -0.14679662883281708,
        0.3087645471096039,
        -0.4103802442550659,
        0.315448135137558,
        -0.22728505730628967
    ],
    "x": [
        -0.2410932183265686,
        0.46581020951271057,
        0.3354129493236542,
        -0.03620779514312744,
        -0.28474244475364685,
        -0.4824599623680115,
        0.1619025319814682,
        -0.1445523500442505,
        0.0389268696308136,
        0.1591099202632904
    ]
}