{
    "seed": 1000000,
    "theta": [
        -0.30477452278137207,
        0.1518603414297104,
        0.40712448954582214,
        -0.07123120129108429,
        -0.5439001321792603,
        -0.10116459429264069,
        0.18531690537929535,
        -0.4249090254306793,
        0.31822946667671204,
        -0.07775728404521942
    ],
    "x": [
        0.4705178141593933,
        0.032236240804195404,
        -0.0009532272815704346,
        -0.0011651962995529175,
        -0.72752845287323,
        -0.133385568857193,
        0.48904693126678467,
        -0.5533884167671204,
        0.06878200173377991,
        -0.10237777233123779
    ]
}