{
    "seed": 1000005,
    "theta": [
        -0.38672906160354614,
        0.025727853178977966,
        0.4790055453777313,
        -0.08770640194416046,
        -0.3452479839324951,
        -0.12296092510223389,
        0.27440765500068665,
        -0.3528708815574646,
        0.2558031678199768,
        -0.13117846846580505
    ],
    "x": [
        0.054809361696243286,
        0.07712071388959885,
        0.36204567551612854,
        -0.5918247699737549,
        -0.6224057674407959,
        0.20409837365150452,
        -0.19926804304122925,
        0.12612813711166382,
        0.40480098128318787,
        -0.37331998348236084
    ]
}