{
    "seed": 1000009,
    "theta": [
        -0.3164013624191284,
        -0.012018866837024689,
        0.4487965703010559,
        -0.016763955354690552,
        -0.4781845808029175,
        -0.10833150893449783,
        0.22220857441425323,
        -0.3534148633480072,
        0.3655172288417816,
        -0.2371431589126587
    ],
    "x": [
        -0.09525977075099945,
        0.7262446880340576,
        0.31739920377731323,
        0.4442201852798462,
        -0.7855747938156128,
        0.47154104709625244,
        0.0452946275472641,
        -0.07546758651733398,
        0.635328471660614,
        -0.5967362523078918
    ]
}