{
    "seed": 1000001,
    "theta": [
        -0.2945076823234558,
        -0.07978784292936325,
        0.34098222851753235,
        -0.01383979618549347,
        -0.3900621831417084,
        -0.14126712083816528,
        0.25684621930122375,
        -0.5116792917251587,
        0.43348562717437744,
        -0.12070725858211517
    ],
    "x": [
        -0.7243719100952148,
        -0.39940738677978516,
        0.4264768958091736,
        0.14234304428100586,
        0.285238116979599,
        -0.15191824734210968,
        0.8505367040634155,
        0.2786780595779419,
        0.6649765372276306,
        -0.07771279662847519
    ]
}