{
    "seed": 1000004,
    "theta": [
        0.3490753173828125,
        -0.5243745446205139
    ],
    "x": [
        1.8935235738754272,
        1.0021913051605225,
        0.44067317247390747,
        -0.14711210131645203,
        -0.49597662687301636,
        -0.6060893535614014,
        -0.7297465801239014,
        -0.8512316942214966,
        -0.8316690325737,
        -0.9808701872825623,
        -0.9561075568199158,
        -1.0382261276245117,
        -0.9132288098335266,
        -0.9852340817451477,
        -0.9698799252510071,
        -1.0386309623718262,
        -1.0354015827178955,
        -1.243757963180542,
        -1.2423861026763916,
        -1.2509011030197144,
        -1.2044103145599365,
        -1.165326714515686,
        -1.345381498336792,
        -1.3731772899627686,
        -1.5564032793045044
    ]
}