{
    "seed": 1000010,
    "theta": [
        0.2757740914821625,
        -0.02428855001926422
    ],
    "x": [
        1.8935235738754272,
        1.0409693717956543,
        0.4802050292491913,
        0.018612146377563477,
        -0.2292163372039795,
        -0.5368825197219849,
        -0.7466712594032288,
        -0.9483073353767395,
        -1.0307990312576294,
        -1.0679690837860107,
        -1.1208165884017944,
        -1.1393632888793945,
        -1.1933997869491577,
        -1.2096960544586182,
        -1.1773502826690674,
        -1.1009632349014282,
        -1.1136101484298706,
        -1.2224717140197754,
        -1.1894285678863525,
        -1.2626466751098633,
        -1.2159450054168701,
        -1.2717235088348389,
        -1.2857909202575684,
        -1.210512399673462,
        -1.126756191253662
    ]
}