{
    "seed": 1000001,
    "theta": [
        0.5170924067497253,
        -0.5693099498748779
    ],
    "x": [
        1.8935235738754272,
        0.9940129518508911,
        0.28208914399147034,
        -0.17043839395046234,
        -0.4540059268474579,
        -0.7332853078842163,
        -0.7630731463432312,
        -0.9271482229232788,
        -1.0942292213439941,
        -1.1382975578308105,
        -1.162253975868225,
        -1.2018682956695557,
        -1.1434015035629272,
        -1.280009388923645,
        -1.2891122102737427,
        -1.1749826669692993,
        -1.1176152229309082,
        -1.1691346168518066,
        -1.1604516506195068,
        -1.232967734336853,
        -1.3107346296310425,
        -1.282003402709961,
        -1.3381233215332031,
        -1.3695908784866333,
        -1.4840835332870483
    ]
}