{
    "seed": 1000009,
    "theta": [
        0.354599267244339,
        -0.6599557399749756
    ],
    "x": [
        1.8935235738754272,
        1.0149290561676025,
        0.3571150004863739,
        -0.09531392902135849,
        -0.3490206003189087,
        -0.674900233745575,
        -0.7516997456550598,
        -0.7882178425788879,
        -0.8982672095298767,
        -1.0401322841644287,
        -1.0197501182556152,
        -0.9513053297996521,
        -1.0469996929168701,
        -1.0282914638519287,
        -1.0023179054260254,
        -1.121227741241455,
        -1.1440807580947876,
        -1.235213041305542,
        -1.3190088272094727,
        -1.138631820678711,
        -1.0765042304992676,
        -1.2058451175689697,
        -1.2678455114364624,
        -1.1949293613433838,
        -1.2609471082687378
    ]
}