{
    "seed": 1000012,
    "theta": [
        0.45891276001930237,
        -0.6186097860336304
    ],
    "x": [
        1.8935235738754272,
        0.8479620814323425,
        0.3687966465950012,
        -0.018464835360646248,
        -0.266451895236969,
        -0.5860296487808228,
        -0.7003584504127502,
        -0.7799268960952759,
        -0.9929911494255066,
        -1.0469930171966553,
        -1.1054781675338745,
        -1.0867186784744263,
        -1.146393060684204,
        -1.2345259189605713,
        -1.1429334878921509,
        -1.1977893114089966,
        -1.1913686990737915,
        -1.3085293769836426,
        -1.2639447450637817,
        -1.3275651931762695,
        -1.251534104347229,
        -1.1694358587265015,
        -1.1429792642593384,
        -1.200301170349121,
        -1.2665358781814575
    ]
}