{
    "seed": 1000008,
    "theta": [
        0.47104406356811523,
        -0.2575687766075134
    ],
    "x": [
        1.8935235738754272,
        0.9739455580711365,
        0.31575897336006165,
        -0.13411390781402588,
        -0.42585867643356323,
        -0.7861272096633911,
        -0.9196921586990356,
        -0.9798840284347534,
        -1.052015781402588,
        -1.0463722944259644,
        -1.0821523666381836,
        -1.054769515991211,
        -1.0574302673339844,
        -1.163731336593628,
        -1.1363197565078735,
        -1.160997986793518,
        -1.2104896306991577,
        -1.1489700078964233,
        -1.0853477716445923,
        -1.040964961051941,
        -1.0093295574188232,
        -1.063488245010376,
        -1.2605518102645874,
        -1.2373508214950562,
        -1.3467804193496704
    ]
}