{
    "seed": 1000000,
    "theta": [
        0.5585737228393555,
        -0.46686768531799316
    ],
    "x": [
        1.8935235738754272,
        0.9286379218101501,
        0.15321864187717438,
        -0.2598074674606323,
        -0.6459489464759827,
        -0.805176317691803,
        -1.004994511604309,
        -1.0920367240905762,
        -1.1206297874450684,
        -1.077807903289795,
        -1.1416606903076172,
        -1.2563608884811401,
        -1.2732789516448975,
        -1.22090744972229,
        -1.2296152114868164,
        -1.2739824056625366,
        -1.1616662740707397,
        -1.2211298942565918,
        -1.1679140329360962,
        -1.209014654159546,
        -1.272830843925476,
        -1.410776138305664,
        -1.382365107536316,
        -1.2471544742584229,
        -1.174383521080017
    ]
}