{
    "seed": 1000005,
    "theta": [
        0.23699846863746643,
        -0.20149654150009155
    ],
    "x": [
        1.8935235738754272,
        1.1465808153152466,
        0.6282247304916382,
        0.14046324789524078,
        -0.14920344948768616,
        -0.38998308777809143,
        -0.5015163421630859,
        -0.673028290271759,
        -0.7526397705078125,
        -0.9233521223068237,
        -1.098219633102417,
        -1.0848957300186157,
        -1.1240036487579346,
        -1.1785906553268433,
        -1.2369506359100342,
        -1.2893822193145752,
        -1.3228542804718018,
        -1.254970908164978,
        -1.2623515129089355,
        -1.24049711227417,
        -1.202093243598938,
        -1.125156044960022,
        -1.0388070344924927,
        -1.1156302690505981,
        -1.1725605726242065
    ]
}