{
    "seed": 1000003,
    "theta": [
        0.42295846343040466,
        -0.23324966430664062
    ],
    "x": [
        1.8935235738754272,
        0.8590459227561951,
        0.24331821501255035,
        -0.10236199200153351,
        -0.47001710534095764,
        -0.7986488938331604,
        -0.8363597393035889,
        -0.8540228605270386,
        -0.8882288932800293,
        -0.9265097379684448,
        -0.975918173789978,
        -0.9974715113639832,
        -1.0170016288757324,
        -0.9943872690200806,
        -1.0021785497665405,
        -1.0325340032577515,
        -1.0630708932876587,
        -1.0710678100585938,
        -1.0647685527801514,
        -1.126690149307251,
        -1.1774486303329468,
        -1.2228409051895142,
        -1.2244435548782349,
        -1.2401689291000366,
        -1.1694293022155762
    ]
}