{
    "seed": 1000003,
    "theta": [
        1.1961002349853516,
        -1.2928849458694458,
        -0.12580451369285583,
        1.1092759370803833,
        0.3295603394508362
    ],
    "x": [
        -0.7870858311653137,
        0.15987344086170197,
        0.7090403437614441,
        -0.27399617433547974,
        1.3013633489608765,
        -0.36561936140060425,
        -0.4211634397506714,
        -1.5123294591903687,
        -0.35602888464927673,
        0.5856255888938904,
        0.917838454246521,
        0.5999487638473511,
        0.7207265496253967,
        0.6746131777763367,
        0.35656872391700745,
        0.8880089521408081,
        -0.43639883399009705,
        -0.7938485145568848,
        0.9532461762428284,
        -0.0861307829618454,
        0.2507674992084503,
        -0.2973721921443939,
        -0.6344922780990601,
        0.7991173267364502,
        -0.3818039894104004,
        0.5144785046577454,
        0.13882389664649963,
        -0.02620841935276985,
        -0.482186883687973,
        0.8378393650054932,
        -0.27291086316108704,
        -1.004886269569397,
        0.02482686936855316,
        1.183402180671692,
        0.22697898745536804,
        -0.15020686388015747,
        0.5884184837341309,
        0.027500931173563004,
        0.19132059812545776,
        0.48979344964027405,
        0.6845367550849915,
        0.9177718758583069,
        -0.07180500030517578,
        -0.12604764103889465,
        0.5081174373626709,
        -0.6698798537254333,
        -0.29241943359375,
        0.2963317036628723,
        -0.5103391408920288,
        -0.0646701231598854,
        -0.35034146904945374,
        0.012261038646101952,
        -0.14424045383930206,
        -0.17858044803142548,
        0.17836233973503113,
        1.1375443935394287,
        -0.4428313076496124,
        -0.12099529057741165,
        -0.1820470541715622,
        0.046331893652677536,
        0.5110171437263489,
        0.3294941484928131,
        0.3543698787689209,
        -0.9379793405532837,
        -0.5474252700805664,
        -0.19579869508743286,
        -0.35955435037612915,
        -0.21342332661151886,
        0.6789625287055969,
        0.6070119142532349,
        -0.43563249707221985,
        -0.49597302079200745,
        -0.11962424218654633,
        -0.16926142573356628,
        0.8506329655647278,
        0.41085439920425415,
        0.5339320302009583,
        -0.24997559189796448,
        -0.1960773915052414,
        0.11913056671619415,
        -0.35378673672676086,
        0.3760269582271576,
        0.4454571604728699,
        0.7533878087997437,
        -0.14076374471187592,
        -0.39285343885421753,
        -0.1260738968849182,
        0.10057161748409271,
        0.10094007849693298,
        0.2716927230358124,
        0.4746586084365845,
        -0.31812843680381775,
        -0.4409639835357666,
        -0.43794524669647217,
        0.1752709299325943,
        0.7631785869598389,
        0.4842875301837921,
        0.09005067497491837
    ]
}