{
    "seed": 1000001,
    "theta": [
        1.1247318983078003,
        -1.3462536334991455,
        -0.3681194484233856,
        0.47925040125846863,
        0.20739853382110596
    ],
    "x": [
        -0.2783660292625427,
        0.5318829417228699,
        0.5244809985160828,
        0.8861353993415833,
        0.46304842829704285,
        0.5022628307342529,
        0.5833859443664551,
        -1.4280375242233276,
        -0.6602133512496948,
        -0.0011929746251553297,
        -0.541983425617218,
        0.13848435878753662,
        0.7626073360443115,
        0.424831748008728,
        1.0118321180343628,
        0.4075589179992676,
        0.41260865330696106,
        0.8878670930862427,
        1.3917503356933594,
        -0.5570697784423828,
        -0.661858320236206,
        1.1633384227752686,
        0.0521523654460907,
        0.5779292583465576,
        0.624824583530426,
        0.38484951853752136,
        -0.3234826326370239,
        -0.959478497505188,
        -0.35650134086608887,
        -0.5641419291496277,
        -0.06455806642770767,
        -0.23149532079696655,
        0.41114285588264465,
        -9.685088157653809,
        -0.43453067541122437,
        -0.26907581090927124,
        -0.6342101693153381,
        -0.5071513652801514,
        -0.8981440663337708,
        -0.6504424214363098,
        0.07168986648321152,
        -0.33419346809387207,
        -1.3114278316497803,
        -0.2786974310874939,
        -0.7755037546157837,
        -0.32039502263069153,
        -0.5487349629402161,
        0.20220546424388885,
        0.8775379657745361,
        -0.8392953276634216,
        0.07012977451086044,
        0.08937147259712219,
        0.08949119597673416,
        -0.23288145661354065,
        0.11884957551956177,
        0.49905160069465637,
        -0.495561808347702,
        -0.44628748297691345,
        0.3272078037261963,
        -0.19148826599121094,
        0.1778545379638672,
        0.19412387907505035,
        0.33892685174942017,
        -0.5295855402946472,
        -0.4156959354877472,
        -0.4162081778049469,
        -0.2460164874792099,
        0.0803450271487236,
        0.5616512298583984,
        0.4624556601047516,
        -0.20622774958610535,
        -0.28043481707572937,
        -0.2885253131389618,
        0.48241186141967773,
        0.039991192519664764,
        0.5875732898712158,
        0.2703103721141815,
        -0.8649117946624756,
        0.07899827510118484,
        0.008703870698809624,
        0.19248761236667633,
        0.6946520805358887,
        0.4818001091480255,
        0.16934919357299805,
        -0.3923165202140808,
        -0.41547223925590515,
        -0.240261048078537,
        -0.1717521846294403,
        -0.34137120842933655,
        1.074379324913025,
        -8.430216789245605,
        -0.41167861223220825,
        -0.2202247977256775,
        -0.045680150389671326,
        0.02772802673280239,
        0.02605549618601799,
        0.16540727019309998,
        0.4718221127986908
    ]
}