{
    "seed": 1000009,
    "theta": [
        1.0721068382263184,
        -1.3867043256759644,
        -0.31150415539741516,
        1.06857168674469,
        0.16823725402355194
    ],
    "x": [
        -0.40468817949295044,
        -0.18389639258384705,
        0.9095471501350403,
        1.4158828258514404,
        -0.7968462109565735,
        0.5817140340805054,
        0.6367916464805603,
        -1.1207892894744873,
        -0.7294790148735046,
        0.5017544627189636,
        0.7086266875267029,
        0.5083706378936768,
        0.06718732416629791,
        -0.028102679178118706,
        -2.812944173812866,
        0.3663499653339386,
        0.010282287374138832,
        -0.20092836022377014,
        -0.8156037926673889,
        -0.9954416155815125,
        0.008476733230054379,
        -0.5895189046859741,
        0.3631332516670227,
        -0.5081747174263,
        -0.05615720897912979,
        0.40803101658821106,
        -0.14510774612426758,
        -0.19656571745872498,
        0.18278945982456207,
        -0.3264009356498718,
        -0.7266055941581726,
        -0.08723091334104538,
        -0.4229084253311157,
        -0.18637749552726746,
        0.26488012075424194,
        0.19660954177379608,
        -0.7200992703437805,
        0.25690746307373047,
        -0.5485621690750122,
        0.4424249231815338,
        -0.07768068462610245,
        -0.7945274710655212,
        -0.32862141728401184,
        0.4082862138748169,
        0.05712882801890373,
        -0.21376439929008484,
        -0.9807888865470886,
        -0.1347109079360962,
        0.7982162237167358,
        -0.6362795233726501,
        -0.13339990377426147,
        -0.017771009355783463,
        -0.21358874440193176,
        0.22470173239707947,
        0.37444359064102173,
        0.5033199787139893,
        -0.3703594207763672,
        -0.27074581384658813,
        0.1967219114303589,
        0.13081002235412598,
        0.199392631649971,
        0.4826616644859314,
        0.38102081418037415,
        -0.0679265633225441,
        -0.22861452400684357,
        -0.179395392537117,
        -0.26082611083984375,
        0.2896980047225952,
        0.25287413597106934,
        -0.13279809057712555,
        -0.5572181344032288,
        -0.562275230884552,
        0.29723450541496277,
        0.024035785347223282,
        0.14704200625419617,
        0.40213543176651,
        0.2721370458602905,
        -0.43560704588890076,
        -0.4294099509716034,
        -0.18644168972969055,
        -0.0024671813007444143,
        -0.29040244221687317,
        0.4906262159347534,
        0.42955735325813293,
        -0.4269635081291199,
        -0.24040770530700684,
        -0.7700520157814026,
        0.13357414305210114,
        -0.1289641112089157,
        0.2551342844963074,
        0.5346176624298096,
        -0.546433687210083,
        -0.5240246057510376,
        -0.1579810529947281,
        -0.3730354607105255,
        0.0434027835726738,
        -0.17932723462581635,
        0.28435930609703064
    ]
}