{
    "seed": 1000012,
    "theta": [
        1.0981040000915527,
        -1.3328454494476318,
        -0.12699198722839355,
        0.7047958970069885,
        0.10967692732810974
    ],
    "x": [
        -0.7921895980834961,
        -0.03087751753628254,
        0.25531941652297974,
        -0.3720167577266693,
        0.2795979976654053,
        0.16362875699996948,
        0.7050262689590454,
        0.8069226741790771,
        -0.023571360856294632,
        0.43564513325691223,
        -0.9007834196090698,
        -0.5289174914360046,
        -0.25521501898765564,
        0.11844521015882492,
        0.6209079623222351,
        -1.268847107887268,
        -0.655735194683075,
        0.7273281216621399,
        0.6167231798171997,
        0.6213791370391846,
        0.8904604911804199,
        0.2908046841621399,
        -1.756771445274353,
        -0.44738176465034485,
        0.28063011169433594,
        0.18917913734912872,
        0.12582504749298096,
        -0.729219913482666,
        -0.6233494281768799,
        0.20984700322151184,
        0.9503623247146606,
        1.4337351322174072,
        0.41794055700302124,
        0.8142381906509399,
        0.11020347476005554,
        0.5078770518302917,
        -0.5137732625007629,
        -0.5705515742301941,
        -1.2313529253005981,
        -0.1388644129037857,
        0.589924693107605,
        1.1567847728729248,
        -0.45748430490493774,
        0.22819045186042786,
        -0.8042505979537964,
        -0.09487325698137283,
        -0.3962593972682953,
        -0.15537241101264954,
        0.795192301273346,
        -0.2054784893989563,
        -0.07905237376689911,
        -0.09193605184555054,
        0.5139061808586121,
        -0.23985768854618073,
        0.6216745376586914,
        0.9687225222587585,
        -0.9592406153678894,
        -0.6385263204574585,
        -0.06487768143415451,
        0.5987458825111389,
        0.010820349678397179,
        0.39168044924736023,
        0.5076825618743896,
        -0.6648407578468323,
        -0.5103124380111694,
        -0.2928745746612549,
        0.06824454665184021,
        0.14352165162563324,
        0.6223258972167969,
        0.6628689169883728,
        -0.53098064661026,
        -0.9836223125457764,
        -0.7568800449371338,
        0.10960359126329422,
        0.6339102983474731,
        0.10142412781715393,
        0.697518527507782,
        -0.9234583377838135,
        -0.48598453402519226,
        -0.4162236750125885,
        -0.7278245687484741,
        0.21976017951965332,
        0.518510639667511,
        0.17636072635650635,
        -0.2952304780483246,
        -0.01695234887301922,
        -0.4238230586051941,
        -0.5973814725875854,
        0.046612996608018875,
        -0.5567649602890015,
        0.31049415469169617,
        -0.6536198854446411,
        -0.6041243076324463,
        -0.7400774359703064,
        -0.07528255879878998,
        0.18210121989250183,
        -0.08061347156763077,
        0.8243840336799622
    ]
}