{
    "seed": 1000005,
    "theta": [
        1.1682971715927124,
        -1.5419647693634033,
        -0.22900710999965668,
        0.6723287105560303,
        0.13137800991535187
    ],
    "x": [
        -0.16311503946781158,
        0.34832483530044556,
        0.6780008673667908,
        -0.16822274029254913,
        -0.2565433979034424,
        1.0712876319885254,
        0.7153124809265137,
        -1.3855537176132202,
        1.557966947555542,
        0.15479734539985657,
        0.09241694211959839,
        -0.6762051582336426,
        0.061818644404411316,
        0.455771267414093,
        -1.9434494972229004,
        0.9793639183044434,
        -0.7719229459762573,
        1.0470470190048218,
        0.5391023755073547,
        0.6383283734321594,
        1.6006932258605957,
        -0.523886501789093,
        -0.75807785987854,
        -0.6336183547973633,
        0.27899453043937683,
        0.6683762073516846,
        0.12807665765285492,
        -0.3841196298599243,
        0.3983374238014221,
        0.13944031298160553,
        0.11500919610261917,
        -1.0855891704559326,
        -0.0046843565069139,
        0.4867107570171356,
        0.4001263380050659,
        -9.360305786132812,
        -0.1691991090774536,
        0.28346318006515503,
        -0.5430509448051453,
        -0.5008707642555237,
        0.39288729429244995,
        -0.9124484062194824,
        -0.43857404589653015,
        -0.22880896925926208,
        -0.27202674746513367,
        -0.18887825310230255,
        -0.6407797932624817,
        -0.7115951776504517,
        0.7002682089805603,
        -0.5362171530723572,
        -0.13605795800685883,
        0.8603709936141968,
        -0.3995903432369232,
        0.31025850772857666,
        0.5761895775794983,
        -4.887210845947266,
        -0.8833733797073364,
        -0.3025360405445099,
        -0.07897638529539108,
        0.4816344976425171,
        -0.17085781693458557,
        0.44766825437545776,
        0.5018448233604431,
        -0.6321401596069336,
        -0.8321489691734314,
        -0.2945966422557831,
        0.2789853513240814,
        0.19067338109016418,
        0.739172101020813,
        0.30223730206489563,
        -0.5749760866165161,
        1.8693844079971313,
        -0.4109932780265808,
        -3.1587865352630615,
        0.40091514587402344,
        0.3530348241329193,
        0.7035879492759705,
        -0.6383411884307861,
        -0.20262111723423004,
        -0.3527901768684387,
        -0.6602247953414917,
        -0.08519739657640457,
        0.6992764472961426,
        0.4772978127002716,
        -0.6630313992500305,
        -0.28023064136505127,
        -0.040707066655159,
        -0.07103943824768066,
        0.12592315673828125,
        0.5227665901184082,
        0.5469942092895508,
        -0.6225071549415588,
        -0.47033438086509705,
        -0.19637179374694824,
        0.25567421317100525,
        -0.3874433636665344,
        0.30415403842926025,
        0.820010781288147
    ]
}