{
    "seed": 1000002,
    "theta": [
        -0.3765585422515869,
        0.5424090623855591,
        -1.6153181791305542,
        1.2112500667572021,
        -1.1854108572006226
    ],
    "x": [
        0.5958529710769653,
        0.4425101578235626,
        0.5085642337799072,
        0.4207371771335602,
        0.5226926207542419,
        0.6495877504348755,
        0.31227487325668335,
        -0.040149856358766556,
        0.624700665473938,
        0.3794766962528229,
        0.13211536407470703,
        0.23181843757629395,
        0.6738640069961548,
        0.21349726617336273,
        -0.3461975157260895,
        0.9969495534896851,
        0.3102167546749115,
        -0.041000112891197205,
        0.23389746248722076,
        0.2205960750579834,
        0.27431270480155945,
        -0.1294536143541336,
        -0.4418919086456299,
        0.045325469225645065,
        -0.22484174370765686,
        -0.0183822400867939,
        0.3626222312450409,
        -0.21846109628677368,
        0.0628252774477005,
        -0.4238313138484955,
        -0.010278784669935703,
        -0.1293366551399231,
        -0.47624942660331726,
        -0.05212342366576195,
        0.6334649324417114,
        -0.9115715026855469,
        -0.4335170090198517,
        -0.298633337020874,
        0.17072784900665283,
        -0.6387854218482971,
        -0.6782442331314087,
        0.24479548633098602,
        -1.0112967491149902,
        -0.14772483706474304,
        -0.383083313703537,
        -0.19579170644283295,
        -0.5475112199783325,
        -0.03290610760450363,
        -0.34359002113342285,
        0.7745850086212158,
        0.7031080722808838,
        0.037229396402835846,
        0.2399040013551712,
        -0.5476059317588806,
        -0.8880553841590881,
        -1.3864153623580933,
        0.8289888501167297,
        0.5746544003486633,
        -0.0437009334564209,
        -0.16620448231697083,
        0.07885440438985825,
        -1.1433058977127075,
        -1.2966163158416748,
        0.8705627918243408,
        0.4897764325141907,
        0.32843562960624695,
        0.5857446193695068,
        -0.8066766262054443,
        -0.9602950811386108,
        -0.664106011390686,
        1.0110995769500732,
        1.1567702293395996,
        0.4663692116737366,
        0.045471739023923874,
        0.043123092502355576,
        -0.9275257587432861,
        -0.9928327202796936,
        0.7655907273292542,
        1.0922691822052002,
        0.17135237157344818,
        -0.12515832483768463,
        -0.26103419065475464,
        -0.7345523834228516,
        -1.4997451305389404,
        1.409207820892334,
        1.4129887819290161,
        -0.09421087056398392,
        -0.020231109112501144,
        -0.29924869537353516,
        -0.5248658657073975,
        -0.8124201893806458,
        1.0464308261871338,
        0.8209754228591919,
        0.26691851019859314,
        -0.3804331421852112,
        0.6725244522094727,
        -0.3475129008293152,
        -0.8768662214279175
    ]
}