{
    "seed": 1000008,
    "theta": [
        -0.16204799711704254,
        0.762441098690033,
        -1.0464141368865967,
        1.3317899703979492,
        -0.6021208763122559
    ],
    "x": [
        0.635820209980011,
        0.7050228714942932,
        0.21273763477802277,
        0.21762825548648834,
        0.0373285710811615,
        -0.03132688254117966,
        0.3316675126552582,
        0.22364084422588348,
        0.4364640414714813,
        0.5391879081726074,
        0.09061402827501297,
        0.07439906895160675,
        0.38255786895751953,
        0.5516546368598938,
        0.45943117141723633,
        0.8365703225135803,
        0.23589056730270386,
        0.22166511416435242,
        0.14407749474048615,
        0.10406675189733505,
        -4.17354154586792,
        -0.8873094320297241,
        -0.2158188372850418,
        0.16463792324066162,
        -0.31158068776130676,
        -0.44160377979278564,
        -0.3362424075603485,
        0.9844843149185181,
        0.4277029037475586,
        0.011231154203414917,
        0.6458284258842468,
        -0.32342222332954407,
        -0.2834458649158478,
        0.11527182906866074,
        -0.5079733729362488,
        0.11585978418588638,
        -0.33043354749679565,
        -0.1447448581457138,
        -0.49499478936195374,
        -0.5297853350639343,
        -0.2859134376049042,
        0.12820158898830414,
        -0.49212536215782166,
        -0.36682766675949097,
        -0.42065852880477905,
        -0.3367358148097992,
        -0.22712625563144684,
        0.2135777473449707,
        -0.2519017457962036,
        0.4220927059650421,
        0.6930667161941528,
        -0.4738052785396576,
        0.20459102094173431,
        7.901585578918457,
        -0.5942047834396362,
        -1.0242589712142944,
        0.6324859857559204,
        1.3516837358474731,
        -0.35225480794906616,
        0.4591131806373596,
        -0.26695671677589417,
        -0.09051377326250076,
        -0.9364734888076782,
        0.9942644834518433,
        0.7435390949249268,
        0.20294660329818726,
        0.3275369703769684,
        -0.2701832950115204,
        -1.1928564310073853,
        -0.42257294058799744,
        0.6706757545471191,
        0.04879836365580559,
        0.5038774609565735,
        0.7359611392021179,
        -0.12937457859516144,
        -0.5669810771942139,
        -0.7981895804405212,
        0.9779633283615112,
        0.7055551409721375,
        0.5918458700180054,
        0.38381996750831604,
        -0.3622254431247711,
        -0.7102674841880798,
        -0.4700058102607727,
        0.6253711581230164,
        0.6217797994613647,
        0.6406145095825195,
        0.21358656883239746,
        -0.14125581085681915,
        -0.49207985401153564,
        -0.9357084631919861,
        0.4882500469684601,
        0.8103901743888855,
        1.1950654983520508,
        -0.07577618956565857,
        0.13810288906097412,
        -0.22783298790454865,
        -0.7171351909637451
    ]
}