{
    "seed": 1000004,
    "theta": [
        0.6983324289321899,
        0.7351809144020081,
        0.6562741994857788,
        0.5685344338417053
    ],
    "x": [
        0.8141736388206482,
        1.0582197904586792,
        0.9238746762275696,
        1.0295937061309814,
        0.8396514654159546,
        0.9387894868850708,
        0.908310055732727,
        0.8521777987480164,
        0.8244339227676392,
        0.8959006071090698,
        0.6302046179771423,
        0.6919333338737488,
        0.6348514556884766,
        0.7736300230026245,
        0.6191195249557495,
        0.6102556586265564,
        0.4962315857410431,
        0.6610682010650635,
        0.6488164067268372,
        0.6064704656600952,
        0.5454673767089844,
        0.48366063833236694,
        0.510049045085907,
        0.5946720242500305,
        0.6237106323242188,
        0.5847708582878113,
        0.44449347257614136,
        0.46239981055259705,
        0.4520900845527649,
        0.5876374840736389,
        0.42820167541503906,
        0.5255736112594604,
        0.5091833472251892,
        0.33800825476646423,
        0.3931758999824524,
        0.33347398042678833,
        0.43677571415901184,
        0.462533563375473,
        0.5131741762161255,
        0.5308012366294861,
        0.3969241976737976,
        0.43342792987823486,
        0.4575091004371643,
        0.4770362973213196,
        0.5414668917655945,
        0.4129911959171295,
        0.24875272810459137,
        0.34851837158203125,
        0.3269430696964264,
        0.4381113648414612,
        0.5520973205566406,
        0.4070139527320862,
        0.4641607999801636,
        0.4467478394508362,
        0.432977557182312,
        0.4153129458427429,
        0.5025805234909058,
        0.5263473391532898,
        0.5420176386833191,
        0.3349952697753906,
        0.44093817472457886,
        0.29132080078125,
        0.48032569885253906,
        0.31205227971076965,
        0.5138847231864929,
        0.4379133880138397,
        0.3442355990409851,
        0.46421191096305847,
        0.49681103229522705,
        0.4283280670642853,
        0.45351943373680115,
        0.4079396426677704,
        0.490396112203598,
        0.5428867340087891,
        0.5613700747489929,
        0.47006747126579285,
        0.4298721253871918,
        0.44360682368278503,
        0.4118143618106842,
        0.34069162607192993,
        0.4375838041305542,
        0.3455337584018707,
        0.3880246579647064,
        0.36656251549720764,
        0.4497121274471283,
        0.5862195491790771,
        0.4877905547618866,
        0.3917643129825592,
        0.5108929872512817,
        0.40856602787971497,
        0.6027852296829224,
        0.44875794649124146,
        0.4612892270088196,
        0.5324035882949829,
        0.5320063233375549,
        0.5993663668632507,
        0.5715968012809753,
        0.5859758853912354,
        0.617035448551178,
        0.673909604549408,
        0.7185961604118347
    ]
}