{
    "seed": 1000009,
    "theta": [
        0.43403318524360657,
        0.5623298287391663,
        0.5186719298362732,
        0.5133536458015442
    ],
    "x": [
        0.7319934964179993,
        0.8839250206947327,
        0.7437839508056641,
        0.7226211428642273,
        0.912802517414093,
        0.6774036288261414,
        0.8349628448486328,
        0.8272634148597717,
        0.8047569394111633,
        0.7423899173736572,
        0.6874362826347351,
        0.6773824095726013,
        0.5366019010543823,
        0.5683574676513672,
        0.6568889617919922,
        0.48228633403778076,
        0.6175479888916016,
        0.5965728759765625,
        0.43226802349090576,
        0.4622224271297455,
        0.412219375371933,
        0.4862199127674103,
        0.520496129989624,
        0.5638657808303833,
        0.5623624324798584,
        0.37431564927101135,
        0.4622364044189453,
        0.39342257380485535,
        0.38707199692726135,
        0.42690810561180115,
        0.2248832732439041,
        0.4693032503128052,
        0.2544943392276764,
        0.36247506737709045,
        0.4444650113582611,
        0.43772557377815247,
        0.44134750962257385,
        0.45039013028144836,
        0.48272705078125,
        0.3084816038608551,
        0.4100636839866638,
        0.2882896363735199,
        0.33392956852912903,
        0.31262078881263733,
        0.438018798828125,
        0.5604687929153442,
        0.422046035528183,
        0.6007733941078186,
        0.4415246248245239,
        0.3165799379348755,
        0.41444841027259827,
        0.20230408012866974,
        0.4498837888240814,
        0.4578196108341217,
        0.4081740081310272,
        0.5395360589027405,
        0.44644495844841003,
        0.46524950861930847,
        0.10725656896829605,
        0.44605663418769836,
        0.5023183226585388,
        0.32479870319366455,
        0.28634896874427795,
        0.46345406770706177,
        0.4305992126464844,
        0.4513544738292694,
        0.5299912691116333,
        0.5023302435874939,
        0.4062323272228241,
        0.4641557037830353,
        0.3899809420108795,
        0.16284586489200592,
        0.47502657771110535,
        0.48759689927101135,
        0.16496632993221283,
        0.5485928654670715,
        0.48059210181236267,
        0.4118235409259796,
        0.4197005033493042,
        0.426928848028183,
        0.4480074644088745,
        0.45085498690605164,
        0.3076667785644531,
        0.48211541771888733,
        0.39609846472740173,
        0.36681416630744934,
        0.5061663389205933,
        0.5150304436683655,
        0.4799221158027649,
        0.3956443667411804,
        0.36557579040527344,
        0.5596417784690857,
        0.5388702154159546,
        0.5184285640716553,
        0.2832339107990265,
        0.6031444668769836,
        0.39981332421302795,
        0.4819049835205078,
        0.48413315415382385,
        0.5716977715492249,
        0.5573961734771729
    ]
}