{
    "seed": 1000008,
    "theta": [
        0.5324823260307312,
        0.5306243300437927,
        0.5089256763458252,
        0.5505530834197998
    ],
    "x": [
        0.7921721339225769,
        0.9697589874267578,
        0.817382276058197,
        0.8055145144462585,
        0.7205983400344849,
        0.8114567995071411,
        0.6723212003707886,
        0.6394482851028442,
        0.42500609159469604,
        0.608794629573822,
        0.7300069332122803,
        0.5644381046295166,
        0.7118290066719055,
        0.6201375126838684,
        0.6091336607933044,
        0.5908443331718445,
        0.48541438579559326,
        0.5065687894821167,
        0.5981290340423584,
        0.38602638244628906,
        0.5042152404785156,
        0.5475068688392639,
        0.5114781856536865,
        0.3872361481189728,
        0.5215042233467102,
        0.5065042972564697,
        0.5139732360839844,
        0.4799119234085083,
        0.21646614372730255,
        0.5219078063964844,
        0.41787096858024597,
        0.3586259186267853,
        0.40552520751953125,
        0.48006120324134827,
        0.5168506503105164,
        0.38716989755630493,
        0.4288901090621948,
        0.5787316560745239,
        0.49525630474090576,
        0.4825064241886139,
        0.47057315707206726,
        0.48515650629997253,
        0.528180718421936,
        0.32743263244628906,
        0.35991936922073364,
        0.5244579315185547,
        0.4077693819999695,
        0.33071771264076233,
        0.26102015376091003,
        0.47998860478401184,
        0.4323318600654602,
        0.4511033296585083,
        0.4169255495071411,
        0.2931203246116638,
        0.4952433407306671,
        0.4260251224040985,
        0.5424442291259766,
        0.4973050355911255,
        0.4347153902053833,
        0.35186246037483215,
        0.44517645239830017,
        0.15521545708179474,
        0.4804740846157074,
        0.48178112506866455,
        0.461169570684433,
        0.5117631554603577,
        0.41509947180747986,
        0.5078532099723816,
        0.27608731389045715,
        0.40257441997528076,
        0.2583746612071991,
        0.5314472317695618,
        0.32022807002067566,
        0.4049728512763977,
        0.4280899167060852,
        0.410635381937027,
        0.5763646364212036,
        0.5622979402542114,
        0.3281630277633667,
        0.5646221041679382,
        0.5534113645553589,
        0.3204919099807739,
        0.5065957307815552,
        0.43700867891311646,
        0.49497249722480774,
        0.47518932819366455,
        0.5029730200767517,
        0.47688597440719604,
        0.5601127743721008,
        0.3859483003616333,
        0.5644659399986267,
        0.40177232027053833,
        0.45178845524787903,
        0.5294693112373352,
        0.5627329349517822,
        0.4492383301258087,
        0.431594580411911,
        0.5100658535957336,
        0.5648357272148132,
        0.6208226680755615,
        0.5539812445640564
    ]
}