{
    "seed": 1000003,
    "theta": [
        0.49840807914733887,
        0.30069974064826965,
        0.6833769083023071,
        0.6663629412651062
    ],
    "x": [
        0.8368961215019226,
        0.9890792965888977,
        0.9593642950057983,
        0.8638318181037903,
        0.7447447180747986,
        0.7137720584869385,
        0.7710169553756714,
        0.7010810971260071,
        0.6251624822616577,
        0.648651659488678,
        0.5812029242515564,
        0.2994309663772583,
        0.38121020793914795,
        0.5220392942428589,
        0.12064564973115921,
        0.4119117856025696,
        0.1755577027797699,
        0.45827943086624146,
        0.4450722932815552,
        0.4829005002975464,
        0.39361050724983215,
        0.5377698540687561,
        0.263296514749527,
        0.28696542978286743,
        0.4701634645462036,
        0.5063682794570923,
        0.5050038695335388,
        0.42927780747413635,
        0.3523363769054413,
        0.29857367277145386,
        0.5469346642494202,
        0.3894597291946411,
        0.4529002010822296,
        0.4088139832019806,
        0.5429522395133972,
        0.46589088439941406,
        0.4263854920864105,
        0.27479222416877747,
        0.5711888670921326,
        0.49805641174316406,
        0.2897060513496399,
        0.46061262488365173,
        0.48705941438674927,
        0.3608837127685547,
        0.37081247568130493,
        0.383828341960907,
        0.40226858854293823,
        0.41843172907829285,
        0.3387780487537384,
        0.4700406491756439,
        0.43646368384361267,
        0.514819324016571,
        0.37774837017059326,
        -0.051159922033548355,
        0.5526599884033203,
        0.43726298213005066,
        0.4434008300304413,
        0.44362741708755493,
        0.3614344298839569,
        0.4274235963821411,
        0.46417364478111267,
        0.36002832651138306,
        0.4054059386253357,
        0.4311108887195587,
        0.41767579317092896,
        0.4677862823009491,
        0.49549585580825806,
        0.49636396765708923,
        0.5596891045570374,
        0.44605955481529236,
        0.45479533076286316,
        0.3628649413585663,
        0.44482409954071045,
        0.3263675570487976,
        0.5131251215934753,
        0.42425423860549927,
        0.5751076936721802,
        0.5252065062522888,
        0.5040144324302673,
        0.35915616154670715,
        0.3504619598388672,
        0.5179533362388611,
        0.3429926633834839,
        0.3863873779773712,
        0.5471762418746948,
        0.48438262939453125,
        0.434194952249527,
        0.3914327025413513,
        0.5250742435455322,
        0.48820292949676514,
        0.28149986267089844,
        0.3927542269229889,
        0.5954087376594543,
        0.47555047273635864,
        0.4629989564418793,
        0.4786459505558014,
        0.5005117058753967,
        0.47279930114746094,
        0.4799705445766449,
        0.6339446902275085,
        0.6432958245277405
    ]
}