{
    "seed": 1000012,
    "theta": [
        0.49937036633491516,
        0.6379517316818237,
        0.3076331317424774,
        0.5174209475517273
    ],
    "x": [
        0.9149697422981262,
        1.0073662996292114,
        0.9559484124183655,
        0.9874103665351868,
        0.831034243106842,
        0.6558171510696411,
        0.8851702213287354,
        0.7626725435256958,
        0.6151599884033203,
        0.5939520597457886,
        0.6887349486351013,
        0.43518295884132385,
        0.8256517052650452,
        0.643484890460968,
        0.6361956000328064,
        0.5758033990859985,
        0.4279499053955078,
        0.5082148313522339,
        0.37053680419921875,
        0.5903186798095703,
        0.42094218730926514,
        0.1761924773454666,
        0.4891098141670227,
        0.4882965087890625,
        0.45186182856559753,
        0.44215837121009827,
        0.40582555532455444,
        0.4763614535331726,
        0.4814924895763397,
        0.548431932926178,
        0.4973773956298828,
        0.55033940076828,
        0.5579735040664673,
        0.5288575291633606,
        0.4822588562965393,
        0.4857279360294342,
        0.4607173800468445,
        0.3393377959728241,
        0.4520188570022583,
        0.3972424864768982,
        0.4476313292980194,
        0.5252110958099365,
        0.40820756554603577,
        0.3431999087333679,
        0.4072589874267578,
        0.4111975431442261,
        0.5415939092636108,
        0.2128416746854782,
        0.4469928741455078,
        0.3426232635974884,
        0.3999331295490265,
        0.456985205411911,
        0.5239518284797668,
        0.3020704984664917,
        0.5219573974609375,
        0.41981735825538635,
        0.5384324193000793,
        0.414483904838562,
        0.4082539975643158,
        0.4658730924129486,
        0.5299530029296875,
        0.4215433895587921,
        0.16305312514305115,
        0.44315922260284424,
        0.3712209165096283,
        0.3159286379814148,
        0.454181045293808,
        0.3497207760810852,
        0.47620531916618347,
        0.48841920495033264,
        0.4069545865058899,
        0.4136500060558319,
        0.4009316861629486,
        0.43235066533088684,
        0.324798583984375,
        0.47375476360321045,
        0.48417675495147705,
        0.19627150893211365,
        0.3546128571033478,
        0.3767138123512268,
        0.3326989412307739,
        0.2680824398994446,
        0.524091362953186,
        0.30081430077552795,
        0.573950469493866,
        0.342453271150589,
        0.4181309938430786,
        0.441305935382843,
        0.401925265789032,
        0.39201226830482483,
        0.4624042510986328,
        0.4542383849620819,
        0.5893598198890686,
        0.5099314451217651,
        0.5687986016273499,
        0.5585744380950928,
        0.5454925298690796,
        0.5404446721076965,
        0.6461462378501892,
        0.6423123478889465,
        0.7434679865837097
    ]
}