{
    "seed": 1000005,
    "theta": [
        0.5443301796913147,
        0.5835863351821899,
        0.7192550897598267,
        0.3923198878765106
    ],
    "x": [
        0.8272846341133118,
        0.8612879514694214,
        0.844666063785553,
        0.9176371097564697,
        0.8002719879150391,
        0.7803173065185547,
        0.8431978821754456,
        0.8685545325279236,
        0.7799710631370544,
        0.7978622317314148,
        0.7392575740814209,
        0.7161194086074829,
        0.7630472779273987,
        0.5123944878578186,
        0.6325206756591797,
        0.5751724243164062,
        0.38854676485061646,
        0.37057140469551086,
        0.48746463656425476,
        0.5056292414665222,
        0.5081419348716736,
        0.4899790585041046,
        0.5104134678840637,
        0.3435382843017578,
        0.4652089476585388,
        0.357199102640152,
        0.5014387965202332,
        0.4897244870662689,
        0.45233866572380066,
        0.4863961637020111,
        0.41312408447265625,
        0.2951706051826477,
        0.4820695221424103,
        0.4339866638183594,
        0.13938090205192566,
        0.49749743938446045,
        0.4493676424026489,
        0.5317263007164001,
        0.4552973508834839,
        0.2533329129219055,
        0.42548370361328125,
        0.430139422416687,
        0.471582293510437,
        0.398880273103714,
        0.5025835633277893,
        -0.02918548509478569,
        0.4538726806640625,
        0.4251987338066101,
        0.3540555238723755,
        0.3799687623977661,
        0.3212532103061676,
        0.4065634310245514,
        0.15741221606731415,
        0.2868548035621643,
        0.36184820532798767,
        0.5092830657958984,
        0.44575321674346924,
        0.30155816674232483,
        0.37862205505371094,
        0.45956650376319885,
        0.4244670867919922,
        0.4453597962856293,
        0.40181705355644226,
        0.4224604368209839,
        0.4309837222099304,
        0.4381858706474304,
        0.4204058349132538,
        0.471368670463562,
        0.2948710024356842,
        0.1695396453142166,
        0.33017170429229736,
        0.3437232971191406,
        0.5178859829902649,
        0.3660343289375305,
        0.3508290648460388,
        0.3944290280342102,
        0.2571603059768677,
        0.46354013681411743,
        0.4466239809989929,
        0.513324499130249,
        0.31697604060173035,
        0.47390010952949524,
        0.5117248296737671,
        0.5225309729576111,
        0.38898059725761414,
        0.5012502074241638,
        0.4481315612792969,
        0.4565943479537964,
        0.41151556372642517,
        0.38407835364341736,
        0.47368571162223816,
        0.5064276456832886,
        0.3130964934825897,
        0.3684108853340149,
        0.5222346186637878,
        0.47516199946403503,
        0.39732614159584045,
        0.4110121428966522,
        0.4167135953903198,
        0.578210175037384,
        0.6157521605491638
    ]
}