{
    "seed": 1000000,
    "theta": [
        0.5255590081214905,
        0.33903127908706665,
        0.5281928181648254,
        0.5588260889053345
    ],
    "x": [
        0.7731372714042664,
        1.008098840713501,
        0.8039644956588745,
        0.6123675107955933,
        0.7016056180000305,
        0.5250661373138428,
        0.8017379641532898,
        0.7189012169837952,
        0.5028577446937561,
        0.6051812767982483,
        0.6667378544807434,
        0.6284146904945374,
        0.5146097540855408,
        0.6558524966239929,
        0.6199288964271545,
        0.5839735865592957,
        0.5797376036643982,
        0.4140426516532898,
        0.3860572874546051,
        0.5632830262184143,
        0.33392053842544556,
        0.33467838168144226,
        0.5516563653945923,
        0.4547271728515625,
        0.4351608157157898,
        0.3185868561267853,
        0.4573383331298828,
        0.4134783446788788,
        0.4899910092353821,
        0.48237940669059753,
        0.4752034544944763,
        0.3382892608642578,
        0.3536587953567505,
        0.4577064514160156,
        0.48524245619773865,
        0.34199854731559753,
        0.44363415241241455,
        0.40022507309913635,
        0.5071314573287964,
        0.3702836334705353,
        0.16251984238624573,
        0.47332027554512024,
        0.5128108859062195,
        0.5252937078475952,
        0.13933970034122467,
        0.47935232520103455,
        0.5015363097190857,
        0.40124180912971497,
        0.4399454891681671,
        0.1236981675028801,
        0.49970677495002747,
        0.19092483818531036,
        0.49965184926986694,
        0.3534965515136719,
        0.23738352954387665,
        0.455239474773407,
        0.4240323305130005,
        0.5354912877082825,
        0.505878210067749,
        0.5108758211135864,
        0.23309503495693207,
        0.45591291785240173,
        0.4608627259731293,
        0.4565657377243042,
        0.34343186020851135,
        0.5135535001754761,
        0.3837202787399292,
        0.4226979613304138,
        0.553803026676178,
        0.47809410095214844,
        0.5373105406761169,
        0.4951005280017853,
        0.42204272747039795,
        0.4458426237106323,
        0.5405856966972351,
        0.4677482545375824,
        0.3199867308139801,
        0.44463807344436646,
        0.48284417390823364,
        0.38426029682159424,
        0.517541229724884,
        0.4334425628185272,
        0.3996286988258362,
        0.5136590600013733,
        0.5058416724205017,
        0.3993281126022339,
        0.39878565073013306,
        0.5044013857841492,
        0.455083966255188,
        0.45406341552734375,
        0.49772974848747253,
        0.5867083072662354,
        0.4341316223144531,
        0.3709549009799957,
        0.5647023320198059,
        0.4382365047931671,
        0.5465750098228455,
        0.4714665710926056,
        0.2680099606513977,
        0.571370542049408,
        0.5682169795036316
    ]
}