{
    "seed": 1000002,
    "theta": [
        0.45412176847457886,
        0.28918924927711487,
        0.5572167038917542,
        0.5674623847007751
    ],
    "x": [
        0.9477952122688293,
        0.7365236878395081,
        0.9850392937660217,
        0.8908157348632812,
        0.8417122960090637,
        0.7137490510940552,
        0.6216636896133423,
        0.4900752902030945,
        0.701668918132782,
        0.6453978419303894,
        0.46408310532569885,
        0.5762351751327515,
        0.5797279477119446,
        0.5705127716064453,
        0.5082125067710876,
        0.5441195368766785,
        0.5141913294792175,
        0.47710520029067993,
        0.5554245114326477,
        0.5239214301109314,
        0.6121902465820312,
        0.4524771273136139,
        0.3789934813976288,
        0.3944389224052429,
        0.5884235501289368,
        0.5637549161911011,
        0.4875882565975189,
        0.36786702275276184,
        0.5461435914039612,
        0.4425143003463745,
        0.48508772253990173,
        0.46576663851737976,
        0.4102945923805237,
        0.5131418704986572,
        0.571759045124054,
        0.5186899900436401,
        0.5376111268997192,
        0.346179336309433,
        0.439264178276062,
        0.5199933648109436,
        0.46664148569107056,
        0.304437518119812,
        0.5105956792831421,
        0.4898502230644226,
        0.5106467008590698,
        0.41630375385284424,
        -0.038217924535274506,
        0.47374165058135986,
        0.5281688570976257,
        0.4692426025867462,
        0.4360680878162384,
        0.17082494497299194,
        0.46888962388038635,
        0.39347726106643677,
        0.5148601531982422,
        0.4442845582962036,
        0.32622718811035156,
        0.34815138578414917,
        0.4542638063430786,
        0.4339909851551056,
        0.48728498816490173,
        0.4276599884033203,
        0.4442906677722931,
        0.30345433950424194,
        0.39917245507240295,
        0.431671142578125,
        0.2538936734199524,
        0.4491068422794342,
        0.3953595459461212,
        0.5089754462242126,
        0.39950892329216003,
        0.4511241912841797,
        0.38844427466392517,
        0.5386438965797424,
        0.3712562620639801,
        0.4114953279495239,
        0.5517109036445618,
        0.4296974241733551,
        0.5047709345817566,
        0.5200435519218445,
        0.4910334348678589,
        0.5182056427001953,
        0.4691411256790161,
        0.48018455505371094,
        0.44599786400794983,
        0.5769341588020325,
        0.5002634525299072,
        0.5130292177200317,
        0.5114002227783203,
        0.6384763121604919,
        0.5988547205924988,
        0.5218592286109924,
        0.6123968958854675,
        0.6169198155403137,
        0.5504670739173889,
        0.5995363593101501,
        0.545492947101593,
        0.5911827087402344,
        0.6165795922279358,
        0.7033014893531799,
        0.7464698553085327
    ]
}