{
    "seed": 1000004,
    "theta": [
        1.365584373474121,
        -0.27893850207328796,
        0.4609585106372833,
        1.309863805770874,
        0.45500898361206055
    ],
    "x": [
        0.2997664213180542,
        -0.024698765948414803,
        -0.894420325756073,
        0.9002265334129333,
        -0.3315421938896179,
        0.6746848225593567,
        -1.02344810962677,
        -1.1740357875823975,
        -0.3640436828136444,
        -0.07561815530061722,
        -1.505893349647522,
        -0.14651307463645935,
        1.0222631692886353,
        0.9392769932746887,
        0.19140276312828064,
        1.139873743057251,
        2.7771198749542236,
        0.495603084564209,
        1.5908235311508179,
        -0.124404177069664,
        0.5222743153572083,
        -0.6402413249015808,
        1.2884719371795654,
        -1.0585474967956543,
        -0.41292092204093933,
        0.17864374816417694,
        0.38131722807884216,
        0.29871052503585815,
        -0.2890278697013855,
        0.580453634262085,
        -0.7062159776687622,
        -0.9314261078834534,
        -0.679810106754303,
        -0.4009980857372284,
        -0.10733038932085037,
        0.10592643171548843,
        1.148572564125061,
        -0.2976720929145813,
        -0.27412089705467224,
        -0.08394723385572433,
        -0.828101396560669,
        1.3954721689224243,
        -0.02990869991481304,
        -0.08294966071844101,
        0.2890760600566864,
        -0.1991133689880371,
        0.36673545837402344,
        0.043305836617946625,
        0.35003718733787537,
        -0.6310130953788757,
        -0.2352103590965271,
        -0.12057312577962875,
        -0.5941332578659058,
        0.2234126478433609,
        0.017349014058709145,
        0.8062770962715149,
        -0.4448860287666321,
        0.22794029116630554,
        0.7273787260055542,
        -0.8397073149681091,
        0.35739004611968994,
        -7.465919494628906,
        0.2948751747608185,
        -0.6881101727485657,
        -0.23610304296016693,
        0.24995358288288116,
        0.4791669249534607,
        -0.18865573406219482,
        0.22681249678134918,
        0.3428781032562256,
        -0.3375833034515381,
        0.012913718819618225,
        0.547751247882843,
        0.3163112699985504,
        0.2978598475456238,
        -0.23735572397708893,
        0.3897821605205536,
        0.12915672361850739,
        0.007618353236466646,
        0.06658776104450226,
        8.440900802612305,
        -0.6186890602111816,
        0.7264760136604309,
        0.47289398312568665,
        -0.4796465039253235,
        0.018064282834529877,
        -0.36667123436927795,
        0.17305169999599457,
        -0.37937816977500916,
        0.3717937171459198,
        -0.13897545635700226,
        -0.624173104763031,
        -0.5608679056167603,
        -0.32603365182876587,
        0.5843433141708374,
        0.3177732229232788,
        -0.47678783535957336,
        0.24186116456985474
    ]
}