{
    "seed": 1000000,
    "theta": [
        1.4851491451263428,
        -0.22142329812049866,
        0.5625300407409668,
        1.4951409101486206,
        0.40617311000823975
    ],
    "x": [
        -0.20016179978847504,
        0.037758734077215195,
        0.32860833406448364,
        0.22445906698703766,
        -1.0179975032806396,
        -0.19002310931682587,
        -0.08398136496543884,
        -1.262128233909607,
        -0.9012039303779602,
        0.480720579624176,
        0.5580808520317078,
        0.6333768963813782,
        1.834365725517273,
        0.5350582003593445,
        5.0350565910339355,
        0.5924404263496399,
        -0.35411763191223145,
        -0.36466550827026367,
        -1.2649986743927002,
        -0.1390850991010666,
        0.8548648357391357,
        0.6389949321746826,
        -2.04695463180542,
        0.20173223316669464,
        -0.2449284791946411,
        1.1454265117645264,
        -0.24341219663619995,
        0.3176864683628082,
        0.05520616099238396,
        -0.2134818136692047,
        -1.2138773202896118,
        -0.18860334157943726,
        -0.13590766489505768,
        -0.6752905249595642,
        1.1589677333831787,
        -0.004024355672299862,
        -0.12606126070022583,
        0.6566385626792908,
        -0.0967899039387703,
        -0.7233509421348572,
        0.46304282546043396,
        -0.5591695308685303,
        -1.0342963933944702,
        -0.3069177269935608,
        0.9429675340652466,
        0.0037561641074717045,
        -0.3675066828727722,
        0.3796997666358948,
        -0.9024702906608582,
        0.33114632964134216,
        -0.1637846827507019,
        -0.21010863780975342,
        0.15745602548122406,
        0.12542498111724854,
        0.18435034155845642,
        0.610017716884613,
        -0.9671684503555298,
        -0.35550281405448914,
        -7.671506881713867,
        -0.5318721532821655,
        -0.014453352428972721,
        -0.25245872139930725,
        0.659165620803833,
        -0.2749921381473541,
        -0.27942606806755066,
        -0.6939451098442078,
        0.3863905966281891,
        -0.3409655690193176,
        0.5706464648246765,
        0.8323594331741333,
        -0.6466134786605835,
        -0.5450242757797241,
        -0.2985800802707672,
        0.2569017708301544,
        0.26826155185699463,
        0.6759960651397705,
        0.8040059208869934,
        -1.0154470205307007,
        0.09064158797264099,
        -0.2305707186460495,
        -0.11819521337747574,
        -0.12424888461828232,
        -0.4750937223434448,
        0.03418455272912979,
        -0.8540276288986206,
        -0.41378387808799744,
        -0.7128390073776245,
        -0.06055312231183052,
        0.47333112359046936,
        -0.327477365732193,
        1.1807941198349,
        -0.34301307797431946,
        -0.7849246859550476,
        -0.3656163513660431,
        -0.06070852279663086,
        0.06068853661417961,
        0.02291136607527733,
        -0.01766219176352024
    ]
}