{
    "seed": 1000012,
    "theta": [
        1.2040127515792847,
        -0.09572038799524307,
        0.6086851358413696,
        1.5206024646759033,
        0.7286644577980042
    ],
    "x": [
        -0.6384425163269043,
        -0.11329764872789383,
        -0.12280533462762833,
        -0.8492081165313721,
        -0.027589457109570503,
        -0.18109391629695892,
        0.4747670590877533,
        0.5548092722892761,
        -0.16997051239013672,
        0.39819326996803284,
        -1.3389322757720947,
        -0.9359065294265747,
        -0.5871540904045105,
        -0.13172638416290283,
        0.5780244469642639,
        -1.242620587348938,
        -0.8305911421775818,
        0.7434857487678528,
        0.8459778428077698,
        0.5896928906440735,
        0.9228364825248718,
        0.3485512435436249,
        -1.9208073616027832,
        -0.6977443099021912,
        0.24207071959972382,
        0.32377368211746216,
        0.16815656423568726,
        -0.860514223575592,
        -0.5924563407897949,
        0.4089255630970001,
        1.2804373502731323,
        1.8471381664276123,
        0.6185619831085205,
        0.8639870285987854,
        0.4637796878814697,
        0.8957305550575256,
        -0.3422738015651703,
        -0.42157790064811707,
        -1.1951799392700195,
        -0.00813484936952591,
        0.662627100944519,
        1.1591708660125732,
        -0.14846692979335785,
        0.6565901637077332,
        -0.6046581864356995,
        0.24744422733783722,
        -0.06011756509542465,
        -0.20068545639514923,
        0.8457053899765015,
        0.020283207297325134,
        -0.04981755092740059,
        -0.24076232314109802,
        0.7420622110366821,
        -0.49280738830566406,
        0.6985692381858826,
        1.2032638788223267,
        -1.1229579448699951,
        -0.6812922358512878,
        -0.17390893399715424,
        0.810111939907074,
        -0.18192937970161438,
        0.3659525215625763,
        0.48738938570022583,
        -0.6648407578468323,
        -0.3683762848377228,
        -0.3519870936870575,
        -0.030471308156847954,
        0.1100272536277771,
        0.7015364766120911,
        0.7237955927848816,
        -0.517952024936676,
        -1.2735825777053833,
        -0.9157191514968872,
        0.09792974591255188,
        0.7827801704406738,
        -0.2216585874557495,
        0.7912580370903015,
        -1.110106110572815,
        -0.49821627140045166,
        -0.47042423486709595,
        -1.013236165046692,
        0.27132293581962585,
        0.4495709538459778,
        -0.1003882884979248,
        -0.15386304259300232,
        0.18634377419948578,
        -0.4978518486022949,
        -0.8970218896865845,
        0.07435811311006546,
        -0.5567649602890015,
        0.02413300611078739,
        -0.6951819658279419,
        -0.6838939189910889,
        -0.9613959789276123,
        -0.08769561350345612,
        0.34921231865882874,
        -0.1094738095998764,
        0.8627806901931763
    ]
}