{
    "seed": 1000002,
    "theta": [
        1.4594721794128418,
        -0.06576722115278244,
        0.5391663908958435,
        1.1578377485275269,
        0.242107093334198
    ],
    "x": [
        -0.34290799498558044,
        -0.2725912630558014,
        0.18488433957099915,
        -0.3293934464454651,
        -0.10128682106733322,
        0.20350247621536255,
        -0.6582115292549133,
        -0.43954724073410034,
        0.43817204236984253,
        0.23884829878807068,
        -0.2230546921491623,
        -0.2653040885925293,
        0.37037473917007446,
        -0.21445977687835693,
        -0.3851566016674042,
        1.5173931121826172,
        -0.10000733286142349,
        -0.3192121386528015,
        0.3925819396972656,
        0.06642737239599228,
        0.1018979400396347,
        -0.3894719183444977,
        -1.3598192930221558,
        -0.6957563757896423,
        -0.4563397467136383,
        0.3942042589187622,
        1.3471637964248657,
        -0.5149627923965454,
        0.6297160387039185,
        -0.7965377569198608,
        0.332485169172287,
        -0.08908134698867798,
        -0.35872799158096313,
        0.0698641836643219,
        0.5964695811271667,
        -1.1265513896942139,
        0.02681036852300167,
        -0.00515737384557724,
        1.254570484161377,
        -0.6200239062309265,
        -0.15911194682121277,
        1.5168641805648804,
        -1.2212347984313965,
        1.0330687761306763,
        0.11982182413339615,
        0.8531436920166016,
        -0.40932178497314453,
        0.5902895927429199,
        0.6211323738098145,
        -0.16585564613342285,
        0.4245143234729767,
        -0.037194427102804184,
        0.2073412984609604,
        0.09696954488754272,
        0.35264989733695984,
        0.21105071902275085,
        -0.28530871868133545,
        -0.10762178897857666,
        -0.4193918704986572,
        -0.2925872802734375,
        1.0165022611618042,
        -0.07828540354967117,
        0.3209923505783081,
        -0.8374660015106201,
        -1.1031547784805298,
        -0.22041596472263336,
        0.743883490562439,
        -0.27433520555496216,
        0.18479560315608978,
        1.1899032592773438,
        -0.7452709078788757,
        0.05250021442770958,
        -0.19015619158744812,
        -0.009068607352674007,
        0.9383906722068787,
        0.3061859607696533,
        0.6982266902923584,
        -1.1409562826156616,
        -0.08858072012662888,
        -0.6319043636322021,
        -0.046876292675733566,
        0.36244237422943115,
        0.135141521692276,
        -0.026344632729887962,
        -0.15873922407627106,
        0.42587506771087646,
        -1.174789547920227,
        0.039038658142089844,
        0.029701892286539078,
        0.3538786768913269,
        0.48260584473609924,
        -0.6638923287391663,
        -0.5104900002479553,
        -0.4879632294178009,
        -0.397428035736084,
        0.7848397493362427,
        -0.08128928393125534,
        0.17675763368606567
    ]
}