{
    "seed": 1000001,
    "theta": [
        1.2451775074005127,
        -0.17404498159885406,
        0.4351012110710144,
        1.1340467929840088,
        1.0255502462387085
    ],
    "x": [
        -0.1148080825805664,
        0.6276925802230835,
        0.19605979323387146,
        0.7329334616661072,
        0.07460978627204895,
        0.12588782608509064,
        0.223324716091156,
        -1.3062455654144287,
        -0.6917595863342285,
        -0.22376027703285217,
        -1.0192795991897583,
        -0.19381849467754364,
        0.5852005481719971,
        0.1555999517440796,
        1.0488555431365967,
        -0.05301911011338234,
        0.10123441368341446,
        0.953782320022583,
        1.3091434240341187,
        -0.902258038520813,
        -1.0407721996307373,
        1.4611071348190308,
        0.038954153656959534,
        0.4401933550834656,
        0.8541146516799927,
        0.6436799168586731,
        -0.38906168937683105,
        -1.2039234638214111,
        -0.2461344599723816,
        -0.5170078873634338,
        0.062313906848430634,
        -0.10598266869783401,
        0.5056020021438599,
        -9.685088157653809,
        -0.23096954822540283,
        0.04038644954562187,
        -0.42098715901374817,
        -0.2765111029148102,
        -0.9033473134040833,
        -0.5937602519989014,
        -0.06380961090326309,
        0.025267910212278366,
        -1.1392598152160645,
        0.15927670896053314,
        -0.4681587815284729,
        0.09214581549167633,
        -0.15373429656028748,
        0.3535880148410797,
        0.8946836590766907,
        -0.8984302282333374,
        0.08404262363910675,
        0.12323586642742157,
        0.10738229006528854,
        -0.4438075125217438,
        -0.017836684361100197,
        0.5244269371032715,
        -0.4408365488052368,
        -0.46146702766418457,
        0.5163551568984985,
        -0.5104396939277649,
        0.15764933824539185,
        0.11689194291830063,
        0.2923987805843353,
        -0.4963161051273346,
        -0.34176743030548096,
        -0.4571473300457001,
        -0.40491971373558044,
        -0.006913558579981327,
        0.6323415637016296,
        0.4602784514427185,
        -0.10622280091047287,
        -0.23007076978683472,
        -0.2123173326253891,
        0.7302713394165039,
        -0.13650044798851013,
        0.6887124180793762,
        0.2152957320213318,
        -1.0542479753494263,
        0.33710765838623047,
        0.2184315174818039,
        0.4923922121524811,
        0.8186123371124268,
        0.4697352945804596,
        -0.006801046896725893,
        -0.37675538659095764,
        -0.4673517048358917,
        -0.26591581106185913,
        -0.1030467078089714,
        -0.41039156913757324,
        1.3098111152648926,
        -8.430216789245605,
        -0.3880769908428192,
        -0.16805073618888855,
        0.00943667907267809,
        0.14726930856704712,
        0.16637885570526123,
        0.28530675172805786,
        0.4161880910396576
    ]
}