{
    "seed": 1000009,
    "theta": [
        1.1450212001800537,
        -0.35207295417785645,
        0.18956102430820465,
        1.359937071800232,
        0.612301230430603
    ],
    "x": [
        -0.2479192465543747,
        -0.2570270597934723,
        0.7192935943603516,
        1.37908935546875,
        -1.2337840795516968,
        0.3575155735015869,
        0.42596620321273804,
        -1.1610056161880493,
        -0.7528613805770874,
        0.5120891332626343,
        0.6353893876075745,
        0.35984477400779724,
        -0.1561814397573471,
        -0.2631165385246277,
        -2.776047706604004,
        0.12051819264888763,
        0.012350553646683693,
        -0.24695353209972382,
        -1.056794285774231,
        -1.2732821702957153,
        -0.12745922803878784,
        -0.6829497218132019,
        0.41637730598449707,
        -0.6153218746185303,
        -0.039875566959381104,
        0.38429179787635803,
        -0.08879373222589493,
        -0.22495785355567932,
        0.33639079332351685,
        -0.2792869210243225,
        -0.8686485290527344,
        0.005569799803197384,
        -0.35827383399009705,
        0.045907460153102875,
        0.5686437487602234,
        0.4617009460926056,
        -0.606739342212677,
        0.5185782313346863,
        -0.4022660553455353,
        0.7840941548347473,
        0.0060728914104402065,
        -0.6233220100402832,
        -0.05892379209399223,
        0.7875223755836487,
        0.37934625148773193,
        0.06943830847740173,
        -0.8988169431686401,
        -0.20253971219062805,
        0.7323875427246094,
        -0.5719743967056274,
        -0.18052543699741364,
        0.025583043694496155,
        -0.3127079904079437,
        0.2218497097492218,
        0.35950785875320435,
        0.5039438605308533,
        -0.22178910672664642,
        -0.19248467683792114,
        0.18464526534080505,
        0.06243867799639702,
        0.16684013605117798,
        0.46633800864219666,
        0.30631816387176514,
        0.205530047416687,
        -0.06313657760620117,
        -0.12613701820373535,
        -0.44050925970077515,
        0.25754064321517944,
        0.19265714287757874,
        -0.38826388120651245,
        -0.572614312171936,
        -0.5773338079452515,
        0.6052820682525635,
        0.05188341438770294,
        0.047801852226257324,
        0.3620782792568207,
        0.18125177919864655,
        -0.3793933093547821,
        -0.417749285697937,
        -0.16928009688854218,
        0.13515907526016235,
        -0.46419811248779297,
        0.434775173664093,
        0.34247714281082153,
        -0.3598421812057495,
        -0.11646236479282379,
        -0.9722426533699036,
        0.24969470500946045,
        -0.11450740694999695,
        0.10432203859090805,
        0.43670573830604553,
        -0.541890561580658,
        -0.5732936263084412,
        -0.110618956387043,
        -0.4585930109024048,
        0.1274225264787674,
        -0.21915403008460999,
        0.1350417137145996
    ]
}