{
    "seed": 1000003,
    "theta": [
        1.3088493347167969,
        -0.2680039405822754,
        0.3559463620185852,
        1.1294728517532349,
        0.5931017398834229
    ],
    "x": [
        -0.6547943949699402,
        0.17715467512607574,
        0.5786414742469788,
        -0.5908188223838806,
        1.2315044403076172,
        -0.6745104789733887,
        -0.7494076490402222,
        -1.4254393577575684,
        -0.32625100016593933,
        0.6140682697296143,
        0.8854907751083374,
        0.5120200514793396,
        0.6231199502944946,
        0.5755074620246887,
        0.28653979301452637,
        0.6969967484474182,
        -0.4739535450935364,
        -0.896350085735321,
        1.11024808883667,
        -0.21238358318805695,
        0.19799569249153137,
        -0.34361162781715393,
        -0.9999974966049194,
        0.8422132134437561,
        -0.5128066539764404,
        0.6039064526557922,
        0.22196416556835175,
        -0.017938805744051933,
        -0.4362195134162903,
        1.0640273094177246,
        -0.2874780595302582,
        -1.0512630939483643,
        0.09540914744138718,
        1.1609596014022827,
        0.39259013533592224,
        0.02186751551926136,
        0.854702889919281,
        0.23142452538013458,
        0.27036863565444946,
        0.805181086063385,
        0.6735849976539612,
        0.6910459995269775,
        0.18852292001247406,
        0.1151992455124855,
        0.8523944616317749,
        -0.6017076373100281,
        0.036949630826711655,
        0.40627163648605347,
        -0.4212172329425812,
        0.252808541059494,
        -0.38565003871917725,
        -0.00670479005202651,
        -0.3565334379673004,
        -0.36074185371398926,
        0.12779299914836884,
        1.3271256685256958,
        -0.2607072591781616,
        0.03234134986996651,
        -0.21569350361824036,
        -0.020198030397295952,
        0.6226015686988831,
        0.21911148726940155,
        0.2575654983520508,
        -1.0503748655319214,
        -0.5110831260681152,
        -0.18066002428531647,
        -0.5435485243797302,
        -0.4560968279838562,
        0.7510590553283691,
        0.5756121277809143,
        -0.3263395130634308,
        -0.464971661567688,
        0.004451631102710962,
        -0.1649935245513916,
        0.9896263480186462,
        0.3556174337863922,
        0.49026185274124146,
        -0.09796410799026489,
        -0.059724513441324234,
        0.272562712430954,
        -0.40511539578437805,
        0.34869349002838135,
        0.36536476016044617,
        0.8006071448326111,
        0.01846383325755596,
        -0.3727825880050659,
        -0.05615244060754776,
        0.11603362113237381,
        0.09194958955049515,
        0.1974201798439026,
        0.3491211235523224,
        -0.22420164942741394,
        -0.42557474970817566,
        -0.5303033590316772,
        0.2715337574481964,
        0.7631785869598389,
        0.5495469570159912,
        -0.09715241938829422
    ]
}