{
    "seed": 1000005,
    "theta": [
        0.9946436882019043,
        -0.09218218177556992,
        0.6172837018966675,
        1.5219011306762695,
        0.5607141852378845
    ],
    "x": [
        0.15923422574996948,
        0.45078110694885254,
        0.23412209749221802,
        -0.757386326789856,
        -0.8527306318283081,
        0.7331846356391907,
        0.2913004457950592,
        -1.0213465690612793,
        1.3816720247268677,
        -0.07009559124708176,
        -0.27056625485420227,
        -1.2076621055603027,
        -0.3267977833747864,
        0.13411758840084076,
        -2.0004637241363525,
        0.710225522518158,
        -0.9792464375495911,
        1.1136094331741333,
        0.5883135199546814,
        0.540482223033905,
        1.6651657819747925,
        -0.6384657025337219,
        -0.932148814201355,
        -0.6233115792274475,
        0.27572381496429443,
        0.8100418448448181,
        0.15427759289741516,
        -0.45682618021965027,
        0.6743865013122559,
        0.40355777740478516,
        0.2967788875102997,
        -1.1212412118911743,
        -0.03412846848368645,
        0.6239685416221619,
        0.6428526639938354,
        -9.360305786132812,
        0.21118421852588654,
        0.7245627045631409,
        -0.22685198485851288,
        -0.31315985321998596,
        0.28815001249313354,
        -0.546092689037323,
        0.03907592222094536,
        0.307372123003006,
        0.21578405797481537,
        0.33257532119750977,
        -0.0402272529900074,
        -0.49865904450416565,
        0.5482608675956726,
        -0.40283361077308655,
        -0.1965857297182083,
        1.345325231552124,
        -0.6715893745422363,
        0.3480914533138275,
        0.6481580138206482,
        -4.887210845947266,
        -1.003686547279358,
        -0.19135797023773193,
        -0.23712730407714844,
        0.6792969107627869,
        -0.43063536286354065,
        0.47293034195899963,
        0.48035910725593567,
        -0.6324782967567444,
        -0.9602903127670288,
        -0.2697966992855072,
        0.2553275525569916,
        0.15817877650260925,
        0.8746143579483032,
        0.1547916680574417,
        -0.5844303965568542,
        1.8693844079971313,
        -0.35349324345588684,
        -3.1587865352630615,
        0.3276749551296234,
        0.33629557490348816,
        0.7701255083084106,
        -0.6906040906906128,
        -0.043942492455244064,
        -0.40939030051231384,
        -0.8675870299339294,
        -0.228180393576622,
        0.8024502992630005,
        0.37621280550956726,
        -0.7190529704093933,
        -0.23908689618110657,
        0.10301922261714935,
        -0.02164892666041851,
        0.26094090938568115,
        0.497427761554718,
        0.406394898891449,
        -0.6544261574745178,
        -0.5132816433906555,
        -0.14968150854110718,
        0.42198553681373596,
        -0.587935209274292,
        0.45010876655578613,
        0.8678852915763855
    ]
}