{
    "seed": 1000002,
    "theta": [
        -0.0426459014415741,
        0.42761194705963135
    ],
    "x": [
        1.8935235738754272,
        1.5425852537155151,
        1.2481306791305542,
        0.9162495136260986,
        0.6641612648963928,
        0.3910699784755707,
        0.14191429316997528,
        -0.10176551342010498,
        -0.29256701469421387,
        -0.3498016893863678,
        -0.4854467511177063,
        -0.411604642868042,
        -0.5532872080802917,
        -0.5709848403930664,
        -0.58866286277771,
        -0.6255449056625366,
        -0.723384439945221,
        -0.7299075722694397,
        -0.6755971312522888,
        -0.4886423945426941,
        -0.6225959062576294,
        -0.584723711013794,
        -0.5963954329490662,
        -0.578702986240387,
        -0.7421966791152954
    ]
}