{
    "seed": 1000003,
    "theta": [
        -0.1863245964050293,
        0.16602541506290436
    ],
    "x": [
        1.8935235738754272,
        1.2719041109085083,
        0.8757904171943665,
        0.638954758644104,
        0.3203079402446747,
        -0.012092185206711292,
        -0.09300393611192703,
        -0.15143311023712158,
        -0.22192338109016418,
        -0.29475200176239014,
        -0.37775081396102905,
        -0.43344905972480774,
        -0.4841938018798828,
        -0.490094393491745,
        -0.5190044045448303,
        -0.567991316318512,
        -0.6178267002105713,
        -0.6457027196884155,
        -0.6570219397544861,
        -0.7329273223876953,
        -0.8029392957687378,
        -0.8706372976303101,
        -0.8964470028877258,
        -0.9326354265213013,
        -0.8809451460838318
    ]
}