{
    "seed": 1000012,
    "theta": [
        -0.02141512930393219,
        0.2863207161426544
    ],
    "x": [
        1.8935235738754272,
        1.2465089559555054,
        0.9874451160430908,
        0.7311763167381287,
        0.5513420701026917,
        0.2627553343772888,
        0.14265179634094238,
        0.0474558062851429,
        -0.1858213245868683,
        -0.2765480577945709,
        -0.369758278131485,
        -0.38454583287239075,
        -0.46939942240715027,
        -0.5835162401199341,
        -0.5212888121604919,
        -0.5909635424613953,
        -0.6017311215400696,
        -0.7320992946624756,
        -0.7093923091888428,
        -0.7863256335258484,
        -0.7271134257316589,
        -0.6512385010719299,
        -0.6219003200531006,
        -0.6743630170822144,
        -0.7421963214874268
    ]
}