{
    "seed": 1000008,
    "theta": [
        -0.021307408809661865,
        0.19985228776931763
    ],
    "x": [
        1.8935235738754272,
        1.3326956033706665,
        0.8724864721298218,
        0.5170274972915649,
        0.2569170892238617,
        -0.1066373810172081,
        -0.278320848941803,
        -0.38232216238975525,
        -0.4956151843070984,
        -0.5301790833473206,
        -0.5977405905723572,
        -0.599441647529602,
        -0.6227971911430359,
        -0.7460042238235474,
        -0.7426567673683167,
        -0.7839897871017456,
        -0.8493062257766724,
        -0.8053873181343079,
        -0.7498629093170166,
        -0.7057278752326965,
        -0.6699214577674866,
        -0.717610239982605,
        -0.9148035049438477,
        -0.9111117124557495,
        -1.0339471101760864
    ]
}