{
    "seed": 1000010,
    "theta": [
        -0.24707874655723572,
        0.09121106564998627
    ],
    "x": [
        1.8935235738754272,
        1.3614314794540405,
        0.9837205410003662,
        0.6189766526222229,
        0.4051443636417389,
        0.10043924301862717,
        -0.13900698721408844,
        -0.3877723217010498,
        -0.5313817262649536,
        -0.6290922164916992,
        -0.737250566482544,
        -0.8083055019378662,
        -0.9088828563690186,
        -0.9703621864318848,
        -0.9780998229980469,
        -0.9323777556419373,
        -0.9630842208862305,
        -1.0886083841323853,
        -1.0811023712158203,
        -1.172556757926941,
        -1.1490017175674438,
        -1.219557762145996,
        -1.2520102262496948,
        -1.1938191652297974,
        -1.1167055368423462
    ]
}