{
    "seed": 1000009,
    "theta": [
        -0.14909592270851135,
        0.23917798697948456
    ],
    "x": [
        1.8935235738754272,
        1.4091107845306396,
        0.9898875951766968,
        0.6691782474517822,
        0.4791979491710663,
        0.1806415468454361,
        0.09368649870157242,
        0.041004374623298645,
        -0.08613698184490204,
        -0.25327157974243164,
        -0.2681499421596527,
        -0.22691163420677185,
        -0.3382875621318817,
        -0.34223219752311707,
        -0.33317187428474426,
        -0.4635000228881836,
        -0.5078069567680359,
        -0.6190444827079773,
        -0.7287044525146484,
        -0.5782316327095032,
        -0.5227480530738831,
        -0.651343584060669,
        -0.7257551550865173,
        -0.6693839430809021,
        -0.74178546667099
    ]
}