{
    "seed": 1000005,
    "theta": [
        -0.27908897399902344,
        -0.06271426379680634
    ],
    "x": [
        1.8935235738754272,
        1.470513939857483,
        1.1522877216339111,
        0.7822975516319275,
        0.5430762767791748,
        0.3155698776245117,
        0.19054363667964935,
        -0.004028242081403732,
        -0.12107778340578079,
        -0.33204761147499084,
        -0.558988630771637,
        -0.6082795262336731,
        -0.699599027633667,
        -0.802906334400177,
        -0.908596396446228,
        -1.0075576305389404,
        -1.0862623453140259,
        -1.0605449676513672,
        -1.0970051288604736,
        -1.100799322128296,
        -1.082090139389038,
        -1.0180442333221436,
        -0.9347864985466003,
        -1.0053424835205078,
        -1.0648387670516968
    ]
}