{
    "seed": 1000001,
    "theta": [
        -0.12342298030853271,
        0.32711729407310486
    ],
    "x": [
        1.8935235738754272,
        1.4897139072418213,
        1.071357250213623,
        0.7697303295135498,
        0.5526378750801086,
        0.2918536961078644,
        0.24154192209243774,
        0.05672512948513031,
        -0.1484796404838562,
        -0.24539169669151306,
        -0.3185728192329407,
        -0.4018508195877075,
        -0.3844675123691559,
        -0.5474666357040405,
        -0.5958336591720581,
        -0.5152509808540344,
        -0.4709285795688629,
        -0.5258572101593018,
        -0.5265854001045227,
        -0.6057506203651428,
        -0.6982902884483337,
        -0.691704273223877,
        -0.7624064683914185,
        -0.8130888938903809,
        -0.947458803653717
    ]
}