{
    "seed": 1000000,
    "theta": [
        0.14960043132305145,
        0.2569994032382965,
        -0.3498322367668152,
        0.3137836456298828,
        -0.17376643419265747,
        -0.12829142808914185,
        0.6069795489311218,
        0.40586087107658386,
        -0.19687019288539886,
        0.02178432047367096,
        -0.21866059303283691,
        0.14812205731868744,
        0.09202073514461517,
        -0.16994984447956085,
        0.025624115020036697,
        -0.09928352385759354,
        0.03811419755220413,
        0.34056076407432556,
        0.07994507253170013,
        -0.12330565601587296
    ],
    "x": [
        -0.02587035298347473,
        0.3724498152732849,
        -0.23073142766952515,
        0.6384843587875366,
        0.08603054285049438,
        -0.4311273694038391,
        0.5088791847229004,
        -0.20269545912742615,
        -0.2910074293613434,
        0.08272796869277954,
        -0.2723204791545868,
        -0.11889870464801788,
        -0.11713588237762451,
        -0.21201011538505554,
        0.3419346213340759,
        -0.6057038903236389,
        -0.21754378080368042,
        0.2825372815132141,
        0.7321649789810181,
        -0.010050855576992035
    ]
}