{
    "seed": 1000002,
    "theta": [
        0.4483100175857544,
        0.27765214443206787,
        0.44523411989212036,
        0.09800390154123306,
        -0.1379847377538681,
        -0.10102105885744095,
        -0.22905436158180237,
        0.11407539993524551,
        -0.030100852251052856,
        0.09456007927656174,
        -0.15384891629219055,
        0.17885041236877441,
        0.014072045683860779,
        0.17071083188056946,
        -0.37402114272117615,
        0.24210160970687866,
        0.10538984090089798,
        -0.05560768395662308,
        0.025613978505134583,
        -0.006428965833038092
    ],
    "x": [
        1.1622722148895264,
        0.4572196900844574,
        0.09470084309577942,
        -0.25974902510643005,
        -0.5921376347541809,
        0.11148292571306229,
        -0.14699538052082062,
        0.6257848739624023,
        -0.0005599241703748703,
        0.006570927798748016,
        0.07099254429340363,
        0.1191273033618927,
        -0.21157236397266388,
        -0.4389589726924896,
        -0.35925745964050293,
        0.32182011008262634,
        -0.3865525722503662,
        -0.43633192777633667,
        0.563819944858551,
        0.13795584440231323
    ]
}