{
    "seed": 1000003,
    "theta": [
        0.07423901557922363,
        -0.05116526782512665,
        0.3756256699562073,
        -0.02648681402206421,
        -0.01170283555984497,
        -0.09224611520767212,
        0.05367743596434593,
        -0.21353372931480408,
        -0.053142376244068146,
        -0.005487576127052307,
        -0.2920198440551758,
        0.2465544193983078,
        -0.2401290386915207,
        -0.08477047085762024,
        -0.10410892963409424,
        -0.3602699339389801,
        0.03527623414993286,
        -0.10484225302934647,
        -0.07737021148204803,
        -0.03749988228082657
    ],
    "x": [
        0.35296863317489624,
        -0.5233047604560852,
        0.6404497027397156,
        -0.19915364682674408,
        0.593743085861206,
        -0.6760042309761047,
        -0.06602054834365845,
        -0.008551493287086487,
        0.327269047498703,
        0.10878544300794601,
        0.1613130271434784,
        0.3736780881881714,
        0.1895432025194168,
        0.18463778495788574,
        0.12501172721385956,
        -0.8363223671913147,
        0.1633305698633194,
        -0.05455735698342323,
        0.17747993767261505,
        -0.2980610728263855
    ]
}