{
    "seed": 1000012,
    "theta": [
        0.1005009263753891,
        0.0940675139427185,
        0.03233616054058075,
        0.0977511927485466,
        0.11420116573572159,
        0.17145077884197235,
        0.2228698432445526,
        -0.03968626260757446,
        -0.18368634581565857,
        0.14257951080799103,
        -0.16331416368484497,
        -0.15195061266422272,
        -0.08284260332584381,
        -0.22112858295440674,
        -0.09091741591691971,
        -0.3420812487602234,
        0.10607025027275085,
        -0.10420749336481094,
        0.19367870688438416,
        -0.07004993408918381
    ],
    "x": [
        0.4956151247024536,
        0.1561751514673233,
        -0.013792593032121658,
        0.10019106417894363,
        0.3813415765762329,
        -0.4964338541030884,
        -0.30321869254112244,
        -0.07956446707248688,
        0.185936838388443,
        -0.11593548953533173,
        0.0394594669342041,
        -0.45240694284439087,
        0.22912980616092682,
        -0.1911102831363678,
        -0.19122162461280823,
        -0.5469813346862793,
        0.26014745235443115,
        0.4725166857242584,
        -0.47613659501075745,
        -0.4468855857849121
    ]
}