{
    "seed": 1000001,
    "theta": [
        0.17038264870643616,
        0.11097698658704758,
        0.08377429097890854,
        0.16763821244239807,
        -0.1872439980506897,
        -0.2508808672428131,
        0.31516921520233154,
        0.2535320818424225,
        -0.057135384529829025,
        0.10551877319812775,
        -0.05530085414648056,
        0.011046510189771652,
        -0.12216168642044067,
        0.07017963379621506,
        -0.05487946793437004,
        0.06696490198373795,
        -0.205019012093544,
        0.44620025157928467,
        0.22356539964675903,
        -0.12965649366378784
    ],
    "x": [
        -0.18993255496025085,
        -0.036571018397808075,
        0.08904242515563965,
        -0.07049041986465454,
        0.3745769262313843,
        -0.5285559892654419,
        0.05301174521446228,
        1.0640289783477783,
        -0.28297895193099976,
        -0.4075353145599365,
        0.0821087583899498,
        0.06927025318145752,
        0.45366913080215454,
        0.3618333041667938,
        0.05255782976746559,
        0.12423564493656158,
        -0.14110690355300903,
        0.21944880485534668,
        -0.1896311342716217,
        -0.07072976231575012
    ]
}