{
    "seed": 1000010,
    "theta": [
        -0.2522995173931122,
        0.05141763389110565,
        0.17194734513759613,
        -0.04177179932594299,
        -0.18234507739543915,
        0.01771477982401848,
        0.10290319472551346,
        0.26842671632766724,
        -0.20897261798381805,
        0.13622038066387177,
        0.026235204190015793,
        -0.11410761624574661,
        -0.11273758113384247,
        -0.2531176507472992,
        0.2743155062198639,
        -0.10261491686105728,
        -0.0029190778732299805,
        -0.24366489052772522,
        -0.016090497374534607,
        -0.08697689324617386
    ],
    "x": [
        0.008875727653503418,
        0.2755409777164459,
        -0.32415544986724854,
        -0.07922115921974182,
        -0.40354812145233154,
        -0.9995724558830261,
        -0.38204625248908997,
        0.34138980507850647,
        -0.34276673197746277,
        -0.21770654618740082,
        -0.021507970988750458,
        -0.22274470329284668,
        -0.06241186708211899,
        -0.7116286754608154,
        0.36667105555534363,
        0.28863072395324707,
        0.0783238634467125,
        -0.03857742249965668,
        0.19397881627082825,
        -0.4741215705871582
    ]
}