{
    "seed": 1000004,
    "theta": [
        -0.20115917921066284,
        0.04830101877450943,
        0.16699540615081787,
        0.32144683599472046,
        0.11213452368974686,
        -0.11534425616264343,
        0.01446087658405304,
        -0.057601094245910645,
        0.16368167102336884,
        0.15694931149482727,
        0.03352115675806999,
        0.17731210589408875,
        0.10313725471496582,
        -0.007998600602149963,
        -0.31676816940307617,
        -0.3833071291446686,
        -0.026125207543373108,
        -0.09534098953008652,
        -0.15636318922042847,
        0.04054024815559387
    ],
    "x": [
        -0.3291957676410675,
        -0.3394091725349426,
        -0.32779738306999207,
        0.36384379863739014,
        -0.011787638068199158,
        -0.21112649142742157,
        -0.2507919669151306,
        -0.09199868142604828,
        0.06854277849197388,
        0.2740215063095093,
        0.1975608617067337,
        -0.07224482297897339,
        -0.1364508718252182,
        0.44053906202316284,
        -0.5408305525779724,
        -0.16351136565208435,
        0.034117478877305984,
        -0.47219422459602356,
        0.2242198884487152,
        0.21330569684505463
    ]
}