{
    "seed": 1000009,
    "theta": [
        0.256094366312027,
        0.13101500272750854,
        0.014680474996566772,
        0.054289378225803375,
        -0.4408283531665802,
        -0.04449707269668579,
        0.22121042013168335,
        -0.007451534271240234,
        0.1720767468214035,
        -0.037956155836582184,
        -0.07740340381860733,
        -0.05429527908563614,
        -0.13399630784988403,
        -0.0884038656949997,
        -0.17957894504070282,
        -0.04604716971516609,
        0.20273035764694214,
        -0.08822288364171982,
        0.19883616268634796,
        -0.059210728853940964
    ],
    "x": [
        0.19368892908096313,
        -0.006332769989967346,
        -0.44513535499572754,
        0.22982871532440186,
        -0.6323145627975464,
        -0.09187962859869003,
        0.09539367258548737,
        0.29402244091033936,
        0.3350702226161957,
        -0.41497039794921875,
        -0.17381063103675842,
        -0.04998384043574333,
        0.36787980794906616,
        0.1611703783273697,
        -0.17236420512199402,
        -0.3532622158527374,
        0.26557961106300354,
        -0.28703171014785767,
        0.028032958507537842,
        -0.3132533133029938
    ]
}