{
    "seed": 1000004,
    "theta": [
        0.8313813805580139,
        0.2909381687641144,
        0.29890283942222595,
        0.682287335395813
    ],
    "x": [
        0.8873275518417358,
        0.7629290223121643,
        0.9941290616989136,
        0.9324901700019836,
        0.8943982720375061,
        0.5304399132728577,
        0.807730495929718,
        0.7424241304397583,
        0.39135462045669556,
        0.7312290072441101,
        0.6559218168258667,
        0.4326634705066681,
        0.6009431481361389,
        0.4694018065929413,
        0.6470013856887817,
        0.5267200469970703,
        0.5407231450080872,
        0.5376554131507874,
        0.5267945528030396,
        0.6043803095817566,
        0.502979040145874,
        0.5540790557861328,
        0.38092321157455444,
        0.5262635350227356,
        0.3872080445289612,
        0.4248141050338745,
        0.5666399598121643,
        0.31849467754364014,
        0.4970282316207886,
        0.38508859276771545,
        0.4746265411376953,
        0.38146719336509705,
        0.4941941499710083,
        0.538431704044342,
        0.46909409761428833,
        0.5250809788703918,
        0.43791884183883667,
        0.5263944268226624,
        0.539042055606842,
        0.4671946167945862,
        0.5351589322090149,
        0.2823743224143982,
        0.5699386596679688,
        0.4327865540981293,
        0.43151792883872986,
        0.38751208782196045,
        0.36646512150764465,
        0.4242631196975708,
        0.23117421567440033,
        0.5376484990119934,
        0.38151881098747253,
        0.41485342383384705,
        0.2501659393310547,
        0.5008144378662109,
        0.4429353177547455,
        0.2057398408651352,
        0.40480053424835205,
        0.4395706057548523,
        0.46347275376319885,
        0.5818570256233215,
        0.542226254940033,
        0.42767688632011414,
        0.39530715346336365,
        0.4034174680709839,
        0.4493156373500824,
        0.4914938509464264,
        0.4358183443546295,
        0.484762579202652,
        0.5205827355384827,
        0.46716180443763733,
        0.5886669158935547,
        0.5582848787307739,
        0.5850104093551636,
        0.400527685880661,
        0.44744059443473816,
        0.6315590143203735,
        0.5506268739700317,
        0.4226723909378052,
        0.5493220090866089,
        0.4017879366874695,
        0.5321749448776245,
        0.539318323135376,
        0.2954622805118561,
        0.400490939617157,
        0.401193231344223,
        0.40381112694740295,
        0.4345860779285431,
        0.46500423550605774,
        0.4699331820011139,
        0.5509693026542664,
        0.5388088226318359,
        0.484634131193161,
        0.5620572566986084,
        0.5094044804573059,
        0.34383291006088257,
        0.5705815553665161,
        0.6133425235748291,
        0.6317459344863892,
        0.5869097113609314,
        0.6702963709831238,
        0.6971542239189148
    ]
}