{
    "seed": 1000005,
    "theta": [
        0.5956887602806091,
        0.4726678729057312,
        0.264196515083313,
        0.6685582399368286
    ],
    "x": [
        0.7564237117767334,
        0.9016166925430298,
        0.9575121402740479,
        0.9078971743583679,
        0.8745309114456177,
        0.8318758606910706,
        0.8354925513267517,
        0.6954793334007263,
        0.7064698338508606,
        0.7116278409957886,
        0.40738919377326965,
        0.5907531976699829,
        0.7635382413864136,
        0.5120292901992798,
        0.6962372064590454,
        0.640594482421875,
        0.5301684141159058,
        0.5293881893157959,
        0.49128061532974243,
        0.5341768860816956,
        0.1445772796869278,
        0.4689917266368866,
        0.5274987816810608,
        0.4390735626220703,
        0.4489331543445587,
        0.5066258907318115,
        0.5708895325660706,
        0.385577529668808,
        0.34325459599494934,
        0.44122758507728577,
        0.49322280287742615,
        0.286059707403183,
        0.4646260440349579,
        0.4011731445789337,
        0.5968450903892517,
        0.5035858154296875,
        0.17530517280101776,
        0.46412086486816406,
        0.5066032409667969,
        0.49341505765914917,
        0.4785982668399811,
        0.4299870729446411,
        0.5430070161819458,
        0.540783166885376,
        0.36395251750946045,
        0.3795877993106842,
        0.3363662660121918,
        0.4352676272392273,
        0.38530248403549194,
        0.5336873531341553,
        0.3788398802280426,
        0.46753501892089844,
        0.42871958017349243,
        0.45160916447639465,
        0.44713911414146423,
        0.3425287902355194,
        0.33621087670326233,
        0.46211063861846924,
        0.39244410395622253,
        0.5386002659797668,
        0.3419809937477112,
        0.33812713623046875,
        0.5152691006660461,
        0.5172552466392517,
        0.4960961639881134,
        0.5140979886054993,
        0.5707955956459045,
        0.18963979184627533,
        0.3666451871395111,
        0.4165612459182739,
        0.336309552192688,
        0.49385806918144226,
        0.46767324209213257,
        0.5516626834869385,
        0.2180309295654297,
        0.40710461139678955,
        0.33595630526542664,
        0.19585774838924408,
        0.12016423791646957,
        0.5042307376861572,
        0.4341348111629486,
        0.40957629680633545,
        0.4859011471271515,
        0.5805873870849609,
        0.4139982759952545,
        0.42364057898521423,
        0.4994509518146515,
        0.5305376648902893,
        0.48629990220069885,
        0.5182369351387024,
        0.5432220697402954,
        0.40442097187042236,
        0.5115655064582825,
        0.5796425938606262,
        0.24346910417079926,
        0.4364059567451477,
        0.488198846578598,
        0.5782666802406311,
        0.6377823948860168,
        0.6289024353027344,
        0.6752623319625854
    ]
}