{
    "seed": 1000008,
    "theta": [
        0.8393265008926392,
        0.23737603425979614,
        0.3909185528755188,
        0.6974443197250366
    ],
    "x": [
        0.9397296905517578,
        0.9866612553596497,
        0.8162084221839905,
        0.9063979983329773,
        0.816423773765564,
        0.7493731379508972,
        0.763776421546936,
        0.525165319442749,
        0.72381591796875,
        0.6008453369140625,
        0.5516592860221863,
        0.6666749119758606,
        0.635879635810852,
        0.5458739995956421,
        0.5260237455368042,
        0.5910065770149231,
        0.5460981726646423,
        0.5441638827323914,
        0.5094127655029297,
        0.4669475555419922,
        0.5862630009651184,
        0.5109597444534302,
        0.5507584810256958,
        0.40458106994628906,
        0.060367073863744736,
        0.5904903411865234,
        0.5409164428710938,
        0.5594407320022583,
        0.5102755427360535,
        0.5381112694740295,
        0.3356984555721283,
        0.21872711181640625,
        0.44247132539749146,
        0.3701438903808594,
        0.38212648034095764,
        0.4421621859073639,
        0.39927420020103455,
        0.5537071228027344,
        0.28964054584503174,
        0.48968836665153503,
        0.42518502473831177,
        0.4053036868572235,
        0.31297874450683594,
        0.5712035894393921,
        0.46949756145477295,
        0.5019332766532898,
        0.5711585879325867,
        0.4973629117012024,
        0.3885543942451477,
        0.4428304135799408,
        0.5546182990074158,
        0.590674102306366,
        0.059166207909584045,
        0.5608896613121033,
        0.4980611205101013,
        0.49910151958465576,
        0.416229248046875,
        0.4276893734931946,
        0.41637521982192993,
        0.5157320499420166,
        0.40281805396080017,
        0.4662831723690033,
        0.4184652864933014,
        0.4579556882381439,
        0.31230416893959045,
        0.5845352411270142,
        0.45919087529182434,
        0.5104667544364929,
        0.44072404503822327,
        0.26410433650016785,
        0.5137807130813599,
        0.5100048184394836,
        0.4721323549747467,
        0.48933523893356323,
        0.43259507417678833,
        0.4767697751522064,
        0.430703341960907,
        0.3240524232387543,
        0.4551219940185547,
        0.34171536564826965,
        0.46287092566490173,
        0.6089678406715393,
        0.475998193025589,
        0.5197364687919617,
        0.5048102140426636,
        0.5130807161331177,
        0.5174784064292908,
        0.47619831562042236,
        0.5417635440826416,
        0.5161821842193604,
        0.5750382542610168,
        0.5971729159355164,
        0.5317915678024292,
        0.5993578433990479,
        0.5877416133880615,
        0.6165034174919128,
        0.5892409086227417,
        0.602294921875,
        0.6749967932701111,
        0.7105470299720764,
        0.7352488040924072
    ]
}