{
    "seed": 1000002,
    "theta": [
        0.616984486579895,
        0.22868114709854126,
        0.2781207263469696,
        0.6471344232559204
    ],
    "x": [
        0.9750798344612122,
        0.9592615962028503,
        0.9198474884033203,
        0.8990796208381653,
        0.7942079901695251,
        0.7963497042655945,
        0.7348029017448425,
        0.6324334740638733,
        0.6310966610908508,
        0.6801414489746094,
        0.5581104159355164,
        0.41606763005256653,
        0.40603575110435486,
        0.4953041076660156,
        0.4791524112224579,
        0.6025916934013367,
        0.5534064173698425,
        0.48002320528030396,
        0.4541662931442261,
        0.5619168877601624,
        0.3776957094669342,
        0.49447759985923767,
        0.5191155672073364,
        0.563213586807251,
        0.49066656827926636,
        0.20782838761806488,
        0.4132755398750305,
        0.005143229383975267,
        0.25295907258987427,
        0.4255034029483795,
        0.5128151178359985,
        0.49477437138557434,
        0.5602582097053528,
        0.3184739351272583,
        0.5252105593681335,
        0.33511582016944885,
        0.5051259398460388,
        0.519476056098938,
        0.4248156249523163,
        0.4849262237548828,
        0.3379758298397064,
        0.40368422865867615,
        0.505126953125,
        0.4153483211994171,
        0.45036378502845764,
        0.44585928320884705,
        0.5867995023727417,
        0.4982854127883911,
        0.4325326383113861,
        0.4942907989025116,
        0.26603901386260986,
        0.4406470060348511,
        0.4050590395927429,
        0.5485503077507019,
        0.4091770052909851,
        0.36200153827667236,
        0.5209391117095947,
        0.46612662076950073,
        0.5289748907089233,
        0.5014598965644836,
        0.4636889100074768,
        0.4921698272228241,
        0.5540542602539062,
        0.5832725763320923,
        0.47594642639160156,
        0.5181106328964233,
        0.4790341556072235,
        0.5363291501998901,
        0.43874257802963257,
        0.4620138704776764,
        0.5132291316986084,
        0.5383539795875549,
        0.392465204000473,
        0.48078563809394836,
        0.3364271819591522,
        0.3749043643474579,
        0.4923737943172455,
        0.5558334589004517,
        0.4528465270996094,
        0.5782613158226013,
        0.4855343997478485,
        0.5955067873001099,
        0.5815695524215698,
        0.498376727104187,
        0.43563663959503174,
        0.4933113157749176,
        0.5102142095565796,
        0.5047036409378052,
        0.5261051058769226,
        0.6076615452766418,
        0.5470904111862183,
        0.5011754631996155,
        0.5943799614906311,
        0.5435386896133423,
        0.6155716180801392,
        0.5666399598121643,
        0.714581310749054,
        0.6962600946426392,
        0.6865215301513672,
        0.7609068751335144,
        0.8068403601646423
    ]
}