{
    "seed": 1000012,
    "theta": [
        0.650528609752655,
        0.2543245255947113,
        0.22527213394641876,
        0.6603153944015503
    ],
    "x": [
        0.7070997953414917,
        0.8556098937988281,
        0.8482760190963745,
        0.8390840888023376,
        0.8524619936943054,
        0.8490001559257507,
        0.7717002630233765,
        0.5541680455207825,
        0.6974112391471863,
        0.6251862645149231,
        0.597631573677063,
        0.6094263792037964,
        0.4897822141647339,
        0.5070780515670776,
        0.5065441131591797,
        0.5057170987129211,
        0.46147918701171875,
        0.5691922307014465,
        0.4806515872478485,
        0.4866980314254761,
        0.05001780018210411,
        0.41860517859458923,
        0.492547869682312,
        0.507396936416626,
        0.531533420085907,
        0.40642014145851135,
        0.5053445100784302,
        0.4069971740245819,
        0.47560182213783264,
        0.5342913269996643,
        0.4579213559627533,
        0.4843490719795227,
        0.518921434879303,
        0.5134381651878357,
        0.3652206361293793,
        0.5316784977912903,
        0.548615038394928,
        0.463156521320343,
        0.505535364151001,
        0.304302841424942,
        0.31749266386032104,
        0.5049971342086792,
        0.4210982024669647,
        0.45676741003990173,
        0.3935684263706207,
        0.41211700439453125,
        0.5491803288459778,
        0.21866455674171448,
        0.5788518190383911,
        0.4616483151912689,
        0.5024122595787048,
        0.5197816491127014,
        0.36778703331947327,
        0.5150503516197205,
        0.42448654770851135,
        0.3826358914375305,
        0.44100508093833923,
        0.48519718647003174,
        0.5270767211914062,
        0.4571877717971802,
        0.583267331123352,
        0.44849854707717896,
        0.4218134582042694,
        0.5203254818916321,
        0.4844802916049957,
        0.3000755310058594,
        0.4558523893356323,
        0.48916181921958923,
        0.4959692656993866,
        0.5169611573219299,
        0.45383402705192566,
        0.4610932767391205,
        0.4902206361293793,
        0.433395117521286,
        0.4911384582519531,
        0.2507254183292389,
        0.356087863445282,
        0.45861828327178955,
        0.38566461205482483,
        0.42451781034469604,
        0.5607894659042358,
        0.3230012357234955,
        0.3852333128452301,
        0.43843600153923035,
        0.4882132112979889,
        0.5661837458610535,
        0.5322430729866028,
        0.3281892240047455,
        0.27835768461227417,
        0.43943607807159424,
        0.48090681433677673,
        0.08589960634708405,
        0.48448866605758667,
        0.35968831181526184,
        0.6007543206214905,
        0.46186715364456177,
        0.6065686345100403,
        0.5187126398086548,
        0.5398260951042175,
        0.6378942131996155,
        0.6464633941650391
    ]
}