{
    "seed": 1000001,
    "theta": [
        0.6638081073760986,
        0.22649334371089935,
        0.29626867175102234,
        0.6073591113090515
    ],
    "x": [
        0.9756072759628296,
        1.01362144947052,
        0.818981945514679,
        0.8691566586494446,
        0.7516478300094604,
        0.671673059463501,
        0.7475100159645081,
        0.7691932916641235,
        0.6321495175361633,
        0.6744111180305481,
        0.6117017269134521,
        0.49460652470588684,
        0.5082105994224548,
        0.30897510051727295,
        0.5441393256187439,
        0.624625027179718,
        0.5164545774459839,
        0.4813666045665741,
        0.44533511996269226,
        0.4052194058895111,
        0.587646484375,
        0.32351797819137573,
        0.4539813995361328,
        0.4841962158679962,
        0.4121939241886139,
        0.4398389160633087,
        0.40136489272117615,
        0.2263585478067398,
        0.397180438041687,
        0.4444788694381714,
        0.43087145686149597,
        0.4089823365211487,
        0.4519747495651245,
        0.4607812166213989,
        0.41847166419029236,
        0.4484900236129761,
        0.3848043978214264,
        0.48250478506088257,
        0.510949432849884,
        0.3629145324230194,
        0.5467001795768738,
        0.4151507019996643,
        0.48041215538978577,
        0.39727261662483215,
        0.5117456912994385,
        0.4894144833087921,
        0.5475054383277893,
        0.4404708743095398,
        0.5259334444999695,
        0.43150201439857483,
        0.3434309661388397,
        0.4544741213321686,
        0.5494188666343689,
        0.5217841863632202,
        0.4343976378440857,
        0.342026025056839,
        0.509393036365509,
        0.582750678062439,
        0.502228319644928,
        0.3893362581729889,
        0.4064440429210663,
        0.38929012417793274,
        0.4483169615268707,
        0.30351752042770386,
        0.44568735361099243,
        0.4942561984062195,
        0.5470236539840698,
        0.4707564115524292,
        0.4821753203868866,
        0.45361390709877014,
        0.3758583068847656,
        0.4296601712703705,
        0.472869873046875,
        0.40523630380630493,
        0.4241364896297455,
        0.35616570711135864,
        0.4436744749546051,
        0.4313317537307739,
        0.558660626411438,
        0.4678845703601837,
        0.09987131506204605,
        0.3821708559989929,
        0.322790265083313,
        0.33762437105178833,
        0.5352031588554382,
        0.4194362759590149,
        0.47073718905448914,
        0.4982428252696991,
        0.46395987272262573,
        0.5247362852096558,
        0.5429134368896484,
        0.4112899899482727,
        0.560647189617157,
        0.5080941319465637,
        0.5277125239372253,
        0.6007881164550781,
        0.5213307738304138,
        0.6206833124160767,
        0.5570494532585144,
        0.6761108636856079,
        0.7262269258499146
    ]
}