{
    "seed": 1000009,
    "theta": [
        0.4865580201148987,
        0.5137015581130981,
        0.16414499282836914,
        0.6848027110099792
    ],
    "x": [
        0.8588200807571411,
        0.8293978571891785,
        0.8296481966972351,
        0.9124115109443665,
        0.9145494103431702,
        0.7686756253242493,
        0.689605712890625,
        0.5919904112815857,
        0.699835479259491,
        0.8016977906227112,
        0.5685824155807495,
        0.6346852779388428,
        0.5767613649368286,
        0.6170347929000854,
        0.6771606206893921,
        0.6457740664482117,
        0.4240080416202545,
        0.5642985105514526,
        0.4368639588356018,
        0.466482549905777,
        0.3317806124687195,
        0.5293089747428894,
        0.482742577791214,
        0.228553906083107,
        0.5156125426292419,
        0.4172687530517578,
        0.462533175945282,
        0.4783644378185272,
        0.447623074054718,
        0.4954298734664917,
        0.48099416494369507,
        0.4589675962924957,
        0.38350409269332886,
        0.5498027801513672,
        0.2916133999824524,
        0.3187185823917389,
        0.4017781615257263,
        0.5629646182060242,
        0.4782649874687195,
        0.5049958825111389,
        0.3932174742221832,
        0.42075425386428833,
        0.3620315492153168,
        0.29168498516082764,
        0.5232587456703186,
        0.47243741154670715,
        0.33096936345100403,
        0.43372753262519836,
        0.498648077249527,
        0.4765670895576477,
        0.40302276611328125,
        0.5418062806129456,
        0.4374994933605194,
        0.47027307748794556,
        0.40459683537483215,
        0.3081052005290985,
        0.5370618104934692,
        0.5350481867790222,
        0.42559751868247986,
        0.5271987915039062,
        0.23743438720703125,
        0.4021293520927429,
        0.5042002201080322,
        0.42775994539260864,
        0.5800020694732666,
        0.514358401298523,
        0.44844576716423035,
        0.4912835359573364,
        0.4993349611759186,
        0.5498440861701965,
        0.37434375286102295,
        0.45185738801956177,
        0.47378286719322205,
        0.4889272153377533,
        0.464156836271286,
        0.43943583965301514,
        0.5021596550941467,
        0.4093368649482727,
        0.5094266533851624,
        0.5058509707450867,
        0.5026779174804688,
        0.5445181727409363,
        0.24959690868854523,
        0.4805234372615814,
        0.3210439085960388,
        0.45363476872444153,
        0.39386165142059326,
        0.5092920660972595,
        0.3469133973121643,
        0.4150503873825073,
        0.5241687893867493,
        0.5264788269996643,
        0.5090184807777405,
        0.5381150841712952,
        0.45560455322265625,
        0.6133379340171814,
        0.5544820427894592,
        0.5907386541366577,
        0.6237590909004211,
        0.6363591551780701,
        0.6912232637405396
    ]
}