{
    "seed": 1000001,
    "theta": [
        0.3386501669883728,
        0.30463647842407227
    ],
    "x": [
        -0.19880220293998718,
        0.05903593450784683
    ]
}