{
    "seed": 1000004,
    "theta": [
        0.5685019493103027,
        0.606411337852478
    ],
    "x": [
        -0.574325680732727,
        -0.08211208134889603
    ]
}