{
    "seed": 1000008,
    "theta": [
        0.4956759512424469,
        0.4841287434101105
    ],
    "x": [
        -0.384071946144104,
        -0.08363108336925507
    ]
}