{
    "seed": 1000010,
    "theta": [
        0.6900776624679565,
        0.4004303812980652
    ],
    "x": [
        -0.498697429895401,
        -0.2951122522354126
    ]
}