{
    "seed": 1000003,
    "theta": [
        0.23267926275730133,
        0.4839096665382385
    ],
    "x": [
        -0.19808876514434814,
        0.2351292073726654
    ]
}