{
    "seed": 1000002,
    "theta": [
        0.5088452696800232,
        0.4343169033527374
    ],
    "x": [
        -0.37513965368270874,
        0.045371152460575104
    ]
}