{
    "seed": 1000005,
    "theta": [
        0.27623826265335083,
        0.48249495029449463
    ],
    "x": [
        -0.21629607677459717,
        0.08095268160104752
    ]
}