{
    "seed": 1000000,
    "theta": [
        0.44010600447654724,
        0.2654697000980377
    ],
    "x": [
        1.8935235738754272,
        1.1255338191986084,
        0.4674387574195862,
        0.11957241594791412,
        -0.2299625277519226,
        -0.3722759485244751,
        -0.5638245940208435,
        -0.6497133374214172,
        -0.6795473694801331,
        -0.6382867097854614,
        -0.7022362351417542,
        -0.818518340587616,
        -0.8392803072929382,
        -0.7900465130805969,
        -0.7997472882270813,
        -0.8450278043746948,
        -0.7344133257865906,
        -0.792427122592926,
        -0.7395880818367004,
        -0.779695987701416,
        -0.8437792658805847,
        -0.9834267497062683,
        -0.9594960808753967,
        -0.826802134513855,
        -0.7526193261146545
    ]
}