{
    "seed": 1000009,
    "theta": [
        0.054520778357982635,
        -0.0417659766972065
    ],
    "x": [
        1.8935235738754272,
        1.2501442432403564,
        0.7252081632614136,
        0.33815354108810425,
        0.10888063162565231,
        -0.21294479072093964,
        -0.3061031103134155,
        -0.3601389527320862,
        -0.4862031936645508,
        -0.647310197353363,
        -0.6506259441375732,
        -0.5996577143669128,
        -0.7050352096557617,
        -0.6997109055519104,
        -0.683175802230835,
        -0.807974636554718,
        -0.8426110148429871,
        -0.9444133043289185,
        -1.042097806930542,
        -0.8777096271514893,
        -0.8173731565475464,
        -0.944398820400238,
        -1.0123348236083984,
        -0.9478233456611633,
        -1.016097068786621
    ]
}