{
    "seed": 1000003,
    "theta": [
        -0.03850068897008896,
        -0.22450123727321625
    ],
    "x": [
        1.8935235738754272,
        1.1416383981704712,
        0.6586868166923523,
        0.3634231686592102,
        0.0045862565748393536,
        -0.35085469484329224,
        -0.4405493140220642,
        -0.5036802887916565,
        -0.5762407779693604,
        -0.6486574411392212,
        -0.7291703820228577,
        -0.7804068922996521,
        -0.8259011507034302,
        -0.8260607719421387,
        -0.850159227848053,
        -0.8944051265716553,
        -0.9389629364013672,
        -0.9611029624938965,
        -0.9669650197029114,
        -1.0381280183792114,
        -1.1020654439926147,
        -1.1627870798110962,
        -1.1809605360031128,
        -1.2102181911468506,
        -1.1518598794937134
    ]
}