{
    "seed": 1000001,
    "theta": [
        0.11866689473390579,
        0.17795677483081818
    ],
    "x": [
        1.8935235738754272,
        1.3261038064956665,
        0.8002938628196716,
        0.4355105757713318,
        0.183996319770813,
        -0.0929974913597107,
        -0.14326544106006622,
        -0.32561227679252625,
        -0.5199512839317322,
        -0.5984929800033569,
        -0.6527215242385864,
        -0.7177440524101257,
        -0.6821573376655579,
        -0.8318674564361572,
        -0.8620266914367676,
        -0.7649680376052856,
        -0.7117575407028198,
        -0.7619326710700989,
        -0.7563112378120422,
        -0.830512285232544,
        -0.91536545753479,
        -0.8983319997787476,
        -0.9612429738044739,
        -1.0024542808532715,
        -1.1270180940628052
    ]
}