{
    "seed": 1000008,
    "theta": [
        0.3736857771873474,
        -0.14001373946666718
    ],
    "x": [
        1.8935235738754272,
        1.047785997390747,
        0.42524734139442444,
        -0.011587158776819706,
        -0.30263546109199524,
        -0.6680795550346375,
        -0.8124132752418518,
        -0.883016049861908,
        -0.9638703465461731,
        -0.9659577012062073,
        -1.0072346925735474,
        -0.984535276889801,
        -0.9900596141815186,
        -1.0984892845153809,
        -1.0746911764144897,
        -1.101456642150879,
        -1.1529425382614136,
        -1.0938328504562378,
        -1.030760645866394,
        -0.9855378270149231,
        -0.9524291753768921,
        -1.0049031972885132,
        -1.2017995119094849,
        -1.1823145151138306,
        -1.2939872741699219
    ]
}