{
    "seed": 1000005,
    "theta": [
        -0.2702259421348572,
        -0.7872824668884277
    ],
    "x": [
        1.8935235738754272,
        1.4331401586532593,
        1.0837448835372925,
        0.6876990795135498,
        0.4268808364868164,
        0.18135371804237366,
        0.041340023279190063,
        -0.16580986976623535,
        -0.2932567298412323,
        -0.512898862361908,
        -0.7468724846839905,
        -0.8017672896385193,
        -0.8977854251861572,
        -1.004943609237671,
        -1.1137393712997437,
        -1.215165615081787,
        -1.2958004474639893,
        -1.2715916633605957,
        -1.309385895729065,
        -1.314254879951477,
        -1.2964568138122559,
        -1.233222246170044,
        -1.150770902633667,
        -1.2221633195877075,
        -1.2822487354278564
    ]
}