{
    "seed": 1000010,
    "theta": [
        -0.19028380513191223,
        -0.41116607189178467
    ],
    "x": [
        1.8935235738754272,
        1.2887104749679565,
        0.856099545955658,
        0.449636846780777,
        0.20498472452163696,
        -0.12311995029449463,
        -0.3787153363227844,
        -0.6382947564125061,
        -0.7881412506103516,
        -0.8894474506378174,
        -0.999509334564209,
        -1.070931077003479,
        -1.171008586883545,
        -1.2309266328811646,
        -1.2366575002670288,
        -1.1891655921936035,
        -1.2189083099365234,
        -1.343276023864746,
        -1.3333749771118164,
        -1.4229073524475098,
        -1.396702766418457,
        -1.4653059244155884,
        -1.4953203201293945,
        -1.4347175359725952,
        -1.3562434911727905
    ]
}