{
    "seed": 1000012,
    "theta": [
        0.3734170198440552,
        0.07602556049823761
    ],
    "x": [
        1.8935235738754272,
        0.9803063869476318,
        0.579254150390625,
        0.24045604467391968,
        0.020998511463403702,
        -0.28212666511535645,
        -0.3899866044521332,
        -0.4668179750442505,
        -0.6792576909065247,
        -0.7364495992660522,
        -0.7981719970703125,
        -0.7827604413032532,
        -0.8445425629615784,
        -0.9352245330810547,
        -0.8469880223274231,
        -0.9027118682861328,
        -0.8978586792945862,
        -1.0160465240478516,
        -0.9742102026939392,
        -1.0390619039535522,
        -0.9650114178657532,
        -0.8830499053001404,
        -0.855288565158844,
        -0.9112117290496826,
        -0.9774120450019836
    ]
}