{
    "seed": 1000001,
    "theta": [
        0.056099437177181244,
        0.14941811561584473,
        -0.037097249180078506,
        -0.0005258172750473022,
        -0.0580672025680542,
        -0.281529039144516,
        -0.13947337865829468,
        0.28334999084472656,
        0.34179455041885376,
        0.2518177330493927,
        0.2911641299724579,
        -0.018459487706422806,
        -0.04521877318620682,
        0.12251973152160645,
        0.208376944065094,
        -0.15694187581539154,
        -0.13212266564369202,
        0.5860611200332642,
        0.44353610277175903,
        -0.2504618465900421
    ],
    "x": [
        -0.30421575903892517,
        0.0018701106309890747,
        -0.031829118728637695,
        -0.23865444958209991,
        0.5037537217140198,
        -0.5592041015625,
        -0.40163084864616394,
        1.0938469171524048,
        0.11595098674297333,
        -0.2612363398075104,
        0.42857372760772705,
        0.03976425528526306,
        0.530612051486969,
        0.4141733944416046,
        0.3158142566680908,
        -0.0996711254119873,
        -0.06821056455373764,
        0.35930967330932617,
        0.030339568853378296,
        -0.1915351152420044
    ]
}