{
    "seed": 1000003,
    "theta": [
        0.017641980201005936,
        0.08456121385097504,
        0.07964331656694412,
        -0.07817583531141281,
        0.01214926689863205,
        -0.21807515621185303,
        -0.24407009780406952,
        0.09652364253997803,
        0.3433917462825775,
        0.20741519331932068,
        0.1964765191078186,
        0.07574368268251419,
        -0.09240572154521942,
        0.06053968146443367,
        0.18868516385555267,
        -0.3278357982635498,
        -0.03600456193089485,
        0.36564409732818604,
        0.3231618404388428,
        -0.21359920501708984
    ],
    "x": [
        0.29637160897254944,
        -0.3875783085823059,
        0.3444673418998718,
        -0.2508426606655121,
        0.6175951957702637,
        -0.8018332719802856,
        -0.363768070936203,
        0.3015058636665344,
        0.7238031625747681,
        0.3216882050037384,
        0.6498093605041504,
        0.202867329120636,
        0.3372665047645569,
        0.32994794845581055,
        0.41780582070350647,
        -0.803888201713562,
        0.09204977750778198,
        0.41592898964881897,
        0.5780119895935059,
        -0.47416040301322937
    ]
}