{
    "seed": 1000002,
    "theta": [
        0.16727039217948914,
        0.2160881906747818,
        0.10748670250177383,
        -0.028379544615745544,
        -0.0383634977042675,
        -0.22158512473106384,
        -0.35716283321380615,
        0.22756730020046234,
        0.3526083528995514,
        0.24743427336215973,
        0.2517448961734772,
        0.04866207391023636,
        0.009274721145629883,
        0.16273221373558044,
        0.08072027564048767,
        -0.0868871882557869,
        -0.00795911718159914,
        0.3853379189968109,
        0.36435553431510925,
        -0.20117083191871643
    ],
    "x": [
        0.8812326192855835,
        0.3956557512283325,
        -0.2430465817451477,
        -0.38613247871398926,
        -0.4925163984298706,
        -0.009081140160560608,
        -0.2751038670539856,
        0.7392767667770386,
        0.38214927911758423,
        0.159445121884346,
        0.47658634185791016,
        -0.011061038821935654,
        -0.21636968851089478,
        -0.44693759083747864,
        0.09548395872116089,
        -0.007168680429458618,
        -0.49990153312683105,
        0.004613667726516724,
        0.9025615453720093,
        -0.05678601562976837
    ]
}