{
    "seed": 1000004,
    "theta": [
        -0.09251730889081955,
        0.1243477314710617,
        -0.0038088038563728333,
        0.06099763140082359,
        0.06168421730399132,
        -0.22731439769268036,
        -0.2597567141056061,
        0.15889669954776764,
        0.43012136220932007,
        0.2723899483680725,
        0.32669293880462646,
        0.04804675281047821,
        0.0449008084833622,
        0.09124843031167984,
        0.1036214604973793,
        -0.3370506763458252,
        -0.06056513637304306,
        0.3694445788860321,
        0.2915646433830261,
        -0.18238314986228943
    ],
    "x": [
        -0.2205539047718048,
        -0.26336246728897095,
        -0.4986015856266022,
        0.10339458286762238,
        -0.0622379444539547,
        -0.3230966329574585,
        -0.5250095725059509,
        0.12449911236763,
        0.3349824547767639,
        0.38946211338043213,
        0.4907326400279999,
        -0.20151017606258392,
        -0.19468732178211212,
        0.5397861003875732,
        -0.12044092267751694,
        -0.11725491285324097,
        -0.0003224499523639679,
        -0.007408648729324341,
        0.6721477508544922,
        -0.009617701172828674
    ]
}