{
    "seed": 1000005,
    "theta": [
        0.04015587642788887,
        0.20721133053302765,
        -0.022440437227487564,
        -0.11111731827259064,
        -0.06444276869297028,
        -0.25335225462913513,
        -0.1926477700471878,
        0.21824222803115845,
        0.18233920633792877,
        0.22258597612380981,
        0.22639060020446777,
        0.03279240056872368,
        0.10897357761859894,
        0.11738164722919464,
        0.15328040719032288,
        -0.22764578461647034,
        0.07866241037845612,
        0.40826353430747986,
        0.353512704372406,
        -0.21119177341461182
    ],
    "x": [
        0.20541593432426453,
        -0.07157616317272186,
        0.3677436113357544,
        -0.27652937173843384,
        -0.15183097124099731,
        -0.06217868626117706,
        -0.4990882873535156,
        -0.07121089100837708,
        0.2928536832332611,
        -0.14363962411880493,
        0.3092060983181,
        -0.29264089465141296,
        0.44796937704086304,
        0.499477744102478,
        -0.04172438383102417,
        -0.001398518681526184,
        0.09468016773462296,
        0.5524429082870483,
        0.6491895914077759,
        0.005166903138160706
    ]
}