{
    "seed": 1000000,
    "theta": [
        0.04778654873371124,
        0.20782709121704102,
        -0.21053986251354218,
        0.05793235823512077,
        -0.05267617851495743,
        -0.23249326646327972,
        -0.02274923026561737,
        0.34428149461746216,
        0.28590062260627747,
        0.2183239609003067,
        0.22582021355628967,
        0.03637073561549187,
        0.0404541976749897,
        0.026467930525541306,
        0.24057838320732117,
        -0.2234412431716919,
        -0.03486937656998634,
        0.5438053011894226,
        0.38608795404434204,
        -0.24792152643203735
    ],
    "x": [
        -0.12768423557281494,
        0.3232775032520294,
        -0.09143904596567154,
        0.3826330602169037,
        0.20712080597877502,
        -0.5353292226791382,
        -0.1208495944738388,
        -0.26427483558654785,
        0.19176340103149414,
        0.2792676091194153,
        0.172160342335701,
        -0.23065002262592316,
        -0.16870242357254028,
        -0.015592332929372787,
        0.5568888783454895,
        -0.7298616170883179,
        -0.29052734375,
        0.48578184843063354,
        1.0383079051971436,
        -0.13466672599315643
    ]
}