{
    "seed": 1000008,
    "theta": [
        0.13148212432861328,
        0.214371919631958,
        0.026109794154763222,
        -0.012689379043877125,
        0.06484822928905487,
        -0.2383415699005127,
        -0.13083097338676453,
        0.21239683032035828,
        0.42111948132514954,
        0.2912725508213043,
        0.372830867767334,
        -0.02065412327647209,
        -0.0017223050817847252,
        0.14328420162200928,
        0.11516974866390228,
        -0.1671159863471985,
        0.04777173325419426,
        0.4562581777572632,
        0.4245757460594177,
        -0.05121338367462158
    ],
    "x": [
        -0.06721043586730957,
        -0.07050809264183044,
        -0.19267302751541138,
        0.0986480861902237,
        -0.16176721453666687,
        -0.2905912697315216,
        0.43349042534828186,
        -0.3387102782726288,
        0.8057647347450256,
        0.24962782859802246,
        -0.015389323234558105,
        -0.23358502984046936,
        -0.128919318318367,
        -0.4619795083999634,
        0.19210803508758545,
        -0.06905621290206909,
        0.11011900007724762,
        0.49250638484954834,
        0.7241436243057251,
        0.776656985282898
    ]
}