{
    "seed": 1000009,
    "theta": [
        0.09038412570953369,
        0.15743333101272583,
        -0.06473477929830551,
        -0.04586535692214966,
        -0.15950095653533936,
        -0.19897553324699402,
        -0.1770569086074829,
        0.1789565235376358,
        0.4334794282913208,
        0.19442777335643768,
        0.28232309222221375,
        -0.04459620267152786,
        -0.04995262622833252,
        0.05908632278442383,
        0.158497154712677,
        -0.2021467089653015,
        0.030977096408605576,
        0.37229183316230774,
        0.4336444139480591,
        -0.22228354215621948
    ],
    "x": [
        0.02797868475317955,
        0.02008555829524994,
        -0.5245506167411804,
        0.12967398762702942,
        -0.35098713636398315,
        -0.24635809659957886,
        -0.3028736710548401,
        0.4804304838180542,
        0.5964729189872742,
        -0.18258647620677948,
        0.18591587245464325,
        -0.040284764021635056,
        0.4519234895706177,
        0.3086605668067932,
        0.1657118797302246,
        -0.509361743927002,
        0.09382635354995728,
        0.1734829992055893,
        0.26284122467041016,
        -0.4763261377811432
    ]
}