{
    "seed": 1000010,
    "theta": [
        -0.45090949535369873,
        -0.09779687225818634,
        0.055094003677368164,
        -0.0590982660651207,
        -0.07608960568904877,
        0.09655643999576569,
        0.0033515894319862127,
        0.03264191001653671,
        -0.09557995945215225,
        -0.05942900851368904,
        0.15444746613502502,
        -0.14002609252929688,
        -0.027221545577049255,
        -0.22693973779678345,
        0.35164743661880493,
        -0.15748724341392517,
        -0.17922286689281464,
        -0.3732188045978546,
        -0.21573865413665771,
        -0.1247582882642746
    ],
    "x": [
        -0.18973425030708313,
        0.12632647156715393,
        -0.4410088062286377,
        -0.09654761850833893,
        -0.29729264974594116,
        -0.9207308292388916,
        -0.4815978407859802,
        0.10560499131679535,
        -0.22937408089637756,
        -0.4133559465408325,
        0.10670429468154907,
        -0.24866318702697754,
        0.023104168474674225,
        -0.6854507923126221,
        0.44400298595428467,
        0.23375838994979858,
        -0.09797992557287216,
        -0.16813133656978607,
        -0.005669340491294861,
        -0.5119029879570007
    ]
}