{
    "seed": 1000001,
    "theta": [
        -0.028227336704730988,
        -0.038237523287534714,
        -0.03307905048131943,
        0.15031175315380096,
        -0.08098852634429932,
        -0.172039195895195,
        0.2156175971031189,
        0.017747290432453156,
        0.05625727400183678,
        -0.09013061970472336,
        0.07291140407323837,
        -0.014871961437165737,
        -0.036645643413066864,
        0.09635753929615021,
        0.022452451288700104,
        0.012092575430870056,
        -0.38132280111312866,
        0.3166463375091553,
        0.02391722798347473,
        -0.16743788123130798
    ],
    "x": [
        -0.3885425329208374,
        -0.18578553199768066,
        -0.027810920029878616,
        -0.08781687915325165,
        0.48083239793777466,
        -0.4497143030166626,
        -0.046539872884750366,
        0.8282442092895508,
        -0.16958628594875336,
        -0.603184700012207,
        0.21032100915908813,
        0.043351780623197556,
        0.5391851663589478,
        0.38801121711730957,
        0.12988975644111633,
        0.06936332583427429,
        -0.3174107074737549,
        0.08989489078521729,
        -0.389279305934906,
        -0.10851114988327026
    ]
}