{
    "seed": 1000002,
    "theta": [
        0.24970002472400665,
        0.12843765318393707,
        0.3283807933330536,
        0.08067743480205536,
        -0.03172926604747772,
        -0.02217940054833889,
        -0.328605979681015,
        -0.12170939147472382,
        0.08329180628061295,
        -0.10108931362628937,
        -0.025636665523052216,
        0.15293192863464355,
        0.09958808124065399,
        0.196888729929924,
        -0.2966892123222351,
        0.18722929060459137,
        -0.07091394811868668,
        -0.18516159057617188,
        -0.17403417825698853,
        -0.04421035945415497
    ],
    "x": [
        0.9636622667312622,
        0.3080052137374878,
        -0.022152483463287354,
        -0.27707546949386597,
        -0.4858821630477905,
        0.1903245896100998,
        -0.24654699862003326,
        0.39000004529953003,
        0.11283273249864578,
        -0.1890784651041031,
        0.19920480251312256,
        0.09320881962776184,
        -0.12605632841587067,
        -0.4127810597419739,
        -0.2819255292415619,
        0.26694780588150024,
        -0.5628563761711121,
        -0.5658858418464661,
        0.3641718029975891,
        0.10017445683479309
    ]
}