{
    "seed": 1000009,
    "theta": [
        0.05748438090085983,
        -0.018199503421783447,
        -0.1021728664636612,
        0.03696291148662567,
        -0.3345728814601898,
        0.03434458374977112,
        0.1216588169336319,
        -0.24323633313179016,
        0.2854694128036499,
        -0.2336055487394333,
        0.050808846950531006,
        -0.0802137479186058,
        -0.04848027229309082,
        -0.062225960195064545,
        -0.10224702954292297,
        -0.10091949999332428,
        0.02642657980322838,
        -0.21777679026126862,
        -0.0008120015263557434,
        -0.0969921201467514
    ],
    "x": [
        -0.0049210600554943085,
        -0.15554727613925934,
        -0.5619887113571167,
        0.21250225603580475,
        -0.526059091091156,
        -0.013037972152233124,
        -0.004157930612564087,
        0.05823764204978943,
        0.44846290349960327,
        -0.6106197834014893,
        -0.04559837281703949,
        -0.0759023129940033,
        0.4533958435058594,
        0.18734827637672424,
        -0.09503229707479477,
        -0.4081345200538635,
        0.08927583694458008,
        -0.41658562421798706,
        -0.17161521315574646,
        -0.3510347008705139
    ]
}