{
    "seed": 1000008,
    "theta": [
        0.16022935509681702,
        0.12414698302745819,
        0.12493854761123657,
        0.1199028491973877,
        0.22630003094673157,
        -0.06407051533460617,
        0.23722362518310547,
        -0.15963557362556458,
        0.2545695900917053,
        0.0085064098238945,
        0.27707821130752563,
        -0.020358551293611526,
        0.07209551334381104,
        0.1482686996459961,
        -0.21056552231311798,
        -0.013342723250389099,
        0.06841316819190979,
        -0.007860932499170303,
        -0.023483671247959137,
        0.33068323135375977
    ],
    "x": [
        -0.038463205099105835,
        -0.16073302924633026,
        -0.09384427964687347,
        0.23124031722545624,
        -0.00031541287899017334,
        -0.11632020771503448,
        0.8015450239181519,
        -0.710742712020874,
        0.6392148733139038,
        -0.03313830494880676,
        -0.11114197969436646,
        -0.2332894504070282,
        -0.05510149896144867,
        -0.45699501037597656,
        -0.13362723588943481,
        0.0847170501947403,
        0.13076043128967285,
        0.028387263417243958,
        0.27608418464660645,
        1.1585536003112793
    ]
}