{
    "seed": 1000003,
    "theta": [
        -0.12437097728252411,
        -0.20037977397441864,
        0.2587723135948181,
        -0.04381328076124191,
        0.09455263614654541,
        -0.01340446062386036,
        -0.04587416723370552,
        -0.449318528175354,
        0.060250282287597656,
        -0.201136976480484,
        -0.16380757093429565,
        0.22063593566417694,
        -0.15461300313472748,
        -0.05859256535768509,
        -0.026777006685733795,
        -0.4151422381401062,
        -0.1410275548696518,
        -0.23439615964889526,
        -0.27701836824417114,
        -0.07528127729892731
    ],
    "x": [
        0.1543586403131485,
        -0.6725192666053772,
        0.5235963463783264,
        -0.2164801061153412,
        0.6999985575675964,
        -0.5971626043319702,
        -0.1655721515417099,
        -0.2443362921476364,
        0.4406616985797882,
        -0.08686395734548569,
        0.2895253002643585,
        0.3477596044540405,
        0.27505922317504883,
        0.2108156979084015,
        0.2023436427116394,
        -0.8911947011947632,
        -0.012973219156265259,
        -0.18411126732826233,
        -0.022168219089508057,
        -0.335842490196228
    ]
}