{
    "seed": 1000004,
    "theta": [
        -0.3997691869735718,
        -0.10091348737478256,
        0.05014205724000931,
        0.30412036180496216,
        0.21838998794555664,
        -0.036502592265605927,
        -0.08509072661399841,
        -0.29338589310646057,
        0.27707433700561523,
        -0.03870008885860443,
        0.16173341870307922,
        0.15139362215995789,
        0.18865329027175903,
        0.018179304897785187,
        -0.23943625390529633,
        -0.4381794333457947,
        -0.20242899656295776,
        -0.22489489614963531,
        -0.35601136088371277,
        0.002758856862783432
    ],
    "x": [
        -0.5278058052062988,
        -0.4886236786842346,
        -0.4446507394313812,
        0.34651732444763184,
        0.09446782618761063,
        -0.13228482007980347,
        -0.35034358501434326,
        -0.3277834951877594,
        0.18193544447422028,
        0.07837209105491638,
        0.32577311992645264,
        -0.09816330671310425,
        -0.05093483626842499,
        0.4667169749736786,
        -0.46349865198135376,
        -0.21838366985321045,
        -0.14218631386756897,
        -0.6017481088638306,
        0.024571716785430908,
        0.17552430927753448
    ]
}