{
    "seed": 1000005,
    "theta": [
        -0.06808623671531677,
        0.1062454879283905,
        0.00356297567486763,
        -0.12616696953773499,
        -0.09692744165658951,
        -0.10159720480442047,
        0.08268165588378906,
        -0.14502209424972534,
        -0.3423810303211212,
        -0.16321003437042236,
        -0.08902240544557571,
        0.1132577434182167,
        0.34883520007133484,
        0.08351235091686249,
        -0.11528889834880829,
        -0.16466718912124634,
        0.1456398367881775,
        -0.12784752249717712,
        -0.20114120841026306,
        -0.06926269084215164
    ],
    "x": [
        0.09717382490634918,
        -0.172542005777359,
        0.3937470316886902,
        -0.291579008102417,
        -0.18431565165519714,
        0.0895763635635376,
        -0.22375884652137756,
        -0.43447521328926086,
        -0.23186656832695007,
        -0.5294356346130371,
        -0.006206899881362915,
        -0.21217554807662964,
        0.6878309845924377,
        0.4656084179878235,
        -0.31029367446899414,
        0.061580076813697815,
        0.16165758669376373,
        0.016331881284713745,
        0.09453564882278442,
        0.14709597826004028
    ]
}