{
    "seed": 1000000,
    "theta": [
        -0.04900955408811569,
        0.10778489708900452,
        -0.46668556332588196,
        0.2964571714401245,
        -0.06751096248626709,
        -0.04944976419210434,
        0.507427990436554,
        0.17007607221603394,
        -0.08347753435373306,
        -0.17386507987976074,
        -0.09044834226369858,
        0.12220358103513718,
        0.1775367707014084,
        -0.1437719464302063,
        0.10295603424310684,
        -0.15415585041046143,
        -0.13818958401679993,
        0.21100685000419617,
        -0.11970308423042297,
        -0.1610870510339737
    ],
    "x": [
        -0.22448033094406128,
        0.22323530912399292,
        -0.3475847542285919,
        0.6211578845977783,
        0.19228601455688477,
        -0.3522857129573822,
        0.4093276262283325,
        -0.4384802579879761,
        -0.17761476337909698,
        -0.11292143166065216,
        -0.14410822093486786,
        -0.14481717348098755,
        -0.0316198468208313,
        -0.1858322024345398,
        0.4192665219306946,
        -0.6605762243270874,
        -0.3938475549221039,
        0.1529833823442459,
        0.5325168371200562,
        -0.04783225059509277
    ]
}