{
    "seed": 1000004,
    "theta": [
        0.41285425424575806,
        0.22203338146209717
    ],
    "x": [
        1.8935235738754272,
        1.0733778476715088,
        0.57430100440979,
        0.03847551345825195,
        -0.2656140923500061,
        -0.33915388584136963,
        -0.4351680874824524,
        -0.5352439284324646,
        -0.4987719655036926,
        -0.636091411113739,
        -0.6009014248847961,
        -0.6758549809455872,
        -0.5446697473526001,
        -0.613830029964447,
        -0.5955163836479187,
        -0.662339985370636,
        -0.6568508148193359,
        -0.8636271357536316,
        -0.8584640026092529,
        -0.8642764687538147,
        -0.8157382607460022,
        -0.7757788300514221,
        -0.955703854560852,
        -0.9811095595359802,
        -1.1622666120529175
    ]
}