{
    "seed": 1000010,
    "theta": [
        0.14535605907440186,
        -0.15482237935066223
    ],
    "x": [
        1.8935235738754272,
        1.1015348434448242,
        0.5652245283126831,
        0.10785721987485886,
        -0.14875367283821106,
        -0.46965473890304565,
        -0.6976715922355652,
        -0.9188324809074402,
        -1.0216357707977295,
        -1.0766162872314453,
        -1.1441638469696045,
        -1.1754218339920044,
        -1.239741563796997,
        -1.265374779701233,
        -1.2406524419784546,
        -1.1692986488342285,
        -1.183833360671997,
        -1.294480323791504,
        -1.2656530141830444,
        -1.341259479522705,
        -1.2983086109161377,
        -1.3557606935501099,
        -1.3725730180740356,
        -1.2997777462005615,
        -1.2159724235534668
    ]
}