{
    "seed": 1000009,
    "theta": [
        0.4608715772628784,
        -0.34263667464256287
    ],
    "x": [
        1.8935235738754272,
        0.970061182975769,
        0.2991625964641571,
        -0.14854645729064941,
        -0.38929611444473267,
        -0.7006120085716248,
        -0.7601766586303711,
        -0.7828630208969116,
        -0.8823457956314087,
        -1.0143924951553345,
        -0.9840454459190369,
        -0.9089804291725159,
        -1.0014435052871704,
        -0.9784141778945923,
        -0.9497798085212708,
        -1.0673582553863525,
        -1.086741328239441,
        -1.1749320030212402,
        -1.2547085285186768,
        -1.0697057247161865,
        -1.0081374645233154,
        -1.1391948461532593,
        -1.1996612548828125,
        -1.1243414878845215,
        -1.190207600593567
    ]
}