{
    "seed": 1000002,
    "theta": [
        0.5986235737800598,
        0.38048434257507324
    ],
    "x": [
        1.8935235738754272,
        1.2008860111236572,
        0.7189911007881165,
        0.29736390709877014,
        0.02678859420120716,
        -0.2265474647283554,
        -0.427239328622818,
        -0.6059951782226562,
        -0.7213776111602783,
        -0.7028355598449707,
        -0.779590904712677,
        -0.6482906937599182,
        -0.7603564262390137,
        -0.7397350668907166,
        -0.7290759086608887,
        -0.7444136142730713,
        -0.822866678237915,
        -0.803653359413147,
        -0.7309985756874084,
        -0.5385301113128662,
        -0.6927104592323303,
        -0.6514179706573486,
        -0.6656202673912048,
        -0.6481523513793945,
        -0.8140679597854614
    ]
}