{
    "seed": 1000000,
    "theta": [
        0.6223523616790771,
        0.2795405387878418
    ],
    "x": [
        1.8935235738754272,
        1.032083511352539,
        0.33885279297828674,
        -0.008761811070144176,
        -0.3454471826553345,
        -0.4663400650024414,
        -0.6382312178611755,
        -0.7038590312004089,
        -0.7168755531311035,
        -0.6631667613983154,
        -0.7202112078666687,
        -0.829497754573822,
        -0.841295599937439,
        -0.7852495312690735,
        -0.792142927646637,
        -0.8351734280586243,
        -0.721388578414917,
        -0.7812924981117249,
        -0.7276155948638916,
        -0.769083559513092,
        -0.8326237201690674,
        -0.9695685505867004,
        -0.9387220144271851,
        -0.8022285103797913,
        -0.730315625667572
    ]
}