{
    "seed": 1000001,
    "theta": [
        0.49160709977149963,
        -0.4688507914543152
    ],
    "x": [
        1.8935235738754272,
        1.0170197486877441,
        0.31665465235710144,
        -0.1313912719488144,
        -0.41412076354026794,
        -0.6942575573921204,
        -0.7260704636573792,
        -0.891718327999115,
        -1.0607391595840454,
        -1.107020378112793,
        -1.1327540874481201,
        -1.173737645149231,
        -1.1164333820343018,
        -1.2535591125488281,
        -1.2637214660644531,
        -1.1503820419311523,
        -1.092987060546875,
        -1.1441948413848877,
        -1.135555624961853,
        -1.2080583572387695,
        -1.286185383796692,
        -1.258103370666504,
        -1.3145322799682617,
        -1.346502661705017,
        -1.4615086317062378
    ]
}