{
    "seed": 1000008,
    "theta": [
        0.534822940826416,
        0.48883986473083496
    ],
    "x": [
        1.8935235738754272,
        1.1410168409347534,
        0.6103466153144836,
        0.2572427988052368,
        0.038300853222608566,
        -0.2677913010120392,
        -0.3592146635055542,
        -0.38849714398384094,
        -0.4384397268295288,
        -0.41649842262268066,
        -0.44105544686317444,
        -0.40543821454048157,
        -0.40274161100387573,
        -0.5052958726882935,
        -0.47393152117729187,
        -0.49622011184692383,
        -0.5437408685684204,
        -0.48022401332855225,
        -0.41600242257118225,
        -0.37201568484306335,
        -0.34122106432914734,
        -0.396365761756897,
        -0.5934220552444458,
        -0.5677021741867065,
        -0.675682008266449
    ]
}