{
    "seed": 1000008,
    "theta": [
        0.1116596907377243,
        -0.354153037071228,
        -0.03569166734814644,
        -0.2294791340827942,
        0.2717943787574768,
        -0.15047848224639893,
        -0.13063021004199982,
        -0.39937129616737366,
        0.5281327962875366,
        -0.020581793040037155,
        0.3284894824028015,
        0.26732924580574036,
        -0.19466133415699005,
        0.4082033336162567,
        -0.4747397303581238,
        -0.24923747777938843,
        -0.3500080704689026,
        -0.28363797068595886,
        -0.42381227016448975,
        0.4603188931941986
    ],
    "x": [
        -0.08703286945819855,
        -0.6390330791473389,
        -0.2544744908809662,
        -0.11814166605472565,
        0.045178934931755066,
        -0.20272816717624664,
        0.43369120359420776,
        -0.9504784345626831,
        0.9127780199050903,
        -0.06222650781273842,
        -0.059730708599090576,
        0.054398342967033386,
        -0.32185834646224976,
        -0.19706037640571594,
        -0.3978014588356018,
        -0.15117770433425903,
        -0.2876608073711395,
        -0.2473897784948349,
        -0.12424442172050476,
        1.2881892919540405
    ]
}