{
    "seed": 1000002,
    "theta": [
        0.14744797348976135,
        -0.35243678092956543,
        0.045685239136219025,
        -0.24516929686069489,
        0.16858264803886414,
        -0.13372203707695007,
        -0.35696208477020264,
        -0.3842008113861084,
        0.45962169766426086,
        -0.06442008912563324,
        0.2074035108089447,
        0.3366454243659973,
        -0.18366430699825287,
        0.4276513457298279,
        -0.5091891884803772,
        -0.16900867223739624,
        -0.4057389497756958,
        -0.35455822944641113,
        -0.4840324819087982,
        0.31036144495010376
    ],
    "x": [
        0.8614102602005005,
        -0.1728692352771759,
        -0.3048480451107025,
        -0.6029222011566162,
        -0.28557026386260986,
        0.07878194749355316,
        -0.2749031186103821,
        0.12750864028930664,
        0.4891626238822937,
        -0.15240924060344696,
        0.4322449564933777,
        0.2769223153591156,
        -0.4093087315559387,
        -0.1820184588432312,
        -0.494425505399704,
        -0.08929016441106796,
        -0.8976813554763794,
        -0.7352824807167053,
        0.05417349934577942,
        0.4547462463378906
    ]
}