{
    "seed": 1000005,
    "theta": [
        0.02033345401287079,
        -0.3613136410713196,
        -0.08424189686775208,
        -0.3279070556163788,
        0.14250338077545166,
        -0.16548916697502136,
        -0.1924470067024231,
        -0.3935258984565735,
        0.28935253620147705,
        -0.08926837146282196,
        0.1820492148399353,
        0.3207757771015167,
        -0.08396545797586441,
        0.38230079412460327,
        -0.436629056930542,
        -0.3097672462463379,
        -0.3191174268722534,
        -0.3316326141357422,
        -0.49487531185150146,
        0.3003405034542084
    ],
    "x": [
        0.18559351563453674,
        -0.6401011347770691,
        0.3059421479701996,
        -0.4933190941810608,
        0.055115170776844025,
        0.025684401392936707,
        -0.4988875091075897,
        -0.6829789876937866,
        0.3998669981956482,
        -0.4554939866065979,
        0.2648647129535675,
        -0.0046575069427490234,
        0.2550303339958191,
        0.7643969058990479,
        -0.6316338777542114,
        -0.08351998031139374,
        -0.303099662065506,
        -0.18745321035385132,
        -0.19919845461845398,
        0.5166991949081421
    ]
}