{
    "seed": 1000000,
    "theta": [
        0.02796412631869316,
        -0.360697865486145,
        -0.2723413109779358,
        -0.15885739028453827,
        0.1542699635028839,
        -0.14463017880916595,
        -0.02254846692085266,
        -0.2674866020679474,
        0.39291396737098694,
        -0.09353039413690567,
        0.1814788281917572,
        0.3243541121482849,
        -0.15248483419418335,
        0.29138705134391785,
        -0.3493310809135437,
        -0.30556273460388184,
        -0.4326491951942444,
        -0.19609084725379944,
        -0.46230006217956543,
        0.26361075043678284
    ],
    "x": [
        -0.14750665426254272,
        -0.24524745345115662,
        -0.15324050188064575,
        0.16584332287311554,
        0.41406694054603577,
        -0.4474661350250244,
        -0.1206488311290741,
        -0.8760429620742798,
        0.2987767457962036,
        -0.03258674591779709,
        0.12781895697116852,
        0.05733335018157959,
        -0.36164146661758423,
        0.24932679533958435,
        -0.033020585775375366,
        -0.8119831085205078,
        -0.6883071660995483,
        -0.2541143298149109,
        0.1899198293685913,
        0.37686556577682495
    ]
}