{
    "seed": 1000003,
    "theta": [
        -0.0021804440766572952,
        -0.4839637577533722,
        0.017841853201389313,
        -0.29496559500694275,
        0.2190954089164734,
        -0.13021206855773926,
        -0.2438693344593048,
        -0.5152444839477539,
        0.450405091047287,
        -0.1044391542673111,
        0.15213513374328613,
        0.36372703313827515,
        -0.2853447496891022,
        0.325458824634552,
        -0.4012243151664734,
        -0.40995728969573975,
        -0.4337843656539917,
        -0.3742520809173584,
        -0.5252261757850647,
        0.29793307185173035
    ],
    "x": [
        0.27654916048049927,
        -0.9561032652854919,
        0.282665878534317,
        -0.4676324129104614,
        0.8245413303375244,
        -0.7139701843261719,
        -0.3635673224925995,
        -0.3102622628211975,
        0.8308165073394775,
        0.009833864867687225,
        0.6054680347442627,
        0.49085068702697754,
        0.14432749152183533,
        0.5948671102523804,
        -0.1721036583185196,
        -0.886009693145752,
        -0.30573004484176636,
        -0.32396718859672546,
        -0.2703760266304016,
        0.03737187385559082
    ]
}