{
    "seed": 1000004,
    "theta": [
        -0.11233973503112793,
        -0.4441772401332855,
        -0.06561026722192764,
        -0.15579211711883545,
        0.26863035559654236,
        -0.1394513100385666,
        -0.25955596566200256,
        -0.4528714120388031,
        0.5371347069740295,
        -0.03946439549326897,
        0.282351553440094,
        0.33603012561798096,
        -0.14803822338581085,
        0.3561675548553467,
        -0.48628801107406616,
        -0.41917216777801514,
        -0.458344966173172,
        -0.37045156955718994,
        -0.5568233728408813,
        0.32914912700653076
    ],
    "x": [
        -0.2403763234615326,
        -0.831887423992157,
        -0.560403048992157,
        -0.11339516192674637,
        0.14470818638801575,
        -0.23523354530334473,
        -0.5248088240623474,
        -0.48726901412010193,
        0.4419957995414734,
        0.07760778069496155,
        0.4463912546634674,
        0.08647319674491882,
        -0.3876263499259949,
        0.8047052621841431,
        -0.7103503942489624,
        -0.1993764042854309,
        -0.3981022834777832,
        -0.7473047971725464,
        -0.17624029517173767,
        0.5019145607948303
    ]
}