{
    "seed": 1000012,
    "theta": [
        0.008324320428073406,
        -0.4258706569671631,
        -0.11947396397590637,
        -0.24527037143707275,
        0.26945701241493225,
        -0.0247332900762558,
        -0.17619237303733826,
        -0.44570547342300415,
        0.398187518119812,
        -0.045212313532829285,
        0.2036174088716507,
        0.20432502031326294,
        -0.22243016958236694,
        0.27091556787490845,
        -0.3959476947784424,
        -0.402681827545166,
        -0.405466765165329,
        -0.37399816513061523,
        -0.4168066084384918,
        0.2849130630493164
    ],
    "x": [
        0.403438538312912,
        -0.3637630343437195,
        -0.16560271382331848,
        -0.24283050000667572,
        0.5365974307060242,
        -0.6926179528236389,
        -0.7022808790206909,
        -0.48558366298675537,
        0.7678107023239136,
        -0.30372732877731323,
        0.4063910245895386,
        -0.09613129496574402,
        0.08954223990440369,
        0.3009338676929474,
        -0.4962519109249115,
        -0.6075819134712219,
        -0.2513895630836487,
        0.20272600650787354,
        -1.086621880531311,
        -0.0919225811958313
    ]
}