{
    "seed": 1000009,
    "theta": [
        0.07056169956922531,
        -0.4110916554927826,
        -0.12653623521327972,
        -0.262655109167099,
        0.04744519293308258,
        -0.11111243814229965,
        -0.176856130361557,
        -0.43281158804893494,
        0.5404927730560303,
        -0.11742658913135529,
        0.23798172175884247,
        0.2433871626853943,
        -0.24289165437221527,
        0.32400545477867126,
        -0.43141233921051025,
        -0.28426817059516907,
        -0.36680272221565247,
        -0.3676043152809143,
        -0.4147436022758484,
        0.2892487347126007
    ],
    "x": [
        0.00815625861287117,
        -0.5484394431114197,
        -0.5863520503044128,
        -0.08711576461791992,
        -0.1440410017967224,
        -0.1584949940443039,
        -0.3026728630065918,
        -0.13133761286735535,
        0.7034862637519836,
        -0.49444085359573364,
        0.14157450199127197,
        0.2476986050605774,
        0.25898444652557373,
        0.5735796689987183,
        -0.42419761419296265,
        -0.5914832353591919,
        -0.30395346879959106,
        -0.566413164138794,
        -0.5855467915534973,
        0.035206139087677
    ]
}