{
    "seed": 1000010,
    "theta": [
        0.09667101502418518,
        0.45038896799087524,
        -0.5153367519378662,
        -0.020684123039245605,
        -0.9363309144973755
    ],
    "x": [
        -0.445635586977005,
        -0.3997691869735718,
        0.19331522285938263,
        -0.18967856466770172,
        -0.017909355461597443,
        -0.1783050149679184,
        0.1408626288175583,
        -0.24900051951408386,
        -0.1761988252401352,
        0.0354362353682518,
        -0.07941488176584244,
        -0.04511747881770134,
        -0.3180985152721405,
        0.3432622253894806,
        0.08627103269100189,
        0.7129102945327759,
        -0.03807149827480316,
        0.14798219501972198,
        0.5952271819114685,
        -0.7005360126495361,
        0.21929964423179626,
        0.011734163388609886,
        -0.22389920055866241,
        0.7201137542724609,
        0.03372998535633087,
        0.42967647314071655,
        0.5596301555633545,
        -0.22493593394756317,
        0.3300330936908722,
        0.07908009737730026,
        -0.14655762910842896,
        0.6803209781646729,
        -0.758912980556488,
        0.321882426738739,
        -0.2658974230289459,
        -0.17160972952842712,
        -0.4978172779083252,
        0.2121235728263855,
        0.4454909563064575,
        -0.4375585913658142,
        0.009545319713652134,
        -7.011927604675293,
        -0.15608222782611847,
        0.08863328397274017,
        -0.14291617274284363,
        -0.22309216856956482,
        -0.45105645060539246,
        -0.05563504993915558,
        0.2914271950721741,
        0.0021717995405197144,
        0.6212093234062195,
        -0.3500038981437683,
        0.06776563823223114,
        -0.6413383483886719,
        -0.30087578296661377,
        -0.37084439396858215,
        0.5168803930282593,
        0.3080275058746338,
        -0.43473923206329346,
        -6.654251575469971,
        0.12748408317565918,
        0.36826226115226746,
        -0.4264531433582306,
        -0.003964161965996027,
        0.4266420304775238,
        0.030231358483433723,
        0.4967220723628998,
        -0.18414391577243805,
        -0.08496669679880142,
        0.17166803777217865,
        0.11265747249126434,
        -0.08802738040685654,
        -0.4936996102333069,
        -0.16001376509666443,
        0.5957900285720825,
        -0.3415733873844147,
        -0.6067829728126526,
        -0.3499419391155243,
        0.30364683270454407,
        -0.29262667894363403,
        -0.409217894077301,
        0.3730984330177307,
        -0.7243881821632385,
        -0.35451480746269226,
        -0.28820332884788513,
        0.7194840908050537,
        -0.32934147119522095,
        -0.03955576568841934,
        -0.1980300396680832,
        0.07246526330709457,
        -0.42155182361602783,
        0.257941335439682,
        -0.19099321961402893,
        0.16795359551906586,
        -0.5311394333839417,
        -1.2186510562896729,
        0.221249520778656,
        0.11618264019489288
    ]
}