{
    "seed": 1000008,
    "theta": [
        -0.7344760894775391,
        -0.2970775365829468,
        -0.28919073939323425,
        -0.8162644505500793,
        -0.38914117217063904
    ],
    "x": [
        0.043763626366853714,
        0.2327575981616974,
        -0.38657647371292114,
        -0.2773779332637787,
        -0.4253706634044647,
        -0.5653420090675354,
        -0.1681884080171585,
        -0.1407601237297058,
        0.18722495436668396,
        0.18661710619926453,
        -0.30986669659614563,
        -0.329894095659256,
        -0.052114736288785934,
        0.20750920474529266,
        0.25581011176109314,
        0.6079629063606262,
        0.11357288062572479,
        -0.03529777005314827,
        -0.08269458264112473,
        -0.08457156270742416,
        -4.17354154586792,
        -0.811202347278595,
        -0.1338607221841812,
        0.16173699498176575,
        -0.32437974214553833,
        -0.5717535018920898,
        -0.3566056787967682,
        0.8050379157066345,
        0.6390345692634583,
        0.20326712727546692,
        0.8452379703521729,
        -0.06330087780952454,
        -0.08099344372749329,
        0.39857858419418335,
        -0.2798069417476654,
        0.5322511792182922,
        0.12677811086177826,
        0.2570543885231018,
        -0.039331212639808655,
        -0.194967120885849,
        -0.007852393202483654,
        -0.3103967308998108,
        0.06543008983135223,
        0.11809249222278595,
        0.0805586501955986,
        0.17476709187030792,
        0.3156438171863556,
        1.0605169534683228,
        0.389150470495224,
        -0.05629078671336174,
        0.14696843922138214,
        -0.00451644929125905,
        0.32137155532836914,
        7.901585578918457,
        0.17856746912002563,
        -0.012637928128242493,
        -0.9184040427207947,
        0.5571189522743225,
        -0.5061976313591003,
        0.5292184948921204,
        0.12450826913118362,
        0.7241702675819397,
        0.07864966988563538,
        -0.04336695373058319,
        -0.12165611237287521,
        -0.15700221061706543,
        0.5034052133560181,
        0.24227118492126465,
        -0.349854975938797,
        0.5603300929069519,
        -0.33370569348335266,
        -0.7384049296379089,
        0.025591891258955002,
        0.7714298367500305,
        0.420663446187973,
        0.16783756017684937,
        0.21769292652606964,
        -0.07825247943401337,
        -0.17863330245018005,
        0.11370072513818741,
        0.16640304028987885,
        0.026053326204419136,
        0.3321990668773651,
        0.5858104228973389,
        -0.2968035042285919,
        -0.20687763392925262,
        0.27164655923843384,
        0.08132220059633255,
        0.20879322290420532,
        0.028709476813673973,
        0.2597377896308899,
        -0.6182858943939209,
        -0.012311730533838272,
        0.7729048132896423,
        -0.032820966094732285,
        0.020756231620907784,
        0.20643876492977142,
        -0.15666548907756805
    ]
}