{
    "seed": 1000004,
    "theta": [
        0.42669326066970825,
        -0.7532851696014404,
        0.31166133284568787,
        -0.25187745690345764,
        -0.8220340609550476
    ],
    "x": [
        0.2268713265657425,
        -0.07556431740522385,
        -1.1935845613479614,
        0.42622944712638855,
        -0.478630393743515,
        0.3351894021034241,
        -0.9877380728721619,
        -0.6598125696182251,
        -0.2741703987121582,
        -0.3532726764678955,
        -1.505893349647522,
        -0.3009510040283203,
        0.6561248302459717,
        0.5885072350502014,
        0.10343323647975922,
        0.8785321116447449,
        2.7771198749542236,
        0.3640303313732147,
        0.7935099601745605,
        -0.16943444311618805,
        0.3091636896133423,
        -0.4947737157344818,
        0.9853053092956543,
        -0.4127359092235565,
        -0.4208320379257202,
        -0.047928303480148315,
        0.28700149059295654,
        0.22361254692077637,
        -0.1980540156364441,
        0.518665611743927,
        -0.19259509444236755,
        -0.6142660975456238,
        -0.6951427459716797,
        -0.36113977432250977,
        -0.037481553852558136,
        0.2613846957683563,
        1.0564765930175781,
        -0.0889328345656395,
        0.14622002840042114,
        -0.013119060546159744,
        -0.8205087780952454,
        0.3120461702346802,
        0.1570027619600296,
        0.13734611868858337,
        0.44771242141723633,
        0.2653861939907074,
        0.5824839472770691,
        0.2570848762989044,
        0.39241304993629456,
        -0.5775162577629089,
        -0.275890588760376,
        -0.007043365854769945,
        -0.5156547427177429,
        0.24287550151348114,
        0.13496913015842438,
        0.7755845785140991,
        -0.3864227533340454,
        0.10292365401983261,
        0.47390666604042053,
        -0.7881552577018738,
        0.3224431276321411,
        -7.465919494628906,
        0.3426961600780487,
        -0.7426159381866455,
        -0.35196617245674133,
        0.10933772474527359,
        0.5082638263702393,
        -0.09272065758705139,
        0.29962071776390076,
        0.4102626442909241,
        -0.4043237864971161,
        -0.103630430996418,
        0.3054552376270294,
        0.3470313847064972,
        0.4510641098022461,
        -0.08663895726203918,
        0.4053153097629547,
        -0.006869451608508825,
        -0.06967238336801529,
        -0.0759952962398529,
        8.440900802612305,
        -0.47821176052093506,
        0.7907957434654236,
        0.5071629285812378,
        -0.5096275806427002,
        -0.03806205838918686,
        -0.40607520937919617,
        -0.022203831002116203,
        -0.41658058762550354,
        0.37191399931907654,
        0.03426404669880867,
        -0.6329388618469238,
        -0.6118230223655701,
        -0.3626750409603119,
        0.37982267141342163,
        0.2501967251300812,
        -0.33304715156555176,
        0.25495144724845886
    ]
}