{
    "seed": 1000000,
    "theta": [
        0.7256052494049072,
        -0.6094971895217896,
        0.5655901432037354,
        0.21131515502929688,
        -0.9441236853599548
    ],
    "x": [
        -0.286369651556015,
        -0.12221943587064743,
        -0.33836689591407776,
        -0.03324216604232788,
        -1.0827369689941406,
        -0.3601852059364319,
        -0.3018697202205658,
        -0.9258432984352112,
        -0.6596652269363403,
        0.3955671787261963,
        0.07821658998727798,
        0.31585443019866943,
        1.3419957160949707,
        0.2797996401786804,
        5.0350565910339355,
        0.5794552564620972,
        -0.33705925941467285,
        -0.6765525341033936,
        -1.0984934568405151,
        -0.16801419854164124,
        0.6486413478851318,
        0.5051504969596863,
        -1.2606393098831177,
        0.46955376863479614,
        -0.09732376039028168,
        0.6302887797355652,
        -0.19441679120063782,
        0.22118502855300903,
        0.11215855926275253,
        -0.08161678910255432,
        -0.5662832856178284,
        0.023918868973851204,
        -0.24259008467197418,
        -0.6121305823326111,
        0.6038815975189209,
        0.14876078069210052,
        0.03551110625267029,
        0.7085939645767212,
        0.1862957924604416,
        -0.347097247838974,
        -0.01912471279501915,
        -0.46329155564308167,
        -0.6020874381065369,
        -0.014823426492512226,
        0.9711870551109314,
        0.24980883300304413,
        0.16401039063930511,
        0.4372920095920563,
        -0.9819549918174744,
        0.17515705525875092,
        -0.17817100882530212,
        -0.2326274961233139,
        0.15906454622745514,
        0.14368568360805511,
        0.2603192627429962,
        0.621031641960144,
        -1.1474783420562744,
        -0.37044230103492737,
        -7.671506881713867,
        -0.5520151257514954,
        0.04788148030638695,
        -0.13979145884513855,
        0.6940824389457703,
        -0.3468227684497833,
        -0.38660258054733276,
        -0.6238065958023071,
        0.4740300476551056,
        -0.16319741308689117,
        0.5727968811988831,
        0.8700928092002869,
        -0.7133356928825378,
        -0.5452139973640442,
        -0.38708600401878357,
        0.20871643722057343,
        0.29071754217147827,
        0.8043250441551208,
        0.8277499675750732,
        -1.006019115447998,
        -0.01680806092917919,
        -0.3564900755882263,
        -0.24001719057559967,
        -0.01602679118514061,
        -0.22478479146957397,
        0.19745242595672607,
        -0.8250346183776855,
        -0.48489439487457275,
        -0.6534468531608582,
        -0.11442143470048904,
        0.4056614637374878,
        -0.17290177941322327,
        1.185865879058838,
        -0.41003239154815674,
        -0.7604842185974121,
        -0.3553400933742523,
        -0.13150611519813538,
        0.13766008615493774,
        -0.007918190211057663,
        0.0947956070303917
    ]
}