{
    "seed": 1000012,
    "theta": [
        0.022764205932617188,
        -0.2952399253845215,
        0.6809779405593872,
        0.2749689817428589,
        -0.13789543509483337
    ],
    "x": [
        -0.13516858220100403,
        -0.28352925181388855,
        -0.675178050994873,
        -0.9022790789604187,
        -0.3377376198768616,
        -0.4352719783782959,
        0.03642183169722557,
        0.38808682560920715,
        0.014688538387417793,
        0.10700871795415878,
        -1.2290942668914795,
        -0.8923757672309875,
        -0.6561230421066284,
        -0.3317320644855499,
        0.3399152159690857,
        -0.879741370677948,
        -0.7442039847373962,
        0.4534074664115906,
        0.22794075310230255,
        0.3165057599544525,
        0.5488890409469604,
        0.2584896683692932,
        -1.016320824623108,
        -0.16586916148662567,
        0.3033287823200226,
        0.053545691072940826,
        0.10295848548412323,
        -0.6481457948684692,
        -0.3171032667160034,
        0.41824865341186523,
        1.0740655660629272,
        1.518120288848877,
        0.3322151005268097,
        0.49455493688583374,
        0.2875722646713257,
        0.8817757964134216,
        -0.019306745380163193,
        -0.07091911882162094,
        -0.6217229962348938,
        0.12096381932497025,
        0.3727472722530365,
        0.33314597606658936,
        0.17975784838199615,
        0.784022867679596,
        -0.12311948090791702,
        0.496775358915329,
        0.5614762306213379,
        -0.025012901052832603,
        0.8200933337211609,
        0.015808315947651863,
        -0.14324304461479187,
        -0.11215449869632721,
        0.6647037863731384,
        -0.4255025386810303,
        0.6672078967094421,
        1.2357850074768066,
        -1.1549296379089355,
        -0.6148143410682678,
        -0.16674402356147766,
        0.8833714723587036,
        -0.06518532335758209,
        0.39186304807662964,
        0.5366470217704773,
        -0.6648407578468323,
        -0.4642571806907654,
        -0.36929851770401,
        0.0278692077845335,
        0.2196417897939682,
        0.6787909269332886,
        0.7599821090698242,
        -0.5783778429031372,
        -1.2801815271377563,
        -0.9662565588951111,
        0.07587596029043198,
        0.7819357514381409,
        -0.05219877511262894,
        0.8539323210716248,
        -1.1001511812210083,
        -0.4980160892009735,
        -0.4595187306404114,
        -1.0149922370910645,
        0.2676498293876648,
        0.6890468001365662,
        0.018834471702575684,
        -0.20248277485370636,
        0.08958332985639572,
        -0.47348859906196594,
        -0.9327288269996643,
        0.1758449673652649,
        -0.5567649602890015,
        0.2349313497543335,
        -0.702354907989502,
        -0.6774964928627014,
        -0.8633087873458862,
        -0.0771719217300415,
        0.3516923487186432,
        0.053823988884687424,
        0.73142009973526
    ]
}