{
    "seed": 1000009,
    "theta": [
        -0.1247146874666214,
        -0.9361213445663452,
        -0.3668323755264282,
        -0.12669438123703003,
        -0.42880338430404663
    ],
    "x": [
        -0.2846940755844116,
        -0.24928078055381775,
        0.08673425018787384,
        0.5912150144577026,
        -0.9800205230712891,
        0.097188800573349,
        0.15926475822925568,
        -0.1633705347776413,
        -0.6370944976806641,
        0.3635447919368744,
        0.10529578477144241,
        0.1371726244688034,
        -0.2159513533115387,
        -0.27790096402168274,
        -0.9713060259819031,
        0.361370712518692,
        -0.030654726549983025,
        -0.46053338050842285,
        -0.788162112236023,
        -0.9253572821617126,
        -0.16463607549667358,
        -0.4550137221813202,
        0.31530916690826416,
        -0.1551717221736908,
        -0.09725317358970642,
        0.1688036024570465,
        -0.13236719369888306,
        -0.16230297088623047,
        0.2857653796672821,
        -0.14373181760311127,
        -0.335515558719635,
        0.14716804027557373,
        -0.34429168701171875,
        -0.22093063592910767,
        0.27318519353866577,
        0.42068520188331604,
        -0.3222779929637909,
        0.4519124925136566,
        -0.04195784777402878,
        0.7169755697250366,
        -0.01939365081489086,
        -0.49314936995506287,
        0.11054664850234985,
        0.678884744644165,
        0.39801791310310364,
        0.21222801506519318,
        -0.5103018283843994,
        -0.11148745566606522,
        0.5983218550682068,
        -0.4044336676597595,
        -0.21636806428432465,
        0.19159646332263947,
        -0.23709754645824432,
        0.2058209478855133,
        0.33298343420028687,
        0.46850159764289856,
        -0.24987851083278656,
        -0.15591640770435333,
        0.04673942178487778,
        0.19066141545772552,
        0.15087062120437622,
        0.3843609392642975,
        0.29100021719932556,
        0.04546493664383888,
        -0.05270106717944145,
        -0.07471347600221634,
        -0.36040106415748596,
        0.20991498231887817,
        0.2049262374639511,
        -0.24362580478191376,
        -0.5206201076507568,
        -0.4840441048145294,
        0.32805541157722473,
        -0.024152643978595734,
        0.20956790447235107,
        0.36004266142845154,
        0.21374636888504028,
        -0.34670892357826233,
        -0.3672983646392822,
        -0.21437495946884155,
        0.015311594121158123,
        -0.3341139256954193,
        0.32713600993156433,
        0.3322688639163971,
        -0.3252125382423401,
        -0.0971803367137909,
        -0.7982812523841858,
        0.028669679537415504,
        -0.008006625808775425,
        0.09240113943815231,
        0.4582047462463379,
        -0.48206987977027893,
        -0.5069239139556885,
        -0.10298018902540207,
        -0.363242506980896,
        0.12699544429779053,
        -0.06838784366846085,
        0.1016063243150711
    ]
}