{
    "seed": 1000001,
    "theta": [
        0.12567612528800964,
        -0.49105140566825867,
        0.24701803922653198,
        -0.6914201974868774,
        0.6043189764022827
    ],
    "x": [
        -0.2008657604455948,
        0.361202210187912,
        -0.2936379909515381,
        0.20591981709003448,
        -0.21651007235050201,
        -0.17429862916469574,
        -0.07688973844051361,
        -0.9439606070518494,
        -0.5803698301315308,
        -0.2794986367225647,
        -0.9605408906936646,
        -0.2931966483592987,
        0.24293307960033417,
        -0.051914844661951065,
        0.7182081341743469,
        0.17080843448638916,
        0.18239493668079376,
        0.6930434703826904,
        1.0367947816848755,
        -0.7502433657646179,
        -0.8811950087547302,
        1.0552078485488892,
        0.05928181856870651,
        0.5360738039016724,
        0.7120596766471863,
        0.26587235927581787,
        -0.2827270030975342,
        -0.8853216767311096,
        -0.11751121282577515,
        -0.24837709963321686,
        0.16921019554138184,
        0.0006193502922542393,
        0.4296230375766754,
        -9.685088157653809,
        -0.134422168135643,
        0.19755291938781738,
        -0.12785471975803375,
        0.00016742086154408753,
        -0.28225356340408325,
        -0.10382100194692612,
        0.014571811072528362,
        -0.25284865498542786,
        -0.5843963623046875,
        0.34095218777656555,
        -0.13935676217079163,
        0.3068419396877289,
        0.4305238723754883,
        0.3875802457332611,
        0.7480341196060181,
        -0.6551105976104736,
        -0.04620099440217018,
        0.2552582919597626,
        0.09359800815582275,
        -0.3583388924598694,
        -0.01393023133277893,
        0.5195333361625671,
        -0.48163455724716187,
        -0.40920644998550415,
        0.41670656204223633,
        -0.3137737512588501,
        0.15906444191932678,
        0.14842595160007477,
        0.32930848002433777,
        -0.5912050604820251,
        -0.369000643491745,
        -0.35539647936820984,
        -0.44475847482681274,
        0.03904096409678459,
        0.5441533923149109,
        0.4472043812274933,
        -0.19202618300914764,
        -0.2463437020778656,
        -0.28888973593711853,
        0.5820202231407166,
        -0.1672217696905136,
        0.6498146653175354,
        0.31207531690597534,
        -0.9570075869560242,
        0.2249392569065094,
        0.009450395591557026,
        0.3287028670310974,
        0.6250925064086914,
        0.41871482133865356,
        0.12027664482593536,
        -0.41215547919273376,
        -0.49602627754211426,
        -0.29371586441993713,
        -0.12584014236927032,
        -0.2564072906970978,
        0.9904649257659912,
        -8.430216789245605,
        -0.38920876383781433,
        -0.21537698805332184,
        -0.05917228385806084,
        0.11241143941879272,
        0.24132421612739563,
        0.37925663590431213,
        0.3186032772064209
    ]
}