{
    "seed": 1000010,
    "theta": [
        -0.5786774158477783,
        0.22871242463588715,
        0.21865805983543396,
        -0.3505852520465851,
        -0.3250759541988373,
        -0.021579386666417122,
        0.11276006698608398,
        0.12340383231639862,
        0.24480092525482178,
        -0.11951133608818054,
        -0.19014880061149597,
        0.2725706994533539,
        -0.047933429479599,
        -0.016918815672397614,
        0.39922866225242615,
        0.059899959713220596,
        -0.23454466462135315,
        -0.15462544560432434,
        0.29271405935287476,
        -0.23259013891220093
    ],
    "x": [
        -0.3175021708011627,
        0.4528357684612274,
        -0.2774447500705719,
        -0.3880346119403839,
        -0.5462790131568909,
        -1.038866639137268,
        -0.37218937277793884,
        0.19636690616607666,
        0.11100681126117706,
        -0.4734382629394531,
        -0.23789197206497192,
        0.16393360495567322,
        0.002392284572124481,
        -0.47542986273765564,
        0.4915842115879059,
        0.45114558935165405,
        -0.15330171585083008,
        0.0504620224237442,
        0.5027833580970764,
        -0.6197348237037659
    ]
}