{
    "seed": 1000008,
    "theta": [
        -0.33422183990478516,
        0.31748998165130615,
        0.24659588932991028,
        -0.27898478507995605,
        -0.20412008464336395,
        -0.08583016693592072,
        0.20630888640880585,
        0.046492837369441986,
        0.3848607540130615,
        -0.09233716130256653,
        -0.14109650254249573,
        0.3204377293586731,
        -0.00820659939199686,
        0.13316456973552704,
        0.17434346675872803,
        0.11755777150392532,
        -0.13549025356769562,
        -0.00848228856921196,
        0.3696160614490509,
        -0.05041351914405823
    ],
    "x": [
        -0.532914400100708,
        0.0326099693775177,
        0.027813062071800232,
        -0.1676473170518875,
        -0.4307355284690857,
        -0.13807985186576843,
        0.7706303000450134,
        -0.5046142935752869,
        0.7695059776306152,
        -0.1339818835258484,
        -0.5293166637420654,
        0.10750682651996613,
        -0.1354036182165146,
        -0.4720991253852844,
        0.25128173828125,
        0.21561753749847412,
        -0.07314299046993256,
        0.0277659073472023,
        0.6691839098930359,
        0.7774568796157837
    ]
}