{
    "seed": 1000012,
    "theta": [
        -0.437557190656662,
        0.2457723766565323,
        0.16281358897686005,
        -0.294776052236557,
        -0.2064574509859085,
        0.039915021508932114,
        0.1607467234134674,
        0.00015864521265029907,
        0.25491541624069214,
        -0.11696768552064896,
        -0.26596856117248535,
        0.2574335038661957,
        -0.03597543388605118,
        -0.0041231922805309296,
        0.2531355023384094,
        -0.03588657081127167,
        -0.190948948264122,
        -0.09884248673915863,
        0.37662172317504883,
        -0.22581936419010162
    ],
    "x": [
        -0.04244297742843628,
        0.3078800141811371,
        0.11668483912944794,
        -0.2923361659049988,
        0.06068296730518341,
        -0.6279696226119995,
        -0.36534181237220764,
        -0.03971955552697182,
        0.6245386004447937,
        -0.3754826784133911,
        -0.06319493055343628,
        -0.04302281141281128,
        0.27599698305130005,
        0.02589510940015316,
        0.1528312861919403,
        -0.24078667163848877,
        -0.03687173128128052,
        0.47788166999816895,
        -0.2931935787200928,
        -0.6026549935340881
    ]
}