{
    "seed": 1000004,
    "theta": [
        -0.5582212209701538,
        0.22746577858924866,
        0.21667729318141937,
        -0.2052977830171585,
        -0.2072840929031372,
        -0.07480300217866898,
        0.0773831307888031,
        -0.007007293403148651,
        0.39386266469955444,
        -0.11121976375579834,
        -0.18723443150520325,
        0.3891386091709137,
        0.03841651231050491,
        0.0811288058757782,
        0.16279518604278564,
        -0.05237692594528198,
        -0.24382711946964264,
        -0.09529587626457214,
        0.2366049587726593,
        -0.18158328533172607
    ],
    "x": [
        -0.6862578392028809,
        -0.1602444052696228,
        -0.27811551094055176,
        -0.16290083527565002,
        -0.3312062621116638,
        -0.1705852448940277,
        -0.18786972761154175,
        -0.041404884308576584,
        0.2987237572669983,
        0.005852416157722473,
        -0.023194730281829834,
        0.13958168029785156,
        -0.2011716067790985,
        0.5296664834022522,
        -0.061267197132110596,
        0.16741883754730225,
        -0.18358443677425385,
        -0.4721491038799286,
        0.617188036441803,
        -0.00881783664226532
    ]
}