{
    "seed": 1000009,
    "theta": [
        -0.37531980872154236,
        0.2605513632297516,
        0.1557513177394867,
        -0.31216076016426086,
        -0.4284692704677582,
        -0.04646413028240204,
        0.16008296608924866,
        0.013052534312009811,
        0.3972206711769104,
        -0.18918195366859436,
        -0.23160424828529358,
        0.296495646238327,
        -0.056436918675899506,
        0.048966698348522186,
        0.21767087280750275,
        0.0825270563364029,
        -0.1522848904132843,
        -0.0924486368894577,
        0.37868472933769226,
        -0.22148367762565613
    ],
    "x": [
        -0.4377252459526062,
        0.1232035905122757,
        -0.3040645122528076,
        -0.1366214156150818,
        -0.6199554800987244,
        -0.09384668618440628,
        0.03426621854305267,
        0.3145264983177185,
        0.5602141618728638,
        -0.5661962032318115,
        -0.3280114531517029,
        0.30080708861351013,
        0.4454391896724701,
        0.29854094982147217,
        0.22488561272621155,
        -0.22468797862529755,
        -0.0894356369972229,
        -0.29125747084617615,
        0.20788152515888214,
        -0.47552627325057983
    ]
}