{
    "seed": 1000003,
    "theta": [
        -0.4480619728565216,
        0.187679260969162,
        0.30012941360473633,
        -0.3444712460041046,
        -0.2568190395832062,
        -0.06556375324726105,
        0.09306976199150085,
        -0.06938035041093826,
        0.3071330189704895,
        -0.17619451880455017,
        -0.3174508213996887,
        0.4168355464935303,
        -0.098890021443367,
        0.05042005702853203,
        0.24785888195037842,
        -0.04316204786300659,
        -0.21926654875278473,
        -0.0990963876247406,
        0.26820215582847595,
        -0.2127993404865265
    ],
    "x": [
        -0.169332355260849,
        -0.28446024656295776,
        0.5649534463882446,
        -0.5171380639076233,
        0.34862688183784485,
        -0.6493218541145325,
        -0.026628218591213226,
        0.13560187816619873,
        0.6875444650650024,
        -0.06192149966955185,
        0.13588204979896545,
        0.5439592003822327,
        0.3307822346687317,
        0.3198283016681671,
        0.4769795536994934,
        -0.5192145109176636,
        -0.0912122130393982,
        -0.04881149157881737,
        0.5230523347854614,
        -0.473360538482666
    ]
}