{
    "seed": 1000002,
    "theta": [
        -0.2984335422515869,
        0.31920623779296875,
        0.32797279953956604,
        -0.29467496275901794,
        -0.30733180046081543,
        -0.06907372176647186,
        -0.02002297341823578,
        0.06166330724954605,
        0.3163496255874634,
        -0.13617545366287231,
        -0.26218247413635254,
        0.38975393772125244,
        0.0027904268354177475,
        0.1526125818490982,
        0.13989399373531342,
        0.19778656959533691,
        -0.19122110307216644,
        -0.07940255105495453,
        0.30939584970474243,
        -0.20037096738815308
    ],
    "x": [
        0.41552871465682983,
        0.4987737834453583,
        -0.022560477256774902,
        -0.6524279117584229,
        -0.7614847421646118,
        0.14343026280403137,
        0.06203600764274597,
        0.5733727812767029,
        0.3458905518054962,
        -0.22416460514068604,
        -0.03734101355075836,
        0.3300308287143707,
        -0.22285398840904236,
        -0.45705723762512207,
        0.15465767681598663,
        0.2775050699710846,
        -0.6831635236740112,
        -0.4601268172264099,
        0.8476018309593201,
        -0.05598615109920502
    ]
}