{
    "seed": 1000000,
    "theta": [
        -0.417917400598526,
        0.31094515323638916,
        0.009946227073669434,
        -0.20836305618286133,
        -0.32164448499679565,
        -0.07998187094926834,
        0.314390629529953,
        0.17837750911712646,
        0.24964189529418945,
        -0.16528576612472534,
        -0.28810712695121765,
        0.37746259570121765,
        0.033969901502132416,
        0.016348306089639664,
        0.2997521162033081,
        0.061232518404722214,
        -0.21813136339187622,
        0.07906483113765717,
        0.3311282694339752,
        -0.247121661901474
    ],
    "x": [
        -0.5933881998062134,
        0.42639556527137756,
        0.12904703617095947,
        0.11633765697479248,
        -0.0618475079536438,
        -0.382817804813385,
        0.21629026532173157,
        -0.43017882108688354,
        0.15550467371940613,
        -0.10434211790561676,
        -0.34176701307296753,
        0.11044183373451233,
        -0.17518672347068787,
        -0.02571195736527443,
        0.6160626411437988,
        -0.44518786668777466,
        -0.4737893342971802,
        0.02104136347770691,
        0.9833481311798096,
        -0.13386686146259308
    ]
}