{
    "seed": 1000008,
    "theta": [
        0.3289782404899597,
        -0.14192047715187073
    ],
    "x": [
        1.8935235738754272,
        1.0744733810424805,
        0.46396681666374207,
        0.030399607494473457,
        -0.26215577125549316,
        -0.6313087940216064,
        -0.7816332578659058,
        -0.8579249382019043,
        -0.9435874223709106,
        -0.9499279260635376,
        -0.9943462014198303,
        -0.9743222594261169,
        -0.981607973575592,
        -1.09138023853302,
        -1.0695375204086304,
        -1.0975255966186523,
        -1.150148630142212,
        -1.0923341512680054,
        -1.0296844244003296,
        -0.9842078685760498,
        -0.9505084156990051,
        -1.0022526979446411,
        -1.1990824937820435,
        -1.1813089847564697,
        -1.2940642833709717
    ]
}