{
    "seed": 1000002,
    "theta": [
        0.27568668127059937,
        0.4269655644893646
    ],
    "x": [
        1.8935235738754272,
        1.383651614189148,
        0.9931564331054688,
        0.6084850430488586,
        0.3382049798965454,
        0.06761302053928375,
        -0.1622944176197052,
        -0.375774085521698,
        -0.5285662412643433,
        -0.5453414916992188,
        -0.6472059488296509,
        -0.5395658016204834,
        -0.6607747077941895,
        -0.6542019248008728,
        -0.6526750326156616,
        -0.6741266250610352,
        -0.7581243515014648,
        -0.7481081485748291,
        -0.6810629963874817,
        -0.48808035254478455,
        -0.6294465661048889,
        -0.5885674953460693,
        -0.6004107594490051,
        -0.5821029543876648,
        -0.7462648153305054
    ]
}