{
    "seed": 1000000,
    "theta": [
        0.3954669237136841,
        0.263562947511673
    ],
    "x": [
        1.8935235738754272,
        1.1490916013717651,
        0.5011231899261475,
        0.15468181669712067,
        -0.19693158566951752,
        -0.34386390447616577,
        -0.5400128364562988,
        -0.6309281587600708,
        -0.6651526689529419,
        -0.6273234486579895,
        -0.6933784484863281,
        -0.811749279499054,
        -0.8350551724433899,
        -0.7878406643867493,
        -0.7985575795173645,
        -0.844657301902771,
        -0.735037624835968,
        -0.7927809357643127,
        -0.7402649521827698,
        -0.7801339626312256,
        -0.8444031476974487,
        -0.9847568273544312,
        -0.9625819325447083,
        -0.8309400677680969,
        -0.7563311457633972
    ]
}