{
    "seed": 1000009,
    "theta": [
        0.00973048061132431,
        -0.04367370158433914
    ],
    "x": [
        1.8935235738754272,
        1.276421070098877,
        0.7666919231414795,
        0.38707080483436584,
        0.1602630615234375,
        -0.1616489291191101,
        -0.2577592432498932,
        -0.3149855136871338,
        -0.4440799057483673,
        -0.6087344288825989,
        -0.6163245439529419,
        -0.5687971711158752,
        -0.6764640212059021,
        -0.6739107370376587,
        -0.6595394015312195,
        -0.7859169840812683,
        -0.822931170463562,
        -0.9269413352012634,
        -1.0272998809814453,
        -0.8659206628799438,
        -0.8065130114555359,
        -0.9337393045425415,
        -1.0029733180999756,
        -0.9401065111160278,
        -1.0091147422790527
    ]
}