{
    "seed": 1000003,
    "theta": [
        -0.08328069746494293,
        -0.22640646994113922
    ],
    "x": [
        1.8935235738754272,
        1.1688165664672852,
        0.7013263702392578,
        0.41436395049095154,
        0.05966173857450485,
        -0.2956162095069885,
        -0.38836103677749634,
        -0.4547862410545349,
        -0.5306023359298706,
        -0.6063276529312134,
        -0.6901911497116089,
        -0.7448849081993103,
        -0.7936616539955139,
        -0.7969090938568115,
        -0.823530912399292,
        -0.8700532913208008,
        -0.9168664216995239,
        -0.941247284412384,
        -0.9491376876831055,
        -1.0220096111297607,
        -1.0879801511764526,
        -1.1509345769882202,
        -1.1714754104614258,
        -1.2028290033340454,
        -1.1464444398880005
    ]
}