{
    "seed": 1000010,
    "theta": [
        -0.23501430451869965,
        -0.4130629599094391
    ],
    "x": [
        1.8935235738754272,
        1.3165003061294556,
        0.9020166397094727,
        0.5070376396179199,
        0.2684759795665741,
        -0.05665893480181694,
        -0.31267404556274414,
        -0.5748955607414246,
        -0.7293019890785217,
        -0.835811197757721,
        -0.9511862993240356,
        -1.028092861175537,
        -1.1334551572799683,
        -1.198744535446167,
        -1.2095611095428467,
        -1.1664280891418457,
        -1.1994378566741943,
        -1.3268388509750366,
        -1.3206195831298828,
        -1.4131821393966675,
        -1.3903448581695557,
        -1.4615657329559326,
        -1.4944109916687012,
        -1.4364745616912842,
        -1.359716773033142
    ]
}