{
    "seed": 1000012,
    "theta": [
        0.3287091851234436,
        0.07411745190620422
    ],
    "x": [
        1.8935235738754272,
        1.0056689977645874,
        0.6150736808776855,
        0.2803678512573242,
        0.06088561192154884,
        -0.24422003328800201,
        -0.3562445640563965,
        -0.43709829449653625,
        -0.653178334236145,
        -0.7149428129196167,
        -0.7805340886116028,
        -0.7685151696205139,
        -0.8326504826545715,
        -0.9256128072738647,
        -0.8398615121841431,
        -0.89662104845047,
        -0.8930266499519348,
        -1.012095332145691,
        -0.9719626903533936,
        -1.0376909971237183,
        -0.9648643136024475,
        -0.8831391334533691,
        -0.8548185229301453,
        -0.9100827574729919,
        -0.9762993454933167
    ]
}