{
    "seed": 1000003,
    "theta": [
        -0.037428054958581924,
        -0.30393487215042114
    ],
    "x": [
        1.8935235738754272,
        1.1351019144058228,
        0.6470337510108948,
        0.3477420210838318,
        -0.014284308068454266,
        -0.3722235858440399,
        -0.46385928988456726,
        -0.5285383462905884,
        -0.6023353934288025,
        -0.6757349967956543,
        -0.757026195526123,
        -0.80887371301651,
        -0.8548505902290344,
        -0.8553898930549622,
        -0.8797950744628906,
        -0.924283504486084,
        -0.9690276384353638,
        -0.9913084506988525,
        -0.9972794651985168,
        -1.0685291290283203,
        -1.132521390914917,
        -1.193273663520813,
        -1.2114588022232056,
        -1.2407218217849731,
        -1.1823617219924927
    ]
}