{
    "seed": 1000009,
    "theta": [
        0.055593475699424744,
        -0.12138728052377701
    ],
    "x": [
        1.8935235738754272,
        1.2401933670043945,
        0.7075448632240295,
        0.31451863050460815,
        0.0806179866194725,
        -0.24480904638767242,
        -0.34073948860168457,
        -0.39694228768348694,
        -0.5247043371200562,
        -0.687123715877533,
        -0.691440224647522,
        -0.6412607431411743,
        -0.7472712993621826,
        -0.742423951625824,
        -0.7262662649154663,
        -0.8513662815093994,
        -0.8862135410308838,
        -0.9881747961044312,
        -1.0859628915786743,
        -0.9216353893280029,
        -0.8613820672035217,
        -0.9884862899780273,
        -1.0564570426940918,
        -0.9919583797454834,
        -1.060256004333496
    ]
}