{
    "seed": 1000000,
    "theta": [
        0.4411735534667969,
        0.1858028918504715
    ],
    "x": [
        1.8935235738754272,
        1.10142982006073,
        0.4263423979282379,
        0.06652185320854187,
        -0.29144734144210815,
        -0.4396893084049225,
        -0.6354272961616516,
        -0.7242571115493774,
        -0.7561660408973694,
        -0.7163758277893066,
        -0.7813808917999268,
        -0.8984005451202393,
        -0.9196627140045166,
        -0.8707804083824158,
        -0.8807419538497925,
        -0.9262059926986694,
        -0.8157124519348145,
        -0.8738359212875366,
        -0.8210625648498535,
        -0.8612285256385803,
        -0.9253445863723755,
        -1.0650017261505127,
        -1.0410481691360474,
        -0.9083428382873535,
        -0.834180474281311
    ]
}