{
    "seed": 1000010,
    "theta": [
        -0.18921193480491638,
        -0.4900299310684204
    ],
    "x": [
        1.8935235738754272,
        1.2846543788909912,
        0.848774790763855,
        0.4396660625934601,
        0.19288431107997894,
        -0.13695238530635834,
        -0.39392852783203125,
        -0.6546099781990051,
        -0.8053240776062012,
        -0.907325267791748,
        -1.0179476737976074,
        -1.089815378189087,
        -1.1902512311935425,
        -1.2504481077194214,
        -1.2563997507095337,
        -1.2090915441513062,
        -1.2389984130859375,
        -1.363497257232666,
        -1.3536792993545532,
        -1.4432836771011353,
        -1.417120099067688,
        -1.4857631921768188,
        -1.515796422958374,
        -1.4552028179168701,
        -1.3767497539520264
    ]
}