{
    "seed": 1000004,
    "theta": [
        0.4490877389907837,
        0.133119136095047
    ],
    "x": [
        1.8935235738754272,
        1.0294556617736816,
        0.5051293969154358,
        -0.04501117020845413,
        -0.35538408160209656,
        -0.4311825633049011,
        -0.5282679200172424,
        -0.6284087300300598,
        -0.5912575721740723,
        -0.7283591032028198,
        -0.6920191049575806,
        -0.7664110064506531,
        -0.634283721446991,
        -0.7037256360054016,
        -0.6851108074188232,
        -0.751853346824646,
        -0.7458222508430481,
        -0.952253520488739,
        -0.9453468918800354,
        -0.9499585628509521,
        -0.9005253314971924,
        -0.8602821230888367,
        -1.040295124053955,
        -1.0644594430923462,
        -1.2445508241653442
    ]
}