{
    "seed": 1000012,
    "theta": [
        0.37448662519454956,
        -0.003643520176410675
    ],
    "x": [
        1.8935235738754272,
        0.9643282890319824,
        0.5518857836723328,
        0.20491449534893036,
        -0.020396986976265907,
        -0.32771992683410645,
        -0.43855881690979004,
        -0.5175272226333618,
        -0.7315000295639038,
        -0.7897580862045288,
        -0.8522414565086365,
        -0.8373685479164124,
        -0.8995442986488342,
        -0.9904986023902893,
        -0.9024401307106018,
        -0.9583119750022888,
        -0.9535541534423828,
        -1.0718121528625488,
        -1.0300015211105347,
        -1.0948805809020996,
        -1.0208362340927124,
        -0.9388949871063232,
        -0.9111658930778503,
        -0.9671183824539185,
        -1.0333280563354492
    ]
}