{
    "seed": 1000001,
    "theta": [
        0.11973942071199417,
        0.09827613830566406
    ],
    "x": [
        1.8935235738754272,
        1.310158133506775,
        0.7720949649810791,
        0.39791518449783325,
        0.1391870081424713,
        -0.14335106313228607,
        -0.19786223769187927,
        -0.38349124789237976,
        -0.5803382992744446,
        -0.6607847213745117,
        -0.7164745926856995,
        -0.7826195359230042,
        -0.7478898763656616,
        -0.8982729315757751,
        -0.9289221167564392,
        -0.8322373032569885,
        -0.7793377637863159,
        -0.8297655582427979,
        -0.8243295550346375,
        -0.8986755609512329,
        -0.9836253523826599,
        -0.9666488170623779,
        -1.0296075344085693,
        -1.0708422660827637,
        -1.1954154968261719
    ]
}