{
    "seed": 1000003,
    "theta": [
        -0.028396952897310257,
        -0.3038467764854431,
        0.09778499603271484,
        -0.1476125419139862,
        0.001003757119178772,
        -0.05619295686483383,
        -0.1751565784215927,
        -0.226826012134552,
        0.044329170137643814,
        -0.0544990673661232,
        -0.22093303501605988,
        0.28549933433532715,
        -0.3367156386375427,
        0.08557649701833725,
        -0.11082518845796585,
        -0.4652034640312195,
        0.0512666255235672,
        -0.3235028386116028,
        -0.2905585765838623,
        -0.029388781636953354
    ],
    "x": [
        0.25033265352249146,
        -0.7759863138198853,
        0.36260902881622314,
        -0.3202793598175049,
        0.6064496636390686,
        -0.6399510502815247,
        -0.2948545515537262,
        -0.02184377610683441,
        0.42474058270454407,
        0.05977395176887512,
        0.2323998361825943,
        0.41262298822402954,
        0.09295660257339478,
        0.35498476028442383,
        0.11829546838998795,
        -0.9412559270858765,
        0.17932096123695374,
        -0.27321794629096985,
        -0.03570842742919922,
        -0.2899499833583832
    ]
}