{
    "seed": 1000010,
    "theta": [
        -0.35493549704551697,
        -0.20126387476921082,
        -0.1058933287858963,
        -0.162897527217865,
        -0.1696384847164154,
        0.053767941892147064,
        -0.1259308159351349,
        0.2551344037055969,
        -0.1115010678768158,
        0.08720889687538147,
        0.0973220020532608,
        -0.07516269385814667,
        -0.2093241810798645,
        -0.08277067542076111,
        0.2675992250442505,
        -0.20754845440387726,
        0.013071313500404358,
        -0.46232545375823975,
        -0.22927884757518768,
        -0.07886579632759094
    ],
    "x": [
        -0.09376025199890137,
        0.022859469056129456,
        -0.601996123790741,
        -0.20034688711166382,
        -0.390841543674469,
        -0.9635193347930908,
        -0.6108802556991577,
        0.32809749245643616,
        -0.2452951818704605,
        -0.2667180299758911,
        0.04957882687449455,
        -0.18379978835582733,
        -0.15899845957756042,
        -0.5412817001342773,
        0.3599547743797302,
        0.1836971789598465,
        0.09431425482034683,
        -0.25723797082901,
        -0.01920953392982483,
        -0.4660104811191559
    ]
}