{
    "seed": 1000005,
    "theta": [
        0.02788778766989708,
        0.002778485417366028,
        -0.15742436051368713,
        -0.22996623814105988,
        -0.19047632813453674,
        -0.1443857103586197,
        -0.04660075157880783,
        0.07747040688991547,
        -0.35830214619636536,
        -0.016572128981351852,
        -0.14614786207675934,
        0.17812113463878632,
        0.1667325645685196,
        0.22768141329288483,
        -0.19933708012104034,
        -0.21472838521003723,
        0.3379340171813965,
        -0.21695418655872345,
        -0.21468140184879303,
        -0.023370198905467987
    ],
    "x": [
        0.19314785301685333,
        -0.2760090231895447,
        0.23275968432426453,
        -0.3953782916069031,
        -0.277864545583725,
        0.04678785800933838,
        -0.35304126143455505,
        -0.21198271214962006,
        -0.2477876842021942,
        -0.3827977180480957,
        -0.06333235651254654,
        -0.14731214940547943,
        0.5057283639907837,
        0.6097775101661682,
        -0.3943418860435486,
        0.011518880724906921,
        0.3539517819881439,
        -0.07277478277683258,
        0.08099545538425446,
        0.19298848509788513
    ]
}