{
    "seed": 1000002,
    "theta": [
        0.3456740379333496,
        0.024970650672912598,
        0.16739346086978912,
        -0.023121824488043785,
        -0.12527814507484436,
        -0.06496790051460266,
        -0.4578883647918701,
        0.10078310966491699,
        0.0673706978559494,
        0.045548588037490845,
        -0.08276212215423584,
        0.21779532730579376,
        -0.08251455426216125,
        0.34105777740478516,
        -0.38073742389678955,
        0.13716807961463928,
        0.12138023227453232,
        -0.2742682695388794,
        -0.1875743716955185,
        0.0016821339959278703
    ],
    "x": [
        1.0596363544464111,
        0.20453819632530212,
        -0.18313981592655182,
        -0.38087475299835205,
        -0.5794310569763184,
        0.14753608405590057,
        -0.37582939863204956,
        0.612492561340332,
        0.09691162407398224,
        -0.042440563440322876,
        0.14207933843135834,
        0.15807221829891205,
        -0.3081589639186859,
        -0.2686120271682739,
        -0.36597374081611633,
        0.21688657999038696,
        -0.3705621659755707,
        -0.6549925208091736,
        0.35063159465789795,
        0.14606694877147675
    ]
}