{
    "seed": 1000004,
    "theta": [
        -0.3037951588630676,
        -0.20438048243522644,
        -0.11084527522325516,
        0.20032110810279846,
        0.1248411163687706,
        -0.07929109036922455,
        -0.2143731415271759,
        -0.07089338451623917,
        0.2611532211303711,
        0.10793781280517578,
        0.104607954621315,
        0.2162570208311081,
        0.006550654768943787,
        0.16234835982322693,
        -0.3234844207763672,
        -0.48824065923690796,
        -0.01013481616973877,
        -0.31400156021118164,
        -0.36955153942108154,
        0.04865134879946709
    ],
    "x": [
        -0.4318317472934723,
        -0.5920906662940979,
        -0.6056380867958069,
        0.24271807074546814,
        0.000918954610824585,
        -0.17507332563400269,
        -0.47962599992752075,
        -0.1052909791469574,
        0.16601432859897614,
        0.2250099927186966,
        0.2686476707458496,
        -0.03329990804195404,
        -0.23303747177124023,
        0.6108860373497009,
        -0.5475468039512634,
        -0.26844489574432373,
        0.05010787025094032,
        -0.6908547878265381,
        0.011031538248062134,
        0.22141680121421814
    ]
}