{
    "seed": 1000012,
    "theta": [
        -0.0021350421011447906,
        -0.15861399471759796,
        -0.24550451338291168,
        -0.0233745314180851,
        0.12690776586532593,
        0.20750392973423004,
        -0.005964174866676331,
        -0.052978552877902985,
        -0.08621479570865631,
        0.09356801956892014,
        -0.09222736209630966,
        -0.11300569772720337,
        -0.17942920327186584,
        -0.05078161507844925,
        -0.09763367474079132,
        -0.44701477885246277,
        0.12206064164638519,
        -0.3228680491447449,
        -0.019509650766849518,
        -0.06193883717060089
    ],
    "x": [
        0.3929791748523712,
        -0.09650635719299316,
        -0.291633278131485,
        -0.020934656262397766,
        0.39404818415641785,
        -0.4603807330131531,
        -0.5320526957511902,
        -0.0928567498922348,
        0.28340840339660645,
        -0.16494697332382202,
        0.11054626852273941,
        -0.4134620130062103,
        0.13254320621490479,
        -0.02076331339776516,
        -0.19793787598609924,
        -0.6519148945808411,
        0.2761378586292267,
        0.2538561224937439,
        -0.6893249750137329,
        -0.4387744665145874
    ]
}