{
    "seed": 1000000,
    "theta": [
        0.04696446657180786,
        0.0043178945779800415,
        -0.6276729106903076,
        0.19265791773796082,
        -0.16105984151363373,
        -0.09223826229572296,
        0.37814557552337646,
        0.39256858825683594,
        -0.0993986427783966,
        -0.027227170765399933,
        -0.1475737988948822,
        0.1870669722557068,
        -0.00456586480140686,
        0.00039712339639663696,
        0.018907852470874786,
        -0.2042170614004135,
        0.05410458892583847,
        0.12190018594264984,
        -0.13324327766895294,
        -0.11519455909729004
    ],
    "x": [
        -0.12850631773471832,
        0.11976830661296844,
        -0.5085721015930176,
        0.517358660697937,
        0.09873713552951813,
        -0.39507418870925903,
        0.28004521131515503,
        -0.21598774194717407,
        -0.19353586435317993,
        0.03371647745370865,
        -0.2012336701154709,
        -0.07995378971099854,
        -0.21372248232364655,
        -0.041663140058517456,
        0.3352183401584625,
        -0.7106374502182007,
        -0.2015533745288849,
        0.06387671828269958,
        0.518976628780365,
        -0.0019397586584091187
    ]
}