{
    "seed": 1000003,
    "theta": [
        0.8837117552757263,
        -0.029810339212417603,
        -0.2215060591697693,
        -0.4182262122631073,
        -0.36039915680885315
    ],
    "x": [
        -0.35664671659469604,
        0.2615978717803955,
        0.5163137912750244,
        -0.34295088052749634,
        1.132613182067871,
        -0.36621126532554626,
        -0.4369562268257141,
        -1.0947657823562622,
        -0.17023958265781403,
        0.6114980578422546,
        0.6650785207748413,
        0.5010780692100525,
        0.600888729095459,
        0.575943648815155,
        0.3177623748779297,
        0.7576642632484436,
        -0.23820355534553528,
        -0.7671796083450317,
        0.7687072157859802,
        -0.12342949211597443,
        0.248956099152565,
        -0.2659260630607605,
        -0.5989977717399597,
        0.7464054226875305,
        -0.4610890746116638,
        0.26361769437789917,
        0.11360734701156616,
        -0.004935147240757942,
        -0.3937540054321289,
        0.7838101387023926,
        -0.2663767635822296,
        -0.6980693936347961,
        -0.2047572135925293,
        0.8668922781944275,
        0.2346484214067459,
        -0.10610518604516983,
        0.5365597605705261,
        0.07840852439403534,
        0.23040658235549927,
        0.6512863039970398,
        0.4742763638496399,
        0.4435272216796875,
        -0.004674146883189678,
        -0.07682781666517258,
        0.5263136625289917,
        -0.5512552857398987,
        -0.011102248914539814,
        0.27677610516548157,
        -0.376441091299057,
        0.5446944236755371,
        -0.20390209555625916,
        0.10967198759317398,
        -0.3145904242992401,
        -0.47381192445755005,
        -0.006272503174841404,
        1.0286909341812134,
        0.0371197834610939,
        0.21576762199401855,
        -0.12183408439159393,
        0.08218923211097717,
        0.5283905267715454,
        -0.041375286877155304,
        -0.001155100530013442,
        -0.8022160530090332,
        -0.29682594537734985,
        -0.1404929906129837,
        -0.564409077167511,
        -0.4898196756839752,
        0.5322590470314026,
        0.2769102156162262,
        -0.022698771208524704,
        -0.23896291851997375,
        0.03533194959163666,
        -0.17269931733608246,
        0.8329378366470337,
        0.1629544198513031,
        0.21229717135429382,
        0.1725883185863495,
        0.16805660724639893,
        0.36056646704673767,
        -0.44726043939590454,
        0.1964760422706604,
        0.1685485690832138,
        0.5355797410011292,
        0.25022339820861816,
        -0.1790195107460022,
        0.04038714990019798,
        0.04121194779872894,
        -0.04670269414782524,
        0.034620944410562515,
        0.06641626358032227,
        0.015679724514484406,
        -0.21563954651355743,
        -0.4361564815044403,
        0.26719382405281067,
        0.7631785869598389,
        0.34057775139808655,
        -0.2895745038986206
    ]
}