{
    "seed": 1000008,
    "theta": [
        -0.1356199085712433,
        0.3990609645843506,
        -0.5598278045654297,
        -0.531635582447052,
        -0.27273818850517273
    ],
    "x": [
        0.31856805086135864,
        0.5053927898406982,
        -0.09297823905944824,
        -0.01160331629216671,
        -0.17586953938007355,
        -0.3323441445827484,
        0.11013665795326233,
        -0.12533394992351532,
        0.25127702951431274,
        0.3644319772720337,
        -0.11232151836156845,
        -0.14708399772644043,
        0.16095049679279327,
        0.45083534717559814,
        0.3828887641429901,
        0.7578591704368591,
        0.18198707699775696,
        0.10857449471950531,
        0.050586409866809845,
        0.025514788925647736,
        -4.17354154586792,
        -0.9022084474563599,
        -0.16348016262054443,
        0.09412354230880737,
        -0.37045276165008545,
        -0.5976616144180298,
        -0.38889211416244507,
        0.9252082705497742,
        0.5894198417663574,
        0.10582578182220459,
        0.8153353333473206,
        -0.21416811645030975,
        -0.20655421912670135,
        0.29303786158561707,
        -0.4089350998401642,
        0.3697369694709778,
        -0.07909061759710312,
        0.06574093550443649,
        -0.280139297246933,
        -0.38378337025642395,
        -0.10712281614542007,
        -0.11591845005750656,
        -0.22514192759990692,
        -0.16504624485969543,
        -0.20720283687114716,
        -0.10208549350500107,
        -0.06288713961839676,
        0.7614628076553345,
        0.19257615506649017,
        0.17838126420974731,
        0.38889941573143005,
        -0.3506850004196167,
        0.34482672810554504,
        7.901585578918457,
        -0.1548679769039154,
        -0.4613586366176605,
        -0.5036604404449463,
        1.03610098361969,
        -0.46231940388679504,
        0.5668078660964966,
        -0.06179150193929672,
        0.44038721919059753,
        -0.36244019865989685,
        0.40717825293540955,
        0.3580290675163269,
        -0.030535496771335602,
        0.48844245076179504,
        0.065203957259655,
        -0.7425942420959473,
        0.16479763388633728,
        0.08166718482971191,
        -0.45990023016929626,
        0.2724530100822449,
        0.8297549486160278,
        0.20515459775924683,
        -0.17847011983394623,
        -0.20748288929462433,
        0.36224645376205444,
        0.1550551801919937,
        0.34386810660362244,
        0.29898378252983093,
        -0.11965911835432053,
        -0.10713791102170944,
        0.19840563833713531,
        0.12277757376432419,
        0.12466148287057877,
        0.49402785301208496,
        0.13725124299526215,
        0.0657033920288086,
        -0.20774266123771667,
        -0.40946897864341736,
        -0.22717732191085815,
        0.3364510238170624,
        1.0443642139434814,
        -0.03200218454003334,
        0.256064772605896,
        -0.0018671550787985325,
        -0.417220801115036
    ]
}