{
    "seed": 1000005,
    "theta": [
        0.09819765388965607,
        0.4097440838813782,
        0.43183720111846924,
        0.5628446340560913,
        -0.4413680136203766
    ],
    "x": [
        0.3065756857395172,
        0.32739323377609253,
        -0.21885015070438385,
        -0.7564343810081482,
        -0.8336989283561707,
        0.37609899044036865,
        0.04341015964746475,
        -0.38414981961250305,
        1.0264737606048584,
        -0.2554391920566559,
        -0.40411242842674255,
        -1.0581365823745728,
        -0.387062668800354,
        -0.03442760929465294,
        -1.1029399633407593,
        0.6014789342880249,
        -0.7782374024391174,
        0.7569298148155212,
        0.1761474758386612,
        0.33828985691070557,
        1.201691746711731,
        -0.4779318869113922,
        -0.5392590761184692,
        -0.30684369802474976,
        0.3921876549720764,
        0.35371366143226624,
        0.10259759426116943,
        -0.3522724509239197,
        0.5967018604278564,
        0.3751925826072693,
        0.33920201659202576,
        -0.8906363248825073,
        0.10414746403694153,
        0.21678243577480316,
        0.4724213480949402,
        -9.360305786132812,
        0.29504263401031494,
        0.6964703798294067,
        -0.02381206676363945,
        0.10292075574398041,
        0.15218615531921387,
        -0.4271225333213806,
        0.21016179025173187,
        0.40444982051849365,
        0.3521873354911804,
        0.43812134861946106,
        0.36142563819885254,
        -0.34602490067481995,
        0.26591062545776367,
        -0.17389053106307983,
        -0.20637646317481995,
        1.505982518196106,
        -0.7169603109359741,
        0.29544201493263245,
        0.526384174823761,
        -4.887210845947266,
        -0.8672845959663391,
        -0.07143889367580414,
        -0.22801874577999115,
        0.756000280380249,
        -0.5388675332069397,
        0.39718711376190186,
        0.350158154964447,
        -0.4552980661392212,
        -0.9067130088806152,
        -0.14380891621112823,
        0.38347816467285156,
        0.13489970564842224,
        0.7099778652191162,
        -0.013111974112689495,
        -0.44189590215682983,
        1.8693844079971313,
        -0.3784366250038147,
        -3.1587865352630615,
        0.3443596661090851,
        0.3075442612171173,
        0.6025739312171936,
        -0.5617967247962952,
        0.13537755608558655,
        -0.3894936740398407,
        -1.0792646408081055,
        -0.2839769423007965,
        0.7408725023269653,
        0.14839912950992584,
        -0.5706777572631836,
        -0.21111102402210236,
        0.22322146594524384,
        -0.09187038987874985,
        0.24104703962802887,
        0.4688243269920349,
        0.18769755959510803,
        -0.501556396484375,
        -0.4476233720779419,
        -0.048374224454164505,
        0.41559529304504395,
        -0.8952103853225708,
        0.4624754786491394,
        0.6265292763710022
    ]
}