{
    "seed": 1000002,
    "theta": [
        1.2602689266204834,
        0.47578147053718567,
        0.2365439534187317,
        -0.3473137617111206,
        -1.2378857135772705
    ],
    "x": [
        0.04161654785275459,
        -0.22496488690376282,
        0.0024098530411720276,
        -0.25401774048805237,
        -0.032759521156549454,
        0.23922784626483917,
        -0.5397197008132935,
        -0.045917246490716934,
        0.7822163701057434,
        0.09976744651794434,
        -0.11336659640073776,
        -0.16374868154525757,
        0.32259106636047363,
        -0.08831032365560532,
        -0.20744885504245758,
        1.3814523220062256,
        0.2310522049665451,
        -0.49167054891586304,
        0.25970447063446045,
        0.09469407051801682,
        0.11313596367835999,
        -0.35764363408088684,
        -0.895105242729187,
        -0.4016354978084564,
        -0.42095091938972473,
        0.045519761741161346,
        0.8804245591163635,
        -0.46814677119255066,
        0.528017520904541,
        -0.7960900664329529,
        0.26683509349823,
        -0.04527746140956879,
        -0.6421627402305603,
        -0.25393399596214294,
        0.4085245430469513,
        -1.0424847602844238,
        -0.006714181508868933,
        -0.09503708779811859,
        1.0886086225509644,
        -0.7289692163467407,
        -0.3186809718608856,
        1.0634897947311401,
        -1.1880360841751099,
        0.8723651170730591,
        -0.018624676391482353,
        0.7101927995681763,
        -0.2920495867729187,
        0.5405030250549316,
        0.2964089512825012,
        0.0900716707110405,
        0.7217962145805359,
        0.10689905285835266,
        0.1807936131954193,
        -0.060139261186122894,
        0.14180219173431396,
        0.049734219908714294,
        -0.03705352917313576,
        0.08545468002557755,
        -0.3446887135505676,
        -0.21633651852607727,
        0.9045535326004028,
        -0.3590747117996216,
        0.14009405672550201,
        -0.5875171422958374,
        -0.9942058324813843,
        -0.07424908131361008,
        0.9171117544174194,
        -0.37788352370262146,
        -0.0007449802360497415,
        0.9907158613204956,
        -0.5994390845298767,
        0.251118540763855,
        -0.16805952787399292,
        -0.047149695456027985,
        0.8407827019691467,
        0.1422642469406128,
        0.4868098497390747,
        -1.0331294536590576,
        0.09000536054372787,
        -0.5502220988273621,
        -0.11050870269536972,
        0.33943864703178406,
        -0.09206695109605789,
        -0.24753578007221222,
        0.024423014372587204,
        0.6721855998039246,
        -1.1955373287200928,
        0.039007361978292465,
        -0.15110215544700623,
        0.2607469856739044,
        0.23122869431972504,
        -0.47778016328811646,
        -0.3629463016986847,
        -0.32276543974876404,
        -0.28391242027282715,
        0.7806512117385864,
        -0.4151865243911743,
        -0.11803261935710907
    ]
}