{
    "seed": 1000001,
    "theta": [
        0.7245323657989502,
        0.2050870805978775,
        -0.023618996143341064,
        -0.4067913293838501,
        0.720721960067749
    ],
    "x": [
        0.036246124655008316,
        0.6199082136154175,
        0.14808455109596252,
        0.574451744556427,
        0.06528694182634354,
        0.1106426939368248,
        0.22002290189266205,
        -1.052502989768982,
        -0.47858762741088867,
        -0.24212631583213806,
        -0.8086584210395813,
        -0.09781114757061005,
        0.49266517162323,
        0.16952170431613922,
        0.8946406245231628,
        0.015401535667479038,
        0.2415468543767929,
        0.8071523308753967,
        1.0763285160064697,
        -0.7045188546180725,
        -0.8476346731185913,
        1.1607753038406372,
        0.054300736635923386,
        0.435037761926651,
        0.8387019634246826,
        0.40868693590164185,
        -0.3043287396430969,
        -0.9732958078384399,
        -0.25137752294540405,
        -0.39861753582954407,
        0.045912571251392365,
        -0.012619019486010075,
        0.3809851408004761,
        -9.685088157653809,
        -0.15994250774383545,
        -0.008654982782900333,
        -0.36682701110839844,
        -0.2278939187526703,
        -0.6748456358909607,
        -0.3785780668258667,
        -0.19740357995033264,
        0.1340237706899643,
        -0.9500418901443481,
        0.07173294574022293,
        -0.45797500014305115,
        0.03446299582719803,
        -0.06315390020608902,
        0.2826366722583771,
        0.6076916456222534,
        -0.514200747013092,
        0.1346047967672348,
        0.21936410665512085,
        0.1006489098072052,
        -0.5713220238685608,
        -0.290318101644516,
        0.26088476181030273,
        -0.11936593800783157,
        -0.2981342375278473,
        0.636256217956543,
        -0.6131266951560974,
        0.030409948900341988,
        -0.09754999727010727,
        0.03961937874555588,
        -0.24817268550395966,
        -0.0777597427368164,
        -0.30391591787338257,
        -0.476637065410614,
        -0.12208937108516693,
        0.3596591055393219,
        0.17449763417243958,
        0.11731628328561783,
        -0.014750775881111622,
        -0.13115407526493073,
        0.6857815384864807,
        -0.29879996180534363,
        0.48621395230293274,
        0.02592097409069538,
        -0.7684823274612427,
        0.560082733631134,
        0.2568390965461731,
        0.5229360461235046,
        0.6003304123878479,
        0.2365415096282959,
        -0.26345857977867126,
        -0.13723362982273102,
        -0.3117896020412445,
        -0.19024702906608582,
        -0.043118592351675034,
        -0.4205625057220459,
        0.9781084060668945,
        -8.430216789245605,
        -0.10770252346992493,
        0.016350146383047104,
        0.08146242797374725,
        0.1923930048942566,
        0.2995617687702179,
        0.2687223553657532,
        0.1318887323141098
    ]
}