{
    "seed": 1000009,
    "theta": [
        0.47414153814315796,
        -0.23998284339904785,
        -0.6374694108963013,
        0.15793448686599731,
        -0.3124004006385803
    ],
    "x": [
        -0.03576761111617088,
        -0.07893111556768417,
        0.5818874835968018,
        1.0861234664916992,
        -0.6656497120857239,
        0.4699309766292572,
        0.5327188968658447,
        -0.9745436906814575,
        -0.5056360363960266,
        0.5643950700759888,
        0.48279061913490295,
        0.41509923338890076,
        0.04586724191904068,
        -0.020920127630233765,
        -2.154024839401245,
        0.2966488003730774,
        0.09690540283918381,
        -0.27073895931243896,
        -0.6843389868736267,
        -0.8281394839286804,
        -0.01737426221370697,
        -0.48152899742126465,
        0.32439836859703064,
        -0.26471126079559326,
        -0.10997303575277328,
        0.17966797947883606,
        -0.12111736088991165,
        -0.16900131106376648,
        0.15374016761779785,
        -0.29146847128868103,
        -0.5357989072799683,
        0.029779329895973206,
        -0.503379225730896,
        -0.18420124053955078,
        0.24759873747825623,
        0.16893871128559113,
        -0.6073918342590332,
        0.20784513652324677,
        -0.3585111200809479,
        0.5468496680259705,
        -0.18755461275577545,
        -0.6616307497024536,
        -0.25682532787323,
        0.34657326340675354,
        0.05169081315398216,
        -0.14764980971813202,
        -0.8213788270950317,
        -0.3539504110813141,
        0.3680320084095001,
        -0.17762897908687592,
        -0.031355228275060654,
        0.20989935100078583,
        -0.2755316495895386,
        0.06315851211547852,
        0.07818273454904556,
        0.14955048263072968,
        0.1611751914024353,
        0.04000994935631752,
        0.1823076754808426,
        0.1476929783821106,
        -0.0004779134760610759,
        0.13272736966609955,
        -0.05493415892124176,
        0.4957360327243805,
        0.22531603276729584,
        0.053753193467855453,
        -0.40994951128959656,
        0.0628657191991806,
        -0.06622883677482605,
        -0.6608226299285889,
        -0.20898732542991638,
        -0.24840494990348816,
        0.5943504571914673,
        -0.03158273547887802,
        0.0142314238473773,
        0.10306604206562042,
        -0.13846836984157562,
        -0.009028131142258644,
        -0.11642630398273468,
        -0.07021084427833557,
        0.08225957304239273,
        -0.5238114595413208,
        0.10213591903448105,
        -0.0147615447640419,
        0.01661938801407814,
        0.19418452680110931,
        -0.7368835210800171,
        0.09211903065443039,
        -0.14252182841300964,
        -0.1832563579082489,
        -0.0018757751677185297,
        -0.163180410861969,
        -0.27684804797172546,
        0.05556708946824074,
        -0.4026626646518707,
        0.11959128826856613,
        -0.2960382103919983,
        -0.16918843984603882
    ]
}