{
    "seed": 1000004,
    "theta": [
        1.0255494117736816,
        -0.057146698236465454,
        0.04102429747581482,
        0.0327514111995697,
        -0.7056310772895813
    ],
    "x": [
        0.44638311862945557,
        0.09668516367673874,
        -0.7377321124076843,
        0.7942214608192444,
        -0.19666913151741028,
        0.6847522854804993,
        -0.7501049041748047,
        -0.9013859033584595,
        -0.12115022540092468,
        -0.13776102662086487,
        -1.505893349647522,
        -0.08683189749717712,
        0.9511023163795471,
        0.8797942996025085,
        0.2204231172800064,
        1.0545778274536133,
        2.7771198749542236,
        0.4552249312400818,
        1.1164017915725708,
        -0.05509987100958824,
        0.4674551784992218,
        -0.5395261645317078,
        1.067050576210022,
        -0.5673481225967407,
        -0.4811253547668457,
        -0.006565296556800604,
        0.31712278723716736,
        0.24531495571136475,
        -0.3419281840324402,
        0.434385746717453,
        -0.4292064309120178,
        -0.7593069076538086,
        -0.8440203070640564,
        -0.4619797170162201,
        -0.14938567578792572,
        0.04207046702504158,
        0.9073063135147095,
        -0.3349777162075043,
        -0.13099655508995056,
        -0.12621665000915527,
        -1.0306894779205322,
        0.9393754601478577,
        -0.15321919322013855,
        -0.17368528246879578,
        0.16189706325531006,
        -0.13222378492355347,
        0.28745487332344055,
        0.047854166477918625,
        0.25458279252052307,
        -0.43018627166748047,
        -0.16057974100112915,
        -0.056308116763830185,
        -0.628648579120636,
        0.14741730690002441,
        -0.08182291686534882,
        0.6002945899963379,
        -0.273251473903656,
        0.3181625306606293,
        0.645528256893158,
        -0.8928618431091309,
        0.233304962515831,
        -7.465919494628906,
        0.08605515211820602,
        -0.5602893233299255,
        -0.12384321540594101,
        0.26969799399375916,
        0.5610220432281494,
        -0.2697446942329407,
        0.11125388741493225,
        0.17102602124214172,
        -0.16419005393981934,
        0.12642166018486023,
        0.49232491850852966,
        0.4167381823062897,
        0.3557497262954712,
        -0.3488594591617584,
        0.15859770774841309,
        0.30761855840682983,
        0.16848602890968323,
        0.10240745544433594,
        8.440900802612305,
        -0.7045897841453552,
        0.6282205581665039,
        0.28397658467292786,
        -0.28614795207977295,
        0.2089596390724182,
        -0.34817439317703247,
        0.035657379776239395,
        -0.5174862742424011,
        0.25988340377807617,
        -0.3045156002044678,
        -0.4328267574310303,
        -0.4872782826423645,
        -0.2950826585292816,
        0.5317447185516357,
        0.2945670485496521,
        -0.5859556794166565,
        0.04740006476640701
    ]
}