{
    "seed": 1000010,
    "theta": [
        0.695527195930481,
        1.1465275287628174,
        -0.7859737873077393,
        0.26394474506378174,
        -0.8199279308319092
    ],
    "x": [
        -0.08875174075365067,
        -0.09493149816989899,
        0.6401762962341309,
        0.21873103082180023,
        0.39435312151908875,
        0.2312641143798828,
        0.5605258345603943,
        0.009146015159785748,
        0.10742518305778503,
        0.28119367361068726,
        0.2428523451089859,
        0.2652037441730499,
        -0.010121042840182781,
        0.6634318232536316,
        -0.008909997530281544,
        0.8299934267997742,
        0.11934564262628555,
        0.3075787425041199,
        0.8291234374046326,
        -0.5355610251426697,
        0.38939395546913147,
        0.014810331165790558,
        -0.34392642974853516,
        0.7270010113716125,
        0.04232271760702133,
        0.39843860268592834,
        0.7961120009422302,
        -0.19713178277015686,
        0.17568950355052948,
        -0.07457026094198227,
        -0.33410581946372986,
        0.525093138217926,
        -0.9238041043281555,
        0.25364819169044495,
        -0.24426382780075073,
        -0.48023566603660583,
        -0.8183673024177551,
        -0.10118722915649414,
        0.13688872754573822,
        -0.7304871678352356,
        -0.2956606149673462,
        -7.011927604675293,
        -0.5830279588699341,
        -0.32366299629211426,
        -0.5661951899528503,
        -0.6732596158981323,
        -0.8071452379226685,
        -0.41382598876953125,
        -0.0797082781791687,
        0.370384156703949,
        1.0694471597671509,
        -0.41094812750816345,
        0.039647672325372696,
        -0.8943053483963013,
        -0.7676871418952942,
        -0.9643281698226929,
        0.8363761305809021,
        0.7618441581726074,
        -0.2217937558889389,
        -6.654251575469971,
        -0.163317009806633,
        -0.11550158262252808,
        -1.0247825384140015,
        0.7252283096313477,
        0.7304529547691345,
        0.24294966459274292,
        0.4540098011493683,
        -0.4886123538017273,
        -0.5464351177215576,
        -0.4328235685825348,
        0.7128952145576477,
        0.3787420690059662,
        -0.19942720234394073,
        -0.16737233102321625,
        0.28215035796165466,
        -0.837054431438446,
        -1.2112199068069458,
        0.2640186846256256,
        0.7647591233253479,
        -0.006293301936239004,
        -0.39681217074394226,
        0.20273840427398682,
        -1.0393781661987305,
        -1.0319714546203613,
        0.31522637605667114,
        1.1755555868148804,
        -0.05950702354311943,
        0.053393878042697906,
        -0.3558746874332428,
        -0.29593613743782043,
        -0.8268432021141052,
        0.8446023464202881,
        0.27157852053642273,
        0.42033910751342773,
        -0.5205920338630676,
        -1.4389170408248901,
        -0.09904666990041733,
        -0.2394123673439026
    ]
}