{
    "seed": 1000012,
    "theta": [
        0.6216204166412354,
        0.4008985757827759,
        0.41034090518951416,
        0.5595978498458862,
        -0.021492451429367065
    ],
    "x": [
        -0.4130668044090271,
        -0.18242526054382324,
        -0.400480180978775,
        -0.7767572402954102,
        -0.14266423881053925,
        -0.25110509991645813,
        0.28879329562187195,
        0.4903850257396698,
        0.022001417353749275,
        0.23874865472316742,
        -1.2210686206817627,
        -0.8318243622779846,
        -0.5676887035369873,
        -0.19697001576423645,
        0.46587562561035156,
        -0.9367441534996033,
        -0.7843416333198547,
        0.5589903593063354,
        0.4568282961845398,
        0.466058611869812,
        0.7285310626029968,
        0.29250839352607727,
        -1.4195144176483154,
        -0.324457585811615,
        0.37192443013191223,
        0.08609894663095474,
        0.12951670587062836,
        -0.7431060075759888,
        -0.465190052986145,
        0.3764196038246155,
        1.1270229816436768,
        1.6208744049072266,
        0.3453792631626129,
        0.576134979724884,
        0.31935638189315796,
        0.8247330784797668,
        -0.20542225241661072,
        -0.2639528810977936,
        -0.8668413162231445,
        0.06461577117443085,
        0.40073350071907043,
        0.7743687033653259,
        -0.04974936693906784,
        0.6493458151817322,
        -0.3865301311016083,
        0.32149168848991394,
        0.2629067301750183,
        -0.1862427443265915,
        0.7587408423423767,
        0.2409018576145172,
        -0.003939901012927294,
        -0.268054336309433,
        0.7765370607376099,
        -0.6454401612281799,
        0.5412738919258118,
        1.1655093431472778,
        -1.0408705472946167,
        -0.5432222485542297,
        -0.15301886200904846,
        1.0155028104782104,
        -0.24199743568897247,
        0.21981333196163177,
        0.32710161805152893,
        -0.6648407578468323,
        -0.18084296584129333,
        -0.37153640389442444,
        0.011795688420534134,
        0.1324933022260666,
        0.5568498373031616,
        0.5933950543403625,
        -0.3774467706680298,
        -1.2835713624954224,
        -0.9644438028335571,
        0.09579124301671982,
        0.7719261050224304,
        -0.4209214746952057,
        0.7124257683753967,
        -0.9947844743728638,
        -0.3430323302745819,
        -0.39695826172828674,
        -1.1712301969528198,
        0.22523784637451172,
        0.4429197609424591,
        -0.35792428255081177,
        0.07466908544301987,
        0.34620901942253113,
        -0.4188874363899231,
        -1.1072784662246704,
        0.09114466607570648,
        -0.5567649602890015,
        -0.2176550030708313,
        -0.5192444324493408,
        -0.5585265159606934,
        -0.8745549917221069,
        -0.08198770135641098,
        0.4242253601551056,
        -0.09010640531778336,
        0.6415488719940186
    ]
}