{
    "seed": 1000000,
    "theta": [
        0.28560516238212585,
        0.6262096166610718,
        0.5754963755607605,
        0.3825743794441223
    ],
    "x": [
        0.8278884887695312,
        1.0140293836593628,
        0.8476454615592957,
        0.8968467712402344,
        0.6619191765785217,
        0.7662633061408997,
        0.771310031414032,
        0.7831554412841797,
        0.6946328282356262,
        0.7476970553398132,
        0.6136731505393982,
        0.7251700162887573,
        0.698980450630188,
        0.5583277344703674,
        0.5154933929443359,
        0.5916301608085632,
        0.7132731080055237,
        0.5015133023262024,
        0.5536211729049683,
        0.513482391834259,
        0.5734933018684387,
        0.5330778956413269,
        0.2421971708536148,
        0.47764790058135986,
        0.5397005677223206,
        0.4783746004104614,
        0.5026167631149292,
        0.38485413789749146,
        0.5491002202033997,
        0.44257277250289917,
        0.41659608483314514,
        0.2560410797595978,
        0.4885055422782898,
        0.5020865201950073,
        0.34169068932533264,
        0.3739415407180786,
        0.2825818359851837,
        0.36141395568847656,
        0.39274483919143677,
        0.4759751558303833,
        0.16836853325366974,
        0.38532117009162903,
        0.3999946713447571,
        0.27538618445396423,
        0.3590361177921295,
        0.3927038908004761,
        0.4735778868198395,
        0.2650599181652069,
        0.2905881106853485,
        0.4631495177745819,
        0.4238830506801605,
        0.39440232515335083,
        0.45273691415786743,
        0.46833306550979614,
        0.42931950092315674,
        0.3968118131160736,
        0.4574057161808014,
        0.1347053498029709,
        0.3186608552932739,
        0.08324788510799408,
        0.46834704279899597,
        0.3651161193847656,
        0.5018419623374939,
        0.192332461476326,
        0.3322196900844574,
        0.39006170630455017,
        0.49795785546302795,
        0.4478744566440582,
        0.5041187405586243,
        0.2195948213338852,
        0.4601092040538788,
        0.46205127239227295,
        0.3268788754940033,
        0.28591564297676086,
        0.5167896151542664,
        0.4563651978969574,
        0.507213830947876,
        0.30980199575424194,
        0.4913298189640045,
        0.40977591276168823,
        0.24411913752555847,
        0.48819249868392944,
        0.3106343448162079,
        0.4018624722957611,
        0.22166837751865387,
        0.33834660053253174,
        0.5176059603691101,
        0.5014311671257019,
        0.3323899507522583,
        0.2191905975341797,
        0.300881564617157,
        0.5391005277633667,
        0.5337412357330322,
        0.3469926118850708,
        0.39004337787628174,
        0.37409210205078125,
        0.4121050536632538,
        0.4507848024368286,
        0.5724869966506958,
        0.5614903569221497,
        0.6974518895149231
    ]
}