{
    "seed": 1000001,
    "theta": [
        0.2197137326002121,
        0.7740272879600525,
        0.49034205079078674,
        0.36104780435562134
    ],
    "x": [
        0.9515547156333923,
        0.6925671696662903,
        0.9517967104911804,
        0.8413971066474915,
        0.8322756290435791,
        0.8452611565589905,
        0.7488561272621155,
        0.8589327335357666,
        0.7891606688499451,
        0.8335826992988586,
        0.6035667657852173,
        0.673083484172821,
        0.6454795598983765,
        0.677709698677063,
        0.7974739074707031,
        0.6613556146621704,
        0.6551800966262817,
        0.4780283570289612,
        0.5728685855865479,
        0.5243162512779236,
        0.6176649928092957,
        0.47966906428337097,
        0.5796329379081726,
        0.5056013464927673,
        0.5026780366897583,
        0.5351107120513916,
        0.49983951449394226,
        0.5215550661087036,
        0.3976694643497467,
        0.5958643555641174,
        0.6099549531936646,
        0.4962024688720703,
        0.5588856935501099,
        0.4364123046398163,
        0.4655582308769226,
        0.35618147253990173,
        0.5571266412734985,
        0.5161725282669067,
        0.5617144107818604,
        0.5185948610305786,
        0.5292651057243347,
        0.5086621642112732,
        0.3651016354560852,
        0.4027572572231293,
        0.4977869689464569,
        0.568187952041626,
        0.3963831663131714,
        0.41649678349494934,
        0.5338538885116577,
        0.4673967957496643,
        0.14683634042739868,
        0.5159580111503601,
        0.42633068561553955,
        0.4816201627254486,
        0.5245633721351624,
        0.4592196047306061,
        0.5145248174667358,
        0.5083040595054626,
        0.40964967012405396,
        0.2637353241443634,
        0.49769148230552673,
        0.3769442141056061,
        0.3835219144821167,
        0.3914779722690582,
        0.42494431138038635,
        0.45376890897750854,
        0.5062395930290222,
        0.42593395709991455,
        0.4624071717262268,
        0.3472525179386139,
        0.5142346620559692,
        0.410757839679718,
        0.34691479802131653,
        0.5590347051620483,
        0.48991331458091736,
        0.46412354707717896,
        0.5627431273460388,
        0.5463115572929382,
        0.502550482749939,
        0.4285024106502533,
        0.5507059693336487,
        0.5343226194381714,
        0.34217122197151184,
        0.5376338958740234,
        0.5674348473548889,
        0.5650090575218201,
        0.5838567018508911,
        0.5581284761428833,
        0.5376533269882202,
        0.5504023432731628,
        0.5125496983528137,
        0.3725641965866089,
        0.5397679805755615,
        0.6048029661178589,
        0.5231602787971497,
        0.5952542424201965,
        0.6423879265785217,
        0.6357511878013611,
        0.6741124391555786,
        0.6921783685684204,
        0.769073486328125
    ]
}