{
    "seed": 1000009,
    "theta": [
        0.2518017888069153,
        0.7245272994041443,
        0.45664066076278687,
        0.36405453085899353
    ],
    "x": [
        0.9369191527366638,
        0.8249071836471558,
        0.8873857855796814,
        0.7980483770370483,
        0.5412082672119141,
        0.8720589876174927,
        0.6568244695663452,
        0.8444918394088745,
        0.7412549257278442,
        0.6635550260543823,
        0.6183871030807495,
        0.796185314655304,
        0.5405428409576416,
        0.7527388334274292,
        0.47869160771369934,
        0.6763623356819153,
        0.6700361967086792,
        0.4560127258300781,
        0.5558393001556396,
        0.5592910647392273,
        0.6115661859512329,
        0.36268728971481323,
        0.5166084170341492,
        0.5856025815010071,
        0.5135139226913452,
        0.30644747614860535,
        0.3608984649181366,
        -0.26245447993278503,
        0.48748448491096497,
        0.597519040107727,
        0.446908563375473,
        0.3239060640335083,
        0.5272112488746643,
        0.26563289761543274,
        0.3252906799316406,
        0.4712085723876953,
        0.38679808378219604,
        0.46909013390541077,
        0.45523807406425476,
        0.3666936159133911,
        0.3864480257034302,
        0.43546053767204285,
        0.4424923062324524,
        0.45017942786216736,
        0.4252859652042389,
        0.435220330953598,
        0.39093729853630066,
        0.48676109313964844,
        0.4743845760822296,
        0.22397486865520477,
        0.5290288329124451,
        0.5276397466659546,
        0.5254454016685486,
        0.4432739317417145,
        0.4411107301712036,
        0.519713819026947,
        0.39449259638786316,
        0.3968023955821991,
        0.47534942626953125,
        0.383172869682312,
        0.4501889646053314,
        0.4166533052921295,
        0.4394596219062805,
        0.3492209017276764,
        0.4914904236793518,
        0.4105326235294342,
        0.49123281240463257,
        0.2576052248477936,
        0.4812062680721283,
        0.15876540541648865,
        0.28751882910728455,
        0.37361374497413635,
        0.4078170657157898,
        0.39565810561180115,
        0.5234081149101257,
        0.4828191101551056,
        0.4191015958786011,
        0.2788495421409607,
        0.3960595428943634,
        0.46178334951400757,
        0.4222494661808014,
        0.44108760356903076,
        0.4934697449207306,
        0.4197804629802704,
        0.3323374390602112,
        0.3895282745361328,
        0.5531283020973206,
        0.15550893545150757,
        0.28169912099838257,
        0.41536280512809753,
        0.4322316348552704,
        0.5462532043457031,
        0.44124552607536316,
        0.46609827876091003,
        0.5967825651168823,
        0.537323534488678,
        0.48364460468292236,
        0.5648670196533203,
        0.5921727418899536,
        0.5731422305107117,
        0.6237704157829285
    ]
}