{
    "seed": 1000002,
    "theta": [
        0.5817025899887085,
        0.36361098289489746,
        0.4050403833389282,
        0.6339680552482605
    ],
    "x": [
        0.8591023683547974,
        0.9535483121871948,
        0.939198911190033,
        0.9443832635879517,
        0.7482768893241882,
        0.772765576839447,
        0.49753570556640625,
        0.7059402465820312,
        0.5596074461936951,
        0.37743455171585083,
        0.6228664517402649,
        0.6307752132415771,
        0.43988722562789917,
        0.410345196723938,
        0.5137584805488586,
        0.4678642153739929,
        0.531848132610321,
        0.5662994384765625,
        0.4545464813709259,
        0.411144882440567,
        0.39642512798309326,
        0.5153666138648987,
        0.512900173664093,
        0.3986169099807739,
        0.48690173029899597,
        0.5750998258590698,
        0.4886370301246643,
        0.48458176851272583,
        0.5754489898681641,
        0.4890481233596802,
        0.5789877772331238,
        0.4291831851005554,
        0.43264007568359375,
        0.4655766785144806,
        0.5209311246871948,
        0.36211076378822327,
        0.4726300537586212,
        0.5361087918281555,
        0.41636836528778076,
        0.375778466463089,
        0.4099225401878357,
        0.3876272737979889,
        0.4721328616142273,
        0.12443491816520691,
        0.5442060828208923,
        0.30564993619918823,
        0.5557787418365479,
        0.3334549069404602,
        0.4362703859806061,
        0.5174204707145691,
        0.4955768585205078,
        0.373269259929657,
        0.24324150383472443,
        0.49352696537971497,
        0.4560394287109375,
        0.5353085994720459,
        0.3981710970401764,
        0.45875802636146545,
        0.3975565731525421,
        0.4188666045665741,
        0.40347570180892944,
        0.49939092993736267,
        0.41645291447639465,
        0.4073020815849304,
        0.5085431337356567,
        0.42630794644355774,
        0.5211390256881714,
        0.2798638641834259,
        0.47038599848747253,
        0.4070192873477936,
        0.5719955563545227,
        0.4345687925815582,
        0.3802546262741089,
        0.1352635771036148,
        0.5217521786689758,
        0.40406113862991333,
        0.472674697637558,
        0.46322518587112427,
        0.4333539307117462,
        0.5370101928710938,
        0.5065916776657104,
        0.4159891903400421,
        0.45539793372154236,
        0.553070604801178,
        0.21829400956630707,
        0.48127034306526184,
        0.4259972870349884,
        0.3064543306827545,
        0.28493577241897583,
        0.365936279296875,
        0.44894281029701233,
        0.5138023495674133,
        0.3894798159599304,
        0.34286320209503174,
        0.4818655550479889,
        0.6065788269042969,
        0.56877201795578,
        0.5238253474235535,
        0.5667768120765686,
        0.5337603092193604,
        0.5531684756278992
    ]
}