{
    "seed": 1000010,
    "theta": [
        0.33749693632125854,
        0.7613579034805298,
        0.6020255088806152,
        0.3947828412055969
    ],
    "x": [
        0.8099840879440308,
        0.7939867377281189,
        0.8156343102455139,
        0.8447188138961792,
        0.849386990070343,
        0.6925104856491089,
        0.8218402862548828,
        0.7060048580169678,
        0.7242483496665955,
        0.6759268641471863,
        0.7454719543457031,
        0.7245165705680847,
        0.6945233941078186,
        0.6123339533805847,
        0.7755813598632812,
        0.6628382205963135,
        0.6097639799118042,
        0.5684224367141724,
        0.6311647891998291,
        0.5821940302848816,
        0.36872735619544983,
        0.4601020812988281,
        0.5450783967971802,
        0.4682636260986328,
        0.5005851984024048,
        0.4268842041492462,
        0.45145365595817566,
        0.5537858605384827,
        0.29749056696891785,
        0.4067573547363281,
        0.5262419581413269,
        0.480032742023468,
        0.3261986970901489,
        0.4833725094795227,
        0.4021158814430237,
        0.3687784969806671,
        0.36131465435028076,
        0.43896713852882385,
        0.44252586364746094,
        0.4163808226585388,
        0.39263635873794556,
        0.37880247831344604,
        0.21052691340446472,
        0.43947410583496094,
        0.38776397705078125,
        0.45118725299835205,
        0.5253422856330872,
        0.3632087707519531,
        0.4898357391357422,
        0.3165334165096283,
        0.4799842834472656,
        0.47324612736701965,
        0.4178972840309143,
        0.5263110995292664,
        0.44883474707603455,
        0.2826925814151764,
        0.35571783781051636,
        0.3715057373046875,
        0.5191792845726013,
        0.29912757873535156,
        0.3167558014392853,
        0.42781779170036316,
        0.2556585967540741,
        0.3195838928222656,
        0.40405020117759705,
        0.43383052945137024,
        0.4970560669898987,
        0.45879897475242615,
        0.46070340275764465,
        0.44096171855926514,
        0.4667922854423523,
        0.41926053166389465,
        0.4662328064441681,
        0.4329844117164612,
        0.42920762300491333,
        0.3585047423839569,
        0.44943439960479736,
        0.35929134488105774,
        0.4758235812187195,
        0.5621086359024048,
        0.3553883731365204,
        0.43697839975357056,
        0.4397389590740204,
        0.5029361844062805,
        0.34812748432159424,
        0.343032568693161,
        0.3879573941230774,
        0.5155237913131714,
        0.29859212040901184,
        0.4183148741722107,
        0.48007404804229736,
        0.43076884746551514,
        0.4686431884765625,
        0.4533042907714844,
        0.3364168703556061,
        0.47053807973861694,
        0.39548391103744507,
        0.5051490664482117,
        0.3971886932849884,
        0.5371424555778503,
        0.5720565915107727
    ]
}