{
    "seed": 1000004,
    "theta": [
        0.7961013317108154,
        0.42586806416511536,
        0.4258226454257965,
        0.6691209673881531
    ],
    "x": [
        0.660298764705658,
        0.9498963952064514,
        0.8391784429550171,
        0.8927105069160461,
        0.8565025329589844,
        0.8230927586555481,
        0.7528358697891235,
        0.7436398863792419,
        0.6769779324531555,
        0.8071147799491882,
        0.5865756869316101,
        0.6705958247184753,
        0.4500933289527893,
        0.6429250240325928,
        0.552881121635437,
        0.6492018103599548,
        0.4208061099052429,
        0.5747793912887573,
        0.3556966185569763,
        0.4833053648471832,
        0.24822120368480682,
        0.46845218539237976,
        0.47835031151771545,
        0.31325963139533997,
        0.3586992919445038,
        0.42606493830680847,
        0.5497666597366333,
        0.4353828430175781,
        0.5261937379837036,
        0.4897780120372772,
        0.3319191038608551,
        0.526854932308197,
        0.580521285533905,
        0.4710412323474884,
        0.3668697476387024,
        0.38460972905158997,
        0.4589701294898987,
        0.3490811586380005,
        0.5794042944908142,
        0.33158671855926514,
        0.4487646818161011,
        0.5019999146461487,
        0.4052720367908478,
        0.4800987243652344,
        0.46742871403694153,
        0.4700475037097931,
        0.5242577791213989,
        0.3646165132522583,
        0.5066556334495544,
        0.38267073035240173,
        0.4058426022529602,
        0.4944482147693634,
        0.4120655059814453,
        0.41941821575164795,
        0.4683575928211212,
        0.5055140256881714,
        0.3377728760242462,
        0.5490770936012268,
        0.2869219481945038,
        0.4009495973587036,
        0.4417073428630829,
        0.5636588931083679,
        0.5394548773765564,
        0.47518566250801086,
        0.42302384972572327,
        0.45604783296585083,
        0.28220048546791077,
        0.5072863101959229,
        0.04470214992761612,
        0.44650205969810486,
        0.4579799771308899,
        0.39993616938591003,
        0.4005774259567261,
        0.4472412168979645,
        0.5383748412132263,
        0.4018058776855469,
        0.5546849370002747,
        0.3946436643600464,
        0.5118255615234375,
        0.3232611417770386,
        0.5263099670410156,
        0.5303601622581482,
        0.3969966769218445,
        0.3184570372104645,
        0.22131092846393585,
        0.4603511691093445,
        0.4402554929256439,
        0.34905192255973816,
        0.4185694456100464,
        0.4561346769332886,
        0.46272632479667664,
        0.5861340761184692,
        0.4202345609664917,
        0.14504674077033997,
        0.49349913001060486,
        0.4902793765068054,
        0.5842104554176331,
        0.30889561772346497,
        0.5892021059989929,
        0.3606085479259491,
        -0.03580423817038536
    ]
}