{
    "seed": 1000003,
    "theta": [
        0.3099890649318695,
        0.7469154596328735,
        0.5715422630310059,
        0.4412666857242584
    ],
    "x": [
        0.8972459435462952,
        1.0394364595413208,
        0.9663589596748352,
        0.7098846435546875,
        0.8543383479118347,
        0.8543714880943298,
        0.7779560089111328,
        0.8534385561943054,
        0.7268174290657043,
        0.60450679063797,
        0.7225738763809204,
        0.748279333114624,
        0.5131046175956726,
        0.45297902822494507,
        0.31500956416130066,
        0.6818941831588745,
        0.44292017817497253,
        0.5866819024085999,
        0.5790709257125854,
        0.5546999573707581,
        0.5006131529808044,
        0.468053936958313,
        0.5726248621940613,
        0.6579355597496033,
        0.5770248174667358,
        0.4073086977005005,
        0.5191149115562439,
        0.5212320685386658,
        0.514474093914032,
        0.1861872375011444,
        0.3174130618572235,
        0.4167948365211487,
        0.5780891180038452,
        0.5498847961425781,
        0.32474517822265625,
        0.4738665223121643,
        0.3570059537887573,
        0.3030523955821991,
        0.4235788881778717,
        0.3847106993198395,
        0.3409613370895386,
        0.19854965806007385,
        0.4447469115257263,
        0.40148571133613586,
        0.3810111880302429,
        0.5569698214530945,
        0.4093194305896759,
        0.47449594736099243,
        0.29170989990234375,
        0.5372896790504456,
        0.4803377687931061,
        0.0731554701924324,
        0.3570360839366913,
        0.5101727843284607,
        0.46084392070770264,
        0.48787230253219604,
        0.45842260122299194,
        0.4356895387172699,
        0.5053863525390625,
        0.4987271726131439,
        0.3621765077114105,
        0.4168154299259186,
        0.40326055884361267,
        0.4061037600040436,
        0.3755761384963989,
        0.4201042056083679,
        0.45338428020477295,
        0.5989368557929993,
        0.3542137145996094,
        0.5247572660446167,
        0.47008195519447327,
        0.47475993633270264,
        0.3654244840145111,
        0.395044207572937,
        0.44830042123794556,
        0.4458480775356293,
        0.19177450239658356,
        0.5997099280357361,
        0.3996739685535431,
        0.4951814115047455,
        0.33044445514678955,
        0.34510141611099243,
        0.3900454342365265,
        0.25851210951805115,
        0.3654128909111023,
        0.4182364046573639,
        0.5054574608802795,
        0.4716218411922455,
        0.517969012260437,
        0.42236125469207764,
        0.4337725341320038,
        0.277599960565567,
        0.45149993896484375,
        0.511031985282898,
        0.46711960434913635,
        0.5024705529212952,
        0.45972710847854614,
        0.42274755239486694,
        0.4813743531703949,
        0.5442749261856079,
        0.5585067868232727
    ]
}