{
    "seed": 1000008,
    "theta": [
        0.8040469288825989,
        0.37230587005615234,
        0.5178388953208923,
        0.6842779517173767
    ],
    "x": [
        0.9110437035560608,
        0.8254777193069458,
        0.9815755486488342,
        0.599166989326477,
        0.6214940547943115,
        0.8337617516517639,
        0.6621044278144836,
        0.6724987030029297,
        0.6743804812431335,
        0.46132901310920715,
        0.6253601312637329,
        0.6049157381057739,
        0.5349813103675842,
        0.5509161353111267,
        0.2804807126522064,
        0.28651097416877747,
        0.3244363069534302,
        0.5579044222831726,
        0.2443077117204666,
        0.3503575623035431,
        0.4657400846481323,
        0.3729928433895111,
        0.5557093024253845,
        0.489523708820343,
        0.37605056166648865,
        0.43601861596107483,
        0.38205578923225403,
        0.5342050194740295,
        0.519814670085907,
        0.34153175354003906,
        0.3306758999824524,
        0.5930080413818359,
        0.49025827646255493,
        0.48609352111816406,
        0.3148905336856842,
        0.4784034788608551,
        0.5272341370582581,
        0.520702600479126,
        0.4150901734828949,
        0.5198442935943604,
        0.44613826274871826,
        0.47473984956741333,
        0.4414784610271454,
        0.5089409947395325,
        0.5226026177406311,
        0.24630342423915863,
        0.5677725672721863,
        0.3263804018497467,
        0.44735971093177795,
        0.4699212312698364,
        0.5370815396308899,
        0.5109149813652039,
        0.4557144045829773,
        0.46346715092658997,
        0.2552075684070587,
        0.35601070523262024,
        0.2986016571521759,
        0.4983668029308319,
        0.3778611421585083,
        0.4752342104911804,
        0.43778660893440247,
        0.5309828519821167,
        0.45168787240982056,
        0.460674911737442,
        0.3917805850505829,
        0.5643254518508911,
        0.393646240234375,
        0.4763350188732147,
        0.6022659540176392,
        0.25640666484832764,
        0.4519463777542114,
        0.48365655541419983,
        0.48603707551956177,
        0.4813510775566101,
        0.5361412167549133,
        0.3904174864292145,
        0.4954111874103546,
        0.2862851321697235,
        0.3768572509288788,
        0.43382200598716736,
        0.5009275078773499,
        0.24973030388355255,
        0.4885910153388977,
        0.3791908323764801,
        0.5509331822395325,
        0.48183974623680115,
        0.40386390686035156,
        0.4150722622871399,
        0.5734148621559143,
        0.5100530982017517,
        0.4571814239025116,
        0.5054176449775696,
        0.32685965299606323,
        0.4748040437698364,
        0.5402173399925232,
        0.39416009187698364,
        0.30919113755226135,
        0.5642992854118347,
        0.4611015319824219,
        0.5499559044837952,
        0.6705065369606018
    ]
}