{
    "seed": 1000009,
    "theta": [
        0.5815612077713013,
        0.646967887878418,
        0.28929731249809265,
        0.5133606195449829
    ],
    "x": [
        0.9108683466911316,
        0.8126718997955322,
        0.8785313963890076,
        0.8007342219352722,
        0.8816759586334229,
        0.7413874268531799,
        0.8033500909805298,
        0.7933636903762817,
        0.6544213891029358,
        0.6666207909584045,
        0.7833933234214783,
        0.7475497126579285,
        0.7058887481689453,
        0.49520862102508545,
        0.7875312566757202,
        0.6116319298744202,
        0.6471602320671082,
        0.5339583158493042,
        0.5099579095840454,
        0.6321595311164856,
        0.6012906432151794,
        0.5304356813430786,
        0.6103898286819458,
        0.581610381603241,
        0.5031725764274597,
        0.5386837124824524,
        0.40756988525390625,
        0.474923700094223,
        0.4755238890647888,
        0.5941396355628967,
        0.5046004056930542,
        0.504589855670929,
        0.544525146484375,
        0.4330548644065857,
        0.5889802575111389,
        0.47001534700393677,
        0.5347296595573425,
        0.5397600531578064,
        0.48711344599723816,
        0.42890167236328125,
        0.4912993013858795,
        0.4670701324939728,
        0.5593377351760864,
        0.5488530397415161,
        0.5070009827613831,
        0.4165847897529602,
        0.3534146547317505,
        0.43639183044433594,
        0.5235351324081421,
        0.49489694833755493,
        0.4675742983818054,
        0.5422627925872803,
        0.41894036531448364,
        0.4102834165096283,
        0.3733218014240265,
        0.4198145568370819,
        0.4271448850631714,
        0.4515621066093445,
        0.3219720125198364,
        0.4296279847621918,
        0.5112157464027405,
        0.4945310056209564,
        0.4626656770706177,
        0.2422618865966797,
        0.42798587679862976,
        0.5265589356422424,
        0.48220953345298767,
        0.37939223647117615,
        0.3801325559616089,
        0.28802260756492615,
        0.5085054039955139,
        0.2868518829345703,
        0.4929391145706177,
        0.4253513216972351,
        0.5256749391555786,
        0.4200412631034851,
        0.41195881366729736,
        0.5783666968345642,
        0.5490595698356628,
        0.46463316679000854,
        0.5628757476806641,
        0.5379735231399536,
        0.23005281388759613,
        0.42766138911247253,
        0.429190069437027,
        0.44238051772117615,
        0.45335158705711365,
        0.45991796255111694,
        0.5165367126464844,
        0.46842435002326965,
        0.6071752905845642,
        0.5365296602249146,
        0.43269869685173035,
        0.5399302244186401,
        0.5286775231361389,
        0.5362306237220764,
        0.5559155941009521,
        0.4186416566371918,
        0.6335421204566956,
        0.629349410533905,
        0.7542523741722107
    ]
}