{
    "seed": 1000001,
    "theta": [
        0.5937114357948303,
        0.3832862973213196,
        0.3881957232952118,
        0.25264009833335876
    ],
    "x": [
        0.9921137690544128,
        0.9474179744720459,
        0.8040608763694763,
        0.9468948245048523,
        0.9488593935966492,
        0.37094104290008545,
        0.7373201847076416,
        0.8218351006507874,
        0.6754825711250305,
        0.742959201335907,
        0.5792129635810852,
        0.5768829584121704,
        0.6550290584564209,
        0.5673385858535767,
        0.4408911466598511,
        0.4613652527332306,
        0.5578750371932983,
        0.6003620028495789,
        0.5078545808792114,
        0.24225082993507385,
        0.36189332604408264,
        0.43728408217430115,
        0.44644978642463684,
        0.49317869544029236,
        0.4898437559604645,
        0.48468372225761414,
        0.49753761291503906,
        0.29141172766685486,
        0.5438861846923828,
        0.45396220684051514,
        0.41667303442955017,
        0.2217758148908615,
        0.39479345083236694,
        0.47073033452033997,
        0.471755713224411,
        0.5218797326087952,
        0.23821143805980682,
        0.5382646918296814,
        0.3971233367919922,
        0.3429805636405945,
        0.4309476315975189,
        0.35185012221336365,
        0.40988361835479736,
        0.3028930723667145,
        0.4196825623512268,
        0.45529669523239136,
        0.36789625883102417,
        0.4466873109340668,
        0.4494144320487976,
        0.4271255433559418,
        0.4510308504104614,
        0.4212423861026764,
        0.5010586977005005,
        0.3850593566894531,
        0.2813774049282074,
        0.24958571791648865,
        0.3535488247871399,
        0.3607325255870819,
        0.4624365568161011,
        0.2839156985282898,
        0.32016003131866455,
        0.36738333106040955,
        0.37267887592315674,
        0.3754315674304962,
        0.326577752828598,
        0.4589729309082031,
        0.45906397700309753,
        0.5024464726448059,
        0.3600381314754486,
        0.33408546447753906,
        0.42044880986213684,
        0.37382709980010986,
        0.4096457064151764,
        0.5144907832145691,
        0.3879889249801636,
        0.4003865420818329,
        0.5221213102340698,
        0.4608820676803589,
        0.4764822721481323,
        0.317211776971817,
        0.5154756903648376,
        0.48180848360061646,
        0.2770075500011444,
        0.5244471430778503,
        0.46582385897636414,
        0.4636746644973755,
        0.4664095640182495,
        0.4448791444301605,
        0.4826318025588989,
        0.5050147771835327,
        0.3863217532634735,
        0.4791698455810547,
        0.5897862911224365,
        0.5654586553573608,
        0.5962640047073364,
        0.5664407014846802,
        0.5797931551933289,
        0.644540011882782,
        0.6644178032875061,
        0.7211209535598755,
        0.7759279608726501
    ]
}