{
    "seed": 1000002,
    "theta": [
        0.5468877553939819,
        0.3854741156101227,
        0.3700476586818695,
        0.2924153804779053
    ],
    "x": [
        0.9311403632164001,
        0.913918673992157,
        1.04837167263031,
        0.8707810640335083,
        0.8991773128509521,
        0.8288726806640625,
        0.8873799443244934,
        0.6417273283004761,
        0.6622912287712097,
        0.7084856629371643,
        0.5183188319206238,
        0.6835891604423523,
        0.6070436835289001,
        0.6422630548477173,
        0.6414362788200378,
        0.5375669002532959,
        0.5600643157958984,
        0.34943363070487976,
        0.3766731321811676,
        0.5287620425224304,
        0.5238940119743347,
        0.505505383014679,
        0.5657044649124146,
        0.48366814851760864,
        0.4596391022205353,
        0.14594650268554688,
        0.528856635093689,
        0.5500763058662415,
        0.4534960389137268,
        0.5125798583030701,
        0.42449161410331726,
        0.5151399970054626,
        0.4293188750743866,
        0.45234426856040955,
        0.5323162078857422,
        0.42478078603744507,
        0.4817558228969574,
        0.31650951504707336,
        0.44089367985725403,
        0.4171615540981293,
        0.5110148191452026,
        0.4662211239337921,
        0.46474215388298035,
        0.4608817994594574,
        0.47925108671188354,
        0.5075218081474304,
        0.5532316565513611,
        0.3003901243209839,
        0.4747973084449768,
        0.484122097492218,
        0.49633535742759705,
        -0.1874076873064041,
        0.5026055574417114,
        0.4330939054489136,
        0.5050296783447266,
        0.40527012944221497,
        0.5164440274238586,
        0.39317601919174194,
        0.4497699737548828,
        0.5320293307304382,
        0.5017074346542358,
        0.35897383093833923,
        0.310809463262558,
        0.29719212651252747,
        0.47360509634017944,
        0.4588748812675476,
        0.4905748963356018,
        0.45193126797676086,
        0.5546160340309143,
        0.46411845088005066,
        0.3927116394042969,
        0.43066126108169556,
        0.5063392519950867,
        0.5665120482444763,
        0.36538708209991455,
        0.5535518527030945,
        0.39347559213638306,
        0.5053403377532959,
        0.26402002573013306,
        0.4551507234573364,
        0.459762841463089,
        0.4492546021938324,
        0.46519914269447327,
        0.4327707886695862,
        0.5757256746292114,
        0.5609044432640076,
        0.528122067451477,
        0.4660690426826477,
        0.556537389755249,
        0.5601440668106079,
        0.5422777533531189,
        0.622228741645813,
        0.5185971856117249,
        0.6072736382484436,
        0.568465530872345,
        0.6096203923225403,
        0.6444603204727173,
        0.636730432510376,
        0.685679018497467,
        0.7593822479248047,
        0.7919718623161316
    ]
}