{
    "seed": 1000003,
    "theta": [
        0.6397485136985779,
        0.6693560481071472,
        0.40419891476631165,
        0.5905727744102478
    ],
    "x": [
        0.9376785159111023,
        0.9524511694908142,
        0.758550763130188,
        0.9838601350784302,
        0.9690348505973816,
        0.889115035533905,
        0.7862846255302429,
        0.697778046131134,
        0.8663590550422668,
        0.7179161310195923,
        0.560860812664032,
        0.6276028752326965,
        0.527002215385437,
        0.7205095887184143,
        0.6990315914154053,
        0.7344875335693359,
        0.6252790093421936,
        0.665893018245697,
        0.49602916836738586,
        0.701586127281189,
        0.5581411719322205,
        0.5784468054771423,
        0.4868881106376648,
        0.5708742737770081,
        0.5361910462379456,
        0.5299829840660095,
        0.5364686250686646,
        0.4722174406051636,
        0.5029354095458984,
        0.5635756254196167,
        0.5744183659553528,
        0.48980534076690674,
        0.5752217769622803,
        0.15745314955711365,
        0.5393043756484985,
        0.44216296076774597,
        0.5376878380775452,
        0.45950114727020264,
        0.4704575836658478,
        0.4080968201160431,
        0.5485005974769592,
        0.4976389706134796,
        0.522994339466095,
        0.4427514374256134,
        0.39250704646110535,
        0.5728062987327576,
        0.4204971194267273,
        0.46804288029670715,
        0.5129944086074829,
        0.3504791259765625,
        0.3867321014404297,
        0.44306614995002747,
        0.3629923462867737,
        0.4886622130870819,
        0.5685063600540161,
        0.5492278933525085,
        0.37752482295036316,
        0.556839108467102,
        0.5202082395553589,
        0.3108501434326172,
        0.3758127987384796,
        0.375463604927063,
        0.5248376131057739,
        0.4518188536167145,
        0.5778172612190247,
        0.5962284207344055,
        0.5440592169761658,
        0.5664637088775635,
        0.5301551818847656,
        0.5019872188568115,
        0.5366611480712891,
        0.5277623534202576,
        0.41762784123420715,
        0.48061931133270264,
        0.4772885739803314,
        0.5403550267219543,
        0.4468669891357422,
        0.46269670128822327,
        0.5309031009674072,
        0.5325239896774292,
        0.5265032649040222,
        0.5644418001174927,
        0.5833030939102173,
        0.5438207983970642,
        0.47905170917510986,
        0.49610278010368347,
        0.5643242001533508,
        0.5174623131752014,
        0.5410752892494202,
        0.5320635437965393,
        0.5704187750816345,
        0.6232954859733582,
        0.6385927796363831,
        0.5690798163414001,
        0.6181994080543518,
        0.6324604153633118,
        0.6105921268463135,
        0.6426380276679993,
        0.6960747838020325,
        0.7176015377044678,
        0.7486095428466797
    ]
}