{
    "seed": 1000012,
    "theta": [
        0.5804319381713867,
        0.4111175239086151,
        0.31719812750816345,
        0.30559635162353516
    ],
    "x": [
        0.9733108282089233,
        0.6855003237724304,
        0.8989666104316711,
        0.9695034027099609,
        0.9189659357070923,
        0.8416692018508911,
        0.7289420962333679,
        0.7695606350898743,
        0.7104880213737488,
        0.643505871295929,
        0.714160144329071,
        0.652999758720398,
        0.6476942896842957,
        0.5997553467750549,
        0.59983891248703,
        0.5284448266029358,
        0.5326066613197327,
        0.5087006688117981,
        0.3360178768634796,
        0.2942110598087311,
        0.5729750394821167,
        0.3864695131778717,
        0.3520515561103821,
        0.385549932718277,
        0.45576807856559753,
        0.43970298767089844,
        0.4077938199043274,
        0.29532545804977417,
        0.513634979724884,
        0.30333277583122253,
        0.4005507230758667,
        0.3910854458808899,
        0.46948230266571045,
        0.4263910949230194,
        0.44151636958122253,
        0.440146267414093,
        0.47965162992477417,
        0.5351051092147827,
        0.4792648255825043,
        0.5202634334564209,
        0.43389052152633667,
        0.40569305419921875,
        0.12198486179113388,
        0.36549898982048035,
        0.5025103092193604,
        0.3962570130825043,
        0.4377225339412689,
        0.5140202641487122,
        0.4658851623535156,
        0.3150888979434967,
        0.4401823580265045,
        0.5315563082695007,
        0.48580995202064514,
        0.3544858396053314,
        0.4561014771461487,
        0.5010884404182434,
        0.3062554597854614,
        0.369317889213562,
        0.39765116572380066,
        0.342321515083313,
        0.293502539396286,
        0.5097368955612183,
        0.21428756415843964,
        0.34229278564453125,
        0.5148043036460876,
        0.33672651648521423,
        0.4974934756755829,
        0.2239842712879181,
        0.3600795865058899,
        0.43218499422073364,
        0.42745667695999146,
        0.38444963097572327,
        0.4826163053512573,
        0.44087791442871094,
        0.19736556708812714,
        0.3118942379951477,
        0.5095670223236084,
        0.3628877103328705,
        0.40393421053886414,
        0.5176003575325012,
        0.48005878925323486,
        0.36525192856788635,
        0.4413272738456726,
        0.4854621887207031,
        0.45699769258499146,
        0.5325388312339783,
        0.39829662442207336,
        0.5175018310546875,
        0.39943745732307434,
        0.4970780611038208,
        0.5565001368522644,
        0.534540057182312,
        0.5248729586601257,
        0.5083526372909546,
        0.5339692234992981,
        0.6174870729446411,
        0.5831728577613831,
        0.6357630491256714,
        0.671051561832428,
        0.7038393616676331,
        0.7851917147636414
    ]
}