{
    "seed": 1000010,
    "theta": [
        0.6672564148902893,
        0.6837984919548035,
        0.43468213081359863,
        0.5440889596939087
    ],
    "x": [
        0.8905990719795227,
        0.7414883971214294,
        0.8376729488372803,
        0.7834219336509705,
        0.85365229845047,
        0.8530632257461548,
        0.831497311592102,
        0.48125430941581726,
        0.8125714659690857,
        0.6938520073890686,
        0.8221473693847656,
        0.8167985081672668,
        0.712967574596405,
        0.5296552181243896,
        0.527689516544342,
        0.7945401668548584,
        0.5180860161781311,
        0.7237777709960938,
        0.2778673768043518,
        0.5886266231536865,
        0.6276163458824158,
        0.6332945227622986,
        0.5970109105110168,
        0.5034953951835632,
        0.3221403658390045,
        0.4619384706020355,
        0.40750235319137573,
        0.6117708683013916,
        0.47369131445884705,
        0.38623490929603577,
        0.42360278964042664,
        0.26619720458984375,
        0.36615219712257385,
        0.4201904237270355,
        0.43705445528030396,
        0.5168458223342896,
        0.4025292694568634,
        0.31721368432044983,
        0.4986952543258667,
        0.43884456157684326,
        0.33449873328208923,
        0.4632219970226288,
        0.39145609736442566,
        0.4936542510986328,
        0.4230051636695862,
        0.417367160320282,
        0.5371295809745789,
        0.5185564756393433,
        0.3881087005138397,
        0.5055010318756104,
        0.4482535123825073,
        0.5288864374160767,
        0.38289961218833923,
        0.4357762634754181,
        0.414508193731308,
        0.47760695219039917,
        0.5527671575546265,
        0.4191209077835083,
        0.421316921710968,
        0.5159493684768677,
        0.47299081087112427,
        0.37710317969322205,
        0.4801902770996094,
        0.34050190448760986,
        0.4577459990978241,
        0.4818534851074219,
        0.41603800654411316,
        0.5619125366210938,
        0.5274429321289062,
        0.21637535095214844,
        0.37680715322494507,
        0.5162830352783203,
        0.4073195159435272,
        0.35486412048339844,
        0.44823265075683594,
        0.3406621217727661,
        0.4208129942417145,
        0.3439526855945587,
        0.572998046875,
        0.43281224370002747,
        0.30699843168258667,
        0.45262908935546875,
        0.4844277799129486,
        0.5528786778450012,
        0.4597925841808319,
        0.3556627929210663,
        0.3100215792655945,
        0.3169141113758087,
        0.505108118057251,
        0.5275471806526184,
        0.5357646942138672,
        0.5591679811477661,
        0.4239850342273712,
        0.5385167598724365,
        0.4968123137950897,
        0.3977687954902649,
        0.5856189727783203,
        0.5081512331962585,
        0.5913402438163757,
        0.6637611389160156,
        0.731078565120697
    ]
}