{
    "seed": 1000005,
    "theta": [
        0.6906919479370117,
        0.605934202671051,
        0.38935598731040955,
        0.4971161484718323
    ],
    "x": [
        0.6009876132011414,
        0.9017372131347656,
        0.7534642815589905,
        0.6952622532844543,
        0.9038047790527344,
        0.8345910310745239,
        0.6319044828414917,
        0.7038309574127197,
        0.8460272550582886,
        0.8419583439826965,
        0.6303062438964844,
        0.8138895630836487,
        0.5801297426223755,
        0.6370729804039001,
        0.5891281366348267,
        0.6347239017486572,
        0.5648554563522339,
        0.5250300168991089,
        0.5968015193939209,
        0.6086415648460388,
        0.5242181420326233,
        0.6013041138648987,
        0.40500131249427795,
        0.5148292779922485,
        0.29175758361816406,
        0.40859082341194153,
        0.4646949768066406,
        0.3970923125743866,
        0.5495816469192505,
        0.531316876411438,
        0.4490872621536255,
        0.4550918638706207,
        0.4954293668270111,
        0.5852584838867188,
        0.5042535066604614,
        0.4104549288749695,
        0.28087857365608215,
        0.40323370695114136,
        0.42044728994369507,
        0.2434379607439041,
        0.13050460815429688,
        0.24686813354492188,
        0.4368056058883667,
        0.46021002531051636,
        0.33159127831459045,
        0.5624791383743286,
        0.4919711947441101,
        0.5338091254234314,
        0.433013916015625,
        0.32983145117759705,
        0.3952893614768982,
        0.47802722454071045,
        0.4382094144821167,
        0.37725716829299927,
        0.34569817781448364,
        0.40719401836395264,
        0.27603963017463684,
        0.2632909119129181,
        0.42900213599205017,
        0.38123053312301636,
        0.528580367565155,
        0.4142255187034607,
        0.3625820279121399,
        0.43592631816864014,
        0.44790536165237427,
        0.42265039682388306,
        0.3667241334915161,
        0.3888772428035736,
        0.2066725343465805,
        0.45336100459098816,
        0.4460207521915436,
        0.4732755124568939,
        0.5071182250976562,
        0.5725294947624207,
        0.45196735858917236,
        0.401626855134964,
        0.46304893493652344,
        0.4904453158378601,
        0.41921553015708923,
        0.3461483120918274,
        0.3656367063522339,
        0.44227588176727295,
        0.420934796333313,
        0.48520582914352417,
        0.4323176145553589,
        0.5461246371269226,
        0.5096980929374695,
        0.16824646294116974,
        0.43868228793144226,
        0.6021919250488281,
        0.5898399353027344,
        0.5389925837516785,
        0.3442152738571167,
        0.5184294581413269,
        0.4919731020927429,
        0.308358758687973,
        0.304730087518692,
        0.5575128197669983,
        0.5480875372886658,
        0.6353084444999695,
        0.5452395081520081
    ]
}