{
    "seed": 1000008,
    "theta": [
        0.7692322134971619,
        0.39416903257369995,
        0.48284614086151123,
        0.3427252769470215
    ],
    "x": [
        0.8873588442802429,
        0.9986825585365295,
        0.9504228234291077,
        0.5437970757484436,
        0.6986668705940247,
        0.7462851405143738,
        0.8476047515869141,
        0.6666226983070374,
        0.65625,
        0.5159367918968201,
        0.7366308569908142,
        0.4662298858165741,
        0.45333558320999146,
        0.5278013944625854,
        0.4113319516181946,
        0.4827514588832855,
        0.37034860253334045,
        0.5133343935012817,
        0.5012409090995789,
        0.36439743638038635,
        0.5388432741165161,
        0.39300739765167236,
        0.4621719419956207,
        0.397247314453125,
        0.5163789391517639,
        0.45983707904815674,
        0.35860875248908997,
        0.48413771390914917,
        0.30806300044059753,
        0.4776485562324524,
        0.44881999492645264,
        0.3118581175804138,
        0.27606937289237976,
        0.33382874727249146,
        0.2705322206020355,
        0.5142176151275635,
        0.27664071321487427,
        0.4366530179977417,
        0.4093889892101288,
        0.42954522371292114,
        0.29098522663116455,
        0.4277603030204773,
        0.4662770628929138,
        0.3305366635322571,
        0.46783143281936646,
        0.437243789434433,
        0.3675336241722107,
        0.29756277799606323,
        0.3913002014160156,
        0.46571019291877747,
        0.39690399169921875,
        0.4260449707508087,
        0.4328712522983551,
        0.5146809816360474,
        0.454107403755188,
        0.4753023684024811,
        0.4121047854423523,
        0.43385112285614014,
        0.3343329131603241,
        0.27253279089927673,
        0.5099206566810608,
        0.2914843261241913,
        0.2645486295223236,
        0.4187595248222351,
        0.3306480348110199,
        0.34954896569252014,
        0.37242862582206726,
        0.45823922753334045,
        0.43067577481269836,
        0.40546557307243347,
        0.4642529785633087,
        0.5073615908622742,
        0.3369967043399811,
        0.5316427946090698,
        0.4377163052558899,
        0.43676072359085083,
        0.5088947415351868,
        0.4403480589389801,
        0.4995778501033783,
        0.20815403759479523,
        0.5189002752304077,
        0.4180302917957306,
        0.5367730259895325,
        0.17881011962890625,
        0.4219655394554138,
        0.3951011598110199,
        0.1430150419473648,
        0.4275263547897339,
        0.27216923236846924,
        0.44032618403434753,
        0.4070472717285156,
        0.38426220417022705,
        0.2927436828613281,
        0.355477511882782,
        0.3683661222457886,
        0.3775297701358795,
        0.5311319828033447,
        0.4694385528564453,
        0.5211189389228821,
        0.5137130618095398,
        0.6126974821090698
    ]
}