{
    "seed": 1000002,
    "theta": [
        0.6023251414299011,
        -0.6449434757232666
    ],
    "x": [
        0.2616409957408905,
        -0.7838813662528992
    ]
}