{
    "seed": 1000009,
    "theta": [
        0.6013621091842651,
        -0.9156840443611145
    ],
    "x": [
        0.11299723386764526,
        -1.025773286819458
    ]
}