{
    "seed": 1000003,
    "theta": [
        0.32615989446640015,
        -0.595366358757019
    ],
    "x": [
        0.11825846135616302,
        -0.5941349864006042
    ]
}