{
    "seed": 1000000,
    "theta": [
        0.24586309492588043,
        -0.6186127662658691
    ],
    "x": [
        -0.01086193323135376,
        -0.5129327774047852
    ]
}