{
    "seed": 1000010,
    "theta": [
        0.7835406064987183,
        -0.6788120269775391
    ],
    "x": [
        0.19835391640663147,
        -1.1243401765823364
    ]
}