{
    "seed": 1000001,
    "theta": [
        0.43213069438934326,
        -0.7744609117507935
    ],
    "x": [
        0.014006108045578003,
        -0.7701018452644348
    ]
}