{
    "seed": 1000005,
    "theta": [
        0.36971887946128845,
        -0.5967807173728943
    ],
    "x": [
        0.15965235233306885,
        -0.7483112215995789
    ]
}