{
    "seed": 1000000,
    "theta": [
        0.6406037211418152,
        0.4938819706439972,
        0.3391832709312439,
        0.7520389556884766
    ],
    "x": [
        0.9509461522102356,
        0.9112716913223267,
        0.9643788933753967,
        0.7536460757255554,
        0.8746007084846497,
        0.9428228735923767,
        0.7748682498931885,
        0.7758129239082336,
        0.6415486931800842,
        0.6781898736953735,
        0.25325801968574524,
        0.7401646971702576,
        0.7821561098098755,
        0.5907145142555237,
        0.6318628787994385,
        0.6294069886207581,
        0.4585488736629486,
        0.5805124640464783,
        0.368453711271286,
        0.433035284280777,
        0.3961234986782074,
        0.39356282353401184,
        0.5117352604866028,
        0.11587270349264145,
        0.36381542682647705,
        0.4154314696788788,
        0.46224313974380493,
        0.5425326228141785,
        0.3965349793434143,
        0.40234819054603577,
        0.3379594087600708,
        0.5216464996337891,
        0.3759050965309143,
        0.4438072144985199,
        0.3783799409866333,
        0.430547833442688,
        0.43027904629707336,
        0.35943540930747986,
        0.4146359860897064,
        0.536889910697937,
        0.4490468204021454,
        0.22591577470302582,
        0.47892963886260986,
        0.4969128966331482,
        0.47070667147636414,
        0.48301517963409424,
        0.511429488658905,
        0.4611211121082306,
        0.535927951335907,
        0.3807849884033203,
        0.39524829387664795,
        0.5660904049873352,
        0.40410882234573364,
        0.3991672396659851,
        0.4019271731376648,
        0.41012686491012573,
        0.3392523527145386,
        0.04912668839097023,
        0.4277692139148712,
        0.1601209044456482,
        0.47253939509391785,
        0.4763023257255554,
        0.4733060300350189,
        0.4660172760486603,
        0.2053215056657791,
        0.40117618441581726,
        0.4992174804210663,
        0.37781497836112976,
        0.5024164915084839,
        0.26321208477020264,
        0.418914794921875,
        0.4543747007846832,
        0.43696314096450806,
        0.5220092535018921,
        0.4824186861515045,
        0.5223516821861267,
        0.5168722867965698,
        0.10349171608686447,
        0.462695449590683,
        0.5274342894554138,
        0.47493475675582886,
        0.5661671757698059,
        0.39455386996269226,
        0.5123016238212585,
        0.46348875761032104,
        0.4605707824230194,
        0.467416375875473,
        0.4981483519077301,
        0.5522783994674683,
        0.3719978332519531,
        0.485452264547348,
        0.41180774569511414,
        0.3687695860862732,
        0.5112810730934143,
        0.5211601257324219,
        0.5046803951263428,
        0.3991684019565582,
        0.5123336911201477,
        0.5887189507484436,
        0.6911702752113342,
        0.7217281460762024
    ]
}