{
    "seed": 1000009,
    "theta": [
        0.6039707064628601,
        0.5832725167274475,
        0.33537134528160095,
        0.7338390350341797
    ],
    "x": [
        0.7528591156005859,
        0.9365792870521545,
        0.8661511540412903,
        0.7861100435256958,
        0.8132420778274536,
        0.8291610479354858,
        0.8684740662574768,
        0.6205158233642578,
        0.7800499200820923,
        0.7812731266021729,
        0.5907066464424133,
        0.8008260130882263,
        0.7480302453041077,
        0.5788471102714539,
        0.5947487950325012,
        0.6055641174316406,
        0.5907358527183533,
        0.6853362917900085,
        0.5559700131416321,
        0.5748494267463684,
        0.5289736390113831,
        0.39127933979034424,
        0.43888574838638306,
        0.5043767094612122,
        0.3020919859409332,
        0.38286131620407104,
        0.49951502680778503,
        0.5271319150924683,
        0.5702321529388428,
        0.5022247433662415,
        0.4535050690174103,
        0.4580856263637543,
        0.580536425113678,
        0.3617057800292969,
        0.3087729215621948,
        0.41217321157455444,
        0.48551255464553833,
        0.5144824981689453,
        0.38588079810142517,
        0.39085742831230164,
        0.5536414980888367,
        0.408407986164093,
        0.31075870990753174,
        0.4021073579788208,
        0.4296588897705078,
        0.40524572134017944,
        0.3659319579601288,
        0.3394205868244171,
        0.3761674165725708,
        0.3932991027832031,
        0.4394388794898987,
        0.5793871283531189,
        0.43794581294059753,
        0.5802884697914124,
        0.4751119017601013,
        0.4780540466308594,
        0.4829157590866089,
        0.15911026298999786,
        0.545578122138977,
        0.43215739727020264,
        0.4611831605434418,
        0.4839204251766205,
        0.30383962392807007,
        0.5911444425582886,
        0.4616599977016449,
        0.48832473158836365,
        0.46194586157798767,
        0.44265225529670715,
        0.419808954000473,
        0.4241989254951477,
        0.32767435908317566,
        0.33839163184165955,
        0.3404121398925781,
        0.44486746191978455,
        0.4137532413005829,
        0.3860548734664917,
        0.43923747539520264,
        0.48753419518470764,
        0.42344778776168823,
        0.37055307626724243,
        0.4535530209541321,
        0.33057543635368347,
        0.48896509408950806,
        0.44971999526023865,
        0.41722768545150757,
        0.502850353717804,
        0.41338399052619934,
        0.5159248113632202,
        0.4526252746582031,
        0.4569535553455353,
        0.4904747009277344,
        0.5282539129257202,
        0.35087916254997253,
        0.5209581851959229,
        0.4320646822452545,
        0.43230029940605164,
        0.5278090238571167,
        0.2948061525821686,
        0.6065813899040222,
        0.5716931819915771,
        0.6636155247688293
    ]
}