{
    "seed": 1000004,
    "theta": [
        0.7098325490951538,
        0.6525188088417053,
        0.3905051648616791,
        0.7559249997138977
    ],
    "x": [
        0.7621961236000061,
        1.010204553604126,
        0.951766312122345,
        0.9685781002044678,
        0.9688159823417664,
        0.8539689183235168,
        0.8996397852897644,
        0.8415809869766235,
        0.8546053767204285,
        0.8543415069580078,
        0.7159899473190308,
        0.730804979801178,
        0.7914426326751709,
        0.7815494537353516,
        0.5416983366012573,
        0.6237620115280151,
        0.6037856936454773,
        0.7518487572669983,
        0.6738393306732178,
        0.6899272799491882,
        0.5537844300270081,
        0.6346097588539124,
        0.49544474482536316,
        0.36474722623825073,
        0.5006369352340698,
        0.5242576599121094,
        0.3822212219238281,
        0.49573594331741333,
        0.3314417600631714,
        0.5384198427200317,
        0.43353283405303955,
        0.49261918663978577,
        0.447958379983902,
        0.42963409423828125,
        0.4724489748477936,
        0.3890185058116913,
        0.39616456627845764,
        0.3083230257034302,
        0.5348332524299622,
        0.49078065156936646,
        0.5365186333656311,
        -0.00930684432387352,
        0.567632794380188,
        0.5175609588623047,
        0.5085946321487427,
        0.48563283681869507,
        0.34753429889678955,
        0.4435665011405945,
        0.47974154353141785,
        0.5775291323661804,
        0.4687601625919342,
        0.40322673320770264,
        0.4340190887451172,
        0.36664822697639465,
        0.4979232847690582,
        0.42920202016830444,
        0.5011006593704224,
        0.4798237979412079,
        0.3488539457321167,
        0.3705776333808899,
        0.4210954010486603,
        0.4864237606525421,
        0.5494046807289124,
        0.4204074740409851,
        0.5186233520507812,
        0.379467636346817,
        0.40636253356933594,
        0.5756111145019531,
        0.4910377562046051,
        0.4714818298816681,
        0.33644726872444153,
        0.3829337954521179,
        0.4279300570487976,
        0.4449438750743866,
        0.4691518247127533,
        0.48815613985061646,
        0.49263179302215576,
        0.4079113006591797,
        0.6179618835449219,
        0.538469672203064,
        0.5286771059036255,
        0.30016225576400757,
        0.42097726464271545,
        0.49003612995147705,
        0.4967627227306366,
        0.548897922039032,
        0.28635215759277344,
        0.5148231387138367,
        0.3174978792667389,
        0.5075601935386658,
        0.5153928399085999,
        0.46247369050979614,
        0.43695563077926636,
        0.4805198609828949,
        0.5541654229164124,
        0.6197031736373901,
        0.5749510526657104,
        0.46471673250198364,
        0.5700251460075378,
        0.6158335208892822,
        0.6383682489395142
    ]
}