{
    "seed": 1000010,
    "theta": [
        0.6819827556610107,
        0.5024445652961731,
        0.291225790977478,
        0.6678481101989746
    ],
    "x": [
        0.9653181433677673,
        0.8939139246940613,
        0.8100906610488892,
        0.8952701687812805,
        0.7795827388763428,
        0.9075640439987183,
        0.8259029388427734,
        0.7948131561279297,
        0.7921878695487976,
        0.5722152590751648,
        0.6839027404785156,
        0.6530115604400635,
        0.7119256258010864,
        0.6309828162193298,
        0.6714975833892822,
        0.46534475684165955,
        0.5350093841552734,
        0.6437093019485474,
        0.4621606171131134,
        0.47115734219551086,
        0.5137954950332642,
        0.4485583007335663,
        0.5040135979652405,
        0.28996506333351135,
        0.45194754004478455,
        0.46941694617271423,
        0.299660861492157,
        0.4583090543746948,
        0.40996742248535156,
        0.5209351778030396,
        0.46368345618247986,
        0.5542444586753845,
        0.28073182702064514,
        0.5476652979850769,
        0.5133532285690308,
        0.44741517305374146,
        0.49351489543914795,
        0.4925804138183594,
        0.35298511385917664,
        0.4890008270740509,
        0.4774194061756134,
        0.5265627503395081,
        0.4673333466053009,
        0.4904167056083679,
        0.45368894934654236,
        0.5460401177406311,
        0.4638652801513672,
        0.39821434020996094,
        0.3675040006637573,
        0.40024083852767944,
        0.48015034198760986,
        0.2039564698934555,
        0.4534786343574524,
        0.46831244230270386,
        0.5056742429733276,
        0.29590657353401184,
        0.4544425904750824,
        0.4825051724910736,
        0.47540029883384705,
        0.4996097683906555,
        0.26065394282341003,
        0.5490645170211792,
        0.5587753057479858,
        0.261184424161911,
        0.502044141292572,
        0.3805060088634491,
        0.5275973081588745,
        0.44672292470932007,
        0.3555973172187805,
        0.5530199408531189,
        0.4152269959449768,
        0.21586595475673676,
        0.47938981652259827,
        0.5278444886207581,
        0.26501694321632385,
        0.38127467036247253,
        0.4011801481246948,
        0.46662166714668274,
        0.5608438849449158,
        0.19335733354091644,
        0.3238321840763092,
        0.40971195697784424,
        0.5250644683837891,
        0.4444590210914612,
        0.4960843324661255,
        0.5392621159553528,
        0.4905432462692261,
        0.48887404799461365,
        0.5294187068939209,
        0.48755836486816406,
        0.5172501802444458,
        0.540289044380188,
        0.5094923377037048,
        0.5538498163223267,
        0.3478505313396454,
        0.5885579586029053,
        0.5055463314056396,
        0.5770413875579834,
        0.5957982540130615,
        0.6077755093574524,
        0.6363221406936646
    ]
}