{
    "seed": 1000005,
    "theta": [
        0.6481180787086487,
        0.5917806029319763,
        0.4158099591732025,
        0.6853963732719421
    ],
    "x": [
        0.8236361145973206,
        0.8646904230117798,
        0.9228774905204773,
        0.8678244352340698,
        0.9590365290641785,
        0.7189056277275085,
        0.833697497844696,
        0.7671887874603271,
        0.6493438482284546,
        0.5106897950172424,
        0.8191162347793579,
        0.8098054528236389,
        0.7141993045806885,
        0.7264760136604309,
        0.6554927825927734,
        0.5308257937431335,
        0.5976641178131104,
        0.5878868103027344,
        0.3389831483364105,
        0.48986512422561646,
        0.4690439999103546,
        0.5270736813545227,
        0.46591299772262573,
        0.4252677857875824,
        0.5021021366119385,
        0.3842412233352661,
        0.49937641620635986,
        0.4306603670120239,
        0.3333984315395355,
        0.4824434816837311,
        0.47076287865638733,
        0.4329718351364136,
        0.5465744137763977,
        0.453821063041687,
        0.5243799686431885,
        0.4850800931453705,
        0.3516939878463745,
        0.5477043390274048,
        0.3609257936477661,
        0.5058168768882751,
        0.2480064332485199,
        0.4811749756336212,
        0.548453152179718,
        0.5366531610488892,
        0.5020357966423035,
        0.5176405310630798,
        0.5964762568473816,
        0.5050174593925476,
        0.46590182185173035,
        0.5398572087287903,
        0.4418410062789917,
        0.4651007354259491,
        0.5090535283088684,
        0.448684960603714,
        0.5557421445846558,
        0.45312628149986267,
        0.43112805485725403,
        0.5243948698043823,
        0.3619028627872467,
        0.07176615297794342,
        0.4572184383869171,
        0.33309173583984375,
        0.28784993290901184,
        0.5099197626113892,
        0.22106781601905823,
        0.552445113658905,
        0.3576973080635071,
        0.43472975492477417,
        0.39567920565605164,
        0.3652951419353485,
        0.47010624408721924,
        0.4502662718296051,
        0.490456759929657,
        0.5090890526771545,
        0.3874993622303009,
        0.5499283075332642,
        0.44111430644989014,
        0.29445329308509827,
        0.4100151062011719,
        0.3738518953323364,
        0.4086158871650696,
        0.38479742407798767,
        0.4730910062789917,
        0.46696993708610535,
        0.5206890106201172,
        0.5437843203544617,
        0.2881017029285431,
        0.27469533681869507,
        0.4897904694080353,
        0.5183906555175781,
        0.4297758638858795,
        0.5249601006507874,
        0.5784825682640076,
        0.490560919046402,
        0.4125272035598755,
        0.49467647075653076,
        0.6095163822174072,
        0.33205515146255493,
        0.581640899181366,
        0.6148479580879211,
        0.7050400972366333
    ]
}