{
    "seed": 1000008,
    "theta": [
        0.6433751583099365,
        0.570583164691925,
        0.3314693868160248,
        0.748727560043335
    ],
    "x": [
        0.7210115790367126,
        0.9357894659042358,
        0.7814130187034607,
        0.7198325991630554,
        0.864785373210907,
        0.8125171661376953,
        0.8444638848304749,
        0.6238301396369934,
        0.7691800594329834,
        0.7149110436439514,
        0.7891855835914612,
        0.5780677795410156,
        0.6824294924736023,
        0.6595485806465149,
        0.6107630133628845,
        0.6396002173423767,
        0.6351354122161865,
        0.6585249304771423,
        0.5136174559593201,
        0.42721036076545715,
        0.49428609013557434,
        0.3857351839542389,
        0.5823389887809753,
        0.4528518617153168,
        0.5185737609863281,
        0.5327222347259521,
        0.4260939359664917,
        0.4345943331718445,
        0.5171852111816406,
        0.40553155541419983,
        0.5042134523391724,
        0.44277891516685486,
        0.4687204957008362,
        0.5017134547233582,
        0.5923685431480408,
        0.46962037682533264,
        0.531493604183197,
        0.4999454617500305,
        0.46617063879966736,
        0.531814694404602,
        0.3874755799770355,
        0.5384930968284607,
        0.5564512610435486,
        0.4749244749546051,
        0.3279324769973755,
        0.3892107605934143,
        0.3796480894088745,
        0.39684829115867615,
        0.43678221106529236,
        0.567730188369751,
        0.33612263202667236,
        0.5201224088668823,
        0.5931996703147888,
        0.3926071226596832,
        0.3867605924606323,
        0.4949081540107727,
        0.485183984041214,
        0.4649377167224884,
        0.4936509430408478,
        0.5484219789505005,
        0.45799434185028076,
        0.42814573645591736,
        0.5525755286216736,
        0.5238884091377258,
        0.3704027831554413,
        0.33027154207229614,
        0.4504491090774536,
        0.4476560056209564,
        0.4196053743362427,
        0.561309278011322,
        0.4415740966796875,
        0.17580464482307434,
        0.22745996713638306,
        0.26536622643470764,
        0.394247442483902,
        0.536028265953064,
        0.32250481843948364,
        0.390676885843277,
        0.5074349641799927,
        0.42929407954216003,
        0.37152454257011414,
        0.5649330019950867,
        0.49876683950424194,
        0.5428690314292908,
        0.4659692049026489,
        0.5774490237236023,
        0.5823680758476257,
        0.3864692747592926,
        0.3921179473400116,
        0.3304762542247772,
        0.5140973329544067,
        0.5450676083564758,
        0.3425833284854889,
        0.18059183657169342,
        0.5659716129302979,
        0.5370291471481323,
        0.42762184143066406,
        0.39238637685775757,
        0.477364718914032,
        0.45379459857940674,
        0.612145721912384
    ]
}