{
    "seed": 1000002,
    "theta": [
        1.0390608310699463,
        -0.008957594633102417,
        0.7193560004234314,
        -0.03853917121887207,
        -0.7071370482444763
    ],
    "x": [
        -0.12124542891979218,
        -0.356190025806427,
        -0.2859449088573456,
        -0.5511959195137024,
        -0.31441181898117065,
        -0.030194584280252457,
        -0.8423188924789429,
        -0.033322807401418686,
        0.569875180721283,
        -0.015074134804308414,
        -0.33260151743888855,
        -0.3820701539516449,
        0.13563302159309387,
        -0.30992305278778076,
        -0.2669811546802521,
        1.3302574157714844,
        0.030156780034303665,
        -0.5859462022781372,
        0.1532333344221115,
        -0.01468165498226881,
        0.0043537369929254055,
        -0.3714515268802643,
        -0.8943332433700562,
        -0.4997965097427368,
        -0.4276808798313141,
        0.13508227467536926,
        0.9063265919685364,
        -0.4857078790664673,
        0.6638808846473694,
        -0.7065054178237915,
        0.3916305899620056,
        -0.011705915443599224,
        -0.4911310374736786,
        -0.15397445857524872,
        0.5122663378715515,
        -0.8772898316383362,
        0.19982977211475372,
        0.11882510781288147,
        1.3633826971054077,
        -0.5573002696037292,
        -0.10864559561014175,
        0.9139657616615295,
        -0.9485828876495361,
        1.1883193254470825,
        0.2716379165649414,
        1.015937089920044,
        -0.15530350804328918,
        0.7075640559196472,
        0.5355136394500732,
        -0.15241512656211853,
        0.4703206717967987,
        0.06530854105949402,
        0.1986069232225418,
        0.08153573423624039,
        0.3620114326477051,
        0.31202128529548645,
        -0.25375106930732727,
        -0.1119447723031044,
        -0.4322880506515503,
        -0.23248444497585297,
        0.9839063882827759,
        -0.09507808834314346,
        0.40274330973625183,
        -0.8401326537132263,
        -1.1565614938735962,
        -0.19850772619247437,
        0.8241175413131714,
        -0.22308523952960968,
        0.23852825164794922,
        1.212494969367981,
        -0.8283573389053345,
        0.013294882141053677,
        -0.2398986518383026,
        -0.03968000039458275,
        0.8822654485702515,
        0.35216429829597473,
        0.7380810379981995,
        -1.2302830219268799,
        -0.13458135724067688,
        -0.6480005979537964,
        -0.10211404412984848,
        0.41549405455589294,
        0.09027330577373505,
        0.04293150454759598,
        -0.24737484753131866,
        0.4001829922199249,
        -1.2270479202270508,
        0.06496863812208176,
        -0.0017982766730710864,
        0.40483495593070984,
        0.5514994859695435,
        -0.7234382629394531,
        -0.5558291077613831,
        -0.4466029405593872,
        -0.298568993806839,
        0.7565653324127197,
        -0.21664507687091827,
        0.1832370012998581
    ]
}