{
    "seed": 1000008,
    "theta": [
        -0.35682812333106995,
        -0.0856780856847763,
        -0.07701572775840759,
        -0.22286099195480347,
        0.25801053643226624
    ],
    "x": [
        0.06010422855615616,
        0.27724015712738037,
        -0.36082974076271057,
        -0.2613757848739624,
        -0.43427330255508423,
        -0.5873397588729858,
        -0.1393512785434723,
        -0.23547841608524323,
        0.16245028376579285,
        0.22959096729755402,
        -0.3017139136791229,
        -0.3319065570831299,
        -0.014888850972056389,
        0.27223703265190125,
        0.29499781131744385,
        0.6833745837211609,
        0.04508226364850998,
        0.08079040795564651,
        -0.059750594198703766,
        -0.07483341544866562,
        -4.17354154586792,
        -0.9275568723678589,
        -0.16470254957675934,
        0.08989649266004562,
        -0.3657190799713135,
        -0.6112959980964661,
        -0.3953743875026703,
        0.9139582514762878,
        0.7038957476615906,
        0.2093871831893921,
        0.9334754347801208,
        -0.19328556954860687,
        -0.057580798864364624,
        0.4665820896625519,
        -0.32546985149383545,
        0.5622448921203613,
        0.09800583869218826,
        0.24968287348747253,
        -0.10317521542310715,
        -0.2277604639530182,
        0.029714073985815048,
        -0.3220953941345215,
        0.017561232671141624,
        0.08366105705499649,
        0.03922225162386894,
        0.14330388605594635,
        0.19698210060596466,
        1.146811842918396,
        0.41062870621681213,
        -0.09794112294912338,
        0.2031574845314026,
        -0.13865147531032562,
        0.33286452293395996,
        7.901585578918457,
        0.204208642244339,
        -0.005037980154156685,
        -0.9866030812263489,
        0.5740395784378052,
        -0.567641019821167,
        0.5604212284088135,
        0.1453515589237213,
        0.7950558662414551,
        0.09444718807935715,
        -0.05855466052889824,
        -0.03833132982254028,
        -0.147867351770401,
        0.41773101687431335,
        0.255521684885025,
        -0.3797190487384796,
        0.6241845488548279,
        -0.37299612164497375,
        -0.8096702098846436,
        0.049754802137613297,
        0.7868934869766235,
        0.42082834243774414,
        0.19688618183135986,
        0.24461860954761505,
        -0.08847285062074661,
        -0.18952371180057526,
        0.129651740193367,
        0.2986779808998108,
        -0.0010561627568677068,
        0.3231506049633026,
        0.6413002610206604,
        -0.3441466987133026,
        -0.22806356847286224,
        0.2845381796360016,
        0.11331620812416077,
        0.1960887908935547,
        0.03539528697729111,
        0.26754605770111084,
        -0.6721826195716858,
        -0.016170278191566467,
        0.8368229866027832,
        -0.037421345710754395,
        0.22154948115348816,
        0.212458074092865,
        -0.1521184742450714
    ]
}