{
    "seed": 1000004,
    "theta": [
        0.8043412566184998,
        -0.5418857336044312,
        0.5238363742828369,
        0.34152600169181824,
        -0.17488235235214233
    ],
    "x": [
        0.23261912167072296,
        -0.07206759601831436,
        -1.251777172088623,
        0.5357527136802673,
        -0.4937632381916046,
        0.4217454195022583,
        -1.080246090888977,
        -0.9542641639709473,
        -0.3339134454727173,
        -0.2634352445602417,
        -1.505893349647522,
        -0.2975563406944275,
        0.7751688957214355,
        0.6990892291069031,
        0.11939007043838501,
        0.9785480499267578,
        2.7771198749542236,
        0.43518945574760437,
        1.0765737295150757,
        -0.17606517672538757,
        0.373374879360199,
        -0.5636950135231018,
        1.119206428527832,
        -0.6603243350982666,
        -0.4178415536880493,
        -0.0034585525281727314,
        0.3319454491138458,
        0.2575666904449463,
        -0.22787326574325562,
        0.57419753074646,
        -0.38773199915885925,
        -0.7675178647041321,
        -0.6869351267814636,
        -0.3869793713092804,
        -0.04440085589885712,
        0.25579431653022766,
        1.1629691123962402,
        -0.13242532312870026,
        0.08323347568511963,
        -0.022020839154720306,
        -0.8017060160636902,
        0.6284873485565186,
        0.1400575488805771,
        0.11170952767133713,
        0.45810794830322266,
        0.2247879058122635,
        0.590178906917572,
        0.221077099442482,
        0.4041854441165924,
        -0.6235229969024658,
        -0.28083762526512146,
        -0.09026496112346649,
        -0.5556080937385559,
        0.24917161464691162,
        0.11326948553323746,
        0.8184276819229126,
        -0.43229401111602783,
        0.13279494643211365,
        0.5608193874359131,
        -0.8387607336044312,
        0.3471333384513855,
        -7.465919494628906,
        0.348581999540329,
        -0.7656599283218384,
        -0.30160245299339294,
        0.16785170137882233,
        0.5147128701210022,
        -0.11595823615789413,
        0.29576376080513,
        0.4133751690387726,
        -0.4071861207485199,
        -0.08176794648170471,
        0.4066716134548187,
        0.33062347769737244,
        0.4034300446510315,
        -0.12626229226589203,
        0.4218399226665497,
        0.023244164884090424,
        -0.05689787119626999,
        -0.014925490133464336,
        8.440900802612305,
        -0.5439862012863159,
        0.8058790564537048,
        0.5212933421134949,
        -0.5264539122581482,
        -0.029092911630868912,
        -0.41273045539855957,
        0.038810066878795624,
        -0.39807361364364624,
        0.39254260063171387,
        -0.007305490784347057,
        -0.6599467992782593,
        -0.6255196928977966,
        -0.3688965141773224,
        0.4318784177303314,
        0.32437998056411743,
        -0.3766435384750366,
        0.2699446976184845
    ]
}