{
    "seed": 1000003,
    "theta": [
        0.6625035405158997,
        -0.5145493745803833,
        0.2613059878349304,
        -0.10945162177085876,
        0.170349583029747
    ],
    "x": [
        -0.5893864631652832,
        0.08247343450784683,
        0.2628963589668274,
        -0.6834002733230591,
        0.8764697909355164,
        -0.7162241339683533,
        -0.79250568151474,
        -1.0115177631378174,
        -0.3270135521888733,
        0.481880784034729,
        0.5300925374031067,
        0.2898961007595062,
        0.3983782231807709,
        0.36789724230766296,
        0.2072129249572754,
        0.7097894549369812,
        -0.40170809626579285,
        -0.9397948980331421,
        0.6644187569618225,
        -0.25856706500053406,
        0.1282689869403839,
        -0.28375139832496643,
        -0.5367918610572815,
        0.7927541732788086,
        -0.4598754644393921,
        0.36759212613105774,
        0.10873305052518845,
        -0.005832368042320013,
        -0.2896176278591156,
        0.9630722403526306,
        -0.1425132155418396,
        -0.7287031412124634,
        0.01035376638174057,
        0.9785489439964294,
        0.3764013648033142,
        0.1316804587841034,
        0.8166261911392212,
        0.32253915071487427,
        0.5483281016349792,
        0.8537350296974182,
        0.6330779790878296,
        0.6690053939819336,
        0.32388052344322205,
        0.24723778665065765,
        0.8858368396759033,
        -0.23141206800937653,
        0.34076982736587524,
        0.41620373725891113,
        -0.3455917537212372,
        0.1949654519557953,
        -0.37184664607048035,
        0.11523768305778503,
        -0.22940054535865784,
        -0.30536651611328125,
        0.2130150943994522,
        1.2666958570480347,
        -0.35945814847946167,
        0.007425534538924694,
        -0.22190146148204803,
        0.09237125515937805,
        0.6204193234443665,
        0.21368157863616943,
        0.3016897439956665,
        -1.0611798763275146,
        -0.53077232837677,
        -0.21593888103961945,
        -0.5305842757225037,
        -0.3136884868144989,
        0.7338962554931641,
        0.569805920124054,
        -0.3346395194530487,
        -0.46653619408607483,
        -0.09969402849674225,
        -0.13488629460334778,
        0.8771531581878662,
        0.39365434646606445,
        0.5031988024711609,
        -0.14522191882133484,
        -0.08694791048765182,
        0.204606831073761,
        -0.37784647941589355,
        0.2990851104259491,
        0.41252416372299194,
        0.7981253862380981,
        -0.06356080621480942,
        -0.4004904329776764,
        -0.09762564301490784,
        0.047260139137506485,
        0.08711784332990646,
        0.2143861949443817,
        0.4309322237968445,
        -0.2829820513725281,
        -0.43818289041519165,
        -0.5339888334274292,
        0.24123968183994293,
        0.7631785869598389,
        0.5081211924552917,
        -0.03680078685283661
    ]
}