{
    "seed": 1000001,
    "theta": [
        0.5033241510391235,
        -0.2796519696712494,
        0.45919305086135864,
        -0.09801673889160156,
        1.251470685005188
    ],
    "x": [
        -0.18314018845558167,
        0.4467584788799286,
        -0.08377431333065033,
        0.2900068759918213,
        -0.1862553358078003,
        -0.13937635719776154,
        -0.03519318625330925,
        -1.164041519165039,
        -0.6349170207977295,
        -0.2868577539920807,
        -1.0415682792663574,
        -0.3007245659828186,
        0.317105770111084,
        -0.023137256503105164,
        0.8176100850105286,
        -0.05250868573784828,
        0.03686719760298729,
        0.8072568774223328,
        1.1695137023925781,
        -0.8329383134841919,
        -0.9754922986030579,
        1.2020301818847656,
        0.05746341496706009,
        0.4458198547363281,
        0.7850973606109619,
        0.5153799057006836,
        -0.31822729110717773,
        -1.0042715072631836,
        -0.14669793844223022,
        -0.3111748695373535,
        0.1662130206823349,
        -0.04992241784930229,
        0.45416468381881714,
        -9.685088157653809,
        -0.15860426425933838,
        0.1882784217596054,
        -0.18484875559806824,
        -0.04353275150060654,
        -0.5816767811775208,
        -0.31757572293281555,
        -0.005284716375172138,
        -0.17877911031246185,
        -0.7191147804260254,
        0.339323490858078,
        -0.2019258737564087,
        0.2960820496082306,
        0.27611953020095825,
        0.4036955237388611,
        0.8101356625556946,
        -0.7386960983276367,
        -0.019069170579314232,
        0.2183467298746109,
        0.0993676483631134,
        -0.4003291428089142,
        -0.02220161259174347,
        0.5433768033981323,
        -0.4824109673500061,
        -0.43907517194747925,
        0.4737144410610199,
        -0.4805845618247986,
        0.16392995417118073,
        0.14468206465244293,
        0.3336452841758728,
        -0.606661856174469,
        -0.35577329993247986,
        -0.381595641374588,
        -0.4474363923072815,
        0.026403658092021942,
        0.5868179202079773,
        0.4681108593940735,
        -0.17843352258205414,
        -0.24995850026607513,
        -0.19298692047595978,
        0.6559862494468689,
        -0.2061154544353485,
        0.6882339119911194,
        0.3036547899246216,
        -1.0248368978500366,
        0.2628905475139618,
        0.08497001975774765,
        0.4889719486236572,
        0.6691433191299438,
        0.3912089169025421,
        0.0935622826218605,
        -0.4218072295188904,
        -0.5138056874275208,
        -0.30238717794418335,
        -0.11128228902816772,
        -0.2797965109348297,
        1.1099656820297241,
        -8.430216789245605,
        -0.40395352244377136,
        -0.21269011497497559,
        -0.04573015496134758,
        0.12208309024572372,
        0.3247508406639099,
        0.3799416422843933,
        0.3548666834831238
    ]
}