{
    "seed": 1000012,
    "theta": [
        0.4004122018814087,
        -0.0838405042886734,
        0.8931529521942139,
        0.8683724403381348,
        0.5092562437057495
    ],
    "x": [
        -0.3110986053943634,
        -0.2635670304298401,
        -0.6289055347442627,
        -0.9783143997192383,
        -0.30993184447288513,
        -0.4307974576950073,
        0.11129485815763474,
        0.421529620885849,
        -0.11460950970649719,
        0.20257054269313812,
        -1.336686611175537,
        -0.9803886413574219,
        -0.6982148289680481,
        -0.3233462870121002,
        0.39532819390296936,
        -1.0643607378005981,
        -0.806293785572052,
        0.5761741399765015,
        0.36554935574531555,
        0.38176754117012024,
        0.654128909111023,
        0.29309943318367004,
        -1.4323736429214478,
        -0.38403913378715515,
        0.24731695652008057,
        0.20365646481513977,
        0.12250348925590515,
        -0.7267141938209534,
        -0.3835848867893219,
        0.45273903012275696,
        1.188346028327942,
        1.6811258792877197,
        0.49757879972457886,
        0.6953866481781006,
        0.33971571922302246,
        0.9561471939086914,
        -0.07415595650672913,
        -0.13556167483329773,
        -0.8690692186355591,
        0.10589607059955597,
        0.5287583470344543,
        0.6407796144485474,
        0.1513441801071167,
        0.8283750414848328,
        -0.21482796967029572,
        0.49424469470977783,
        0.4826291501522064,
        -0.06516162306070328,
        0.8672627806663513,
        0.028782710433006287,
        -0.1236305683851242,
        -0.26903560757637024,
        0.7278159856796265,
        -0.47568222880363464,
        0.7151490449905396,
        1.299170970916748,
        -1.2074531316757202,
        -0.640019416809082,
        -0.2471204251050949,
        0.9293251037597656,
        -0.09186088293790817,
        0.4047437906265259,
        0.5504687428474426,
        -0.6648407578468323,
        -0.41720709204673767,
        -0.38055676221847534,
        -0.0706343799829483,
        0.19516430795192719,
        0.7244228720664978,
        0.7919012904167175,
        -0.5931434631347656,
        -1.353675365447998,
        -1.0040888786315918,
        0.05911962315440178,
        0.8235922455787659,
        -0.13376447558403015,
        0.8834396004676819,
        -1.1678427457809448,
        -0.5255151987075806,
        -0.48835256695747375,
        -1.0723412036895752,
        0.30584558844566345,
        0.6185598969459534,
        -0.018019624054431915,
        -0.19528315961360931,
        0.12904612720012665,
        -0.5080347657203674,
        -0.9761223196983337,
        0.16054101288318634,
        -0.5567649602890015,
        0.12558841705322266,
        -0.739549458026886,
        -0.7184134125709534,
        -0.9457107782363892,
        -0.08250140398740768,
        0.46752068400382996,
        0.026210715994238853,
        0.7908057570457458
    ]
}