{
    "seed": 1000009,
    "theta": [
        0.2529333233833313,
        -0.7247219085693359,
        -0.15465736389160156,
        0.46670907735824585,
        0.21834832429885864
    ],
    "x": [
        -0.2826170027256012,
        -0.25867539644241333,
        0.2324191778898239,
        0.772162139415741,
        -1.0754200220108032,
        0.151595339179039,
        0.21165011823177338,
        -0.5086942911148071,
        -0.6777573227882385,
        0.4038471281528473,
        0.28807681798934937,
        0.18473310768604279,
        -0.21395710110664368,
        -0.29164832830429077,
        -1.4378607273101807,
        0.3490722179412842,
        -0.03413918614387512,
        -0.4002687335014343,
        -0.8748523592948914,
        -1.0347009897232056,
        -0.15805155038833618,
        -0.5214852094650269,
        0.34168365597724915,
        -0.34134578704833984,
        -0.06313833594322205,
        0.29246315360069275,
        -0.14085564017295837,
        -0.17984093725681305,
        0.309347927570343,
        -0.1641523689031601,
        -0.41774874925613403,
        0.06944672763347626,
        -0.30590370297431946,
        -0.19957168400287628,
        0.316940039396286,
        0.448619544506073,
        -0.3844948709011078,
        0.4906994104385376,
        -0.20192918181419373,
        0.7249657511711121,
        0.033883389085531235,
        -0.5233228802680969,
        0.08179700374603271,
        0.7317463159561157,
        0.4151688516139984,
        0.18864555656909943,
        -0.6696458458900452,
        -0.12945446372032166,
        0.643835723400116,
        -0.4564455449581146,
        -0.21634458005428314,
        0.15636178851127625,
        -0.2628629803657532,
        0.21363987028598785,
        0.346144437789917,
        0.48591431975364685,
        -0.24834127724170685,
        -0.1655702292919159,
        0.07529480755329132,
        0.16735069453716278,
        0.15856356918811798,
        0.4162294864654541,
        0.3013559877872467,
        0.07324478030204773,
        -0.01940811052918434,
        -0.09870539605617523,
        -0.4143688380718231,
        0.22823813557624817,
        0.20481015741825104,
        -0.28789573907852173,
        -0.5436508059501648,
        -0.519767165184021,
        0.4346071183681488,
        0.022466907277703285,
        0.14429719746112823,
        0.37386882305145264,
        0.20787297189235687,
        -0.36297640204429626,
        -0.3885239362716675,
        -0.20863467454910278,
        0.09102636575698853,
        -0.37200668454170227,
        0.32227787375450134,
        0.3460298776626587,
        -0.34210771322250366,
        -0.1074947789311409,
        -0.8601016402244568,
        0.07851514220237732,
        -0.026617711409926414,
        0.08058203011751175,
        0.46507149934768677,
        -0.507686972618103,
        -0.5337536931037903,
        -0.10781349241733551,
        -0.40204963088035583,
        0.19291703402996063,
        -0.11298041045665741,
        0.1155768483877182
    ]
}