{
    "seed": 1000010,
    "theta": [
        0.4743190109729767,
        0.6617884039878845,
        -0.30316174030303955,
        0.5727193355560303,
        -0.2891792356967926
    ],
    "x": [
        -0.5216964483261108,
        -0.4453897774219513,
        0.30386027693748474,
        -0.19416144490242004,
        -0.0026455463375896215,
        -0.18308418989181519,
        0.18043501675128937,
        -0.3033119738101959,
        -0.19409622251987457,
        0.03434145078063011,
        -0.05645868182182312,
        -0.028914980590343475,
        -0.33919990062713623,
        0.4097827970981598,
        0.04529406875371933,
        0.7760376334190369,
        -0.07981424778699875,
        0.2390754073858261,
        0.7320020794868469,
        -0.7738507986068726,
        0.25536587834358215,
        0.019205285236239433,
        -0.31245696544647217,
        0.7298088669776917,
        0.054223984479904175,
        0.48404043912887573,
        0.7606477737426758,
        -0.2434120774269104,
        0.37360018491744995,
        0.0928884819149971,
        -0.18623721599578857,
        0.681843638420105,
        -0.7808539271354675,
        0.4797283709049225,
        -0.26704689860343933,
        -0.20589393377304077,
        -0.5825543999671936,
        0.21335972845554352,
        0.4758111536502838,
        -0.4753575325012207,
        0.032620977610349655,
        -7.011927604675293,
        -0.2037123739719391,
        0.08288975059986115,
        -0.18742386996746063,
        -0.34785276651382446,
        -0.5667679905891418,
        -0.06338217854499817,
        0.36073535680770874,
        -0.043045319616794586,
        0.6924198269844055,
        -0.5336811542510986,
        0.0755649134516716,
        -0.6712284684181213,
        -0.28158295154571533,
        -0.3413529098033905,
        0.49022743105888367,
        0.3174542188644409,
        -0.4677056074142456,
        -6.654251575469971,
        0.1433621346950531,
        0.44980287551879883,
        -0.40746939182281494,
        -0.042003095149993896,
        0.41596719622612,
        0.019780075177550316,
        0.46412497758865356,
        -0.21000395715236664,
        -0.03560635447502136,
        0.2539607882499695,
        0.06195395812392235,
        -0.14079608023166656,
        -0.5522423982620239,
        -0.18451017141342163,
        0.6465262174606323,
        -0.34703880548477173,
        -0.6085823178291321,
        -0.4422358572483063,
        0.27412649989128113,
        -0.3424118161201477,
        -0.3778612017631531,
        0.4396962523460388,
        -0.7147358059883118,
        -0.35508784651756287,
        -0.3861330449581146,
        0.7357861995697021,
        -0.38887035846710205,
        0.028874259442090988,
        -0.08188743889331818,
        0.12652292847633362,
        -0.40559351444244385,
        0.20776741206645966,
        -0.2718782424926758,
        0.14094209671020508,
        -0.5796365141868591,
        -1.2857688665390015,
        0.21354901790618896,
        0.1764662265777588
    ]
}