{
    "seed": 1000005,
    "theta": [
        -0.1230105608701706,
        -0.0749949961900711,
        0.914649248123169,
        0.8716192245483398,
        0.08938071876764297
    ],
    "x": [
        0.11783593147993088,
        0.2106401026248932,
        -0.3655363619327545,
        -0.8957410454750061,
        -0.9598029851913452,
        0.2415843904018402,
        -0.09888432174921036,
        -0.3278438150882721,
        0.9409629106521606,
        -0.25960659980773926,
        -0.5015591382980347,
        -1.1482281684875488,
        -0.47922930121421814,
        -0.13380345702171326,
        -1.0223703384399414,
        0.5661957263946533,
        -0.819362461566925,
        0.7683424353599548,
        0.0903874859213829,
        0.27911704778671265,
        1.1176495552062988,
        -0.4815978705883026,
        -0.5021663904190063,
        -0.3797498047351837,
        0.2816868722438812,
        0.40320706367492676,
        0.09120536595582962,
        -0.35197919607162476,
        0.630268931388855,
        0.4408770799636841,
        0.37813860177993774,
        -0.8551225662231445,
        0.0787220224738121,
        0.20042088627815247,
        0.4920220673084259,
        -9.360305786132812,
        0.3960352838039398,
        0.7772464752197266,
        0.08065429329872131,
        0.11068730801343918,
        0.2804180681705475,
        -0.37499159574508667,
        0.34978535771369934,
        0.5581651926040649,
        0.47596681118011475,
        0.5828570127487183,
        0.5122758746147156,
        -0.18031403422355652,
        0.36018893122673035,
        -0.4941929280757904,
        -0.31212764978408813,
        1.3124593496322632,
        -0.656527042388916,
        0.37972915172576904,
        0.6860344409942627,
        -4.887210845947266,
        -1.0637866258621216,
        -0.170856311917305,
        -0.30907776951789856,
        0.7179020047187805,
        -0.3896729648113251,
        0.5446090698242188,
        0.559432327747345,
        -0.6810944080352783,
        -1.0619145631790161,
        -0.22240640223026276,
        0.3042888045310974,
        0.21585826575756073,
        0.8778218030929565,
        0.2284349799156189,
        -0.6511608958244324,
        1.8693844079971313,
        -0.4264412224292755,
        -3.1587865352630615,
        0.40390676259994507,
        0.4398077726364136,
        0.81392902135849,
        -0.7601091265678406,
        -0.07849978655576706,
        -0.4569120407104492,
        -0.9754778146743774,
        -0.17499138414859772,
        0.8783469200134277,
        0.40660133957862854,
        -0.7767999768257141,
        -0.34778669476509094,
        0.08757209777832031,
        -0.09780598431825638,
        0.35194236040115356,
        0.6163411736488342,
        0.5414655208587646,
        -0.7125929594039917,
        -0.5880347490310669,
        -0.1642371267080307,
        0.3922608196735382,
        -0.7481331825256348,
        0.533416748046875,
        0.7374377250671387
    ]
}