{
    "seed": 1000000,
    "theta": [
        1.1032532453536987,
        -0.3980977535247803,
        0.777765154838562,
        0.8047186136245728,
        -0.29697197675704956
    ],
    "x": [
        -0.2745383381843567,
        -0.08744191378355026,
        -0.20011554658412933,
        0.009900224395096302,
        -1.1757023334503174,
        -0.3657749891281128,
        -0.29061436653137207,
        -1.1443345546722412,
        -0.8042802214622498,
        0.43150803446769714,
        0.20040172338485718,
        0.40315234661102295,
        1.5633766651153564,
        0.35444432497024536,
        5.0350565910339355,
        0.6096618175506592,
        -0.3668977916240692,
        -0.6199943423271179,
        -1.2371313571929932,
        -0.18170030415058136,
        0.7477607131004333,
        0.5802257657051086,
        -1.705432415008545,
        0.40331196784973145,
        -0.17363867163658142,
        0.9059123396873474,
        -0.2186351716518402,
        0.2664279639720917,
        0.1145218163728714,
        -0.11458387970924377,
        -0.8138992190361023,
        -0.08056032657623291,
        -0.17532196640968323,
        -0.6596360802650452,
        0.7459591031074524,
        0.13636533915996552,
        0.011334829032421112,
        0.7679027915000916,
        0.14839023351669312,
        -0.514978289604187,
        0.17159417271614075,
        -0.4934094250202179,
        -0.7440949082374573,
        -0.07174254953861237,
        1.064521312713623,
        0.2257019579410553,
        0.04096556827425957,
        0.44859325885772705,
        -0.9824371933937073,
        0.2240399867296219,
        -0.19192805886268616,
        -0.25639843940734863,
        0.16533441841602325,
        0.14771060645580292,
        0.2530093193054199,
        0.6518877744674683,
        -1.1435258388519287,
        -0.38591817021369934,
        -7.671506881713867,
        -0.5613875389099121,
        0.033259447664022446,
        -0.1747259795665741,
        0.7195806503295898,
        -0.3523879647254944,
        -0.37107574939727783,
        -0.6780983209609985,
        0.43929311633110046,
        -0.24124853312969208,
        0.6021929383277893,
        0.9012213349342346,
        -0.7293151021003723,
        -0.5746739506721497,
        -0.3551584482192993,
        0.2406168133020401,
        0.2960886061191559,
        0.8038439750671387,
        0.8617763519287109,
        -1.0583378076553345,
        0.00821907352656126,
        -0.3329813480377197,
        -0.19192659854888916,
        -0.0612964853644371,
        -0.31933727860450745,
        0.16918961703777313,
        -0.8772309422492981,
        -0.4876747131347656,
        -0.7027294635772705,
        -0.10585290938615799,
        0.4638023376464844,
        -0.22586530447006226,
        1.2366387844085693,
        -0.41381263732910156,
        -0.8062176704406738,
        -0.3771324157714844,
        -0.12319932878017426,
        0.12995493412017822,
        0.012944856658577919,
        0.07217776030302048
    ]
}