{
    "seed": 1000005,
    "theta": [
        1.2633517980575562,
        -1.2081093788146973,
        0.8040258884429932,
        -0.06365079432725906,
        -0.13779103755950928
    ],
    "x": [
        -0.031552232801914215,
        0.32343223690986633,
        0.029642973095178604,
        -0.7061642408370972,
        -0.8720652461051941,
        0.7376778721809387,
        0.33538421988487244,
        -0.8320924639701843,
        1.405006766319275,
        -0.05626297369599342,
        -0.31744125485420227,
        -1.2281956672668457,
        -0.35115358233451843,
        0.13549457490444183,
        -1.7259505987167358,
        0.9539050459861755,
        -0.9076674580574036,
        1.0744839906692505,
        0.5197729468345642,
        0.5657603740692139,
        1.7918503284454346,
        -0.6111356019973755,
        -0.9507701396942139,
        -0.7083520293235779,
        0.38706010580062866,
        0.7166727781295776,
        0.20402945578098297,
        -0.45250993967056274,
        0.764094889163971,
        0.333956241607666,
        0.4084758460521698,
        -1.1240782737731934,
        0.1523117572069168,
        0.5484576225280762,
        0.7152690291404724,
        -9.360305786132812,
        0.19501614570617676,
        0.7999835014343262,
        -0.2738199532032013,
        -0.1771901398897171,
        0.3890420198440552,
        -0.7044929265975952,
        0.006799621041864157,
        0.19596366584300995,
        0.25765225291252136,
        0.26779642701148987,
        -0.03565249592065811,
        -0.8626636862754822,
        0.36038413643836975,
        -0.7484694719314575,
        -0.20373623073101044,
        0.8955643773078918,
        -0.44358232617378235,
        0.37839624285697937,
        0.6781885623931885,
        -4.887210845947266,
        -1.0301119089126587,
        -0.4090694785118103,
        -0.119773268699646,
        0.5089977979660034,
        -0.1550396829843521,
        0.5770210027694702,
        0.6436225771903992,
        -0.7358291149139404,
        -0.9523566961288452,
        -0.3045225739479065,
        0.3064121603965759,
        0.2715800106525421,
        0.8158639669418335,
        0.41439127922058105,
        -0.7090766429901123,
        1.8693844079971313,
        -0.4817667603492737,
        -3.1587865352630615,
        0.46081480383872986,
        0.5062985420227051,
        0.8238339424133301,
        -0.7836581468582153,
        -0.25736838579177856,
        -0.43952009081840515,
        -0.7148666381835938,
        -0.05926666036248207,
        0.8348971009254456,
        0.5473096966743469,
        -0.7966429591178894,
        -0.43646439909935,
        -0.056932080537080765,
        -0.08354735374450684,
        0.14710381627082825,
        0.721055269241333,
        0.6890631914138794,
        -0.7519469261169434,
        -0.6061035990715027,
        -0.23044589161872864,
        0.2621338963508606,
        -0.4302228093147278,
        0.41471046209335327,
        0.9563308358192444
    ]
}