{
    "seed": 1000001,
    "theta": [
        1.219786524772644,
        -1.0123982429504395,
        0.664913535118103,
        -0.2567290663719177,
        -0.06177051365375519
    ],
    "x": [
        -0.3755335509777069,
        0.4389715790748596,
        -0.0705907791852951,
        0.6058260798454285,
        -0.09473901242017746,
        -0.034827519208192825,
        0.1169714480638504,
        -1.2713574171066284,
        -0.6987946033477783,
        -0.19815309345722198,
        -1.1461113691329956,
        -0.2202008217573166,
        0.4998056888580322,
        0.10308337956666946,
        1.039986491203308,
        0.2741745710372925,
        0.4340168833732605,
        0.8898612260818481,
        1.4145067930221558,
        -0.9433397650718689,
        -1.1456462144851685,
        1.446389079093933,
        0.061129406094551086,
        0.6595257520675659,
        0.7756096124649048,
        0.44840335845947266,
        -0.35744255781173706,
        -1.2202560901641846,
        -0.27403321862220764,
        -0.4241352081298828,
        0.10426891595125198,
        -0.08486353605985641,
        0.516204297542572,
        -9.685088157653809,
        -0.1906839907169342,
        0.10125584900379181,
        -0.3434223532676697,
        -0.16106386482715607,
        -0.7155389189720154,
        -0.34158849716186523,
        0.09059621393680573,
        -0.27318379282951355,
        -1.032157301902771,
        0.24115495383739471,
        -0.440481036901474,
        0.1924910843372345,
        0.22009527683258057,
        0.35200008749961853,
        0.9739118814468384,
        -0.9804244041442871,
        -0.05330619588494301,
        0.16378222405910492,
        0.09061816334724426,
        -0.22743891179561615,
        0.16484884917736053,
        0.6597205400466919,
        -0.6429741382598877,
        -0.6135683059692383,
        0.3661538064479828,
        -0.24270790815353394,
        0.23387411236763,
        0.28949272632598877,
        0.48683422803878784,
        -0.7101423740386963,
        -0.5087012052536011,
        -0.493368923664093,
        -0.32779496908187866,
        0.1255282312631607,
        0.662114679813385,
        0.603306770324707,
        -0.354566752910614,
        -0.37850669026374817,
        -0.3910340666770935,
        0.5229288935661316,
        0.054233212023973465,
        0.7336249947547913,
        0.4493318200111389,
        -1.0570299625396729,
        0.03695705160498619,
        -0.05244632437825203,
        0.19819584488868713,
        0.7793566584587097,
        0.6347946524620056,
        0.29531458020210266,
        -0.5559365749359131,
        -0.5785471200942993,
        -0.3364829123020172,
        -0.1412234902381897,
        -0.32916349172592163,
        1.2116667032241821,
        -8.430216789245605,
        -0.5496450662612915,
        -0.3383716940879822,
        -0.125099778175354,
        0.07669222354888916,
        0.08858104050159454,
        0.3334629237651825,
        0.5983002185821533
    ]
}