{
    "seed": 1000009,
    "theta": [
        1.167161464691162,
        -1.0528489351272583,
        0.7215288281440735,
        0.332592248916626,
        -0.1009318009018898
    ],
    "x": [
        -0.11943583935499191,
        -0.3272223174571991,
        0.3808659017086029,
        1.25080406665802,
        -1.5880557298660278,
        0.11552223563194275,
        0.2584455609321594,
        -0.5979739427566528,
        -0.8509119749069214,
        0.462441623210907,
        0.3592132329940796,
        0.20956845581531525,
        -0.37500274181365967,
        -0.4427211582660675,
        -2.386996030807495,
        0.17902134358882904,
        -0.12324540317058563,
        -0.528191864490509,
        -1.2357741594314575,
        -1.4794139862060547,
        -0.3322913348674774,
        -0.7299826741218567,
        0.5059895515441895,
        -0.5849431753158569,
        -0.08745691180229187,
        0.47221606969833374,
        -0.158098503947258,
        -0.25308099389076233,
        0.46331942081451416,
        -0.2972520887851715,
        -0.6963801980018616,
        0.009852675721049309,
        -0.40393319725990295,
        -0.03310704231262207,
        0.5382177233695984,
        0.6947960257530212,
        -0.540117621421814,
        0.7047255039215088,
        -0.3069695234298706,
        1.280294418334961,
        -0.15702879428863525,
        -0.5505387783050537,
        0.2284621149301529,
        1.1177715063095093,
        0.654761016368866,
        0.40668216347694397,
        -0.78034508228302,
        -0.12212599813938141,
        0.8865793943405151,
        -0.801071047782898,
        -0.21805943548679352,
        0.06687742471694946,
        -0.24937504529953003,
        0.31312575936317444,
        0.522453248500824,
        0.7093315720558167,
        -0.492684930562973,
        -0.40420860052108765,
        0.09129606932401657,
        0.13545867800712585,
        0.2599301040172577,
        0.5896226167678833,
        0.5331917405128479,
        -0.16784951090812683,
        -0.2868225872516632,
        -0.17584338784217834,
        -0.3262775242328644,
        0.32635825872421265,
        0.38651326298713684,
        -0.030290301889181137,
        -0.7638838887214661,
        -0.6862937808036804,
        0.27844151854515076,
        -0.02275954931974411,
        0.2565666437149048,
        0.5423802137374878,
        0.44224637746810913,
        -0.5914912819862366,
        -0.5623276829719543,
        -0.3029745817184448,
        0.027986662462353706,
        -0.2771356999874115,
        0.599035382270813,
        0.5704973936080933,
        -0.571968674659729,
        -0.29404762387275696,
        -0.9302664399147034,
        0.09200974553823471,
        -0.04221208393573761,
        0.3870956599712372,
        0.7034050226211548,
        -0.7301100492477417,
        -0.7014732360839844,
        -0.2122005969285965,
        -0.3824099004268646,
        0.09729081392288208,
        -0.023215878754854202,
        0.37354254722595215
    ]
}