{
    "seed": 1000012,
    "theta": [
        1.1931586265563965,
        -0.9989901185035706,
        0.9060410261154175,
        -0.031183570623397827,
        -0.1594921201467514
    ],
    "x": [
        -0.3395829200744629,
        -0.18289579451084137,
        -0.45190882682800293,
        -0.8491932153701782,
        -0.21073561906814575,
        -0.2965526878833771,
        0.34187984466552734,
        0.5792739391326904,
        0.059672802686691284,
        0.28943830728530884,
        -1.5140960216522217,
        -0.9427176117897034,
        -0.6903884410858154,
        -0.2617429196834564,
        0.5454975962638855,
        -1.2662948369979858,
        -0.8018518090248108,
        0.7129738926887512,
        0.5782108306884766,
        0.6104162335395813,
        0.886991560459137,
        0.34698960185050964,
        -1.8549613952636719,
        -0.517063319683075,
        0.3744102120399475,
        0.22955840826034546,
        0.18893027305603027,
        -0.9494146704673767,
        -0.5965985655784607,
        0.4357164204120636,
        1.3835699558258057,
        1.9864391088485718,
        0.4787902235984802,
        0.8443398475646973,
        0.2963738739490509,
        1.001791000366211,
        -0.24295493960380554,
        -0.3079894483089447,
        -1.1253679990768433,
        0.0008717958116903901,
        0.49043458700180054,
        0.7903151512145996,
        -0.13246387243270874,
        0.7840630412101746,
        -0.44050028920173645,
        0.4008292853832245,
        0.2579725980758667,
        -0.08150672912597656,
        0.9291101098060608,
        -0.28498297929763794,
        -0.19565701484680176,
        -0.11409785598516464,
        0.5529108643531799,
        -0.2531973123550415,
        0.7091257572174072,
        1.197858214378357,
        -1.1576038599014282,
        -0.7850545644760132,
        -0.08426302671432495,
        0.6928726434707642,
        0.030716532841324806,
        0.47954249382019043,
        0.638254702091217,
        -0.6648407578468323,
        -0.5615201592445374,
        -0.42266371846199036,
        0.10167109966278076,
        0.25899648666381836,
        0.7171409726142883,
        0.8186660408973694,
        -0.6704177260398865,
        -1.1934107542037964,
        -0.8734551668167114,
        0.11006154865026474,
        0.7406271696090698,
        0.11250630766153336,
        0.888016402721405,
        -1.0978244543075562,
        -0.5691027641296387,
        -0.47265997529029846,
        -0.8340252637863159,
        0.263376384973526,
        0.6901434659957886,
        0.2243475764989853,
        -0.37203431129455566,
        -0.08272460103034973,
        -0.48086926341056824,
        -0.7555308938026428,
        0.11473539471626282,
        -0.5567649602890015,
        0.4272845387458801,
        -0.7778781652450562,
        -0.7124406695365906,
        -0.804383397102356,
        -0.07239960879087448,
        0.22774560749530792,
        0.0011610757792368531,
        0.9805700182914734
    ]
}