{
    "seed": 1000004,
    "theta": [
        0.8849517107009888,
        -0.7652252912521362,
        0.5467962026596069,
        -0.02838059514760971,
        -0.3424842357635498
    ],
    "x": [
        0.24457764625549316,
        -0.06507499516010284,
        -1.2817046642303467,
        0.5651857852935791,
        -0.4922106862068176,
        0.4565248191356659,
        -1.0753644704818726,
        -0.9411283135414124,
        -0.33586156368255615,
        -0.2620014548301697,
        -1.505893349647522,
        -0.30608272552490234,
        0.8114036917686462,
        0.7327272295951843,
        0.1233251765370369,
        1.0076335668563843,
        2.7771198749542236,
        0.45908603072166443,
        1.0988359451293945,
        -0.16573810577392578,
        0.3815128207206726,
        -0.5767672657966614,
        1.1248689889907837,
        -0.6461953520774841,
        -0.42708075046539307,
        0.0034485128708183765,
        0.3434215784072876,
        0.2617848813533783,
        -0.2684252858161926,
        0.568904459476471,
        -0.37252065539360046,
        -0.7713732719421387,
        -0.7309184670448303,
        -0.3880012035369873,
        -0.04696742445230484,
        0.25976693630218506,
        1.1768090724945068,
        -0.15530267357826233,
        0.08779305219650269,
        -0.03473443537950516,
        -0.8991759419441223,
        0.5969030261039734,
        0.11034832149744034,
        0.09321194142103195,
        0.456502228975296,
        0.22667744755744934,
        0.5974534749984741,
        0.225698783993721,
        0.4522443413734436,
        -0.6655539870262146,
        -0.2721326947212219,
        -0.06731820106506348,
        -0.5186084508895874,
        0.26318302750587463,
        0.16333332657814026,
        0.8281427621841431,
        -0.48371538519859314,
        0.0840444341301918,
        0.49677446484565735,
        -0.7719656825065613,
        0.34927433729171753,
        -7.465919494628906,
        0.39018434286117554,
        -0.7863028645515442,
        -0.3597426414489746,
        0.10645496100187302,
        0.49700284004211426,
        -0.07651206851005554,
        0.3317066729068756,
        0.45446527004241943,
        -0.4484742283821106,
        -0.1328904628753662,
        0.3179496228694916,
        0.328502357006073,
        0.43294423818588257,
        -0.060255665332078934,
        0.4558165371417999,
        -0.04673081636428833,
        -0.10415417701005936,
        -0.05762533098459244,
        8.440900802612305,
        -0.47608402371406555,
        0.8153802156448364,
        0.5535739064216614,
        -0.5575019121170044,
        -0.07533586770296097,
        -0.4218418300151825,
        0.014943534508347511,
        -0.37231767177581787,
        0.41002902388572693,
        0.07180602103471756,
        -0.6820834875106812,
        -0.6432847380638123,
        -0.3795529305934906,
        0.3963576853275299,
        0.28202834725379944,
        -0.3378874361515045,
        0.31944167613983154
    ]
}