{
    "seed": 1000000,
    "theta": [
        1.3016078472137451,
        -1.224455714225769,
        0.5202088952064514,
        0.30038195848464966,
        -0.1527605652809143
    ],
    "x": [
        -0.44071197509765625,
        -0.015038286335766315,
        0.010598087683320045,
        0.17787937819957733,
        -1.027651309967041,
        -0.1959843933582306,
        -0.13823197782039642,
        -1.3384077548980713,
        -0.8501378893852234,
        0.4580066204071045,
        0.37234818935394287,
        0.5146064758300781,
        1.677095651626587,
        0.4731881618499756,
        5.0350565910339355,
        0.7001322507858276,
        -0.36030685901641846,
        -0.5441185832023621,
        -1.143255352973938,
        -0.09332289546728134,
        0.8311180472373962,
        0.5610093474388123,
        -1.8737432956695557,
        0.43667474389076233,
        -0.15948544442653656,
        1.019675374031067,
        -0.20614862442016602,
        0.2407819926738739,
        0.03577437996864319,
        -0.1767529994249344,
        -0.9016600847244263,
        -0.20326098799705505,
        -0.15062648057937622,
        -0.7181558012962341,
        0.7157114148139954,
        0.009726525284349918,
        -0.1226654127240181,
        0.6497887372970581,
        0.006853942293673754,
        -0.6014634966850281,
        0.2439132034778595,
        -0.5995357632637024,
        -0.8812658190727234,
        -0.21813315153121948,
        0.8829753398895264,
        0.08226905763149261,
        -0.2794935405254364,
        0.34861624240875244,
        -1.2196893692016602,
        -0.028817985206842422,
        -0.18916872143745422,
        -0.16386626660823822,
        0.13450995087623596,
        0.19664011895656586,
        0.3292960226535797,
        0.6812934875488281,
        -1.0494096279144287,
        -0.45637714862823486,
        -7.671506881713867,
        -0.4014724791049957,
        0.10473134368658066,
        0.007675643544644117,
        0.7259634137153625,
        -0.4639115035533905,
        -0.43592533469200134,
        -0.6040021777153015,
        0.3761484920978546,
        -0.07301341742277145,
        0.6031250953674316,
        0.8587209582328796,
        -0.7270108461380005,
        -0.5891920328140259,
        -0.393138587474823,
        0.1719983071088791,
        0.3539932370185852,
        0.7492048740386963,
        0.8328106999397278,
        -0.9842432737350464,
        -0.1339453160762787,
        -0.34111088514328003,
        -0.18780505657196045,
        0.05529182776808739,
        -0.06293634325265884,
        0.3166898787021637,
        -0.855976402759552,
        -0.5029470920562744,
        -0.6228046417236328,
        -0.10651063919067383,
        0.33675694465637207,
        -0.037296924740076065,
        1.1405386924743652,
        -0.4942592978477478,
        -0.7576888203620911,
        -0.37134814262390137,
        -0.09735815227031708,
        0.0700753703713417,
        0.05278334021568298,
        0.2358907014131546
    ]
}