{
    "seed": 1000003,
    "theta": [
        1.2911548614501953,
        -0.9590295553207397,
        0.9072284698486328,
        0.37329646944999695,
        0.06039130687713623
    ],
    "x": [
        -0.6957861185073853,
        0.036196403205394745,
        0.38884973526000977,
        -0.9199548363685608,
        1.0834505558013916,
        -0.9556787610054016,
        -1.0586448907852173,
        -1.168731451034546,
        -0.3663855791091919,
        0.5117150545120239,
        0.7538673281669617,
        0.3481515944004059,
        0.47725141048431396,
        0.44072315096855164,
        0.21512019634246826,
        0.8640298843383789,
        -0.49057185649871826,
        -1.1725070476531982,
        1.0274673700332642,
        -0.3494146466255188,
        0.1560143679380417,
        -0.3688296675682068,
        -0.8453566431999207,
        0.9610641598701477,
        -0.4719446301460266,
        0.560741662979126,
        0.1685323566198349,
        0.002747586229816079,
        -0.35048916935920715,
        1.2480422258377075,
        -0.23020337522029877,
        -0.9436493515968323,
        0.04952980950474739,
        1.2135916948318481,
        0.5392451286315918,
        0.19828200340270996,
        1.0700139999389648,
        0.44426587224006653,
        0.7358720302581787,
        1.241548776626587,
        0.7371164560317993,
        0.8172480463981628,
        0.45924365520477295,
        0.35648268461227417,
        1.179201364517212,
        -0.30617883801460266,
        0.4234828054904938,
        0.452886700630188,
        -0.7897951006889343,
        -0.1725715696811676,
        -0.45926615595817566,
        0.07132424414157867,
        -0.20445577800273895,
        -0.18354755640029907,
        0.32034242153167725,
        1.3577213287353516,
        -0.589770495891571,
        -0.17024491727352142,
        -0.24813729524612427,
        0.06589559465646744,
        0.6394875049591064,
        0.37742093205451965,
        0.47489026188850403,
        -1.1552311182022095,
        -0.6540260910987854,
        -0.2971939742565155,
        -0.4443281590938568,
        -0.2068726122379303,
        0.8254626393318176,
        0.7331782579421997,
        -0.5246068239212036,
        -0.591744065284729,
        -0.17635418474674225,
        -0.1631837636232376,
        0.973716676235199,
        0.5138596892356873,
        0.6640881896018982,
        -0.3397309184074402,
        -0.24934206902980804,
        0.10064268857240677,
        -0.3951628506183624,
        0.4076968729496002,
        0.5438680052757263,
        0.9244559407234192,
        -0.24929116666316986,
        -0.5152095556259155,
        -0.17411766946315765,
        0.06478135287761688,
        0.1077340766787529,
        0.36877158284187317,
        0.6597265601158142,
        -0.44965142011642456,
        -0.5559614300727844,
        -0.5606971979141235,
        0.21232430636882782,
        0.7631785869598389,
        0.6331945061683655,
        0.15537436306476593
    ]
}