{
    "seed": 1000002,
    "theta": [
        1.2414134740829468,
        -1.2184079885482788,
        0.872530460357666,
        0.203913152217865,
        -0.15269477665424347
    ],
    "x": [
        -0.2815747857093811,
        -0.3117237091064453,
        -0.20557399094104767,
        -0.5811707377433777,
        -0.3261101543903351,
        -0.020547103136777878,
        -0.8936792016029358,
        -0.06685715913772583,
        0.4983208179473877,
        0.12499041855335236,
        -0.33873528242111206,
        -0.4023040235042572,
        0.15631414949893951,
        -0.3260535001754761,
        -0.278052419424057,
        1.4203943014144897,
        -0.13683605194091797,
        -0.5365241169929504,
        0.18714271485805511,
        -0.010576392523944378,
        0.00961843878030777,
        -0.4006003141403198,
        -1.0113259553909302,
        -0.7245563864707947,
        -0.3679635524749756,
        0.2953938841819763,
        1.0297096967697144,
        -0.5204797387123108,
        0.7092275619506836,
        -0.7635369896888733,
        0.41323933005332947,
        -0.1821335405111313,
        -0.343332439661026,
        -0.14783744513988495,
        0.5566226840019226,
        -0.9524310231208801,
        0.20559929311275482,
        0.12046456336975098,
        1.4640629291534424,
        -0.4967908561229706,
        0.11763910204172134,
        1.2072057723999023,
        -1.0307990312576294,
        1.2658003568649292,
        0.28203174471855164,
        1.0790965557098389,
        -0.329759418964386,
        0.5908849835395813,
        0.7945542931556702,
        -0.435881644487381,
        0.2241220474243164,
        0.041855212301015854,
        0.19446636736392975,
        0.21150965988636017,
        0.4984833598136902,
        0.46518856287002563,
        -0.5294683575630188,
        -0.2944665253162384,
        -0.34407857060432434,
        -0.14110679924488068,
        0.8646570444107056,
        0.19455578923225403,
        0.5441625118255615,
        -0.9151402115821838,
        -1.0672134160995483,
        -0.2806718647480011,
        0.6027103066444397,
        -0.026598693802952766,
        0.41252896189689636,
        1.1609392166137695,
        -0.8446477055549622,
        -0.21652454137802124,
        -0.3179679214954376,
        -0.002020864514634013,
        0.8374797105789185,
        0.47286343574523926,
        0.8129581809043884,
        -1.1241074800491333,
        -0.3116183280944824,
        -0.611732542514801,
        -0.1356276422739029,
        0.37182918190956116,
        0.3313544988632202,
        0.30219918489456177,
        -0.4289079010486603,
        0.05271686613559723,
        -0.974256157875061,
        -0.012044557370245457,
        0.06909888237714767,
        0.492600679397583,
        0.7692303657531738,
        -0.7871791124343872,
        -0.6090741753578186,
        -0.4894355535507202,
        -0.2966156601905823,
        0.4925125539302826,
        -0.0007206893060356379,
        0.5246405601501465
    ]
}