{
    "seed": 1000008,
    "theta": [
        1.0420310497283936,
        -0.8484000563621521,
        0.4682466983795166,
        0.019273173063993454,
        -0.18290893733501434
    ],
    "x": [
        -0.20912028849124908,
        0.7334985733032227,
        -0.12089139223098755,
        -0.08172847330570221,
        -0.33871057629585266,
        -0.6082529425621033,
        0.09387153387069702,
        -0.09116379916667938,
        0.6166727542877197,
        0.4079655706882477,
        -0.18758422136306763,
        -0.29286831617355347,
        0.17341460287570953,
        0.6570980548858643,
        0.4934421479701996,
        1.0042402744293213,
        0.17992351949214935,
        0.31769758462905884,
        0.08935940265655518,
        0.019462356343865395,
        -4.17354154586792,
        -1.4092681407928467,
        -0.2685410976409912,
        -0.03049653209745884,
        -0.42824798822402954,
        -0.9081496000289917,
        -0.5812831521034241,
        1.4698505401611328,
        0.9541374444961548,
        0.18764397501945496,
        1.2796982526779175,
        -0.472015380859375,
        -0.0822521522641182,
        0.7753504514694214,
        -0.5208229422569275,
        0.6503809094429016,
        -0.037162356078624725,
        0.16543635725975037,
        -0.48072925209999084,
        -0.48520413041114807,
        -0.2610304057598114,
        -0.49780476093292236,
        -0.25457605719566345,
        -0.18482738733291626,
        -0.24685655534267426,
        -0.09266018122434616,
        -0.1182996928691864,
        1.5649044513702393,
        0.7081275582313538,
        -0.6098957061767578,
        0.31196072697639465,
        -0.14701563119888306,
        0.2504432201385498,
        7.901585578918457,
        0.44614750146865845,
        0.33672332763671875,
        -1.1701315641403198,
        0.36707815527915955,
        -0.37709763646125793,
        0.47215455770492554,
        0.2903485596179962,
        0.9408605098724365,
        0.4219215214252472,
        -0.40185219049453735,
        -0.37992772459983826,
        -0.3559039533138275,
        0.43361082673072815,
        0.3544657230377197,
        -0.07232696563005447,
        0.8820708990097046,
        -0.6600967645645142,
        -0.9562363028526306,
        -0.14463981986045837,
        0.7046540379524231,
        0.5102439522743225,
        0.4545244872570038,
        0.5461661219596863,
        -0.4048044979572296,
        -0.4038045406341553,
        -0.03708507865667343,
        0.17643126845359802,
        0.21699711680412292,
        0.5415922999382019,
        0.8785997033119202,
        -0.6587578654289246,
        -0.45237183570861816,
        0.07148326188325882,
        0.10366041958332062,
        0.129265695810318,
        0.46722784638404846,
        0.6166819930076599,
        -0.890769362449646,
        -0.27181175351142883,
        0.5545740127563477,
        -0.0500289723277092,
        0.0985625833272934,
        0.39436084032058716,
        0.29373830556869507
    ]
}