{
    "seed": 1000003,
    "theta": [
        -0.24541161954402924,
        -0.12047454714775085
    ],
    "x": [
        0.09141814708709717,
        0.060830555856227875
    ]
}