{
    "seed": 1000002,
    "theta": [
        0.03241332247853279,
        0.4704012870788574
    ],
    "x": [
        -0.09611159563064575,
        0.19704806804656982
    ]
}