{
    "seed": 1000010,
    "theta": [
        -0.023832816630601883,
        0.5982452630996704
    ],
    "x": [
        -0.029983311891555786,
        0.48915645480155945
    ]
}