{
    "seed": 1000008,
    "theta": [
        0.035405587404966354,
        0.41579702496528625
    ],
    "x": [
        -0.03091391921043396,
        0.36696067452430725
    ]
}