{
    "seed": 1000005,
    "theta": [
        0.10379564762115479,
        0.7449536919593811
    ],
    "x": [
        -0.27489176392555237,
        0.5244404673576355
    ]
}