{
    "seed": 1000001,
    "theta": [
        0.28413233160972595,
        -0.26782217621803284,
        -0.32448700070381165,
        0.28571856021881104,
        -0.36060231924057007,
        -0.2973288297653198,
        -0.03705914691090584,
        0.47581568360328674,
        -0.05593276768922806,
        0.47078537940979004,
        0.17333337664604187,
        -0.18312861025333405,
        0.16750821471214294,
        0.2516462206840515,
        0.3247215151786804,
        -0.0824320986866951,
        0.08922874182462692,
        -0.39750516414642334,
        -0.08910346776247025,
        -0.187344491481781
    ],
    "x": [
        0.05828876793384552,
        -0.7808762788772583,
        -0.1870773881673813,
        0.3439423143863678,
        -0.28750723600387573,
        0.13058620691299438,
        -0.23850606381893158,
        0.6738295555114746,
        0.07230136543512344,
        0.1389569640159607,
        -0.03685091435909271,
        0.47528499364852905,
        0.542456865310669,
        -0.07877182960510254,
        0.8534221649169922,
        -0.526459813117981,
        -0.16105622053146362,
        -0.7129117250442505,
        -0.39221423864364624,
        -0.4836508631706238
    ]
}