{
    "seed": 1000012,
    "theta": [
        0.1744607388973236,
        -0.16841331124305725,
        -0.20532608032226562,
        0.35391101241111755,
        -0.29247328639030457,
        -0.3412095010280609,
        -0.00162515789270401,
        0.3640913963317871,
        -0.03767774999141693,
        0.33555132150650024,
        0.17315062880516052,
        -0.19037142395973206,
        0.07732336223125458,
        0.11721397191286087,
        0.2653791904449463,
        0.040520079433918,
        0.20980681478977203,
        -0.22857248783111572,
        -0.12602321803569794,
        -0.3046318292617798
    ],
    "x": [
        0.5440839529037476,
        -0.42692831158638,
        -0.0025524497032165527,
        0.053454697132110596,
        -0.16289691627025604,
        -0.6416258811950684,
        -0.2679053246974945,
        0.316478967666626,
        -0.5419432520866394,
        0.6062266826629639,
        0.7083848714828491,
        0.12095865607261658,
        -0.06746679544448853,
        0.6996902227401733,
        0.3675011396408081,
        0.1335841715335846,
        -0.33189553022384644,
        -0.5726475715637207,
        -0.019002646207809448,
        -0.3871767818927765
    ]
}