{
    "seed": 1000000,
    "theta": [
        0.08881451189517975,
        -0.2147272527217865,
        -0.35998597741127014,
        0.377288281917572,
        -0.2897999882698059,
        -0.36025044322013855,
        -0.030570071190595627,
        0.39157506823539734,
        -0.13374356925487518,
        0.3817193806171417,
        0.12561750411987305,
        -0.29841840267181396,
        0.14728966355323792,
        0.22684672474861145,
        0.20577874779701233,
        0.0022629443556070328,
        0.0946197658777237,
        -0.3484693765640259,
        0.02762068808078766,
        -0.12641295790672302
    ],
    "x": [
        -0.005322717130184174,
        -0.15378360450267792,
        -0.41364586353302,
        0.1102675199508667,
        -0.5710970163345337,
        -0.19710847735404968,
        -0.3276285231113434,
        -0.0441741943359375,
        -0.45562273263931274,
        -0.0714997947216034,
        0.133802130818367,
        0.11400797963142395,
        0.11241625249385834,
        0.1412099301815033,
        -0.1189209520816803,
        -0.018678029999136925,
        -0.4680348038673401,
        -0.5493264198303223,
        0.08424685895442963,
        -0.31452101469039917
    ]
}