{
    "seed": 1000004,
    "theta": [
        0.3332459032535553,
        0.11689206957817078,
        0.05525871366262436,
        -0.34013012051582336,
        0.36087068915367126,
        -0.2622760832309723,
        0.025373093783855438,
        0.09481687098741531,
        0.15449628233909607,
        0.30961552262306213,
        -0.4869630038738251,
        -0.2556464672088623,
        0.5059376358985901,
        0.24314627051353455,
        -0.3992431163787842,
        0.008692708797752857,
        -0.11238042265176773,
        -0.25718212127685547,
        0.42444249987602234,
        0.263633131980896
    ],
    "x": [
        0.23810701072216034,
        0.2339642494916916,
        0.21929842233657837,
        -0.5896870493888855,
        0.33549773693084717,
        -0.09308695793151855,
        0.08216880261898041,
        0.06142822653055191,
        -0.33304524421691895,
        0.689068615436554,
        -0.2664119005203247,
        -0.9151780009269714,
        0.4115663170814514,
        -0.07789167761802673,
        -0.4245603382587433,
        0.32933419942855835,
        -0.25732845067977905,
        -0.11780756711959839,
        0.30807316303253174,
        0.09677550196647644
    ]
}