{
    "seed": 1000003,
    "theta": [
        0.24869024753570557,
        -0.148762047290802,
        -0.28064295649528503,
        0.47240591049194336,
        -0.3856425881385803,
        -0.39256367087364197,
        -0.15175163745880127,
        0.4420623481273651,
        -0.028497420251369476,
        0.39652109146118164,
        0.22864705324172974,
        -0.3066145181655884,
        0.10393865406513214,
        0.2778817415237427,
        0.38422298431396484,
        -0.02734719216823578,
        0.15944521129131317,
        -0.334051251411438,
        -0.1937001794576645,
        -0.37417083978652954
    ],
    "x": [
        0.6291016340255737,
        -0.03448902815580368,
        0.17268991470336914,
        0.5995295643806458,
        0.001196354627609253,
        -0.25146323442459106,
        0.0036632567644119263,
        0.7272488474845886,
        -0.07330599427223206,
        -0.20014113187789917,
        0.09758137166500092,
        0.3387611508369446,
        0.5001012682914734,
        0.4737544655799866,
        0.08650276064872742,
        0.15755191445350647,
        0.24746698141098022,
        -0.13748212158679962,
        0.07020933926105499,
        -0.42233824729919434
    ]
}