{
    "seed": 1000008,
    "theta": [
        0.24733681976795197,
        -0.2070293128490448,
        -0.2518933415412903,
        0.38281911611557007,
        -0.454997181892395,
        -0.2619808316230774,
        -0.11701095104217529,
        0.4224569499492645,
        -0.011001015082001686,
        0.3065398931503296,
        0.2331843078136444,
        -0.2456842064857483,
        0.10160970687866211,
        0.2601509094238281,
        0.13073459267616272,
        -0.08444306254386902,
        0.2121441811323166,
        -0.35431766510009766,
        -0.0804610550403595,
        -0.2582976520061493
    ],
    "x": [
        0.6319820880889893,
        -0.24867403507232666,
        -0.6401135325431824,
        0.1698882132768631,
        -0.492160439491272,
        -0.33986830711364746,
        0.07340581715106964,
        0.664674699306488,
        -0.3144104480743408,
        -0.21161818504333496,
        -0.19897082448005676,
        -0.028706073760986328,
        0.35410818457603455,
        0.29379507899284363,
        -0.1509685218334198,
        0.5555624961853027,
        0.30251020193099976,
        -0.2137194126844406,
        0.13639453053474426,
        -0.2048182487487793
    ]
}