{
    "seed": 1000002,
    "theta": [
        0.29081088304519653,
        -0.2597176134586334,
        -0.2678339183330536,
        0.3795730769634247,
        -0.33195769786834717,
        -0.37722474336624146,
        -0.16898423433303833,
        0.5055208802223206,
        0.07049240916967392,
        0.5085847973823547,
        0.22519828379154205,
        -0.18133538961410522,
        0.12262105941772461,
        0.19952386617660522,
        0.17043524980545044,
        0.004754429683089256,
        0.10893245041370392,
        -0.3375612497329712,
        -0.3067929148674011,
        -0.24312716722488403
    ],
    "x": [
        0.32035180926322937,
        -0.34770676493644714,
        -0.04299245774745941,
        0.31984996795654297,
        -0.6289299726486206,
        -0.22252458333969116,
        0.05447620153427124,
        0.4044392704963684,
        -0.764365017414093,
        0.49446335434913635,
        0.34251436591148376,
        0.1480780839920044,
        0.4456169605255127,
        0.7097172737121582,
        0.023851484060287476,
        0.4113146960735321,
        -0.11990714073181152,
        -0.2657111585140228,
        -0.4967651069164276,
        0.018594890832901
    ]
}