{
    "seed": 1000010,
    "theta": [
        0.18418417870998383,
        0.10860049724578857,
        0.05234432965517044,
        -0.4566980302333832,
        0.40017402172088623,
        -0.32761862874031067,
        0.05617339909076691,
        0.1863016039133072,
        0.19904202222824097,
        0.42724332213401794,
        -0.46184518933296204,
        -0.35629570484161377,
        0.5432171821594238,
        0.3049618899822235,
        -0.346382737159729,
        0.08490178734064102,
        -0.20739991962909698,
        -0.23402763903141022,
        0.32527172565460205,
        0.0921524316072464
    ],
    "x": [
        0.05039006471633911,
        -0.245326429605484,
        0.00460115447640419,
        -0.5653351545333862,
        0.7542542219161987,
        -0.33339130878448486,
        0.05194384232163429,
        0.28078651428222656,
        0.505806565284729,
        1.1499820947647095,
        -0.37441012263298035,
        0.05324661731719971,
        0.8302959203720093,
        0.32885754108428955,
        -0.7643129825592041,
        0.07858817279338837,
        0.3826335668563843,
        -0.17990879714488983,
        0.45086026191711426,
        0.4226515293121338
    ]
}