{
    "seed": 1000005,
    "theta": [
        0.08546373248100281,
        0.06708808243274689,
        -0.045043617486953735,
        -0.3553844690322876,
        0.29583364725112915,
        -0.2459002584218979,
        0.1179676204919815,
        0.27170100808143616,
        0.15902794897556305,
        0.2812536358833313,
        -0.47195297479629517,
        -0.3235432803630829,
        0.3999987244606018,
        0.3612390458583832,
        -0.33509862422943115,
        -0.025623047724366188,
        -0.2179040014743805,
        -0.2655254006385803,
        0.4129219949245453,
        0.11611578613519669
    ],
    "x": [
        0.19597819447517395,
        -0.29913753271102905,
        0.037771888077259064,
        -0.680817723274231,
        0.44995272159576416,
        -0.377055823802948,
        -0.03948970139026642,
        0.6212132573127747,
        0.02309645712375641,
        0.14395853877067566,
        -0.7830467224121094,
        -0.9445269107818604,
        0.4095021188259125,
        0.16771891713142395,
        -0.3946378827095032,
        0.6513828635215759,
        -0.134026437997818,
        -0.2881561517715454,
        0.2226814329624176,
        -0.08684154599905014
    ]
}