{
    "seed": 1000002,
    "theta": [
        0.47808367013931274,
        -0.06554696708917618,
        -0.18059980869293213,
        -0.020681381225585938,
        -0.09771201759576797,
        0.20480279624462128,
        0.2760840058326721,
        0.15439635515213013,
        0.29772964119911194,
        -0.300980806350708
    ],
    "x": [
        0.1925264298915863,
        -0.695030927658081,
        -0.18137110769748688,
        -0.6042094826698303,
        -0.13652099668979645,
        0.20441845059394836,
        0.16042429208755493,
        0.11156497150659561,
        0.12104099988937378,
        -0.1592036336660385
    ]
}