{
    "seed": 1000009,
    "theta": [
        0.3703441917896271,
        -0.012227648869156837,
        -0.020263604819774628,
        -0.08266274631023407,
        -0.21765223145484924,
        0.11304671317338943,
        0.2343747615814209,
        0.2818290591239929,
        0.3112655282020569,
        -0.2579624354839325
    ],
    "x": [
        0.5914857983589172,
        0.7260358929634094,
        -0.1516609787940979,
        0.37832140922546387,
        -0.5250424146652222,
        0.6929192543029785,
        0.05746081471443176,
        0.5597763061523438,
        0.5810767412185669,
        -0.6175554990768433
    ]
}