{
    "seed": 1000010,
    "theta": [
        0.413948655128479,
        -0.00011218525469303131,
        -0.12144242972135544,
        -0.1897744983434677,
        -0.01903250813484192,
        0.08153387904167175,
        0.2508920729160309,
        0.25975367426872253,
        0.30479639768600464,
        -0.0942792072892189
    ],
    "x": [
        0.08755922317504883,
        0.5356974005699158,
        -0.40740206837654114,
        -0.49849337339401245,
        -0.004074702039361,
        0.07714863121509552,
        0.6121320128440857,
        0.5225433707237244,
        0.14489683508872986,
        -0.22586777806282043
    ]
}