{
    "seed": 1000004,
    "theta": [
        0.29580458998680115,
        -0.000866355374455452,
        -0.10061724483966827,
        -0.07116258144378662,
        -0.14933474361896515,
        0.08226412534713745,
        0.37805402278900146,
        0.2575511932373047,
        0.28890538215637207,
        -0.1248871460556984
    ],
    "x": [
        0.5410559773445129,
        0.3205443322658539,
        -0.20155149698257446,
        -0.5961812138557434,
        -0.14180344343185425,
        -0.3503524363040924,
        0.258774995803833,
        0.5417366027832031,
        0.7558622360229492,
        0.07172795385122299
    ]
}