{
    "seed": 1000000,
    "theta": [
        0.3819710314273834,
        0.1516515612602234,
        -0.06193570792675018,
        -0.1371299922466278,
        -0.28336775302886963,
        0.12021362781524658,
        0.197483092546463,
        0.2103348970413208,
        0.2639777660369873,
        -0.09857654571533203
    ],
    "x": [
        1.1572633981704712,
        0.032027460634708405,
        -0.47001343965530396,
        -0.06706398725509644,
        -0.46699607372283936,
        0.08799265325069427,
        0.5012130737304688,
        0.08185549080371857,
        0.014530301094055176,
        -0.1231970340013504
    ]
}