{
    "seed": 1000005,
    "theta": [
        0.30001649260520935,
        0.025519071146845818,
        0.009945347905158997,
        -0.15360519289970398,
        -0.08471561968326569,
        0.09841729700565338,
        0.2865738272666931,
        0.2823730409145355,
        0.20155148208141327,
        -0.15199773013591766
    ],
    "x": [
        0.7415549159049988,
        0.07691193372011185,
        -0.10701452940702438,
        -0.6577235460281372,
        -0.3618733882904053,
        0.425476610660553,
        -0.18710187077522278,
        0.7613720893859863,
        0.35054928064346313,
        -0.39413923025131226
    ]
}