{
    "seed": 1000012,
    "theta": [
        0.3673432171344757,
        0.19821690022945404,
        -0.16002234816551208,
        -0.21461734175682068,
        -0.14118972420692444,
        0.07458159327507019,
        0.32093071937561035,
        0.224863663315773,
        0.26119643449783325,
        -0.2481043040752411
    ],
    "x": [
        0.4456523358821869,
        0.46560144424438477,
        -0.13364723324775696,
        -0.10210658609867096,
        -0.024210087954998016,
        -0.2610817551612854,
        0.17406870424747467,
        0.49069154262542725,
        -0.015324831008911133,
        0.138290673494339
    ]
}