{
    "seed": 1000003,
    "theta": [
        0.3465982675552368,
        -0.16675566136837006,
        0.0748596116900444,
        0.1461854726076126,
        0.09106755256652832,
        0.3692450523376465,
        -0.39013442397117615,
        0.25352534651756287,
        -0.30812498927116394,
        -0.25950491428375244
    ],
    "x": [
        0.3993830978870392,
        -0.21151724457740784,
        -0.6566706299781799,
        -0.0392255038022995,
        -0.06115652620792389,
        0.23791448771953583,
        -1.099046230316162,
        0.048822686076164246,
        -0.007262915372848511,
        -0.20527151226997375
    ]
}