{
    "seed": 1000008,
    "theta": [
        0.27934443950653076,
        -0.09348567575216293,
        -0.07057317346334457,
        0.32818400859832764,
        0.2090470790863037,
        0.3370403051376343,
        -0.23792695999145508,
        0.16712632775306702,
        -0.2778156101703644,
        -0.06171652674674988
    ],
    "x": [
        0.14875754714012146,
        0.09473804384469986,
        0.3873385488986969,
        0.35889768600463867,
        0.5200706720352173,
        1.0655150413513184,
        -0.45017027854919434,
        0.05659215897321701,
        -0.5294191837310791,
        -0.5153273344039917
    ]
}