{
    "seed": 1000002,
    "theta": [
        0.45366370677948,
        -0.0823538675904274,
        0.005689613521099091,
        0.34160202741622925,
        0.14126399159431458,
        0.3944862484931946,
        -0.25970128178596497,
        0.10773838311433792,
        -0.22996999323368073,
        -0.2674410343170166
    ],
    "x": [
        0.16810646653175354,
        -0.7118378281593323,
        0.004918321501463652,
        -0.24192607402801514,
        0.1024550199508667,
        0.39410191774368286,
        -0.37536099553108215,
        0.0649069994688034,
        -0.4066586494445801,
        -0.1256638616323471
    ]
}