{
    "seed": 1000005,
    "theta": [
        0.2755965292453766,
        0.00871217343956232,
        0.1962347775697708,
        0.20867820084095,
        0.15426039695739746,
        0.2881007790565491,
        -0.24921143054962158,
        0.2357150912284851,
        -0.3261481523513794,
        -0.11845792829990387
    ],
    "x": [
        0.717134952545166,
        0.060105033218860626,
        0.07927490025758743,
        -0.2954401969909668,
        -0.12289735674858093,
        0.6151601076126099,
        -0.7228871583938599,
        0.7147141098976135,
        -0.17715033888816833,
        -0.36059945821762085
    ]
}