{
    "seed": 1000000,
    "theta": [
        0.35755106806755066,
        0.13484466075897217,
        0.12435372173786163,
        0.22515340149402618,
        -0.04439173638820648,
        0.3098970949649811,
        -0.3383021950721741,
        0.1636769324541092,
        -0.26372185349464417,
        -0.06503674387931824
    ],
    "x": [
        1.1328433752059937,
        0.015220560133457184,
        -0.28372400999069214,
        0.29521942138671875,
        -0.22802004218101501,
        0.2776761054992676,
        -0.03457218408584595,
        0.03519752621650696,
        -0.5131692886352539,
        -0.08965723216533661
    ]
}