{
    "seed": 1000012,
    "theta": [
        0.34292325377464294,
        0.18140999972820282,
        0.026267074048519135,
        0.1476660519838333,
        0.09778629243373871,
        0.2642650604248047,
        -0.21485453844070435,
        0.1782056987285614,
        -0.2665032148361206,
        -0.2145645022392273
    ],
    "x": [
        0.4212323725223541,
        0.44879454374313354,
        0.052642181515693665,
        0.26017680764198303,
        0.21476593613624573,
        -0.0713982880115509,
        -0.3617165684700012,
        0.44403359293937683,
        -0.543024480342865,
        0.17183047533035278
    ]
}