{
    "seed": 1000009,
    "theta": [
        0.3459242284297943,
        -0.02903454750776291,
        0.1660258173942566,
        0.2796206474304199,
        0.021323777735233307,
        0.30273017287254333,
        -0.3014105260372162,
        0.2351710945367813,
        -0.21643410623073578,
        -0.2244226336479187
    ],
    "x": [
        0.5670658349990845,
        0.7092289924621582,
        0.034628450870513916,
        0.7406047582626343,
        -0.2860664129257202,
        0.8826026916503906,
        -0.4783244729042053,
        0.5131183862686157,
        0.05337713658809662,
        -0.5840157270431519
    ]
}