{
    "seed": 1000000,
    "theta": [
        0.05642785131931305,
        0.4179190397262573
    ],
    "x": [
        -0.021853625774383545,
        0.16010670363903046
    ]
}