{
    "seed": 1000009,
    "theta": [
        0.22184284031391144,
        -0.3463635742664337
    ],
    "x": [
        0.21556055545806885,
        -0.48176202178001404
    ]
}