{
    "seed": 1000008,
    "theta": [
        -0.3497779369354248,
        0.6301594972610474
    ],
    "x": [
        0.08987481892108917,
        0.7909036874771118
    ]
}