{
    "seed": 1000003,
    "theta": [
        -0.397285133600235,
        0.5035325884819031
    ],
    "x": [
        0.27501043677330017,
        0.6094610691070557
    ]
}