{
    "seed": 1000005,
    "theta": [
        0.303265243768692,
        -0.14326432347297668
    ],
    "x": [
        0.21212686598300934,
        -0.2446707785129547
    ]
}