{
    "seed": 1000012,
    "theta": [
        -0.1801396608352661,
        0.5787088871002197
    ],
    "x": [
        0.06717914342880249,
        0.5237183570861816
    ]
}