{
    "seed": 1000004,
    "theta": [
        0.3294859528541565,
        -0.25760403275489807
    ],
    "x": [
        0.28078973293304443,
        -0.3944496810436249
    ]
}