{
    "seed": 1000002,
    "theta": [
        -0.1478087604045868,
        0.6362411975860596
    ],
    "x": [
        -0.08594188094139099,
        0.4417508840560913
    ]
}