{
    "seed": 1000009,
    "theta": [
        0.16082575917243958,
        -0.1841551512479782,
        0.3695111870765686,
        -0.33736324310302734,
        0.10574986040592194,
        -0.13699035346508026,
        0.2339988797903061,
        -0.1605507731437683,
        -0.259077787399292,
        -0.3353995382785797
    ],
    "x": [
        -0.0933859646320343,
        -0.2651187777519226,
        0.2729209363460541,
        -0.20548175275325775,
        -0.03903280198574066,
        -0.11298897117376328,
        -0.19922994077205658,
        -0.06016096472740173,
        0.07604861259460449,
        -0.05903896689414978
    ]
}