{
    "seed": 1000012,
    "theta": [
        -0.4885467290878296,
        0.26428231596946716,
        0.33854806423187256,
        -0.3464353084564209,
        0.22718237340450287,
        0.1849178969860077,
        -0.3512229919433594,
        -0.39616164565086365,
        -0.5410698652267456,
        0.30759289860725403
    ],
    "x": [
        -0.4696422219276428,
        -0.11388298869132996,
        0.5525625944137573,
        -0.48035502433776855,
        0.1265401542186737,
        0.7222485542297363,
        -0.931434154510498,
        -0.6481974124908447,
        -0.671884298324585,
        0.2574806213378906
    ]
}