{
    "seed": 1000004,
    "theta": [
        0.07948441803455353,
        -0.2553042471408844,
        0.2779689431190491,
        -0.340210497379303,
        -0.03632988780736923,
        -0.09708995372056961,
        0.17447318136692047,
        -0.17456041276454926,
        -0.24484384059906006,
        -0.4723320007324219
    ],
    "x": [
        -0.38320982456207275,
        0.3469211757183075,
        -0.2662231922149658,
        -0.19776131212711334,
        0.019191816449165344,
        -0.3617503345012665,
        0.6403182148933411,
        -0.21842420101165771,
        -0.6546169519424438,
        -0.30930301547050476
    ]
}