{
    "seed": 1000000,
    "theta": [
        -0.5741929411888123,
        0.21796834468841553,
        0.18388818204402924,
        -0.32305803894996643,
        0.221908837556839,
        0.1365998089313507,
        -0.37336158752441406,
        -0.2761325538158417,
        -0.3241327106952667,
        0.39051833748817444
    ],
    "x": [
        -0.5455165505409241,
        -0.016698315739631653,
        0.1346210092306137,
        -0.471143901348114,
        -0.19342276453971863,
        0.3693919777870178,
        -0.29172664880752563,
        -0.18378733098506927,
        -0.5868573188781738,
        0.550491452217102
    ]
}