{
    "seed": 1000010,
    "theta": [
        0.10794687271118164,
        -0.0403577983379364,
        0.28725141286849976,
        -0.3995400667190552,
        0.01977919414639473,
        -0.14809681475162506,
        0.23362314701080322,
        -0.11655627191066742,
        -0.19632667303085327,
        -0.4042814373970032
    ],
    "x": [
        0.170777827501297,
        -0.44958364963531494,
        -0.058240652084350586,
        -0.44056087732315063,
        -0.6061069965362549,
        0.2132711559534073,
        0.817133367061615,
        -0.19659605622291565,
        -0.018053337931632996,
        -0.8161240816116333
    ]
}