{
    "seed": 1000002,
    "theta": [
        -0.37219658493995667,
        0.1729779839515686,
        0.2760402262210846,
        -0.32077324390411377,
        0.2886165678501129,
        0.16571012139320374,
        -0.34743690490722656,
        -0.2638412117958069,
        -0.32665809988975525,
        0.38789403438568115
    ],
    "x": [
        -0.33686405420303345,
        0.39186787605285645,
        0.7221352458000183,
        0.18616598844528198,
        0.4164748191833496,
        -0.010914668440818787,
        -0.9959009885787964,
        -0.4071335196495056,
        -0.2658544182777405,
        0.14264272153377533
    ]
}