{
    "seed": 1000009,
    "theta": [
        0.41158896684646606,
        -0.8625732660293579
    ],
    "x": [
        0.01636233925819397,
        -0.8540284037590027
    ]
}