{
    "seed": 1000003,
    "theta": [
        -0.27547526359558105,
        -0.07624123990535736
    ],
    "x": [
        0.05991503596305847,
        0.19836220145225525
    ]
}