{
    "seed": 1000005,
    "theta": [
        -0.16665084660053253,
        -0.07977517694234848
    ],
    "x": [
        0.14595982432365417,
        -0.0034624338150024414
    ]
}