{
    "seed": 1000008,
    "theta": [
        0.38120269775390625,
        -0.07569397240877151
    ],
    "x": [
        0.09272727370262146,
        -0.398540735244751
    ]
}