{
    "seed": 1000004,
    "theta": [
        0.5619177222251892,
        0.2298213541507721
    ],
    "x": [
        -0.3033806085586548,
        -0.3437456786632538
    ]
}