{
    "seed": 1000002,
    "theta": [
        0.41398555040359497,
        -0.2000962346792221
    ],
    "x": [
        0.1405341476202011,
        -0.33615073561668396
    ]
}