{
    "seed": 1000000,
    "theta": [
        -0.4759253263473511,
        -0.13432124257087708
    ],
    "x": [
        -0.17879760265350342,
        0.33989450335502625
    ]
}