{
    "seed": 1000010,
    "theta": [
        -0.23245178163051605,
        -0.45014381408691406
    ],
    "x": [
        1.8935235738754272,
        1.313338041305542,
        0.8964731693267822,
        0.4996909499168396,
        0.2598053812980652,
        -0.06632784754037857,
        -0.32302147150039673,
        -0.5856861472129822,
        -0.7403333783149719,
        -0.8469672799110413,
        -0.9623933434486389,
        -1.0392839908599854,
        -1.1445932388305664,
        -1.2097837924957275,
        -1.2204831838607788,
        -1.1772454977035522,
        -1.210188865661621,
        -1.3375165462493896,
        -1.3311700820922852,
        -1.4236280918121338,
        -1.4006547927856445,
        -1.4717724323272705,
        -1.5044935941696167,
        -1.4464353322982788,
        -1.3696043491363525
    ]
}