{
    "seed": 1000004,
    "theta": [
        -0.1541709452867508,
        -0.5603764057159424
    ],
    "x": [
        1.8935235738754272,
        1.3173549175262451,
        0.9279735684394836,
        0.426689088344574,
        0.09053202718496323,
        -0.04413584619760513,
        -0.19927699863910675,
        -0.3593660891056061,
        -0.3841043710708618,
        -0.5681431293487549,
        -0.587341845035553,
        -0.7034927010536194,
        -0.6150357127189636,
        -0.7048190236091614,
        -0.7114828824996948,
        -0.7969818115234375,
        -0.814586877822876,
        -1.0399280786514282,
        -1.0736387968063354,
        -1.1111634969711304,
        -1.0896320343017578,
        -1.0666062831878662,
        -1.2560685873031616,
        -1.3098028898239136,
        -1.517377257347107
    ]
}