{
    "seed": 1000009,
    "theta": [
        0.08306372165679932,
        -0.6379401087760925
    ],
    "x": [
        1.8935235738754272,
        1.188026785850525,
        0.6181015372276306,
        0.1987994909286499,
        -0.05352606251835823,
        -0.39210179448127747,
        -0.4965449571609497,
        -0.5588893890380859,
        -0.6911540031433105,
        -0.8563987016677856,
        -0.8620361089706421,
        -0.8128677606582642,
        -0.919946014881134,
        -0.9153527021408081,
        -0.8994206786155701,
        -1.0247862339019775,
        -1.0591542720794678,
        -1.160548448562622,
        -1.2573322057724,
        -1.0916807651519775,
        -1.0312930345535278,
        -1.1586229801177979,
        -1.2260721921920776,
        -1.1607917547225952,
        -1.228831171989441
    ]
}