{
    "seed": 1000000,
    "theta": [
        -0.11067935824394226,
        -0.7225850820541382
    ],
    "x": [
        1.8935235738754272,
        1.3385651111602783,
        0.7710109353065491,
        0.4250876009464264,
        0.038830120116472244,
        -0.17217794060707092,
        -0.43587976694107056,
        -0.6021887063980103,
        -0.7076002359390259,
        -0.7317610383033752,
        -0.8449507355690002,
        -1.0087593793869019,
        -1.0814040899276733,
        -1.077111840248108,
        -1.1183372735977173,
        -1.1906039714813232,
        -1.1071637868881226,
        -1.1753336191177368,
        -1.1372346878051758,
        -1.183640480041504,
        -1.257319688796997,
        -1.4119155406951904,
        -1.4156575202941895,
        -1.303078293800354,
        -1.2308152914047241
    ]
}