{
    "seed": 1000012,
    "theta": [
        -0.09538736939430237,
        -0.44435155391693115
    ],
    "x": [
        1.8935235738754272,
        1.2058851718902588,
        0.903975248336792,
        0.6087794899940491,
        0.3932695686817169,
        0.07280126959085464,
        -0.07768525928258896,
        -0.19954420626163483,
        -0.4560686945915222,
        -0.5692879557609558,
        -0.6822634935379028,
        -0.7146193981170654,
        -0.8140817284584045,
        -0.9414194822311401,
        -0.8917093276977539,
        -0.9707160592079163,
        -0.9901581406593323,
        -1.1277906894683838,
        -1.1129623651504517,
        -1.19601309299469,
        -1.1429497003555298,
        -1.0712350606918335,
        -1.0441819429397583,
        -1.0980823040008545,
        -1.1678693294525146
    ]
}