{
    "seed": 1000008,
    "theta": [
        0.027889445424079895,
        0.23566214740276337
    ],
    "x": [
        1.8935235738754272,
        1.312831163406372,
        0.8423596024513245,
        0.4832760691642761,
        0.22378365695476532,
        -0.1367204636335373,
        -0.30240359902381897,
        -0.3999488055706024,
        -0.5070896148681641,
        -0.5356513857841492,
        -0.5981045961380005,
        -0.5950827598571777,
        -0.6146694421768188,
        -0.7346526384353638,
        -0.727531909942627,
        -0.7659003138542175,
        -0.8284549117088318,
        -0.7816992402076721,
        -0.7243533730506897,
        -0.6793175935745239,
        -0.6432299017906189,
        -0.6910475492477417,
        -0.8878738880157471,
        -0.8819504380226135,
        -1.0030492544174194
    ]
}