{
    "seed": 1000001,
    "theta": [
        0.11379925906658173,
        -0.7640639543533325
    ],
    "x": [
        1.8935235738754272,
        1.2409464120864868,
        0.6483960747718811,
        0.23122742772102356,
        -0.0613580048084259,
        -0.37051862478256226,
        -0.44605767726898193,
        -0.6480951309204102,
        -0.857915997505188,
        -0.9486801028251648,
        -1.0124847888946533,
        -1.0850030183792114,
        -1.0553057193756104,
        -1.2095586061477661,
        -1.243394374847412,
        -1.1492226123809814,
        -1.0981614589691162,
        -1.1499552726745605,
        -1.1456409692764282,
        -1.2208523750305176,
        -1.3065630197525024,
        -1.2902789115905762,
        -1.3537554740905762,
        -1.3954676389694214,
        -1.520460844039917
    ]
}