{
    "seed": 1000008,
    "theta": [
        0.5567952990531921,
        0.5646719336509705,
        0.42255735397338867,
        0.5924041271209717
    ],
    "x": [
        0.9002601504325867,
        0.9254161715507507,
        0.7714472413063049,
        0.8416343927383423,
        0.867584764957428,
        0.8661966919898987,
        0.7911255955696106,
        0.8268101811408997,
        0.8312789797782898,
        0.4978927671909332,
        0.6681854128837585,
        0.7389342188835144,
        0.5793139338493347,
        0.7337572574615479,
        0.41783422231674194,
        0.675679624080658,
        0.5212587714195251,
        0.649535596370697,
        0.5244100093841553,
        0.6214032769203186,
        0.6146213412284851,
        0.5345662236213684,
        0.47456803917884827,
        0.4780314266681671,
        0.4189254641532898,
        0.5242388248443604,
        0.417306125164032,
        0.4164595305919647,
        0.5145266056060791,
        0.5271718502044678,
        0.49456775188446045,
        0.43835145235061646,
        0.5056979060173035,
        0.47883960604667664,
        0.29251721501350403,
        0.48283272981643677,
        0.3496841490268707,
        0.49621352553367615,
        0.4503816068172455,
        0.43937554955482483,
        0.4292525053024292,
        0.5042616724967957,
        0.46761220693588257,
        0.5214049220085144,
        0.5302742123603821,
        0.4576174318790436,
        0.48751041293144226,
        0.4559336304664612,
        0.5189477205276489,
        0.5448189973831177,
        0.5386085510253906,
        0.5126746892929077,
        0.37511953711509705,
        0.45612335205078125,
        0.12071787565946579,
        0.3961658477783203,
        0.4404768645763397,
        0.18926289677619934,
        0.463937371969223,
        0.4684537351131439,
        0.5422976016998291,
        0.5306215882301331,
        0.43128979206085205,
        0.517925500869751,
        0.46399280428886414,
        0.327447772026062,
        0.562606155872345,
        0.41702067852020264,
        0.2685889005661011,
        0.5544176697731018,
        0.4402603209018707,
        0.11268386989831924,
        0.5520838499069214,
        0.4536970853805542,
        0.43632620573043823,
        0.3965744078159332,
        0.4419703185558319,
        0.4278015196323395,
        0.41447943449020386,
        0.39740294218063354,
        0.5227420926094055,
        0.35143712162971497,
        0.5278007388114929,
        0.5348847508430481,
        0.5048955082893372,
        0.39294877648353577,
        0.02790272980928421,
        0.52104252576828,
        0.48450329899787903,
        0.4230232238769531,
        0.4541926085948944,
        0.5439580082893372,
        0.5005567073822021,
        0.32589390873908997,
        0.5293859839439392,
        0.3764228820800781,
        0.5561391115188599,
        0.6191572546958923,
        0.6329905390739441,
        0.6277052760124207,
        0.6367385983467102
    ]
}