{
    "seed": 1000002,
    "theta": [
        0.47845903038978577,
        0.32313451170921326,
        0.4708606004714966,
        0.609298825263977
    ],
    "x": [
        0.7700147032737732,
        0.737500786781311,
        0.7982643246650696,
        0.8657455444335938,
        0.8841775059700012,
        0.7944676876068115,
        0.7357523441314697,
        0.7190667390823364,
        0.634069561958313,
        0.5794086456298828,
        0.6210128664970398,
        0.5179036259651184,
        0.4461860656738281,
        0.48056259751319885,
        0.5853481292724609,
        0.42009657621383667,
        0.5775688290596008,
        0.5085698366165161,
        0.40942510962486267,
        0.49469298124313354,
        0.478280633687973,
        0.5221355557441711,
        0.38291358947753906,
        0.45912057161331177,
        0.5567222833633423,
        0.44457104802131653,
        0.4878031313419342,
        0.44646695256233215,
        0.4954134523868561,
        0.43018800020217896,
        0.26302337646484375,
        0.412689208984375,
        0.38898390531539917,
        0.43167242407798767,
        0.5033043026924133,
        0.5528583526611328,
        0.4700205624103546,
        0.2441815733909607,
        0.43159180879592896,
        0.07783839106559753,
        0.5690535306930542,
        0.39087945222854614,
        0.5200024843215942,
        0.4468669891357422,
        0.4241059720516205,
        0.5577619075775146,
        0.3809555172920227,
        0.3550422787666321,
        0.42147523164749146,
        0.4048590362071991,
        0.309893935918808,
        0.44628652930259705,
        0.3500767946243286,
        0.4355005919933319,
        0.2970011532306671,
        0.5951629877090454,
        0.49170443415641785,
        0.5210726261138916,
        0.4102620482444763,
        0.5671012997627258,
        0.4004708528518677,
        0.4389686584472656,
        0.4680623412132263,
        0.4807324707508087,
        0.34114864468574524,
        0.32660266757011414,
        0.5260151028633118,
        0.42882806062698364,
        0.49916189908981323,
        0.4281453490257263,
        0.44695931673049927,
        0.47740834951400757,
        0.43049901723861694,
        0.46797117590904236,
        0.23795470595359802,
        0.4597891569137573,
        0.47669169306755066,
        0.435473769903183,
        0.44290363788604736,
        0.4406261444091797,
        0.3500572144985199,
        0.5168049931526184,
        0.4192909300327301,
        0.4866648316383362,
        0.2624192535877228,
        0.4728061556816101,
        0.289285272359848,
        0.4226486086845398,
        0.5240197777748108,
        0.5963704586029053,
        0.3179182708263397,
        0.27915674448013306,
        0.4510195553302765,
        0.3862839937210083,
        0.5639731287956238,
        0.3871307373046875,
        0.5888524651527405,
        0.460552841424942,
        0.5878074765205383,
        0.4736630618572235,
        0.6524987816810608
    ]
}