{
    "seed": 1000009,
    "theta": [
        0.45837336778640747,
        0.5963659882545471,
        0.432303786277771,
        0.555228054523468
    ],
    "x": [
        0.9259568452835083,
        0.8748741149902344,
        0.7388234734535217,
        0.9606449007987976,
        0.7742295861244202,
        0.755920946598053,
        0.8854227662086487,
        0.854232907295227,
        0.8015329837799072,
        0.7779548764228821,
        0.7611218690872192,
        0.6683017611503601,
        0.806357204914093,
        0.6123390197753906,
        0.674481213092804,
        0.40360793471336365,
        0.667950451374054,
        0.5905539393424988,
        0.5764065980911255,
        0.5888449549674988,
        0.5230723023414612,
        0.4577684998512268,
        0.41681644320487976,
        0.4291951358318329,
        0.5114544034004211,
        0.4090721011161804,
        0.3807041049003601,
        0.5074783563613892,
        0.41888147592544556,
        0.30374807119369507,
        0.06747868657112122,
        0.26131299138069153,
        0.42003071308135986,
        0.45776495337486267,
        0.5182314515113831,
        0.40674540400505066,
        0.5066429376602173,
        0.482718288898468,
        0.4021461606025696,
        0.4800211489200592,
        0.2973884642124176,
        0.30392786860466003,
        0.3674144744873047,
        0.5245062708854675,
        0.556418240070343,
        0.39399415254592896,
        0.431527316570282,
        0.46097031235694885,
        0.5168336033821106,
        0.310571551322937,
        0.26788201928138733,
        0.2707709074020386,
        0.5022186040878296,
        0.2874242067337036,
        0.5418313145637512,
        0.45336049795150757,
        0.47910410165786743,
        0.4674730896949768,
        0.30921363830566406,
        0.2796335816383362,
        0.5066965818405151,
        0.43118488788604736,
        0.5153742432594299,
        0.41666412353515625,
        0.5534940361976624,
        0.38849398493766785,
        0.3681926727294922,
        0.4384586215019226,
        0.41391170024871826,
        0.43550047278404236,
        0.5136330723762512,
        0.46652284264564514,
        0.37319934368133545,
        0.4842781126499176,
        0.4601631164550781,
        0.5764839053153992,
        0.4106726348400116,
        0.478219211101532,
        0.5113372802734375,
        0.5065471529960632,
        0.3306841552257538,
        0.5453804135322571,
        0.39280396699905396,
        0.4264349639415741,
        0.490997314453125,
        0.4900009036064148,
        0.2997061312198639,
        0.5601940155029297,
        0.5410192012786865,
        0.5648194551467896,
        0.22420375049114227,
        0.5166414976119995,
        0.5514094233512878,
        0.5588011145591736,
        0.3481437563896179,
        0.4900290071964264,
        0.5693766474723816,
        0.6079966425895691,
        0.6200724244117737,
        0.6682630181312561,
        0.7304968237876892
    ]
}