{
    "seed": 1000000,
    "theta": [
        0.5498750805854797,
        0.3730410933494568,
        0.4418259263038635,
        0.6006702780723572
    ],
    "x": [
        0.7963511347770691,
        0.9712098240852356,
        0.9560516476631165,
        0.8137887120246887,
        0.8408687710762024,
        0.8931687474250793,
        0.7381908297538757,
        0.7123629450798035,
        0.6173177361488342,
        0.6467451453208923,
        0.6670385003089905,
        0.6948338747024536,
        0.5827681422233582,
        0.6100486516952515,
        0.5518903136253357,
        0.5413675904273987,
        0.4148484468460083,
        0.5472890138626099,
        0.5584443211555481,
        0.5278864502906799,
        0.44676080346107483,
        0.5635762810707092,
        0.32278314232826233,
        0.4903240203857422,
        0.5150064826011658,
        0.44344520568847656,
        0.2709495425224304,
        0.37251904606819153,
        0.3661535978317261,
        0.49355238676071167,
        0.5704320073127747,
        0.4766634702682495,
        0.33719050884246826,
        0.47663435339927673,
        0.34421947598457336,
        0.5477544069290161,
        0.4508838653564453,
        0.4909556210041046,
        0.5267227292060852,
        0.4327627718448639,
        0.46661248803138733,
        0.4093012511730194,
        0.3328005373477936,
        0.4343971312046051,
        0.5237476229667664,
        0.5788475275039673,
        0.48787179589271545,
        0.5127497315406799,
        0.4789811372756958,
        0.39902979135513306,
        0.2951081693172455,
        0.3004206418991089,
        0.05652058869600296,
        0.5450567603111267,
        0.5140590667724609,
        0.4325599670410156,
        0.4253580868244171,
        0.4209136962890625,
        0.42913055419921875,
        0.5404130220413208,
        0.4163285493850708,
        0.4952283203601837,
        0.40513256192207336,
        0.35706788301467896,
        0.3662700653076172,
        0.3250400424003601,
        0.4462253451347351,
        0.4151266813278198,
        0.510387659072876,
        0.4481632113456726,
        0.4458644986152649,
        0.5357972383499146,
        0.3236951231956482,
        0.40039366483688354,
        0.4660601317882538,
        0.5509844422340393,
        0.4721636474132538,
        0.39977696537971497,
        0.4996177554130554,
        0.4648857116699219,
        0.33063238859176636,
        0.4876243472099304,
        0.3562822937965393,
        0.44185829162597656,
        0.3102363646030426,
        0.5103223323822021,
        0.3328501284122467,
        0.5291282534599304,
        0.5049757361412048,
        0.4650212526321411,
        0.49154090881347656,
        0.46516671776771545,
        0.4169478118419647,
        0.2730860412120819,
        0.4645380675792694,
        0.464086651802063,
        0.40115609765052795,
        0.3801403045654297,
        0.4890160858631134,
        0.31867867708206177,
        0.5775012969970703
    ]
}