{
    "seed": 1000003,
    "theta": [
        0.5227344036102295,
        0.33466440439224243,
        0.5972349643707275,
        0.7080208659172058
    ],
    "x": [
        0.7531775236129761,
        0.9623960852622986,
        0.9911755919456482,
        0.9322699308395386,
        0.6416733860969543,
        0.7211456298828125,
        0.8042752742767334,
        0.7391840815544128,
        0.818679928779602,
        0.682691216468811,
        0.43786850571632385,
        0.587158739566803,
        0.37221959233283997,
        0.4063485562801361,
        0.5092975497245789,
        0.36087748408317566,
        0.4120829403400421,
        0.3910471498966217,
        0.48312872648239136,
        0.44253095984458923,
        0.40157777070999146,
        0.4589841067790985,
        0.3660696744918823,
        0.4394906461238861,
        0.3671390414237976,
        0.29862403869628906,
        0.37971001863479614,
        0.2531338930130005,
        0.4672894775867462,
        0.25256118178367615,
        0.4238883852958679,
        0.5832148194313049,
        0.389352411031723,
        0.38069280982017517,
        0.35439032316207886,
        0.5312232971191406,
        0.42415517568588257,
        0.3637734651565552,
        0.45854976773262024,
        0.4351854920387268,
        0.46106135845184326,
        0.3954329192638397,
        0.5202075839042664,
        0.5212299227714539,
        0.24245122075080872,
        0.3795141875743866,
        0.5750035643577576,
        0.47581470012664795,
        0.5198941826820374,
        0.5167400240898132,
        0.47647348046302795,
        0.3171321749687195,
        0.319985568523407,
        0.5066973567008972,
        0.5251225829124451,
        0.5793569087982178,
        0.4415348172187805,
        0.3983510434627533,
        0.4092062711715698,
        0.5248801112174988,
        0.5416773557662964,
        0.47387948632240295,
        0.5372393131256104,
        0.5174790620803833,
        0.36375096440315247,
        0.47405344247817993,
        0.5671105980873108,
        0.4084421694278717,
        0.4580319821834564,
        0.5274308323860168,
        0.4298049807548523,
        0.28227755427360535,
        0.401443749666214,
        0.41792169213294983,
        0.44840875267982483,
        0.2821360230445862,
        0.5142494440078735,
        0.2808886170387268,
        0.4847329556941986,
        0.3514808714389801,
        0.4965510070323944,
        0.5470222234725952,
        0.5089142918586731,
        0.30920055508613586,
        0.47982990741729736,
        0.44614511728286743,
        0.5649060606956482,
        0.4704303741455078,
        0.42285093665122986,
        0.5218613743782043,
        0.38770994544029236,
        0.41696929931640625,
        0.5464135408401489,
        0.5633346438407898,
        0.46795985102653503,
        0.5339374542236328,
        0.48105111718177795,
        0.5498523712158203,
        0.5604850649833679,
        0.518798291683197,
        0.5220572352409363
    ]
}