{
    "seed": 1000012,
    "theta": [
        0.5236963629722595,
        0.671927273273468,
        0.22180822491645813,
        0.5592933297157288
    ],
    "x": [
        0.9879394769668579,
        0.9183419346809387,
        0.9263838529586792,
        0.9362372159957886,
        0.9416579008102417,
        0.9113614559173584,
        0.7625200748443604,
        0.36224544048309326,
        0.7387634515762329,
        0.8069447875022888,
        0.6925009489059448,
        0.670972466468811,
        0.7821916937828064,
        0.6391350030899048,
        0.7682202458381653,
        0.6722592711448669,
        0.5974178314208984,
        0.6171571016311646,
        0.6217117309570312,
        0.6003686189651489,
        0.4752922058105469,
        0.5524011254310608,
        0.6039680242538452,
        0.4724772274494171,
        0.643248975276947,
        0.5094984769821167,
        0.33567872643470764,
        0.4863848388195038,
        0.3715718686580658,
        0.4087446928024292,
        0.5979713201522827,
        0.3662146329879761,
        0.44821789860725403,
        0.40529492497444153,
        0.459128201007843,
        0.5276051759719849,
        0.5645407438278198,
        0.27277106046676636,
        0.24918898940086365,
        0.409875750541687,
        0.45820504426956177,
        0.3937388062477112,
        0.3641991913318634,
        0.4298184812068939,
        0.4763537049293518,
        0.37896856665611267,
        0.22911517322063446,
        0.43022334575653076,
        0.45677071809768677,
        0.4635855257511139,
        0.4420299530029297,
        0.4939907193183899,
        0.5439776182174683,
        0.4900871217250824,
        0.5196430087089539,
        0.4817441403865814,
        0.21121330559253693,
        0.5227516293525696,
        0.3961600065231323,
        0.5551055669784546,
        0.48945337533950806,
        0.4820409119129181,
        0.46122029423713684,
        0.5054340362548828,
        0.38543814420700073,
        0.3397478759288788,
        0.5015862584114075,
        0.5223039984703064,
        0.5097314119338989,
        0.4922598600387573,
        0.4614081084728241,
        0.42200547456741333,
        0.4282852113246918,
        0.4991634488105774,
        0.4028893709182739,
        0.2989758849143982,
        0.44979044795036316,
        0.5088071227073669,
        0.5153065919876099,
        0.45001932978630066,
        0.4660380184650421,
        0.43814215064048767,
        0.4474166929721832,
        0.4811805784702301,
        0.4571579098701477,
        0.43688201904296875,
        0.46982115507125854,
        0.5036473870277405,
        0.5516636967658997,
        0.546697735786438,
        0.5177732110023499,
        0.5307781100273132,
        0.5328388214111328,
        0.578959047794342,
        0.6019175052642822,
        0.6169929504394531,
        0.5457374453544617,
        0.6000072360038757,
        0.6589875817298889,
        0.7216854095458984,
        0.7651415467262268
    ]
}