{
    "seed": 1000005,
    "theta": [
        0.5686372518539429,
        0.6176111698150635,
        0.6332703828811646,
        0.43421173095703125
    ],
    "x": [
        0.8588053584098816,
        0.9769531488418579,
        0.7237377166748047,
        0.6909524202346802,
        0.9562184810638428,
        0.8378489017486572,
        0.8065491914749146,
        0.658746600151062,
        0.6726267337799072,
        0.6860039830207825,
        0.6455522179603577,
        0.7242757081985474,
        0.6641494631767273,
        0.6032060980796814,
        0.6104652285575867,
        0.521065890789032,
        0.5526766180992126,
        0.6166713833808899,
        0.5668495297431946,
        0.5211852788925171,
        0.5220475792884827,
        0.5260881781578064,
        0.5585006475448608,
        0.603500247001648,
        0.3296976685523987,
        0.4166865050792694,
        0.45026931166648865,
        0.4283486604690552,
        0.4342025816440582,
        0.44238802790641785,
        0.5128573179244995,
        0.2217000275850296,
        0.42339083552360535,
        0.46630364656448364,
        0.33748868107795715,
        0.4900943636894226,
        0.4998883605003357,
        0.38573724031448364,
        0.5625119805335999,
        0.5000379085540771,
        0.3529791533946991,
        0.3780544400215149,
        0.4553602933883667,
        0.41342467069625854,
        0.3997974395751953,
        0.3116869628429413,
        0.3283955752849579,
        0.3555258512496948,
        0.4195871949195862,
        0.29177603125572205,
        0.5107123255729675,
        0.41155675053596497,
        0.4279288053512573,
        0.5004660487174988,
        0.22433345019817352,
        0.46211013197898865,
        0.47563666105270386,
        0.4143475890159607,
        0.48318469524383545,
        0.3524143099784851,
        0.4477681517601013,
        0.38320809602737427,
        0.5064898133277893,
        0.41876664757728577,
        0.28532537817955017,
        0.5057310461997986,
        0.4766896665096283,
        0.4636854827404022,
        0.46706199645996094,
        0.351144015789032,
        0.34226495027542114,
        0.3402290344238281,
        0.2233525663614273,
        0.37867024540901184,
        0.4198899567127228,
        0.4679923951625824,
        0.4551737606525421,
        0.4655417203903198,
        0.3332996368408203,
        0.39024683833122253,
        0.3608323335647583,
        0.4023376405239105,
        0.2517280578613281,
        0.5084426999092102,
        0.4446740448474884,
        0.48214849829673767,
        0.5081919431686401,
        0.2456049621105194,
        0.398034930229187,
        0.3660181760787964,
        0.48653843998908997,
        0.4311208128929138,
        0.3057834506034851,
        0.41214701533317566,
        0.4687644839286804,
        0.4391816556453705,
        0.43736597895622253,
        0.5195230841636658,
        0.44997939467430115,
        0.5261390805244446,
        0.5877666473388672
    ]
}