{
    "seed": 1000000,
    "theta": [
        -0.1435394436120987,
        0.16595879197120667,
        -0.37466520071029663,
        0.16772153973579407,
        0.019777148962020874,
        -0.15872067213058472,
        0.5913362503051758,
        0.335361123085022,
        -0.20565372705459595,
        -0.038211558014154434,
        -0.09673795104026794,
        0.24113710224628448,
        0.15478622913360596,
        -0.0993620827794075,
        0.07035522907972336,
        -0.0968024730682373,
        -0.05852707102894783,
        0.19558846950531006,
        -0.012618355453014374,
        -0.13628622889518738
    ],
    "x": [
        -0.3190102279186249,
        0.28140920400619507,
        -0.2555643916130066,
        0.4924222528934479,
        0.27957412600517273,
        -0.461556613445282,
        0.49323588609695435,
        -0.27319520711898804,
        -0.2997909486293793,
        0.022732090204954147,
        -0.15039782226085663,
        -0.025883659720420837,
        -0.05437038838863373,
        -0.1414223462343216,
        0.3866657316684723,
        -0.6032228469848633,
        -0.3141850531101227,
        0.1375650018453598,
        0.6396015286445618,
        -0.023031428456306458
    ]
}