{
    "seed": 1000005,
    "theta": [
        -0.16261611878871918,
        0.16441938281059265,
        0.09558334201574326,
        -0.2549026310443878,
        -0.009639330208301544,
        -0.21086812019348145,
        0.16658994555473328,
        0.020262960344552994,
        -0.4645572304725647,
        -0.027556516230106354,
        -0.09531201422214508,
        0.232191264629364,
        0.3260846734046936,
        0.1279222071170807,
        -0.14788970351219177,
        -0.10731381177902222,
        0.22530235350131989,
        -0.14326590299606323,
        -0.09405648708343506,
        -0.044461868703365326
    ],
    "x": [
        0.0026439428329467773,
        -0.11436811089515686,
        0.4857673943042755,
        -0.4203146696090698,
        -0.09702754020690918,
        -0.019694551825523376,
        -0.13985055685043335,
        -0.2691901624202728,
        -0.35404276847839355,
        -0.3937821090221405,
        -0.012496508657932281,
        -0.09324201941490173,
        0.6650804281234741,
        0.5100182890892029,
        -0.3428944945335388,
        0.11893345415592194,
        0.24132010340690613,
        0.0009135007858276367,
        0.20162037014961243,
        0.1718968152999878
    ]
}