{
    "seed": 1000003,
    "theta": [
        -0.2189008593559265,
        -0.1422058790922165,
        0.35079270601272583,
        -0.17254891991615295,
        0.18184074759483337,
        -0.12267537415027618,
        0.03803412243723869,
        -0.28403347730636597,
        -0.061925917863845825,
        -0.0654834508895874,
        -0.17009718716144562,
        0.33956944942474365,
        -0.1773635447025299,
        -0.014182710088789463,
        -0.05937781184911728,
        -0.35778889060020447,
        -0.0613650344312191,
        -0.24981454014778137,
        -0.16993364691734314,
        -0.05048045516014099
    ],
    "x": [
        0.059828758239746094,
        -0.614345371723175,
        0.6156167387962341,
        -0.34521573781967163,
        0.787286639213562,
        -0.7064334750175476,
        -0.08166386187076569,
        -0.07905124127864838,
        0.3184854984283447,
        0.04878956824541092,
        0.28323566913604736,
        0.46669310331344604,
        0.2523086965084076,
        0.2552255392074585,
        0.16974285244941711,
        -0.8338413238525391,
        0.06668929755687714,
        -0.19952964782714844,
        0.08491650223731995,
        -0.3110416531562805
    ]
}