{
    "seed": 1000008,
    "theta": [
        0.06569947302341461,
        0.18232087790966034,
        0.2169589102268219,
        -0.008832793682813644,
        0.31358814239501953,
        -0.17334142327308655,
        0.3211319148540497,
        0.005649477243423462,
        0.13239338994026184,
        0.1441599279642105,
        0.27078860998153687,
        0.09857497364282608,
        0.049344975501298904,
        0.1926785558462143,
        -0.24316632747650146,
        0.044010650366544724,
        0.14807568490505219,
        -0.023279312998056412,
        0.08360105752944946,
        0.3554840683937073
    ],
    "x": [
        -0.13299308717250824,
        -0.10255913436412811,
        -0.001823917031288147,
        0.1025046706199646,
        0.08697269856929779,
        -0.22559110820293427,
        0.8854533433914185,
        -0.5454576015472412,
        0.5170386433601379,
        0.10251521319150925,
        -0.11743158102035522,
        -0.11435592919588089,
        -0.0778520405292511,
        -0.41258513927459717,
        -0.1662280410528183,
        0.14207042753696442,
        0.21042294800281525,
        0.012968882918357849,
        0.38316890597343445,
        1.183354377746582
    ]
}