{
    "seed": 1000004,
    "theta": [
        -0.494299054145813,
        -0.04273959621787071,
        0.14216241240501404,
        0.1753847301006317,
        0.3056780993938446,
        -0.1457735002040863,
        -0.0011824369430541992,
        -0.12810084223747253,
        0.15489813685417175,
        0.09695342183113098,
        0.15544380247592926,
        0.2703271508216858,
        0.1659027487039566,
        0.06258916109800339,
        -0.2720370590686798,
        -0.38082608580589294,
        -0.12276647984981537,
        -0.24031327664852142,
        -0.24892662465572357,
        0.0275596771389246
    ],
    "x": [
        -0.62233567237854,
        -0.43044978380203247,
        -0.3526303768157959,
        0.2177816927433014,
        0.181755930185318,
        -0.24155573546886444,
        -0.26643529534339905,
        -0.16249842941761017,
        0.059759244322776794,
        0.2140256017446518,
        0.31948351860046387,
        0.020770221948623657,
        -0.07368537783622742,
        0.5111268162727356,
        -0.49609944224357605,
        -0.16103032231330872,
        -0.06252379715442657,
        -0.6171665191650391,
        0.1316564530134201,
        0.2003251314163208
    ]
}