{
    "seed": 1000002,
    "theta": [
        0.15517014265060425,
        0.18661154806613922,
        0.4204011559486389,
        -0.04805820807814598,
        0.05555884540081024,
        -0.13145031034946442,
        -0.2446976900100708,
        0.04357565939426422,
        -0.038884393870830536,
        0.03456420078873634,
        -0.03192627429962158,
        0.27186545729637146,
        0.07683754712343216,
        0.2412985861301422,
        -0.3292900323867798,
        0.2445826679468155,
        0.008748570457100868,
        -0.20057997107505798,
        -0.06694945693016052,
        -0.0194095391780138
    ],
    "x": [
        0.869132399559021,
        0.36617910861968994,
        0.06986787915229797,
        -0.4058111310005188,
        -0.39859408140182495,
        0.08105367422103882,
        -0.16263870894908905,
        0.5552850961685181,
        -0.00934346579015255,
        -0.05342495068907738,
        0.1929151862859726,
        0.21214234828948975,
        -0.1488068699836731,
        -0.36837121844291687,
        -0.31452634930610657,
        0.32430118322372437,
        -0.48319384455680847,
        -0.5813041925430298,
        0.4712565243244171,
        0.1249752789735794
    ]
}